po_id,store_id,supplier_id,status,source,ordered_on,expected_on,received_on,subtotal,created_by_user_id
1,1,1,received,seed,2026-01-02,2026-01-12,2026-01-14,5704.51,2
2,1,3,received,seed,2026-01-02,2026-01-04,2026-01-06,1954.68,2
3,1,4,received,seed,2026-01-02,2026-01-09,2026-01-08,11228.97,2
4,1,5,received,seed,2026-01-02,2026-01-09,2026-01-10,3617.69,2
5,1,6,received,seed,2026-01-02,2026-01-05,2026-01-05,5774.66,2
6,1,7,received,seed,2026-01-02,2026-01-04,2026-01-04,10220.31,2
7,1,8,received,seed,2026-01-02,2026-01-12,2026-01-14,16114.59,2
8,1,9,received,seed,2026-01-02,2026-01-12,2026-01-12,51526.58,2
9,1,10,received,seed,2026-01-02,2026-01-07,2026-01-08,20208.87,2
10,1,11,received,seed,2026-01-02,2026-01-09,2026-01-08,29060.83,2
11,1,12,received,seed,2026-01-02,2026-01-07,2026-01-07,52766.48,2
12,1,1,received,seed,2026-01-03,2026-01-13,2026-01-13,241.86,2
13,1,4,received,seed,2026-01-03,2026-01-10,2026-01-11,10534.05,2
14,1,7,received,seed,2026-01-03,2026-01-05,2026-01-05,2818.50,2
15,1,8,received,seed,2026-01-03,2026-01-13,2026-01-13,6071.28,2
16,1,9,received,seed,2026-01-03,2026-01-13,2026-01-13,4133.64,2
17,1,11,received,seed,2026-01-03,2026-01-10,2026-01-10,3796.38,2
18,1,12,received,seed,2026-01-03,2026-01-08,2026-01-09,5502.24,2
19,1,1,received,seed,2026-01-04,2026-01-14,2026-01-18,838.74,2
20,1,2,received,seed,2026-01-04,2026-01-09,2026-01-08,4519.62,2
21,1,4,received,seed,2026-01-04,2026-01-11,2026-01-11,13616.76,2
22,1,5,received,seed,2026-01-04,2026-01-11,2026-01-11,3528.31,2
23,1,6,received,seed,2026-01-04,2026-01-07,2026-01-09,1142.40,2
24,1,7,received,seed,2026-01-04,2026-01-06,2026-01-05,2169.48,2
25,1,8,received,seed,2026-01-04,2026-01-14,2026-01-15,28257.12,2
26,1,10,received,seed,2026-01-04,2026-01-09,2026-01-11,104.82,2
27,1,11,received,seed,2026-01-04,2026-01-11,2026-01-12,3328.24,2
28,1,12,received,seed,2026-01-04,2026-01-09,2026-01-08,9982.26,2
29,1,1,received,seed,2026-01-05,2026-01-15,2026-01-15,7587.72,2
30,1,2,received,seed,2026-01-05,2026-01-10,2026-01-10,9342.08,2
31,1,4,received,seed,2026-01-05,2026-01-12,2026-01-12,1746.26,2
32,1,5,received,seed,2026-01-05,2026-01-12,2026-01-16,5016.60,2
33,1,7,received,seed,2026-01-05,2026-01-07,2026-01-09,2564.28,2
34,1,9,received,seed,2026-01-05,2026-01-15,2026-01-14,3413.40,2
35,1,10,received,seed,2026-01-05,2026-01-10,2026-01-14,405.24,2
36,1,11,received,seed,2026-01-05,2026-01-12,2026-01-16,923.32,2
37,1,12,received,seed,2026-01-05,2026-01-10,2026-01-11,1430.34,2
38,1,1,received,seed,2026-01-06,2026-01-16,2026-01-20,3154.26,2
39,1,2,received,seed,2026-01-06,2026-01-11,2026-01-13,17277.12,2
40,1,4,received,seed,2026-01-06,2026-01-13,2026-01-14,27990.60,2
41,1,5,received,seed,2026-01-06,2026-01-13,2026-01-14,3250.74,2
42,1,7,received,seed,2026-01-06,2026-01-08,2026-01-08,525.30,2
43,1,9,received,seed,2026-01-06,2026-01-16,2026-01-16,2526.48,2
44,1,10,received,seed,2026-01-06,2026-01-11,2026-01-13,3952.32,2
45,1,11,received,seed,2026-01-06,2026-01-13,2026-01-15,10085.80,2
46,1,12,received,seed,2026-01-06,2026-01-11,2026-01-12,3535.92,2
47,1,2,received,seed,2026-01-07,2026-01-12,2026-01-12,54413.10,2
48,1,3,received,seed,2026-01-07,2026-01-09,2026-01-09,1078.80,2
49,1,4,received,seed,2026-01-07,2026-01-14,2026-01-18,87317.46,2
50,1,5,received,seed,2026-01-07,2026-01-14,2026-01-13,1919.82,2
51,1,6,received,seed,2026-01-07,2026-01-10,2026-01-10,566.84,2
52,1,7,received,seed,2026-01-07,2026-01-09,2026-01-10,15709.32,2
53,1,9,received,seed,2026-01-07,2026-01-17,2026-01-21,1232.88,2
54,1,10,received,seed,2026-01-07,2026-01-12,2026-01-12,635.04,2
55,1,11,received,seed,2026-01-07,2026-01-14,2026-01-18,3517.20,2
56,1,12,received,seed,2026-01-07,2026-01-12,2026-01-13,301.90,2
57,1,2,received,seed,2026-01-08,2026-01-13,2026-01-17,21822.24,2
58,1,4,received,seed,2026-01-08,2026-01-15,2026-01-16,22773.51,2
59,1,5,received,seed,2026-01-08,2026-01-15,2026-01-15,6287.28,2
60,1,6,received,seed,2026-01-08,2026-01-11,2026-01-15,5535.78,2
61,1,7,received,seed,2026-01-08,2026-01-10,2026-01-11,10716.33,2
62,1,8,received,seed,2026-01-08,2026-01-18,2026-01-18,5611.74,2
63,1,9,received,seed,2026-01-08,2026-01-18,2026-01-19,10046.00,2
64,1,10,received,seed,2026-01-08,2026-01-13,2026-01-17,3837.24,2
65,1,11,received,seed,2026-01-08,2026-01-15,2026-01-14,3260.16,2
66,1,1,received,seed,2026-01-09,2026-01-19,2026-01-21,2364.00,2
67,1,2,received,seed,2026-01-09,2026-01-14,2026-01-13,27450.84,2
68,1,3,received,seed,2026-01-09,2026-01-11,2026-01-11,2461.26,2
69,1,4,received,seed,2026-01-09,2026-01-16,2026-01-20,23169.30,2
70,1,5,received,seed,2026-01-09,2026-01-16,2026-01-16,532.56,2
71,1,7,received,seed,2026-01-09,2026-01-11,2026-01-15,7837.20,2
72,1,8,received,seed,2026-01-09,2026-01-19,2026-01-20,4854.84,2
73,1,9,received,seed,2026-01-09,2026-01-19,2026-01-20,6040.52,2
74,1,10,received,seed,2026-01-09,2026-01-14,2026-01-18,1155.02,2
75,1,11,received,seed,2026-01-09,2026-01-16,2026-01-16,4367.34,2
76,1,12,received,seed,2026-01-09,2026-01-14,2026-01-14,2202.84,2
77,1,1,received,seed,2026-01-10,2026-01-20,2026-01-19,833.88,2
78,1,3,received,seed,2026-01-10,2026-01-12,2026-01-16,911.67,2
79,1,4,received,seed,2026-01-10,2026-01-17,2026-01-17,24114.43,2
80,1,5,received,seed,2026-01-10,2026-01-17,2026-01-19,6956.75,2
81,1,7,received,seed,2026-01-10,2026-01-12,2026-01-11,5220.72,2
82,1,8,received,seed,2026-01-10,2026-01-20,2026-01-22,18056.64,2
83,1,9,received,seed,2026-01-10,2026-01-20,2026-01-24,5450.10,2
84,1,10,received,seed,2026-01-10,2026-01-15,2026-01-15,2028.48,2
85,1,11,received,seed,2026-01-10,2026-01-17,2026-01-21,1541.04,2
86,1,12,received,seed,2026-01-10,2026-01-15,2026-01-15,301.92,2
87,1,1,received,seed,2026-01-11,2026-01-21,2026-01-22,5852.28,2
88,1,2,received,seed,2026-01-11,2026-01-16,2026-01-16,36145.08,2
89,1,3,received,seed,2026-01-11,2026-01-13,2026-01-17,2788.38,2
90,1,4,received,seed,2026-01-11,2026-01-18,2026-01-19,2927.46,2
91,1,5,received,seed,2026-01-11,2026-01-18,2026-01-18,6701.39,2
92,1,6,received,seed,2026-01-11,2026-01-14,2026-01-16,1264.80,2
93,1,7,received,seed,2026-01-11,2026-01-13,2026-01-12,5180.45,2
94,1,8,received,seed,2026-01-11,2026-01-21,2026-01-22,5664.24,2
95,1,9,received,seed,2026-01-11,2026-01-21,2026-01-21,3491.96,2
96,1,10,received,seed,2026-01-11,2026-01-16,2026-01-20,4032.00,2
97,1,11,received,seed,2026-01-11,2026-01-18,2026-01-18,925.44,2
98,1,12,received,seed,2026-01-11,2026-01-16,2026-01-20,12365.64,2
99,1,1,received,seed,2026-01-12,2026-01-22,2026-01-23,923.96,2
100,1,2,received,seed,2026-01-12,2026-01-17,2026-01-19,37279.68,2
101,1,3,received,seed,2026-01-12,2026-01-14,2026-01-16,5084.10,2
102,1,4,received,seed,2026-01-12,2026-01-19,2026-01-18,13395.60,2
103,1,5,received,seed,2026-01-12,2026-01-19,2026-01-23,1270.68,2
104,1,6,received,seed,2026-01-12,2026-01-15,2026-01-17,2484.24,2
105,1,7,received,seed,2026-01-12,2026-01-14,2026-01-16,4959.28,2
106,1,9,received,seed,2026-01-12,2026-01-22,2026-01-26,7065.61,2
107,1,10,received,seed,2026-01-12,2026-01-17,2026-01-19,783.06,2
108,1,11,received,seed,2026-01-12,2026-01-19,2026-01-21,3480.84,2
109,1,12,received,seed,2026-01-12,2026-01-17,2026-01-18,3565.68,2
110,1,2,received,seed,2026-01-13,2026-01-18,2026-01-22,31542.90,2
111,1,3,received,seed,2026-01-13,2026-01-15,2026-01-19,4885.50,2
112,1,4,received,seed,2026-01-13,2026-01-20,2026-01-21,9284.04,2
113,1,5,received,seed,2026-01-13,2026-01-20,2026-01-22,3104.34,2
114,1,6,received,seed,2026-01-13,2026-01-16,2026-01-18,3609.66,2
115,1,7,received,seed,2026-01-13,2026-01-15,2026-01-15,11538.12,2
116,1,8,received,seed,2026-01-13,2026-01-23,2026-01-22,2778.72,2
117,1,9,received,seed,2026-01-13,2026-01-23,2026-01-27,3258.60,2
118,1,11,received,seed,2026-01-13,2026-01-20,2026-01-19,698.42,2
119,1,12,received,seed,2026-01-13,2026-01-18,2026-01-18,2335.60,2
120,1,1,received,seed,2026-01-14,2026-01-24,2026-01-24,49.15,2
121,1,2,received,seed,2026-01-14,2026-01-19,2026-01-20,26605.44,2
122,1,3,received,seed,2026-01-14,2026-01-16,2026-01-16,1937.88,2
123,1,4,received,seed,2026-01-14,2026-01-21,2026-01-22,15521.76,2
124,1,5,received,seed,2026-01-14,2026-01-21,2026-01-21,5998.91,2
125,1,6,received,seed,2026-01-14,2026-01-17,2026-01-19,1999.32,2
126,1,7,received,seed,2026-01-14,2026-01-16,2026-01-16,11494.56,2
127,1,8,received,seed,2026-01-14,2026-01-24,2026-01-25,893.82,2
128,1,9,received,seed,2026-01-14,2026-01-24,2026-01-24,4531.08,2
129,1,10,received,seed,2026-01-14,2026-01-19,2026-01-20,860.28,2
130,1,11,received,seed,2026-01-14,2026-01-21,2026-01-25,821.20,2
131,1,1,received,seed,2026-01-15,2026-01-25,2026-01-25,708.48,2
132,1,3,received,seed,2026-01-15,2026-01-17,2026-01-18,897.36,2
133,1,4,received,seed,2026-01-15,2026-01-22,2026-01-22,3502.92,2
134,1,5,received,seed,2026-01-15,2026-01-22,2026-01-22,2274.66,2
135,1,6,received,seed,2026-01-15,2026-01-18,2026-01-18,1624.32,2
136,1,7,received,seed,2026-01-15,2026-01-17,2026-01-17,3812.19,2
137,1,11,received,seed,2026-01-15,2026-01-22,2026-01-23,7231.26,2
138,1,1,received,seed,2026-01-16,2026-01-26,2026-01-27,3340.26,2
139,1,3,received,seed,2026-01-16,2026-01-18,2026-01-18,4351.08,2
140,1,4,received,seed,2026-01-16,2026-01-23,2026-01-25,761.28,2
141,1,5,received,seed,2026-01-16,2026-01-23,2026-01-23,1216.80,2
142,1,7,received,seed,2026-01-16,2026-01-18,2026-01-19,598.14,2
143,1,8,received,seed,2026-01-16,2026-01-26,2026-01-28,1189.44,2
144,1,9,received,seed,2026-01-16,2026-01-26,2026-01-26,2052.48,2
145,1,11,received,seed,2026-01-16,2026-01-23,2026-01-25,923.32,2
146,1,12,received,seed,2026-01-16,2026-01-21,2026-01-21,3643.56,2
147,1,1,received,seed,2026-01-17,2026-01-27,2026-01-29,325.20,2
148,1,2,received,seed,2026-01-17,2026-01-22,2026-01-22,55954.80,2
149,1,3,received,seed,2026-01-17,2026-01-19,2026-01-20,3033.24,2
150,1,4,received,seed,2026-01-17,2026-01-24,2026-01-28,13002.75,2
151,1,5,received,seed,2026-01-17,2026-01-24,2026-01-24,2318.64,2
152,1,6,received,seed,2026-01-17,2026-01-20,2026-01-24,2544.32,2
153,1,7,received,seed,2026-01-17,2026-01-19,2026-01-18,2493.48,2
154,1,8,received,seed,2026-01-17,2026-01-27,2026-01-27,2826.35,2
155,1,9,received,seed,2026-01-17,2026-01-27,2026-01-27,1221.92,2
156,1,10,received,seed,2026-01-17,2026-01-22,2026-01-23,1965.44,2
157,1,11,received,seed,2026-01-17,2026-01-24,2026-01-24,5142.16,2
158,1,12,received,seed,2026-01-17,2026-01-22,2026-01-22,5367.66,2
159,1,1,received,seed,2026-01-18,2026-01-28,2026-01-30,1837.92,2
160,1,3,received,seed,2026-01-18,2026-01-20,2026-01-20,2621.78,2
161,1,6,received,seed,2026-01-18,2026-01-21,2026-01-22,2820.12,2
162,1,7,received,seed,2026-01-18,2026-01-20,2026-01-19,3261.00,2
163,1,9,received,seed,2026-01-18,2026-01-28,2026-01-28,655.56,2
164,1,10,received,seed,2026-01-18,2026-01-23,2026-01-25,219.49,2
165,1,11,received,seed,2026-01-18,2026-01-25,2026-01-26,548.18,2
166,1,12,received,seed,2026-01-18,2026-01-23,2026-01-23,1988.34,2
167,1,1,received,seed,2026-01-19,2026-01-29,2026-01-28,257.25,2
168,1,2,received,seed,2026-01-19,2026-01-24,2026-01-25,5845.16,2
169,1,3,received,seed,2026-01-19,2026-01-21,2026-01-21,1529.76,2
170,1,4,received,seed,2026-01-19,2026-01-26,2026-01-30,2332.82,2
171,1,5,received,seed,2026-01-19,2026-01-26,2026-01-26,1031.52,2
172,1,6,received,seed,2026-01-19,2026-01-22,2026-01-22,3902.68,2
173,1,7,received,seed,2026-01-19,2026-01-21,2026-01-20,2374.32,2
174,1,9,received,seed,2026-01-19,2026-01-29,2026-02-02,252.50,2
175,1,11,received,seed,2026-01-19,2026-01-26,2026-01-27,1005.39,2
176,1,12,received,seed,2026-01-19,2026-01-24,2026-01-23,435.27,2
177,1,4,received,seed,2026-01-20,2026-01-27,2026-01-26,13713.69,2
178,1,5,received,seed,2026-01-20,2026-01-27,2026-01-29,3665.94,2
179,1,7,received,seed,2026-01-20,2026-01-22,2026-01-22,6310.17,2
180,1,9,received,seed,2026-01-20,2026-01-30,2026-01-29,3508.37,2
181,1,12,received,seed,2026-01-20,2026-01-25,2026-01-25,122.07,2
182,1,1,received,seed,2026-01-21,2026-01-31,2026-01-31,345.84,2
183,1,2,received,seed,2026-01-21,2026-01-26,2026-01-26,7594.56,2
184,1,3,received,seed,2026-01-21,2026-01-23,2026-01-23,2731.68,2
185,1,4,received,seed,2026-01-21,2026-01-28,2026-01-29,5621.29,2
186,1,7,received,seed,2026-01-21,2026-01-23,2026-01-23,2199.11,2
187,1,9,received,seed,2026-01-21,2026-01-31,2026-02-04,2357.02,2
188,1,11,received,seed,2026-01-21,2026-01-28,2026-01-27,2567.28,2
189,1,1,received,seed,2026-01-22,2026-02-01,2026-02-05,838.74,2
190,1,2,received,seed,2026-01-22,2026-01-27,2026-01-27,2932.56,2
191,1,4,received,seed,2026-01-22,2026-01-29,2026-01-29,12606.78,2
192,1,5,received,seed,2026-01-22,2026-01-29,2026-01-29,3845.52,2
193,1,6,received,seed,2026-01-22,2026-01-25,2026-01-25,5952.00,2
194,1,7,received,seed,2026-01-22,2026-01-24,2026-01-23,12495.66,2
195,1,8,received,seed,2026-01-22,2026-02-01,2026-02-03,6829.44,2
196,1,2,received,seed,2026-01-23,2026-01-28,2026-01-27,5227.20,2
197,1,3,received,seed,2026-01-23,2026-01-25,2026-01-26,1900.56,2
198,1,4,received,seed,2026-01-23,2026-01-30,2026-02-03,741.90,2
199,1,6,received,seed,2026-01-23,2026-01-26,2026-01-26,1764.02,2
200,1,7,received,seed,2026-01-23,2026-01-25,2026-01-24,2126.74,2
201,1,8,received,seed,2026-01-23,2026-02-02,2026-02-01,7655.34,2
202,1,9,received,seed,2026-01-23,2026-02-02,2026-02-03,4932.28,2
203,1,11,received,seed,2026-01-23,2026-01-30,2026-01-30,5238.52,2
204,1,1,received,seed,2026-01-24,2026-02-03,2026-02-03,49.15,2
205,1,2,received,seed,2026-01-24,2026-01-29,2026-01-29,5622.84,2
206,1,3,received,seed,2026-01-24,2026-01-26,2026-01-26,555.09,2
207,1,4,received,seed,2026-01-24,2026-01-31,2026-02-01,10160.64,2
208,1,5,received,seed,2026-01-24,2026-01-31,2026-01-31,5653.62,2
209,1,6,received,seed,2026-01-24,2026-01-27,2026-01-27,564.76,2
210,1,7,received,seed,2026-01-24,2026-01-26,2026-01-25,3594.84,2
211,1,8,received,seed,2026-01-24,2026-02-03,2026-02-07,5571.00,2
212,1,9,received,seed,2026-01-24,2026-02-03,2026-02-03,2485.02,2
213,1,11,received,seed,2026-01-24,2026-01-31,2026-01-31,2668.68,2
214,1,12,received,seed,2026-01-24,2026-01-29,2026-01-31,2772.60,2
215,1,1,received,seed,2026-01-25,2026-02-04,2026-02-08,259.32,2
216,1,2,received,seed,2026-01-25,2026-01-30,2026-01-30,10383.72,2
217,1,3,received,seed,2026-01-25,2026-01-27,2026-01-28,548.94,2
218,1,4,received,seed,2026-01-25,2026-02-01,2026-02-05,84228.96,2
219,1,5,received,seed,2026-01-25,2026-02-01,2026-02-02,5146.91,2
220,1,7,received,seed,2026-01-25,2026-01-27,2026-01-31,2206.86,2
221,1,8,received,seed,2026-01-25,2026-02-04,2026-02-05,893.82,2
222,1,9,received,seed,2026-01-25,2026-02-04,2026-02-03,3598.56,2
223,1,10,received,seed,2026-01-25,2026-01-30,2026-01-31,2880.72,2
224,1,11,received,seed,2026-01-25,2026-02-01,2026-01-31,1765.94,2
225,1,4,received,seed,2026-01-26,2026-02-02,2026-02-02,1955.96,2
226,1,5,received,seed,2026-01-26,2026-02-02,2026-02-02,3723.24,2
227,1,6,received,seed,2026-01-26,2026-01-29,2026-01-28,2961.40,2
228,1,9,received,seed,2026-01-26,2026-02-05,2026-02-05,157.81,2
229,1,1,received,seed,2026-01-27,2026-02-06,2026-02-05,873.12,2
230,1,4,received,seed,2026-01-27,2026-02-03,2026-02-07,18862.39,2
231,1,5,received,seed,2026-01-27,2026-02-03,2026-02-07,2002.80,2
232,1,6,received,seed,2026-01-27,2026-01-30,2026-01-31,5481.84,2
233,1,7,received,seed,2026-01-27,2026-01-29,2026-01-28,8196.51,2
234,1,8,received,seed,2026-01-27,2026-02-06,2026-02-07,23061.30,2
235,1,9,received,seed,2026-01-27,2026-02-06,2026-02-06,1260.72,2
236,1,10,received,seed,2026-01-27,2026-02-01,2026-02-05,860.28,2
237,1,11,received,seed,2026-01-27,2026-02-03,2026-02-03,371.31,2
238,1,12,received,seed,2026-01-27,2026-02-01,2026-02-01,1080.90,2
239,1,1,received,seed,2026-01-28,2026-02-07,2026-02-08,693.00,2
240,1,2,received,seed,2026-01-28,2026-02-02,2026-02-01,18162.48,2
241,1,4,received,seed,2026-01-28,2026-02-04,2026-02-04,729.60,2
242,1,7,received,seed,2026-01-28,2026-01-30,2026-01-31,6885.78,2
243,1,9,received,seed,2026-01-28,2026-02-07,2026-02-08,3826.56,2
244,1,11,received,seed,2026-01-28,2026-02-04,2026-02-05,2775.52,2
245,1,12,received,seed,2026-01-28,2026-02-02,2026-02-02,862.80,2
246,1,2,received,seed,2026-01-29,2026-02-03,2026-02-03,48224.52,2
247,1,3,received,seed,2026-01-29,2026-01-31,2026-02-02,952.08,2
248,1,4,received,seed,2026-01-29,2026-02-05,2026-02-06,2395.98,2
249,1,7,received,seed,2026-01-29,2026-01-31,2026-01-31,5672.90,2
250,1,8,received,seed,2026-01-29,2026-02-08,2026-02-09,4523.04,2
251,1,9,received,seed,2026-01-29,2026-02-08,2026-02-10,8014.80,2
252,1,10,received,seed,2026-01-29,2026-02-03,2026-02-04,2028.48,2
253,1,11,received,seed,2026-01-29,2026-02-05,2026-02-06,5299.80,2
254,1,12,received,seed,2026-01-29,2026-02-03,2026-02-03,32.77,2
255,1,1,received,seed,2026-01-30,2026-02-09,2026-02-09,5853.75,2
256,1,2,received,seed,2026-01-30,2026-02-04,2026-02-08,24057.90,2
257,1,3,received,seed,2026-01-30,2026-02-01,2026-02-01,1040.04,2
258,1,4,received,seed,2026-01-30,2026-02-06,2026-02-06,3502.92,2
259,1,5,received,seed,2026-01-30,2026-02-06,2026-02-07,6962.58,2
260,1,7,received,seed,2026-01-30,2026-02-01,2026-02-01,5076.06,2
261,1,8,received,seed,2026-01-30,2026-02-09,2026-02-09,2086.56,2
262,1,9,received,seed,2026-01-30,2026-02-09,2026-02-09,1670.70,2
263,1,11,received,seed,2026-01-30,2026-02-06,2026-02-06,4471.32,2
264,1,12,received,seed,2026-01-30,2026-02-04,2026-02-03,1084.79,2
265,1,1,received,seed,2026-01-31,2026-02-10,2026-02-10,636.24,2
266,1,3,received,seed,2026-01-31,2026-02-02,2026-02-02,4489.02,2
267,1,4,received,seed,2026-01-31,2026-02-07,2026-02-07,4308.00,2
268,1,5,received,seed,2026-01-31,2026-02-07,2026-02-07,1547.28,2
269,1,6,received,seed,2026-01-31,2026-02-03,2026-02-03,2266.80,2
270,1,7,received,seed,2026-01-31,2026-02-02,2026-02-04,2899.62,2
271,1,8,received,seed,2026-01-31,2026-02-10,2026-02-10,12414.87,2
272,1,10,received,seed,2026-01-31,2026-02-05,2026-02-06,147.02,2
273,1,11,received,seed,2026-01-31,2026-02-07,2026-02-08,621.16,2
274,1,12,received,seed,2026-01-31,2026-02-05,2026-02-05,1332.96,2
275,1,1,received,seed,2026-02-01,2026-02-11,2026-02-11,5121.60,2
276,1,2,received,seed,2026-02-01,2026-02-06,2026-02-08,31765.02,2
277,1,4,received,seed,2026-02-01,2026-02-08,2026-02-09,6008.52,2
278,1,5,received,seed,2026-02-01,2026-02-08,2026-02-12,2975.03,2
279,1,7,received,seed,2026-02-01,2026-02-03,2026-02-05,1739.34,2
280,1,9,received,seed,2026-02-01,2026-02-11,2026-02-11,5717.54,2
281,1,10,received,seed,2026-02-01,2026-02-06,2026-02-05,1073.94,2
282,1,11,received,seed,2026-02-01,2026-02-08,2026-02-07,1425.60,2
283,1,12,received,seed,2026-02-01,2026-02-06,2026-02-06,4265.04,2
284,1,1,received,seed,2026-02-02,2026-02-12,2026-02-12,2580.32,2
285,1,2,received,seed,2026-02-02,2026-02-07,2026-02-08,5227.20,2
286,1,3,received,seed,2026-02-02,2026-02-04,2026-02-08,2591.28,2
287,1,4,received,seed,2026-02-02,2026-02-09,2026-02-11,1472.64,2
288,1,5,received,seed,2026-02-02,2026-02-09,2026-02-09,297.11,2
289,1,9,received,seed,2026-02-02,2026-02-12,2026-02-12,792.50,2
290,1,11,received,seed,2026-02-02,2026-02-09,2026-02-11,2027.88,2
291,1,1,received,seed,2026-02-03,2026-02-13,2026-02-14,1117.39,2
292,1,2,received,seed,2026-02-03,2026-02-08,2026-02-07,3166.32,2
293,1,3,received,seed,2026-02-03,2026-02-05,2026-02-05,203.34,2
294,1,4,received,seed,2026-02-03,2026-02-10,2026-02-11,229.47,2
295,1,5,received,seed,2026-02-03,2026-02-10,2026-02-12,925.08,2
296,1,8,received,seed,2026-02-03,2026-02-13,2026-02-13,1189.44,2
297,1,9,received,seed,2026-02-03,2026-02-13,2026-02-13,547.08,2
298,1,10,received,seed,2026-02-03,2026-02-08,2026-02-08,1257.84,2
299,1,11,received,seed,2026-02-03,2026-02-10,2026-02-11,2005.68,2
300,1,12,received,seed,2026-02-03,2026-02-08,2026-02-12,1434.95,2
301,1,2,received,seed,2026-02-04,2026-02-09,2026-02-09,53701.20,2
302,1,3,received,seed,2026-02-04,2026-02-06,2026-02-05,1968.02,2
303,1,4,received,seed,2026-02-04,2026-02-11,2026-02-12,22789.77,2
304,1,5,received,seed,2026-02-04,2026-02-11,2026-02-10,1919.82,2
305,1,6,received,seed,2026-02-04,2026-02-07,2026-02-09,2484.24,2
306,1,7,received,seed,2026-02-04,2026-02-06,2026-02-06,2642.19,2
307,1,9,received,seed,2026-02-04,2026-02-14,2026-02-14,3445.08,2
308,1,11,received,seed,2026-02-04,2026-02-11,2026-02-11,743.22,2
309,1,12,received,seed,2026-02-04,2026-02-09,2026-02-09,1828.68,2
310,1,1,received,seed,2026-02-05,2026-02-15,2026-02-16,1929.60,2
311,1,2,received,seed,2026-02-05,2026-02-10,2026-02-11,59882.46,2
312,1,3,received,seed,2026-02-05,2026-02-07,2026-02-11,4255.32,2
313,1,4,received,seed,2026-02-05,2026-02-12,2026-02-12,16019.94,2
314,1,5,received,seed,2026-02-05,2026-02-12,2026-02-13,5933.40,2
315,1,6,received,seed,2026-02-05,2026-02-08,2026-02-09,435.24,2
316,1,7,received,seed,2026-02-05,2026-02-07,2026-02-08,1242.84,2
317,1,8,received,seed,2026-02-05,2026-02-15,2026-02-15,1263.36,2
318,1,9,received,seed,2026-02-05,2026-02-15,2026-02-14,5718.66,2
319,1,10,received,seed,2026-02-05,2026-02-10,2026-02-09,956.52,2
320,1,12,received,seed,2026-02-05,2026-02-10,2026-02-10,1808.70,2
321,1,1,received,seed,2026-02-06,2026-02-16,2026-02-16,1569.96,2
322,1,2,received,seed,2026-02-06,2026-02-11,2026-02-10,16158.48,2
323,1,3,received,seed,2026-02-06,2026-02-08,2026-02-08,2731.68,2
324,1,4,received,seed,2026-02-06,2026-02-13,2026-02-13,2936.72,2
325,1,5,received,seed,2026-02-06,2026-02-13,2026-02-12,3208.32,2
326,1,7,received,seed,2026-02-06,2026-02-08,2026-02-09,653.22,2
327,1,8,received,seed,2026-02-06,2026-02-16,2026-02-17,4743.71,2
328,1,9,received,seed,2026-02-06,2026-02-16,2026-02-16,1604.80,2
329,1,11,received,seed,2026-02-06,2026-02-13,2026-02-12,3197.28,2
330,1,1,received,seed,2026-02-07,2026-02-17,2026-02-18,1829.64,2
331,1,2,received,seed,2026-02-07,2026-02-12,2026-02-13,8777.72,2
332,1,3,received,seed,2026-02-07,2026-02-09,2026-02-08,653.76,2
333,1,4,received,seed,2026-02-07,2026-02-14,2026-02-13,3029.52,2
334,1,5,received,seed,2026-02-07,2026-02-14,2026-02-14,2409.00,2
335,1,6,received,seed,2026-02-07,2026-02-10,2026-02-11,4466.24,2
336,1,7,received,seed,2026-02-07,2026-02-09,2026-02-13,6701.52,2
337,1,8,received,seed,2026-02-07,2026-02-17,2026-02-17,2129.04,2
338,1,9,received,seed,2026-02-07,2026-02-17,2026-02-17,6896.64,2
339,1,11,received,seed,2026-02-07,2026-02-14,2026-02-15,4542.72,2
340,1,12,received,seed,2026-02-07,2026-02-12,2026-02-11,1604.16,2
341,1,1,received,seed,2026-02-08,2026-02-18,2026-02-17,902.28,2
342,1,4,received,seed,2026-02-08,2026-02-15,2026-02-16,1169.28,2
343,1,5,received,seed,2026-02-08,2026-02-15,2026-02-15,4332.06,2
344,1,6,received,seed,2026-02-08,2026-02-11,2026-02-11,2184.20,2
345,1,7,received,seed,2026-02-08,2026-02-10,2026-02-10,2997.83,2
346,1,8,received,seed,2026-02-08,2026-02-18,2026-02-22,924.90,2
347,1,9,received,seed,2026-02-08,2026-02-18,2026-02-17,3462.72,2
348,1,10,received,seed,2026-02-08,2026-02-13,2026-02-15,4892.28,2
349,1,11,received,seed,2026-02-08,2026-02-15,2026-02-19,827.59,2
350,1,12,received,seed,2026-02-08,2026-02-13,2026-02-14,122.07,2
351,1,2,received,seed,2026-02-09,2026-02-14,2026-02-15,7594.56,2
352,1,3,received,seed,2026-02-09,2026-02-11,2026-02-11,4044.03,2
353,1,4,received,seed,2026-02-09,2026-02-16,2026-02-17,25484.40,2
354,1,5,received,seed,2026-02-09,2026-02-16,2026-02-16,2486.45,2
355,1,8,received,seed,2026-02-09,2026-02-19,2026-02-18,745.56,2
356,1,11,received,seed,2026-02-09,2026-02-16,2026-02-16,462.00,2
357,1,12,received,seed,2026-02-09,2026-02-14,2026-02-15,349.44,2
358,1,1,received,seed,2026-02-10,2026-02-20,2026-02-21,3340.26,2
359,1,2,received,seed,2026-02-10,2026-02-15,2026-02-17,4879.68,2
360,1,3,received,seed,2026-02-10,2026-02-12,2026-02-11,1078.80,2
361,1,7,received,seed,2026-02-10,2026-02-12,2026-02-14,14949.60,2
362,1,8,received,seed,2026-02-10,2026-02-20,2026-02-21,2778.72,2
363,1,9,received,seed,2026-02-10,2026-02-20,2026-02-21,2365.82,2
364,1,11,received,seed,2026-02-10,2026-02-17,2026-02-17,1871.34,2
365,1,12,received,seed,2026-02-10,2026-02-15,2026-02-17,32.77,2
366,1,1,received,seed,2026-02-11,2026-02-21,2026-02-21,1045.68,2
367,1,3,received,seed,2026-02-11,2026-02-13,2026-02-17,939.72,2
368,1,4,received,seed,2026-02-11,2026-02-18,2026-02-19,461.04,2
369,1,6,received,seed,2026-02-11,2026-02-14,2026-02-14,756.12,2
370,1,7,received,seed,2026-02-11,2026-02-13,2026-02-13,6732.36,2
371,1,8,received,seed,2026-02-11,2026-02-21,2026-02-25,6341.76,2
372,1,9,received,seed,2026-02-11,2026-02-21,2026-02-20,3396.48,2
373,1,10,received,seed,2026-02-11,2026-02-16,2026-02-17,72.47,2
374,1,11,received,seed,2026-02-11,2026-02-18,2026-02-22,1333.00,2
375,1,12,received,seed,2026-02-11,2026-02-16,2026-02-17,729.12,2
376,1,1,received,seed,2026-02-12,2026-02-22,2026-02-23,3104.64,2
377,1,3,received,seed,2026-02-12,2026-02-14,2026-02-14,559.92,2
378,1,4,received,seed,2026-02-12,2026-02-19,2026-02-19,12367.86,2
379,1,5,received,seed,2026-02-12,2026-02-19,2026-02-19,983.15,2
380,1,7,received,seed,2026-02-12,2026-02-14,2026-02-15,3461.10,2
381,1,8,received,seed,2026-02-12,2026-02-22,2026-02-22,4685.88,2
382,1,9,received,seed,2026-02-12,2026-02-22,2026-02-22,252.50,2
383,1,11,received,seed,2026-02-12,2026-02-19,2026-02-21,351.28,2
384,1,12,received,seed,2026-02-12,2026-02-17,2026-02-17,263.72,2
385,1,1,received,seed,2026-02-13,2026-02-23,2026-02-24,241.86,2
386,1,3,received,seed,2026-02-13,2026-02-15,2026-02-16,1287.36,2
387,1,4,received,seed,2026-02-13,2026-02-20,2026-02-19,25826.24,2
388,1,5,received,seed,2026-02-13,2026-02-20,2026-02-22,2457.54,2
389,1,7,received,seed,2026-02-13,2026-02-15,2026-02-16,8864.25,2
390,1,10,received,seed,2026-02-13,2026-02-18,2026-02-18,364.26,2
391,1,11,received,seed,2026-02-13,2026-02-20,2026-02-21,2819.04,2
392,1,12,received,seed,2026-02-13,2026-02-18,2026-02-19,3575.16,2
393,1,1,received,seed,2026-02-14,2026-02-24,2026-02-24,757.63,2
394,1,2,received,seed,2026-02-14,2026-02-19,2026-02-18,14085.60,2
395,1,3,received,seed,2026-02-14,2026-02-16,2026-02-20,663.18,2
396,1,4,received,seed,2026-02-14,2026-02-21,2026-02-22,84579.27,2
397,1,5,received,seed,2026-02-14,2026-02-21,2026-02-20,4603.14,2
398,1,6,received,seed,2026-02-14,2026-02-17,2026-02-19,6164.28,2
399,1,7,received,seed,2026-02-14,2026-02-16,2026-02-16,5145.44,2
400,1,8,received,seed,2026-02-14,2026-02-24,2026-02-25,8705.67,2
401,1,9,received,seed,2026-02-14,2026-02-24,2026-02-24,3018.25,2
402,1,10,received,seed,2026-02-14,2026-02-19,2026-02-19,2028.48,2
403,1,11,received,seed,2026-02-14,2026-02-21,2026-02-21,5556.28,2
404,1,2,received,seed,2026-02-15,2026-02-20,2026-02-24,22007.16,2
405,1,3,received,seed,2026-02-15,2026-02-17,2026-02-17,2134.44,2
406,1,4,received,seed,2026-02-15,2026-02-22,2026-02-21,18552.54,2
407,1,5,received,seed,2026-02-15,2026-02-22,2026-02-24,2768.52,2
408,1,7,received,seed,2026-02-15,2026-02-17,2026-02-18,975.40,2
409,1,8,received,seed,2026-02-15,2026-02-25,2026-02-26,2801.28,2
410,1,11,received,seed,2026-02-15,2026-02-22,2026-02-21,621.16,2
411,1,12,received,seed,2026-02-15,2026-02-20,2026-02-21,812.55,2
412,1,1,received,seed,2026-02-16,2026-02-26,2026-02-25,1822.52,2
413,1,2,received,seed,2026-02-16,2026-02-21,2026-02-25,17901.00,2
414,1,3,received,seed,2026-02-16,2026-02-18,2026-02-20,952.08,2
415,1,4,received,seed,2026-02-16,2026-02-23,2026-02-23,2996.18,2
416,1,5,received,seed,2026-02-16,2026-02-23,2026-02-27,2061.00,2
417,1,6,received,seed,2026-02-16,2026-02-19,2026-02-20,204.32,2
418,1,7,received,seed,2026-02-16,2026-02-18,2026-02-19,1091.88,2
419,1,8,received,seed,2026-02-16,2026-02-26,2026-02-27,2686.68,2
420,1,9,received,seed,2026-02-16,2026-02-26,2026-02-27,5291.72,2
421,1,10,received,seed,2026-02-16,2026-02-21,2026-02-21,2974.16,2
422,1,11,received,seed,2026-02-16,2026-02-23,2026-02-23,1151.34,2
423,1,1,received,seed,2026-02-17,2026-02-27,2026-02-28,5391.36,2
424,1,2,received,seed,2026-02-17,2026-02-22,2026-02-26,5227.20,2
425,1,4,received,seed,2026-02-17,2026-02-24,2026-02-24,12561.36,2
426,1,5,received,seed,2026-02-17,2026-02-24,2026-02-28,2316.96,2
427,1,6,received,seed,2026-02-17,2026-02-20,2026-02-19,5952.00,2
428,1,7,received,seed,2026-02-17,2026-02-19,2026-02-23,5653.74,2
429,1,8,received,seed,2026-02-17,2026-02-27,2026-03-03,3165.36,2
430,1,9,received,seed,2026-02-17,2026-02-27,2026-02-27,2148.18,2
431,1,10,received,seed,2026-02-17,2026-02-22,2026-02-24,1944.47,2
432,1,12,received,seed,2026-02-17,2026-02-22,2026-02-24,1467.72,2
433,1,1,received,seed,2026-02-18,2026-02-28,2026-03-04,259.32,2
434,1,2,received,seed,2026-02-18,2026-02-23,2026-02-25,30035.46,2
435,1,4,received,seed,2026-02-18,2026-02-25,2026-02-25,4529.58,2
436,1,5,received,seed,2026-02-18,2026-02-25,2026-02-26,3592.80,2
437,1,6,received,seed,2026-02-18,2026-02-21,2026-02-22,4784.94,2
438,1,7,received,seed,2026-02-18,2026-02-20,2026-02-20,8888.55,2
439,1,8,received,seed,2026-02-18,2026-02-28,2026-03-02,1950.72,2
440,1,9,received,seed,2026-02-18,2026-02-28,2026-03-02,1591.26,2
441,1,11,received,seed,2026-02-18,2026-02-25,2026-02-25,185.04,2
442,1,12,received,seed,2026-02-18,2026-02-23,2026-02-25,10042.50,2
443,1,1,received,seed,2026-02-19,2026-03-01,2026-03-02,2468.76,2
444,1,2,received,seed,2026-02-19,2026-02-24,2026-02-23,3166.32,2
445,1,3,received,seed,2026-02-19,2026-02-21,2026-02-22,2442.39,2
446,1,4,received,seed,2026-02-19,2026-02-26,2026-02-26,440.28,2
447,1,5,received,seed,2026-02-19,2026-02-26,2026-02-27,3564.47,2
448,1,7,received,seed,2026-02-19,2026-02-21,2026-02-21,5142.48,2
449,1,11,received,seed,2026-02-19,2026-02-26,2026-02-26,1199.50,2
450,1,12,received,seed,2026-02-19,2026-02-24,2026-02-24,1080.90,2
451,1,1,received,seed,2026-02-20,2026-03-02,2026-03-02,2787.09,2
452,1,2,received,seed,2026-02-20,2026-02-25,2026-02-24,20966.82,2
453,1,3,received,seed,2026-02-20,2026-02-22,2026-02-22,1093.92,2
454,1,4,received,seed,2026-02-20,2026-02-27,2026-03-03,11368.89,2
455,1,5,received,seed,2026-02-20,2026-02-27,2026-02-26,683.16,2
456,1,6,received,seed,2026-02-20,2026-02-23,2026-02-23,5514.24,2
457,1,7,received,seed,2026-02-20,2026-02-22,2026-02-23,5516.22,2
458,1,8,received,seed,2026-02-20,2026-03-02,2026-03-02,10538.64,2
459,1,9,received,seed,2026-02-20,2026-03-02,2026-03-03,12518.08,2
460,1,11,received,seed,2026-02-20,2026-02-27,2026-03-01,3619.68,2
461,1,12,received,seed,2026-02-20,2026-02-25,2026-02-24,2261.95,2
462,1,1,received,seed,2026-02-21,2026-03-03,2026-03-05,873.12,2
463,1,2,received,seed,2026-02-21,2026-02-26,2026-02-28,5622.84,2
464,1,3,received,seed,2026-02-21,2026-02-23,2026-02-24,4597.50,2
465,1,4,received,seed,2026-02-21,2026-02-28,2026-03-04,11053.20,2
466,1,5,received,seed,2026-02-21,2026-02-28,2026-02-28,1384.80,2
467,1,6,received,seed,2026-02-21,2026-02-24,2026-02-24,2249.64,2
468,1,7,received,seed,2026-02-21,2026-02-23,2026-02-23,1530.12,2
469,1,11,received,seed,2026-02-21,2026-02-28,2026-03-04,1441.04,2
470,1,1,received,seed,2026-02-22,2026-03-04,2026-03-05,775.56,2
471,1,2,received,seed,2026-02-22,2026-02-27,2026-02-28,25886.52,2
472,1,3,received,seed,2026-02-22,2026-02-24,2026-02-24,2309.40,2
473,1,4,received,seed,2026-02-22,2026-03-01,2026-03-02,6581.28,2
474,1,5,received,seed,2026-02-22,2026-03-01,2026-03-02,3582.54,2
475,1,6,received,seed,2026-02-22,2026-02-25,2026-02-25,570.48,2
476,1,7,received,seed,2026-02-22,2026-02-24,2026-02-25,382.86,2
477,1,8,received,seed,2026-02-22,2026-03-04,2026-03-04,15379.08,2
478,1,9,received,seed,2026-02-22,2026-03-04,2026-03-04,540.00,2
479,1,10,received,seed,2026-02-22,2026-02-27,2026-02-28,1868.28,2
480,1,11,received,seed,2026-02-22,2026-03-01,2026-03-01,4880.56,2
481,1,12,received,seed,2026-02-22,2026-02-27,2026-02-26,1317.42,2
482,1,1,received,seed,2026-02-23,2026-03-05,2026-03-06,205.14,2
483,1,2,received,seed,2026-02-23,2026-02-28,2026-02-28,10798.20,2
484,1,3,received,seed,2026-02-23,2026-02-25,2026-02-24,3323.54,2
485,1,4,received,seed,2026-02-23,2026-03-02,2026-03-03,5283.06,2
486,1,5,received,seed,2026-02-23,2026-03-02,2026-03-02,1213.96,2
487,1,7,received,seed,2026-02-23,2026-02-25,2026-03-01,2899.62,2
488,1,9,received,seed,2026-02-23,2026-03-05,2026-03-07,2403.40,2
489,1,11,received,seed,2026-02-23,2026-03-02,2026-03-04,923.32,2
490,1,12,received,seed,2026-02-23,2026-02-28,2026-03-01,133.35,2
491,1,1,received,seed,2026-02-24,2026-03-06,2026-03-06,49.15,2
492,1,2,received,seed,2026-02-24,2026-03-01,2026-03-02,32973.24,2
493,1,3,received,seed,2026-02-24,2026-02-26,2026-02-28,2731.68,2
494,1,4,received,seed,2026-02-24,2026-03-03,2026-03-05,1310.36,2
495,1,5,received,seed,2026-02-24,2026-03-03,2026-03-03,5631.49,2
496,1,6,received,seed,2026-02-24,2026-02-27,2026-02-27,422.40,2
497,1,7,received,seed,2026-02-24,2026-02-26,2026-02-26,2028.30,2
498,1,9,received,seed,2026-02-24,2026-03-06,2026-03-07,3602.89,2
499,1,10,received,seed,2026-02-24,2026-03-01,2026-03-01,72.47,2
500,1,12,received,seed,2026-02-24,2026-03-01,2026-03-01,130.37,2
501,1,1,received,seed,2026-02-25,2026-03-07,2026-03-07,2874.00,2
502,1,2,received,seed,2026-02-25,2026-03-02,2026-03-03,9865.92,2
503,1,4,received,seed,2026-02-25,2026-03-04,2026-03-06,83.58,2
504,1,5,received,seed,2026-02-25,2026-03-04,2026-03-06,169.74,2
505,1,6,received,seed,2026-02-25,2026-02-28,2026-03-04,286.04,2
506,1,7,received,seed,2026-02-25,2026-02-27,2026-02-27,2516.58,2
507,1,11,received,seed,2026-02-25,2026-03-04,2026-03-04,4066.20,2
508,1,12,received,seed,2026-02-25,2026-03-02,2026-03-02,690.48,2
509,1,1,received,seed,2026-02-26,2026-03-08,2026-03-09,2757.60,2
510,1,2,received,seed,2026-02-26,2026-03-03,2026-03-05,21491.00,2
511,1,4,received,seed,2026-02-26,2026-03-05,2026-03-04,11920.38,2
512,1,5,received,seed,2026-02-26,2026-03-05,2026-03-09,3223.55,2
513,1,7,received,seed,2026-02-26,2026-02-28,2026-02-27,15290.63,2
514,1,8,received,seed,2026-02-26,2026-03-08,2026-03-12,3180.72,2
515,1,9,received,seed,2026-02-26,2026-03-08,2026-03-12,6044.34,2
516,1,11,received,seed,2026-02-26,2026-03-05,2026-03-04,1658.43,2
517,1,12,received,seed,2026-02-26,2026-03-03,2026-03-04,2959.68,2
518,1,1,received,seed,2026-02-27,2026-03-09,2026-03-09,693.00,2
519,1,2,received,seed,2026-02-27,2026-03-04,2026-03-04,21986.04,2
520,1,3,received,seed,2026-02-27,2026-03-01,2026-03-02,2006.22,2
521,1,4,received,seed,2026-02-27,2026-03-06,2026-03-08,1720.41,2
522,1,5,received,seed,2026-02-27,2026-03-06,2026-03-10,5377.13,2
523,1,6,received,seed,2026-02-27,2026-03-02,2026-03-06,277.52,2
524,1,7,received,seed,2026-02-27,2026-03-01,2026-03-02,7623.29,2
525,1,8,received,seed,2026-02-27,2026-03-09,2026-03-13,1562.99,2
526,1,9,received,seed,2026-02-27,2026-03-09,2026-03-13,3508.37,2
527,1,10,received,seed,2026-02-27,2026-03-04,2026-03-08,104.82,2
528,1,11,received,seed,2026-02-27,2026-03-06,2026-03-10,1179.36,2
529,1,12,received,seed,2026-02-27,2026-03-04,2026-03-03,1808.70,2
530,1,1,received,seed,2026-02-28,2026-03-10,2026-03-10,1474.98,2
531,1,2,received,seed,2026-02-28,2026-03-05,2026-03-07,2932.56,2
532,1,3,received,seed,2026-02-28,2026-03-02,2026-03-02,459.84,2
533,1,4,received,seed,2026-02-28,2026-03-07,2026-03-07,1809.12,2
534,1,5,received,seed,2026-02-28,2026-03-07,2026-03-11,1217.28,2
535,1,7,received,seed,2026-02-28,2026-03-02,2026-03-03,3042.72,2
536,1,8,received,seed,2026-02-28,2026-03-10,2026-03-14,2669.04,2
537,1,9,received,seed,2026-02-28,2026-03-10,2026-03-11,1003.14,2
538,1,10,received,seed,2026-02-28,2026-03-05,2026-03-04,882.48,2
539,1,11,received,seed,2026-02-28,2026-03-07,2026-03-07,1387.92,2
540,1,12,received,seed,2026-02-28,2026-03-05,2026-03-06,684.24,2
541,1,1,received,seed,2026-03-01,2026-03-11,2026-03-10,1649.10,2
542,1,2,received,seed,2026-03-01,2026-03-06,2026-03-07,47544.96,2
543,1,3,received,seed,2026-03-01,2026-03-03,2026-03-04,2317.44,2
544,1,5,received,seed,2026-03-01,2026-03-08,2026-03-08,1646.46,2
545,1,6,received,seed,2026-03-01,2026-03-04,2026-03-08,1542.46,2
546,1,7,received,seed,2026-03-01,2026-03-03,2026-03-03,4736.22,2
547,1,8,received,seed,2026-03-01,2026-03-11,2026-03-11,12189.54,2
548,1,9,received,seed,2026-03-01,2026-03-11,2026-03-11,5135.76,2
549,1,10,received,seed,2026-03-01,2026-03-06,2026-03-07,72.47,2
550,1,11,received,seed,2026-03-01,2026-03-08,2026-03-08,3296.38,2
551,1,12,received,seed,2026-03-01,2026-03-06,2026-03-07,7316.22,2
552,1,3,received,seed,2026-03-02,2026-03-04,2026-03-04,1462.83,2
553,1,4,received,seed,2026-03-02,2026-03-09,2026-03-09,96137.10,2
554,1,5,received,seed,2026-03-02,2026-03-09,2026-03-09,4199.64,2
555,1,6,received,seed,2026-03-02,2026-03-05,2026-03-09,204.32,2
556,1,7,received,seed,2026-03-02,2026-03-04,2026-03-03,3231.27,2
557,1,11,received,seed,2026-03-02,2026-03-09,2026-03-10,2933.16,2
558,1,12,received,seed,2026-03-02,2026-03-07,2026-03-09,5583.42,2
559,1,1,received,seed,2026-03-03,2026-03-13,2026-03-14,3597.51,2
560,1,2,received,seed,2026-03-03,2026-03-08,2026-03-09,10717.08,2
561,1,3,received,seed,2026-03-03,2026-03-05,2026-03-05,1287.36,2
562,1,4,received,seed,2026-03-03,2026-03-10,2026-03-10,9650.83,2
563,1,5,received,seed,2026-03-03,2026-03-10,2026-03-09,3189.00,2
564,1,6,received,seed,2026-03-03,2026-03-06,2026-03-06,4521.10,2
565,1,7,received,seed,2026-03-03,2026-03-05,2026-03-09,230.76,2
566,1,8,received,seed,2026-03-03,2026-03-13,2026-03-14,4865.28,2
567,1,10,received,seed,2026-03-03,2026-03-08,2026-03-08,1663.08,2
568,1,11,received,seed,2026-03-03,2026-03-10,2026-03-09,864.54,2
569,1,12,received,seed,2026-03-03,2026-03-08,2026-03-08,6148.26,2
570,1,2,received,seed,2026-03-04,2026-03-09,2026-03-10,8316.36,2
571,1,3,received,seed,2026-03-04,2026-03-06,2026-03-07,2518.08,2
572,1,4,received,seed,2026-03-04,2026-03-11,2026-03-15,24869.23,2
573,1,5,received,seed,2026-03-04,2026-03-11,2026-03-12,2793.60,2
574,1,6,received,seed,2026-03-04,2026-03-07,2026-03-09,76.64,2
575,1,9,received,seed,2026-03-04,2026-03-14,2026-03-14,1221.92,2
576,1,10,received,seed,2026-03-04,2026-03-09,2026-03-13,93.44,2
577,1,11,received,seed,2026-03-04,2026-03-11,2026-03-12,756.72,2
578,1,1,received,seed,2026-03-05,2026-03-15,2026-03-15,2790.12,2
579,1,2,received,seed,2026-03-05,2026-03-10,2026-03-12,21067.32,2
580,1,4,received,seed,2026-03-05,2026-03-12,2026-03-12,770.76,2
581,1,5,received,seed,2026-03-05,2026-03-12,2026-03-14,2557.32,2
582,1,7,received,seed,2026-03-05,2026-03-07,2026-03-07,2784.24,2
583,1,9,received,seed,2026-03-05,2026-03-15,2026-03-15,8512.40,2
584,1,12,received,seed,2026-03-05,2026-03-10,2026-03-11,430.08,2
585,1,1,received,seed,2026-03-06,2026-03-16,2026-03-17,49.15,2
586,1,4,received,seed,2026-03-06,2026-03-13,2026-03-13,8738.70,2
587,1,5,received,seed,2026-03-06,2026-03-13,2026-03-17,1588.38,2
588,1,6,received,seed,2026-03-06,2026-03-09,2026-03-11,2266.80,2
589,1,7,received,seed,2026-03-06,2026-03-08,2026-03-07,6451.98,2
590,1,8,received,seed,2026-03-06,2026-03-16,2026-03-16,1876.23,2
591,1,9,received,seed,2026-03-06,2026-03-16,2026-03-20,229.62,2
592,1,10,received,seed,2026-03-06,2026-03-11,2026-03-15,2880.72,2
593,1,11,received,seed,2026-03-06,2026-03-13,2026-03-13,4792.32,2
594,1,12,received,seed,2026-03-06,2026-03-11,2026-03-11,133.35,2
595,1,1,received,seed,2026-03-07,2026-03-17,2026-03-17,7795.44,2
596,1,2,received,seed,2026-03-07,2026-03-12,2026-03-12,25666.92,2
597,1,3,received,seed,2026-03-07,2026-03-09,2026-03-09,750.00,2
598,1,4,received,seed,2026-03-07,2026-03-14,2026-03-16,13240.68,2
599,1,5,received,seed,2026-03-07,2026-03-14,2026-03-15,1102.75,2
600,1,6,received,seed,2026-03-07,2026-03-10,2026-03-12,941.28,2
601,1,7,received,seed,2026-03-07,2026-03-09,2026-03-09,295.80,2
602,1,9,received,seed,2026-03-07,2026-03-17,2026-03-17,3147.01,2
603,1,10,received,seed,2026-03-07,2026-03-12,2026-03-13,2100.95,2
604,1,11,received,seed,2026-03-07,2026-03-14,2026-03-16,4707.62,2
605,1,1,received,seed,2026-03-08,2026-03-18,2026-03-22,2364.00,2
606,1,2,received,seed,2026-03-08,2026-03-13,2026-03-12,9459.18,2
607,1,3,received,seed,2026-03-08,2026-03-10,2026-03-10,2154.78,2
608,1,4,received,seed,2026-03-08,2026-03-15,2026-03-16,25564.56,2
609,1,5,received,seed,2026-03-08,2026-03-15,2026-03-16,870.96,2
610,1,6,received,seed,2026-03-08,2026-03-11,2026-03-11,8436.24,2
611,1,7,received,seed,2026-03-08,2026-03-10,2026-03-11,6274.80,2
612,1,8,received,seed,2026-03-08,2026-03-18,2026-03-19,11077.20,2
613,1,9,received,seed,2026-03-08,2026-03-18,2026-03-17,8014.80,2
614,1,11,received,seed,2026-03-08,2026-03-15,2026-03-15,1367.96,2
615,1,1,received,seed,2026-03-09,2026-03-19,2026-03-20,2583.00,2
616,1,3,received,seed,2026-03-09,2026-03-11,2026-03-11,2731.68,2
617,1,4,received,seed,2026-03-09,2026-03-16,2026-03-16,21544.65,2
618,1,5,received,seed,2026-03-09,2026-03-16,2026-03-16,3316.32,2
619,1,6,received,seed,2026-03-09,2026-03-12,2026-03-12,4504.14,2
620,1,7,received,seed,2026-03-09,2026-03-11,2026-03-10,13720.11,2
621,1,8,received,seed,2026-03-09,2026-03-19,2026-03-20,1950.72,2
622,1,9,received,seed,2026-03-09,2026-03-19,2026-03-21,337.26,2
623,1,12,received,seed,2026-03-09,2026-03-14,2026-03-14,1021.56,2
624,1,1,received,seed,2026-03-10,2026-03-20,2026-03-21,2695.22,2
625,1,2,received,seed,2026-03-10,2026-03-15,2026-03-14,24574.50,2
626,1,4,received,seed,2026-03-10,2026-03-17,2026-03-18,1987.02,2
627,1,5,received,seed,2026-03-10,2026-03-17,2026-03-17,2896.96,2
628,1,6,received,seed,2026-03-10,2026-03-13,2026-03-13,76.64,2
629,1,7,received,seed,2026-03-10,2026-03-12,2026-03-12,1688.96,2
630,1,8,received,seed,2026-03-10,2026-03-20,2026-03-21,10888.62,2
631,1,9,received,seed,2026-03-10,2026-03-20,2026-03-21,3054.00,2
632,1,11,received,seed,2026-03-10,2026-03-17,2026-03-19,1806.94,2
633,1,2,received,seed,2026-03-11,2026-03-16,2026-03-17,15677.88,2
634,1,3,received,seed,2026-03-11,2026-03-13,2026-03-13,2169.06,2
635,1,5,received,seed,2026-03-11,2026-03-18,2026-03-18,1919.82,2
636,1,6,received,seed,2026-03-11,2026-03-14,2026-03-14,868.20,2
637,1,7,received,seed,2026-03-11,2026-03-13,2026-03-13,6904.98,2
638,1,8,received,seed,2026-03-11,2026-03-21,2026-03-22,11284.20,2
639,1,9,received,seed,2026-03-11,2026-03-21,2026-03-25,2365.96,2
640,1,10,received,seed,2026-03-11,2026-03-16,2026-03-18,1816.80,2
641,1,11,received,seed,2026-03-11,2026-03-18,2026-03-18,7934.13,2
642,1,1,received,seed,2026-03-12,2026-03-22,2026-03-23,1317.12,2
643,1,2,received,seed,2026-03-12,2026-03-17,2026-03-17,26811.98,2
644,1,3,received,seed,2026-03-12,2026-03-14,2026-03-18,5511.06,2
645,1,4,received,seed,2026-03-12,2026-03-19,2026-03-20,2210.40,2
646,1,5,received,seed,2026-03-12,2026-03-19,2026-03-20,3964.20,2
647,1,6,received,seed,2026-03-12,2026-03-15,2026-03-15,1461.96,2
648,1,7,received,seed,2026-03-12,2026-03-14,2026-03-15,2554.56,2
649,1,8,received,seed,2026-03-12,2026-03-22,2026-03-26,1189.44,2
650,1,9,received,seed,2026-03-12,2026-03-22,2026-03-22,5794.08,2
651,1,11,received,seed,2026-03-12,2026-03-19,2026-03-19,963.60,2
652,1,12,received,seed,2026-03-12,2026-03-17,2026-03-19,2431.56,2
653,1,1,received,seed,2026-03-13,2026-03-23,2026-03-22,847.02,2
654,1,3,received,seed,2026-03-13,2026-03-15,2026-03-17,1968.02,2
655,1,4,received,seed,2026-03-13,2026-03-20,2026-03-20,3018.84,2
656,1,5,received,seed,2026-03-13,2026-03-20,2026-03-20,1031.52,2
657,1,6,received,seed,2026-03-13,2026-03-16,2026-03-16,286.04,2
658,1,7,received,seed,2026-03-13,2026-03-15,2026-03-15,5643.16,2
659,1,9,received,seed,2026-03-13,2026-03-23,2026-03-23,2504.56,2
660,1,10,received,seed,2026-03-13,2026-03-18,2026-03-18,1733.03,2
661,1,1,received,seed,2026-03-14,2026-03-24,2026-03-25,2768.34,2
662,1,2,received,seed,2026-03-14,2026-03-19,2026-03-23,2932.56,2
663,1,3,received,seed,2026-03-14,2026-03-16,2026-03-16,559.92,2
664,1,4,received,seed,2026-03-14,2026-03-21,2026-03-21,1774.02,2
665,1,5,received,seed,2026-03-14,2026-03-21,2026-03-20,4646.10,2
666,1,6,received,seed,2026-03-14,2026-03-17,2026-03-17,1264.80,2
667,1,7,received,seed,2026-03-14,2026-03-16,2026-03-15,6374.01,2
668,1,9,received,seed,2026-03-14,2026-03-24,2026-03-24,2544.02,2
669,1,11,received,seed,2026-03-14,2026-03-21,2026-03-22,2860.72,2
670,1,12,received,seed,2026-03-14,2026-03-19,2026-03-19,301.92,2
671,1,1,received,seed,2026-03-15,2026-03-25,2026-03-25,415.53,2
672,1,2,received,seed,2026-03-15,2026-03-20,2026-03-24,51608.88,2
673,1,3,received,seed,2026-03-15,2026-03-17,2026-03-18,1582.98,2
674,1,4,received,seed,2026-03-15,2026-03-22,2026-03-23,3282.24,2
675,1,5,received,seed,2026-03-15,2026-03-22,2026-03-22,4386.72,2
676,1,6,received,seed,2026-03-15,2026-03-18,2026-03-18,2097.06,2
677,1,7,received,seed,2026-03-15,2026-03-17,2026-03-19,8053.82,2
678,1,8,received,seed,2026-03-15,2026-03-25,2026-03-27,18526.97,2
679,1,9,received,seed,2026-03-15,2026-03-25,2026-03-27,3191.52,2
680,1,10,received,seed,2026-03-15,2026-03-20,2026-03-20,2267.70,2
681,1,11,received,seed,2026-03-15,2026-03-22,2026-03-24,1622.44,2
682,1,12,received,seed,2026-03-15,2026-03-20,2026-03-22,11478.12,2
683,1,1,received,seed,2026-03-16,2026-03-26,2026-03-27,2757.60,2
684,1,2,received,seed,2026-03-16,2026-03-21,2026-03-22,21328.80,2
685,1,5,received,seed,2026-03-16,2026-03-23,2026-03-24,1709.40,2
686,1,7,received,seed,2026-03-16,2026-03-18,2026-03-18,15105.60,2
687,1,11,received,seed,2026-03-16,2026-03-23,2026-03-22,7922.30,2
688,1,12,received,seed,2026-03-16,2026-03-21,2026-03-21,3535.92,2
689,1,1,received,seed,2026-03-17,2026-03-27,2026-03-26,1040.05,2
690,1,3,received,seed,2026-03-17,2026-03-19,2026-03-20,1209.84,2
691,1,4,received,seed,2026-03-17,2026-03-24,2026-03-25,13297.10,2
692,1,5,received,seed,2026-03-17,2026-03-24,2026-03-24,215.88,2
693,1,7,received,seed,2026-03-17,2026-03-19,2026-03-18,1213.74,2
694,1,9,received,seed,2026-03-17,2026-03-27,2026-03-27,157.81,2
695,1,11,received,seed,2026-03-17,2026-03-24,2026-03-23,3295.80,2
696,1,12,received,seed,2026-03-17,2026-03-22,2026-03-22,292.44,2
697,1,2,received,seed,2026-03-18,2026-03-23,2026-03-24,51505.68,2
698,1,3,received,seed,2026-03-18,2026-03-20,2026-03-22,351.75,2
699,1,4,received,seed,2026-03-18,2026-03-25,2026-03-24,4354.80,2
700,1,5,received,seed,2026-03-18,2026-03-25,2026-03-26,883.44,2
701,1,6,received,seed,2026-03-18,2026-03-21,2026-03-21,2961.40,2
702,1,7,received,seed,2026-03-18,2026-03-20,2026-03-20,753.66,2
703,1,8,received,seed,2026-03-18,2026-03-28,2026-03-28,3180.72,2
704,1,9,received,seed,2026-03-18,2026-03-28,2026-03-30,8839.34,2
705,1,11,received,seed,2026-03-18,2026-03-25,2026-03-25,1919.50,2
706,1,12,received,seed,2026-03-18,2026-03-23,2026-03-23,1132.68,2
707,1,1,received,seed,2026-03-19,2026-03-29,2026-03-31,450.96,2
708,1,2,received,seed,2026-03-19,2026-03-24,2026-03-28,21443.04,2
709,1,3,received,seed,2026-03-19,2026-03-21,2026-03-23,3658.08,2
710,1,4,received,seed,2026-03-19,2026-03-26,2026-03-26,15793.70,2
711,1,5,received,seed,2026-03-19,2026-03-26,2026-03-26,980.75,2
712,1,6,received,seed,2026-03-19,2026-03-22,2026-03-22,518.82,2
713,1,7,received,seed,2026-03-19,2026-03-21,2026-03-21,2263.68,2
714,1,8,received,seed,2026-03-19,2026-03-29,2026-04-02,1373.28,2
715,1,9,received,seed,2026-03-19,2026-03-29,2026-03-30,7306.31,2
716,1,11,received,seed,2026-03-19,2026-03-26,2026-03-25,1746.78,2
717,1,12,received,seed,2026-03-19,2026-03-24,2026-03-24,3273.24,2
718,1,4,received,seed,2026-03-20,2026-03-27,2026-03-29,102.42,2
719,1,5,received,seed,2026-03-20,2026-03-27,2026-03-27,639.90,2
720,1,6,received,seed,2026-03-20,2026-03-23,2026-03-24,2249.64,2
721,1,7,received,seed,2026-03-20,2026-03-22,2026-03-22,10974.30,2
722,1,9,received,seed,2026-03-20,2026-03-30,2026-03-29,229.62,2
723,1,11,received,seed,2026-03-20,2026-03-27,2026-03-28,864.54,2
724,1,1,received,seed,2026-03-21,2026-03-31,2026-03-30,1329.24,2
725,1,4,received,seed,2026-03-21,2026-03-28,2026-03-28,6218.47,2
726,1,5,received,seed,2026-03-21,2026-03-28,2026-03-29,5304.37,2
727,1,6,received,seed,2026-03-21,2026-03-24,2026-03-24,204.32,2
728,1,7,received,seed,2026-03-21,2026-03-23,2026-03-23,1091.88,2
729,1,8,received,seed,2026-03-21,2026-03-31,2026-04-01,5003.34,2
730,1,10,received,seed,2026-03-21,2026-03-26,2026-03-28,457.70,2
731,1,12,received,seed,2026-03-21,2026-03-26,2026-03-28,1040.52,2
732,1,2,received,seed,2026-03-22,2026-03-27,2026-03-29,7512.48,2
733,1,3,received,seed,2026-03-22,2026-03-24,2026-03-28,1078.80,2
734,1,4,received,seed,2026-03-22,2026-03-29,2026-04-02,87083.22,2
735,1,5,received,seed,2026-03-22,2026-03-29,2026-03-30,1454.44,2
736,1,7,received,seed,2026-03-22,2026-03-24,2026-03-24,2203.51,2
737,1,8,received,seed,2026-03-22,2026-04-01,2026-04-05,3497.19,2
738,1,9,received,seed,2026-03-22,2026-04-01,2026-04-03,411.06,2
739,1,10,received,seed,2026-03-22,2026-03-27,2026-03-28,2880.72,2
740,1,11,received,seed,2026-03-22,2026-03-29,2026-03-28,2590.86,2
741,1,12,received,seed,2026-03-22,2026-03-27,2026-03-26,3628.86,2
742,1,1,received,seed,2026-03-23,2026-04-02,2026-04-06,5391.36,2
743,1,2,received,seed,2026-03-23,2026-03-28,2026-03-28,4260.48,2
744,1,3,received,seed,2026-03-23,2026-03-25,2026-03-26,4325.16,2
745,1,4,received,seed,2026-03-23,2026-03-30,2026-03-31,1170.24,2
746,1,5,received,seed,2026-03-23,2026-03-30,2026-04-03,2500.92,2
747,1,7,received,seed,2026-03-23,2026-03-25,2026-03-26,2167.71,2
748,1,8,received,seed,2026-03-23,2026-04-02,2026-04-06,540.00,2
749,1,9,received,seed,2026-03-23,2026-04-02,2026-04-01,5917.80,2
750,1,11,received,seed,2026-03-23,2026-03-30,2026-04-01,2563.20,2
751,1,12,received,seed,2026-03-23,2026-03-28,2026-03-30,690.48,2
752,1,1,received,seed,2026-03-24,2026-04-03,2026-04-03,5744.34,2
753,1,2,received,seed,2026-03-24,2026-03-29,2026-03-29,7594.56,2
754,1,3,received,seed,2026-03-24,2026-03-26,2026-03-26,1093.92,2
755,1,4,received,seed,2026-03-24,2026-03-31,2026-04-01,11368.89,2
756,1,5,received,seed,2026-03-24,2026-03-31,2026-04-01,102.00,2
757,1,7,received,seed,2026-03-24,2026-03-26,2026-03-26,4401.48,2
758,1,8,received,seed,2026-03-24,2026-04-03,2026-04-04,893.82,2
759,1,9,received,seed,2026-03-24,2026-04-03,2026-04-04,655.56,2
760,1,11,received,seed,2026-03-24,2026-03-31,2026-03-31,2129.14,2
761,1,12,received,seed,2026-03-24,2026-03-29,2026-03-29,1080.90,2
762,1,1,received,seed,2026-03-25,2026-04-04,2026-04-03,3430.76,2
763,1,2,received,seed,2026-03-25,2026-03-30,2026-04-01,9282.60,2
764,1,4,received,seed,2026-03-25,2026-04-01,2026-04-02,17021.83,2
765,1,5,received,seed,2026-03-25,2026-04-01,2026-04-03,3729.66,2
766,1,6,received,seed,2026-03-25,2026-03-28,2026-03-28,286.04,2
767,1,7,received,seed,2026-03-25,2026-03-27,2026-03-29,4088.30,2
768,1,8,received,seed,2026-03-25,2026-04-04,2026-04-06,2778.72,2
769,1,9,received,seed,2026-03-25,2026-04-04,2026-04-05,1176.84,2
770,1,10,received,seed,2026-03-25,2026-03-30,2026-04-03,1533.84,2
771,1,11,received,seed,2026-03-25,2026-04-01,2026-04-02,427.72,2
772,1,12,received,seed,2026-03-25,2026-03-30,2026-03-30,1070.16,2
773,1,1,received,seed,2026-03-26,2026-04-05,2026-04-06,3003.91,2
774,1,4,received,seed,2026-03-26,2026-04-02,2026-04-02,14609.73,2
775,1,5,received,seed,2026-03-26,2026-04-02,2026-04-01,3478.92,2
776,1,6,received,seed,2026-03-26,2026-03-29,2026-04-02,481.84,2
777,1,7,received,seed,2026-03-26,2026-03-28,2026-03-29,1162.80,2
778,1,8,received,seed,2026-03-26,2026-04-05,2026-04-06,1141.20,2
779,1,9,received,seed,2026-03-26,2026-04-05,2026-04-09,10519.36,2
780,1,10,received,seed,2026-03-26,2026-03-31,2026-03-31,104.82,2
781,1,11,received,seed,2026-03-26,2026-04-02,2026-04-02,2567.28,2
782,1,2,received,seed,2026-03-27,2026-04-01,2026-04-02,35128.86,2
783,1,3,received,seed,2026-03-27,2026-03-29,2026-03-30,4621.26,2
784,1,4,received,seed,2026-03-27,2026-04-03,2026-04-03,2318.76,2
785,1,5,received,seed,2026-03-27,2026-04-03,2026-04-03,4248.36,2
786,1,6,received,seed,2026-03-27,2026-03-30,2026-03-30,2266.80,2
787,1,7,received,seed,2026-03-27,2026-03-29,2026-03-29,6130.59,2
788,1,8,received,seed,2026-03-27,2026-04-06,2026-04-10,1562.99,2
789,1,9,received,seed,2026-03-27,2026-04-06,2026-04-05,2076.37,2
790,1,11,received,seed,2026-03-27,2026-04-03,2026-04-03,783.38,2
791,1,1,received,seed,2026-03-28,2026-04-07,2026-04-11,1547.22,2
792,1,2,received,seed,2026-03-28,2026-04-02,2026-04-02,15310.44,2
793,1,3,received,seed,2026-03-28,2026-03-30,2026-03-31,1179.24,2
794,1,4,received,seed,2026-03-28,2026-04-04,2026-04-05,3769.80,2
795,1,5,received,seed,2026-03-28,2026-04-04,2026-04-03,4595.40,2
796,1,6,received,seed,2026-03-28,2026-03-31,2026-03-31,6423.12,2
797,1,7,received,seed,2026-03-28,2026-03-30,2026-03-31,661.14,2
798,1,8,received,seed,2026-03-28,2026-04-07,2026-04-06,6757.50,2
799,1,9,received,seed,2026-03-28,2026-04-07,2026-04-07,2579.24,2
800,1,10,received,seed,2026-03-28,2026-04-02,2026-04-06,2100.95,2
801,1,11,received,seed,2026-03-28,2026-04-04,2026-04-05,6984.52,2
802,1,12,received,seed,2026-03-28,2026-04-02,2026-04-06,3558.96,2
803,1,1,received,seed,2026-03-29,2026-04-08,2026-04-09,1237.44,2
804,1,2,received,seed,2026-03-29,2026-04-03,2026-04-02,4231.98,2
805,1,3,received,seed,2026-03-29,2026-03-31,2026-04-04,3742.58,2
806,1,4,received,seed,2026-03-29,2026-04-05,2026-04-05,2554.02,2
807,1,5,received,seed,2026-03-29,2026-04-05,2026-04-05,1455.24,2
808,1,6,received,seed,2026-03-29,2026-04-01,2026-04-03,10021.68,2
809,1,7,received,seed,2026-03-29,2026-03-31,2026-03-30,10171.92,2
810,1,8,received,seed,2026-03-29,2026-04-08,2026-04-08,1811.28,2
811,1,9,received,seed,2026-03-29,2026-04-08,2026-04-08,491.54,2
812,1,10,received,seed,2026-03-29,2026-04-03,2026-04-07,4032.00,2
813,1,11,received,seed,2026-03-29,2026-04-05,2026-04-05,4818.00,2
814,1,2,received,seed,2026-03-30,2026-04-04,2026-04-05,14223.32,2
815,1,3,received,seed,2026-03-30,2026-04-01,2026-04-01,1155.42,2
816,1,4,received,seed,2026-03-30,2026-04-06,2026-04-10,1911.54,2
817,1,5,received,seed,2026-03-30,2026-04-06,2026-04-06,2089.20,2
818,1,7,received,seed,2026-03-30,2026-04-01,2026-04-02,314.64,2
819,1,9,received,seed,2026-03-30,2026-04-09,2026-04-09,4863.62,2
820,1,11,received,seed,2026-03-30,2026-04-06,2026-04-07,625.68,2
821,1,1,received,seed,2026-03-31,2026-04-10,2026-04-11,1929.60,2
822,1,2,received,seed,2026-03-31,2026-04-05,2026-04-09,46906.32,2
823,1,4,received,seed,2026-03-31,2026-04-07,2026-04-06,4311.60,2
824,1,5,received,seed,2026-03-31,2026-04-07,2026-04-07,4933.20,2
825,1,7,received,seed,2026-03-31,2026-04-02,2026-04-04,4577.76,2
826,1,8,received,seed,2026-03-31,2026-04-10,2026-04-12,2602.08,2
827,1,9,received,seed,2026-03-31,2026-04-10,2026-04-09,7838.40,2
828,1,11,received,seed,2026-03-31,2026-04-07,2026-04-07,1485.36,2
829,1,12,received,seed,2026-03-31,2026-04-05,2026-04-07,4598.01,2
830,1,1,received,seed,2026-04-01,2026-04-11,2026-04-12,539.37,2
831,1,2,received,seed,2026-04-01,2026-04-06,2026-04-05,2932.56,2
832,1,3,received,seed,2026-04-01,2026-04-03,2026-04-03,459.84,2
833,1,4,received,seed,2026-04-01,2026-04-08,2026-04-08,3826.92,2
834,1,5,received,seed,2026-04-01,2026-04-08,2026-04-08,486.00,2
835,1,6,received,seed,2026-04-01,2026-04-04,2026-04-06,1627.56,2
836,1,7,received,seed,2026-04-01,2026-04-03,2026-04-03,5910.60,2
837,1,8,received,seed,2026-04-01,2026-04-11,2026-04-10,3165.36,2
838,1,9,received,seed,2026-04-01,2026-04-11,2026-04-11,540.00,2
839,1,10,received,seed,2026-04-01,2026-04-06,2026-04-06,147.02,2
840,1,12,received,seed,2026-04-01,2026-04-06,2026-04-08,4765.03,2
841,1,1,received,seed,2026-04-02,2026-04-12,2026-04-16,4646.64,2
842,1,3,received,seed,2026-04-02,2026-04-04,2026-04-06,750.00,2
843,1,4,received,seed,2026-04-02,2026-04-09,2026-04-09,9246.72,2
844,1,7,received,seed,2026-04-02,2026-04-04,2026-04-08,4537.56,2
845,1,8,received,seed,2026-04-02,2026-04-12,2026-04-16,6991.20,2
846,1,9,received,seed,2026-04-02,2026-04-12,2026-04-14,360.96,2
847,1,11,received,seed,2026-04-02,2026-04-09,2026-04-09,3901.44,2
848,1,2,received,seed,2026-04-03,2026-04-08,2026-04-07,12336.00,2
849,1,3,received,seed,2026-04-03,2026-04-05,2026-04-05,4557.18,2
850,1,4,received,seed,2026-04-03,2026-04-10,2026-04-11,844.86,2
851,1,6,received,seed,2026-04-03,2026-04-06,2026-04-06,2315.82,2
852,1,7,received,seed,2026-04-03,2026-04-05,2026-04-09,6484.41,2
853,1,8,received,seed,2026-04-03,2026-04-13,2026-04-14,9526.68,2
854,1,9,received,seed,2026-04-03,2026-04-13,2026-04-13,639.18,2
855,1,10,received,seed,2026-04-03,2026-04-08,2026-04-08,1257.84,2
856,1,11,received,seed,2026-04-03,2026-04-10,2026-04-11,219.86,2
857,1,12,received,seed,2026-04-03,2026-04-08,2026-04-10,2048.22,2
858,1,1,received,seed,2026-04-04,2026-04-14,2026-04-16,1524.44,2
859,1,2,received,seed,2026-04-04,2026-04-09,2026-04-11,20966.82,2
860,1,4,received,seed,2026-04-04,2026-04-11,2026-04-11,3163.82,2
861,1,5,received,seed,2026-04-04,2026-04-11,2026-04-12,2418.60,2
862,1,7,received,seed,2026-04-04,2026-04-06,2026-04-06,4447.32,2
863,1,9,received,seed,2026-04-04,2026-04-14,2026-04-14,2214.12,2
864,1,11,received,seed,2026-04-04,2026-04-11,2026-04-11,4119.64,2
865,1,12,received,seed,2026-04-04,2026-04-09,2026-04-09,292.44,2
866,1,1,received,seed,2026-04-05,2026-04-15,2026-04-16,605.16,2
867,1,2,received,seed,2026-04-05,2026-04-10,2026-04-09,32973.24,2
868,1,3,received,seed,2026-04-05,2026-04-07,2026-04-08,1092.09,2
869,1,6,received,seed,2026-04-05,2026-04-08,2026-04-08,204.32,2
870,1,7,received,seed,2026-04-05,2026-04-07,2026-04-08,9092.15,2
871,1,8,received,seed,2026-04-05,2026-04-15,2026-04-19,6829.44,2
872,1,9,received,seed,2026-04-05,2026-04-15,2026-04-15,2607.01,2
873,1,10,received,seed,2026-04-05,2026-04-10,2026-04-14,3515.76,2
874,1,11,received,seed,2026-04-05,2026-04-12,2026-04-12,1473.98,2
875,1,12,received,seed,2026-04-05,2026-04-10,2026-04-10,3273.24,2
876,1,1,received,seed,2026-04-06,2026-04-16,2026-04-16,1306.75,2
877,1,2,received,seed,2026-04-06,2026-04-11,2026-04-12,4636.44,2
878,1,3,received,seed,2026-04-06,2026-04-08,2026-04-08,1287.36,2
879,1,4,received,seed,2026-04-06,2026-04-13,2026-04-14,127.05,2
880,1,5,received,seed,2026-04-06,2026-04-13,2026-04-14,2316.71,2
881,1,6,received,seed,2026-04-06,2026-04-09,2026-04-10,1407.84,2
882,1,7,received,seed,2026-04-06,2026-04-08,2026-04-10,2071.19,2
883,1,8,received,seed,2026-04-06,2026-04-16,2026-04-20,10538.64,2
884,1,11,received,seed,2026-04-06,2026-04-13,2026-04-17,4788.00,2
885,1,12,received,seed,2026-04-06,2026-04-11,2026-04-11,2334.24,2
886,1,1,received,seed,2026-04-07,2026-04-17,2026-04-18,2078.88,2
887,1,2,received,seed,2026-04-07,2026-04-12,2026-04-12,17901.00,2
888,1,3,received,seed,2026-04-07,2026-04-09,2026-04-10,622.80,2
889,1,4,received,seed,2026-04-07,2026-04-14,2026-04-18,1531.88,2
890,1,5,received,seed,2026-04-07,2026-04-14,2026-04-14,4563.65,2
891,1,7,received,seed,2026-04-07,2026-04-09,2026-04-11,3011.10,2
892,1,8,received,seed,2026-04-07,2026-04-17,2026-04-18,1950.72,2
893,1,9,received,seed,2026-04-07,2026-04-17,2026-04-17,10423.01,2
894,1,10,received,seed,2026-04-07,2026-04-12,2026-04-16,1872.00,2
895,1,11,received,seed,2026-04-07,2026-04-14,2026-04-15,2809.42,2
896,1,1,received,seed,2026-04-08,2026-04-18,2026-04-17,804.60,2
897,1,2,received,seed,2026-04-08,2026-04-13,2026-04-15,18162.48,2
898,1,4,received,seed,2026-04-08,2026-04-15,2026-04-15,2232.84,2
899,1,5,received,seed,2026-04-08,2026-04-15,2026-04-16,2329.92,2
900,1,6,received,seed,2026-04-08,2026-04-11,2026-04-10,4223.72,2
901,1,7,received,seed,2026-04-08,2026-04-10,2026-04-14,5805.42,2
902,1,8,received,seed,2026-04-08,2026-04-18,2026-04-19,1876.23,2
903,1,9,received,seed,2026-04-08,2026-04-18,2026-04-20,2537.64,2
904,1,11,received,seed,2026-04-08,2026-04-15,2026-04-19,1981.56,2
905,1,12,received,seed,2026-04-08,2026-04-13,2026-04-13,443.55,2
906,1,1,received,seed,2026-04-09,2026-04-19,2026-04-18,450.96,2
907,1,3,received,seed,2026-04-09,2026-04-11,2026-04-10,653.76,2
908,1,4,received,seed,2026-04-09,2026-04-16,2026-04-16,12091.32,2
909,1,5,received,seed,2026-04-09,2026-04-16,2026-04-16,2380.92,2
910,1,7,received,seed,2026-04-09,2026-04-11,2026-04-11,1354.47,2
911,1,8,received,seed,2026-04-09,2026-04-19,2026-04-20,1263.36,2
912,1,9,received,seed,2026-04-09,2026-04-19,2026-04-21,4267.42,2
913,1,10,received,seed,2026-04-09,2026-04-14,2026-04-14,405.24,2
914,1,11,received,seed,2026-04-09,2026-04-16,2026-04-17,1658.43,2
915,1,12,received,seed,2026-04-09,2026-04-14,2026-04-15,106.38,2
916,1,1,received,seed,2026-04-10,2026-04-20,2026-04-22,2364.00,2
917,1,3,received,seed,2026-04-10,2026-04-12,2026-04-13,2309.40,2
918,1,4,received,seed,2026-04-10,2026-04-17,2026-04-19,9577.44,2
919,1,5,received,seed,2026-04-10,2026-04-17,2026-04-17,379.98,2
920,1,6,received,seed,2026-04-10,2026-04-13,2026-04-12,4668.56,2
921,1,7,received,seed,2026-04-10,2026-04-12,2026-04-14,4993.50,2
922,1,8,received,seed,2026-04-10,2026-04-20,2026-04-20,893.82,2
923,1,9,received,seed,2026-04-10,2026-04-20,2026-04-20,1221.92,2
924,1,11,received,seed,2026-04-10,2026-04-17,2026-04-19,6585.16,2
925,1,1,received,seed,2026-04-11,2026-04-21,2026-04-21,9202.26,2
926,1,2,received,seed,2026-04-11,2026-04-16,2026-04-15,8789.16,2
927,1,4,received,seed,2026-04-11,2026-04-18,2026-04-18,17002.39,2
928,1,5,received,seed,2026-04-11,2026-04-18,2026-04-18,3546.18,2
929,1,6,received,seed,2026-04-11,2026-04-14,2026-04-14,537.36,2
930,1,7,received,seed,2026-04-11,2026-04-13,2026-04-15,16811.82,2
931,1,9,received,seed,2026-04-11,2026-04-21,2026-04-22,3523.32,2
932,1,12,received,seed,2026-04-11,2026-04-16,2026-04-17,3386.70,2
933,1,1,received,seed,2026-04-12,2026-04-22,2026-04-26,1114.98,2
934,1,2,received,seed,2026-04-12,2026-04-17,2026-04-17,10576.08,2
935,1,3,received,seed,2026-04-12,2026-04-14,2026-04-15,4415.52,2
936,1,4,received,seed,2026-04-12,2026-04-19,2026-04-20,16466.37,2
937,1,5,received,seed,2026-04-12,2026-04-19,2026-04-21,3733.80,2
938,1,6,received,seed,2026-04-12,2026-04-15,2026-04-15,570.48,2
939,1,7,received,seed,2026-04-12,2026-04-14,2026-04-15,323.64,2
940,1,8,received,seed,2026-04-12,2026-04-22,2026-04-24,4523.04,2
941,1,9,received,seed,2026-04-12,2026-04-22,2026-04-22,1371.66,2
942,1,10,received,seed,2026-04-12,2026-04-17,2026-04-21,860.28,2
943,1,11,received,seed,2026-04-12,2026-04-19,2026-04-23,526.02,2
944,1,12,received,seed,2026-04-12,2026-04-17,2026-04-18,11458.14,2
945,1,1,received,seed,2026-04-13,2026-04-23,2026-04-23,838.74,2
946,1,4,received,seed,2026-04-13,2026-04-20,2026-04-20,14395.44,2
947,1,5,received,seed,2026-04-13,2026-04-20,2026-04-20,2523.84,2
948,1,6,received,seed,2026-04-13,2026-04-16,2026-04-15,3877.20,2
949,1,7,received,seed,2026-04-13,2026-04-15,2026-04-16,295.80,2
950,1,9,received,seed,2026-04-13,2026-04-23,2026-04-24,7832.16,2
951,1,11,received,seed,2026-04-13,2026-04-20,2026-04-20,1834.10,2
952,1,1,received,seed,2026-04-14,2026-04-24,2026-04-24,257.25,2
953,1,2,received,seed,2026-04-14,2026-04-19,2026-04-18,9728.04,2
954,1,4,received,seed,2026-04-14,2026-04-21,2026-04-21,94488.09,2
955,1,5,received,seed,2026-04-14,2026-04-21,2026-04-21,61.31,2
956,1,6,received,seed,2026-04-14,2026-04-17,2026-04-17,715.08,2
957,1,7,received,seed,2026-04-14,2026-04-16,2026-04-17,2577.20,2
958,1,9,received,seed,2026-04-14,2026-04-24,2026-04-26,9818.88,2
959,1,11,received,seed,2026-04-14,2026-04-21,2026-04-21,806.20,2
960,1,12,received,seed,2026-04-14,2026-04-19,2026-04-20,1294.44,2
961,1,1,received,seed,2026-04-15,2026-04-25,2026-04-26,325.20,2
962,1,2,received,seed,2026-04-15,2026-04-20,2026-04-21,22650.36,2
963,1,3,received,seed,2026-04-15,2026-04-17,2026-04-17,1501.02,2
964,1,4,received,seed,2026-04-15,2026-04-22,2026-04-23,4201.02,2
965,1,5,received,seed,2026-04-15,2026-04-22,2026-04-26,2673.84,2
966,1,6,received,seed,2026-04-15,2026-04-18,2026-04-20,5952.00,2
967,1,7,received,seed,2026-04-15,2026-04-17,2026-04-19,314.64,2
968,1,8,received,seed,2026-04-15,2026-04-25,2026-04-25,14004.96,2
969,1,9,received,seed,2026-04-15,2026-04-25,2026-04-25,5064.53,2
970,1,12,received,seed,2026-04-15,2026-04-20,2026-04-24,5713.32,2
971,1,1,received,seed,2026-04-16,2026-04-26,2026-04-25,1393.87,2
972,1,2,received,seed,2026-04-16,2026-04-21,2026-04-23,25084.80,2
973,1,3,received,seed,2026-04-16,2026-04-18,2026-04-18,2317.44,2
974,1,4,received,seed,2026-04-16,2026-04-23,2026-04-23,16413.24,2
975,1,5,received,seed,2026-04-16,2026-04-23,2026-04-24,10395.96,2
976,1,6,received,seed,2026-04-16,2026-04-19,2026-04-19,2097.56,2
977,1,7,received,seed,2026-04-16,2026-04-18,2026-04-22,3800.29,2
978,1,9,received,seed,2026-04-16,2026-04-26,2026-04-27,1230.30,2
979,1,11,received,seed,2026-04-16,2026-04-23,2026-04-24,1243.68,2
980,1,12,received,seed,2026-04-16,2026-04-21,2026-04-22,1932.96,2
981,1,1,received,seed,2026-04-17,2026-04-27,2026-04-27,5574.48,2
982,1,2,received,seed,2026-04-17,2026-04-22,2026-04-23,34380.68,2
983,1,4,received,seed,2026-04-17,2026-04-24,2026-04-28,12461.77,2
984,1,5,received,seed,2026-04-17,2026-04-24,2026-04-26,2001.90,2
985,1,6,received,seed,2026-04-17,2026-04-20,2026-04-24,5272.02,2
986,1,7,received,seed,2026-04-17,2026-04-19,2026-04-19,7465.17,2
987,1,9,received,seed,2026-04-17,2026-04-27,2026-04-29,252.50,2
988,1,10,received,seed,2026-04-17,2026-04-22,2026-04-22,956.52,2
989,1,11,received,seed,2026-04-17,2026-04-24,2026-04-24,509.20,2
990,1,12,received,seed,2026-04-17,2026-04-22,2026-04-23,3279.84,2
991,1,1,received,seed,2026-04-18,2026-04-28,2026-04-28,1120.68,2
992,1,2,received,seed,2026-04-18,2026-04-23,2026-04-27,41438.16,2
993,1,3,received,seed,2026-04-18,2026-04-20,2026-04-24,1078.80,2
994,1,5,received,seed,2026-04-18,2026-04-25,2026-04-25,1249.20,2
995,1,6,received,seed,2026-04-18,2026-04-21,2026-04-25,4261.74,2
996,1,7,received,seed,2026-04-18,2026-04-20,2026-04-20,6069.42,2
997,1,8,received,seed,2026-04-18,2026-04-28,2026-04-28,1526.04,2
998,1,9,received,seed,2026-04-18,2026-04-28,2026-04-28,3260.12,2
999,1,10,received,seed,2026-04-18,2026-04-23,2026-04-23,1008.00,2
1000,1,11,received,seed,2026-04-18,2026-04-25,2026-04-29,3236.16,2
1001,1,12,received,seed,2026-04-18,2026-04-23,2026-04-25,301.92,2
1002,1,1,received,seed,2026-04-19,2026-04-29,2026-04-30,3259.04,2
1003,1,2,received,seed,2026-04-19,2026-04-24,2026-04-24,6098.88,2
1004,1,3,received,seed,2026-04-19,2026-04-21,2026-04-22,3177.86,2
1005,1,4,received,seed,2026-04-19,2026-04-26,2026-04-26,12412.20,2
1006,1,5,received,seed,2026-04-19,2026-04-26,2026-04-30,3362.28,2
1007,1,7,received,seed,2026-04-19,2026-04-21,2026-04-22,7925.64,2
1008,1,9,received,seed,2026-04-19,2026-04-29,2026-04-29,1415.52,2
1009,1,10,received,seed,2026-04-19,2026-04-24,2026-04-23,251.84,2
1010,1,12,received,seed,2026-04-19,2026-04-24,2026-04-23,3535.92,2
1011,1,2,received,seed,2026-04-20,2026-04-25,2026-04-26,30385.32,2
1012,1,3,received,seed,2026-04-20,2026-04-22,2026-04-26,1520.16,2
1013,1,4,received,seed,2026-04-20,2026-04-27,2026-04-28,2498.88,2
1014,1,5,received,seed,2026-04-20,2026-04-27,2026-04-27,339.18,2
1015,1,7,received,seed,2026-04-20,2026-04-22,2026-04-22,2361.66,2
1016,1,8,received,seed,2026-04-20,2026-04-30,2026-05-02,2778.72,2
1017,1,10,received,seed,2026-04-20,2026-04-25,2026-04-29,678.24,2
1018,1,1,received,seed,2026-04-21,2026-05-01,2026-05-01,205.14,2
1019,1,3,received,seed,2026-04-21,2026-04-23,2026-04-27,2234.04,2
1020,1,4,received,seed,2026-04-21,2026-04-28,2026-05-02,12981.18,2
1021,1,5,received,seed,2026-04-21,2026-04-28,2026-04-28,2017.35,2
1022,1,8,received,seed,2026-04-21,2026-05-01,2026-05-01,2314.95,2
1023,1,9,received,seed,2026-04-21,2026-05-01,2026-05-01,6900.41,2
1024,1,10,received,seed,2026-04-21,2026-04-26,2026-04-25,2028.48,2
1025,1,12,received,seed,2026-04-21,2026-04-26,2026-04-27,1080.90,2
1026,1,2,received,seed,2026-04-22,2026-04-27,2026-05-01,38685.54,2
1027,1,4,received,seed,2026-04-22,2026-04-29,2026-04-29,1731.42,2
1028,1,5,received,seed,2026-04-22,2026-04-29,2026-04-30,2629.51,2
1029,1,6,received,seed,2026-04-22,2026-04-25,2026-04-26,941.28,2
1030,1,7,received,seed,2026-04-22,2026-04-24,2026-04-24,2469.12,2
1031,1,8,received,seed,2026-04-22,2026-05-02,2026-05-02,1660.08,2
1032,1,9,received,seed,2026-04-22,2026-05-02,2026-05-02,936.36,2
1033,1,10,received,seed,2026-04-22,2026-04-27,2026-04-26,72.47,2
1034,1,11,received,seed,2026-04-22,2026-04-29,2026-04-29,1233.60,2
1035,1,1,received,seed,2026-04-23,2026-05-03,2026-05-04,1671.60,2
1036,1,2,received,seed,2026-04-23,2026-04-28,2026-05-02,17901.00,2
1037,1,3,received,seed,2026-04-23,2026-04-25,2026-04-25,3405.00,2
1038,1,4,received,seed,2026-04-23,2026-04-30,2026-04-30,5195.76,2
1039,1,5,received,seed,2026-04-23,2026-04-30,2026-04-29,2466.48,2
1040,1,6,received,seed,2026-04-23,2026-04-26,2026-04-28,959.76,2
1041,1,7,received,seed,2026-04-23,2026-04-25,2026-04-24,16720.91,2
1042,1,8,received,seed,2026-04-23,2026-05-03,2026-05-02,480.30,2
1043,1,9,received,seed,2026-04-23,2026-05-03,2026-05-05,4243.26,2
1044,1,11,received,seed,2026-04-23,2026-04-30,2026-05-01,4605.02,2
1045,1,12,received,seed,2026-04-23,2026-04-28,2026-04-29,1033.92,2
1046,1,1,received,seed,2026-04-24,2026-05-04,2026-05-06,4165.77,2
1047,1,2,received,seed,2026-04-24,2026-04-29,2026-05-01,5707.44,2
1048,1,4,received,seed,2026-04-24,2026-05-01,2026-04-30,1029.38,2
1049,1,5,received,seed,2026-04-24,2026-05-01,2026-05-01,872.88,2
1050,1,8,received,seed,2026-04-24,2026-05-04,2026-05-04,1189.44,2
1051,1,9,received,seed,2026-04-24,2026-05-04,2026-05-04,411.06,2
1052,1,11,received,seed,2026-04-24,2026-05-01,2026-05-01,2416.92,2
1053,1,1,received,seed,2026-04-25,2026-05-05,2026-05-07,7804.51,2
1054,1,3,received,seed,2026-04-25,2026-04-27,2026-04-27,1291.47,2
1055,1,4,received,seed,2026-04-25,2026-05-02,2026-05-02,5994.51,2
1056,1,5,received,seed,2026-04-25,2026-05-02,2026-05-06,2885.94,2
1057,1,6,received,seed,2026-04-25,2026-04-28,2026-04-30,2961.40,2
1058,1,7,received,seed,2026-04-25,2026-04-27,2026-04-29,5142.48,2
1059,1,8,received,seed,2026-04-25,2026-05-05,2026-05-07,3180.72,2
1060,1,9,received,seed,2026-04-25,2026-05-05,2026-05-09,4361.37,2
1061,1,10,received,seed,2026-04-25,2026-04-30,2026-04-30,2880.72,2
1062,1,11,received,seed,2026-04-25,2026-05-02,2026-05-03,8252.64,2
1063,1,12,received,seed,2026-04-25,2026-04-30,2026-04-30,2082.12,2
1064,1,1,received,seed,2026-04-26,2026-05-06,2026-05-10,699.84,2
1065,1,2,received,seed,2026-04-26,2026-05-01,2026-05-05,5227.20,2
1066,1,3,received,seed,2026-04-26,2026-04-28,2026-04-30,4019.04,2
1067,1,4,received,seed,2026-04-26,2026-05-03,2026-05-03,2554.68,2
1068,1,5,received,seed,2026-04-26,2026-05-03,2026-05-02,93.42,2
1069,1,6,received,seed,2026-04-26,2026-04-29,2026-05-03,2484.24,2
1070,1,7,received,seed,2026-04-26,2026-04-28,2026-04-28,1811.97,2
1071,1,8,received,seed,2026-04-26,2026-05-06,2026-05-06,4928.09,2
1072,1,9,received,seed,2026-04-26,2026-05-06,2026-05-06,6285.12,2
1073,1,10,received,seed,2026-04-26,2026-05-01,2026-05-02,72.47,2
1074,1,11,received,seed,2026-04-26,2026-05-03,2026-05-04,4126.56,2
1075,1,12,received,seed,2026-04-26,2026-05-01,2026-05-02,4577.82,2
1076,1,3,received,seed,2026-04-27,2026-04-29,2026-04-28,3475.08,2
1077,1,4,received,seed,2026-04-27,2026-05-04,2026-05-05,21623.76,2
1078,1,5,received,seed,2026-04-27,2026-05-04,2026-05-04,315.29,2
1079,1,6,received,seed,2026-04-27,2026-04-30,2026-05-01,1542.46,2
1080,1,7,received,seed,2026-04-27,2026-04-29,2026-04-29,799.14,2
1081,1,8,received,seed,2026-04-27,2026-05-07,2026-05-08,9567.72,2
1082,1,9,received,seed,2026-04-27,2026-05-07,2026-05-06,3462.72,2
1083,1,11,received,seed,2026-04-27,2026-05-04,2026-05-06,1624.68,2
1084,1,12,received,seed,2026-04-27,2026-05-02,2026-05-04,4976.70,2
1085,1,1,received,seed,2026-04-28,2026-05-08,2026-05-08,952.32,2
1086,1,3,received,seed,2026-04-28,2026-04-30,2026-04-30,830.82,2
1087,1,4,received,seed,2026-04-28,2026-05-05,2026-05-06,339.60,2
1088,1,5,received,seed,2026-04-28,2026-05-05,2026-05-09,2865.60,2
1089,1,7,received,seed,2026-04-28,2026-04-30,2026-04-29,474.48,2
1090,1,8,received,seed,2026-04-28,2026-05-08,2026-05-10,1950.72,2
1091,1,9,received,seed,2026-04-28,2026-05-08,2026-05-08,424.32,2
1092,1,10,received,seed,2026-04-28,2026-05-03,2026-05-03,104.82,2
1093,1,11,received,seed,2026-04-28,2026-05-05,2026-05-06,4066.20,2
1094,1,1,received,seed,2026-04-29,2026-05-09,2026-05-09,4480.62,2
1095,1,2,received,seed,2026-04-29,2026-05-04,2026-05-03,49130.16,2
1096,1,4,received,seed,2026-04-29,2026-05-06,2026-05-06,16166.73,2
1097,1,5,received,seed,2026-04-29,2026-05-06,2026-05-07,61.31,2
1098,1,7,received,seed,2026-04-29,2026-05-01,2026-04-30,4608.63,2
1099,1,9,received,seed,2026-04-29,2026-05-09,2026-05-10,5361.36,2
1100,1,10,received,seed,2026-04-29,2026-05-04,2026-05-08,956.52,2
1101,1,11,received,seed,2026-04-29,2026-05-06,2026-05-06,1693.88,2
1102,1,12,received,seed,2026-04-29,2026-05-04,2026-05-05,2146.98,2
1103,1,1,received,seed,2026-04-30,2026-05-10,2026-05-10,873.12,2
1104,1,2,received,seed,2026-04-30,2026-05-05,2026-05-06,14607.72,2
1105,1,3,received,seed,2026-04-30,2026-05-02,2026-05-06,5358.36,2
1106,1,4,received,seed,2026-04-30,2026-05-07,2026-05-08,2502.54,2
1107,1,5,received,seed,2026-04-30,2026-05-07,2026-05-11,3464.70,2
1108,1,6,received,seed,2026-04-30,2026-05-03,2026-05-04,1666.28,2
1109,1,7,received,seed,2026-04-30,2026-05-02,2026-05-03,5628.24,2
1110,1,9,received,seed,2026-04-30,2026-05-10,2026-05-12,2799.76,2
1111,1,11,received,seed,2026-04-30,2026-05-07,2026-05-11,593.64,2
1112,1,12,received,seed,2026-04-30,2026-05-05,2026-05-09,5259.96,2
1113,1,1,received,seed,2026-05-01,2026-05-11,2026-05-13,312.36,2
1114,1,2,received,seed,2026-05-01,2026-05-06,2026-05-06,9600.12,2
1115,1,4,received,seed,2026-05-01,2026-05-08,2026-05-07,1972.52,2
1116,1,5,received,seed,2026-05-01,2026-05-08,2026-05-12,913.32,2
1117,1,6,received,seed,2026-05-01,2026-05-04,2026-05-06,868.20,2
1118,1,7,received,seed,2026-05-01,2026-05-03,2026-05-02,2139.24,2
1119,1,8,received,seed,2026-05-01,2026-05-11,2026-05-15,4306.56,2
1120,1,9,received,seed,2026-05-01,2026-05-11,2026-05-12,2701.70,2
1121,1,10,received,seed,2026-05-01,2026-05-06,2026-05-06,860.28,2
1122,1,11,received,seed,2026-05-01,2026-05-08,2026-05-09,2350.02,2
1123,1,1,received,seed,2026-05-02,2026-05-12,2026-05-12,1956.68,2
1124,1,2,received,seed,2026-05-02,2026-05-07,2026-05-08,19742.40,2
1125,1,3,received,seed,2026-05-02,2026-05-04,2026-05-05,1426.80,2
1126,1,4,received,seed,2026-05-02,2026-05-09,2026-05-08,4747.32,2
1127,1,5,received,seed,2026-05-02,2026-05-09,2026-05-08,8250.96,2
1128,1,7,received,seed,2026-05-02,2026-05-04,2026-05-04,8147.54,2
1129,1,8,received,seed,2026-05-02,2026-05-12,2026-05-13,10538.64,2
1130,1,9,received,seed,2026-05-02,2026-05-12,2026-05-12,11148.48,2
1131,1,10,received,seed,2026-05-02,2026-05-07,2026-05-11,1257.84,2
1132,1,11,received,seed,2026-05-02,2026-05-09,2026-05-09,2108.90,2
1133,1,1,received,seed,2026-05-03,2026-05-13,2026-05-14,205.14,2
1134,1,2,received,seed,2026-05-03,2026-05-08,2026-05-09,5582.40,2
1135,1,3,received,seed,2026-05-03,2026-05-05,2026-05-07,566.64,2
1136,1,4,received,seed,2026-05-03,2026-05-10,2026-05-10,3981.66,2
1137,1,5,received,seed,2026-05-03,2026-05-10,2026-05-10,1787.16,2
1138,1,6,received,seed,2026-05-03,2026-05-06,2026-05-06,4346.70,2
1139,1,7,received,seed,2026-05-03,2026-05-05,2026-05-05,4146.11,2
1140,1,8,received,seed,2026-05-03,2026-05-13,2026-05-13,6341.76,2
1141,1,9,received,seed,2026-05-03,2026-05-13,2026-05-15,721.16,2
1142,1,10,received,seed,2026-05-03,2026-05-08,2026-05-08,4383.26,2
1143,1,12,received,seed,2026-05-03,2026-05-08,2026-05-08,2667.24,2
1144,1,2,received,seed,2026-05-04,2026-05-09,2026-05-09,5845.16,2
1145,1,5,received,seed,2026-05-04,2026-05-11,2026-05-12,2107.44,2
1146,1,6,received,seed,2026-05-04,2026-05-07,2026-05-09,5952.00,2
1147,1,10,received,seed,2026-05-04,2026-05-09,2026-05-10,1504.56,2
1148,1,12,received,seed,2026-05-04,2026-05-09,2026-05-13,729.12,2
1149,1,1,received,seed,2026-05-05,2026-05-15,2026-05-15,3167.04,2
1150,1,2,received,seed,2026-05-05,2026-05-10,2026-05-10,24207.00,2
1151,1,4,received,seed,2026-05-05,2026-05-12,2026-05-11,16079.73,2
1152,1,5,received,seed,2026-05-05,2026-05-12,2026-05-12,946.44,2
1153,1,7,received,seed,2026-05-05,2026-05-07,2026-05-06,5731.02,2
1154,1,8,received,seed,2026-05-05,2026-05-15,2026-05-19,1743.66,2
1155,1,11,received,seed,2026-05-05,2026-05-12,2026-05-12,3168.88,2
1156,1,12,received,seed,2026-05-05,2026-05-10,2026-05-09,1070.16,2
1157,1,1,received,seed,2026-05-06,2026-05-16,2026-05-16,3398.85,2
1158,1,2,received,seed,2026-05-06,2026-05-11,2026-05-12,10576.08,2
1159,1,3,received,seed,2026-05-06,2026-05-08,2026-05-08,1683.84,2
1160,1,4,received,seed,2026-05-06,2026-05-13,2026-05-13,11861.70,2
1161,1,5,received,seed,2026-05-06,2026-05-13,2026-05-14,2481.84,2
1162,1,6,received,seed,2026-05-06,2026-05-09,2026-05-09,3022.92,2
1163,1,7,received,seed,2026-05-06,2026-05-08,2026-05-09,314.64,2
1164,1,9,received,seed,2026-05-06,2026-05-16,2026-05-17,3275.50,2
1165,1,10,received,seed,2026-05-06,2026-05-11,2026-05-13,93.44,2
1166,1,11,received,seed,2026-05-06,2026-05-13,2026-05-12,4219.12,2
1167,1,12,received,seed,2026-05-06,2026-05-11,2026-05-11,2082.12,2
1168,1,1,received,seed,2026-05-07,2026-05-17,2026-05-18,1536.49,2
1169,1,4,received,seed,2026-05-07,2026-05-14,2026-05-14,4375.08,2
1170,1,5,received,seed,2026-05-07,2026-05-14,2026-05-13,6440.95,2
1171,1,6,received,seed,2026-05-07,2026-05-10,2026-05-09,4588.96,2
1172,1,7,received,seed,2026-05-07,2026-05-09,2026-05-10,7440.75,2
1173,1,8,received,seed,2026-05-07,2026-05-17,2026-05-18,6144.00,2
1174,1,9,received,seed,2026-05-07,2026-05-17,2026-05-19,354.60,2
1175,1,10,received,seed,2026-05-07,2026-05-12,2026-05-13,177.29,2
1176,1,11,received,seed,2026-05-07,2026-05-14,2026-05-15,1947.36,2
1177,1,12,received,seed,2026-05-07,2026-05-12,2026-05-16,1808.70,2
1178,1,3,received,seed,2026-05-08,2026-05-10,2026-05-10,351.75,2
1179,1,4,received,seed,2026-05-08,2026-05-15,2026-05-16,86573.88,2
1180,1,5,received,seed,2026-05-08,2026-05-15,2026-05-15,2175.60,2
1181,1,6,received,seed,2026-05-08,2026-05-11,2026-05-11,4504.14,2
1182,1,7,received,seed,2026-05-08,2026-05-10,2026-05-11,4981.53,2
1183,1,8,received,seed,2026-05-08,2026-05-18,2026-05-20,6829.44,2
1184,1,9,received,seed,2026-05-08,2026-05-18,2026-05-22,2052.48,2
1185,1,10,received,seed,2026-05-08,2026-05-13,2026-05-13,1872.00,2
1186,1,11,received,seed,2026-05-08,2026-05-15,2026-05-15,979.12,2
1187,1,12,received,seed,2026-05-08,2026-05-13,2026-05-13,34.54,2
1188,1,1,received,seed,2026-05-09,2026-05-19,2026-05-19,693.00,2
1189,1,3,received,seed,2026-05-09,2026-05-11,2026-05-11,4285.46,2
1190,1,4,received,seed,2026-05-09,2026-05-16,2026-05-16,8714.85,2
1191,1,5,received,seed,2026-05-09,2026-05-16,2026-05-16,1692.83,2
1192,1,7,received,seed,2026-05-09,2026-05-11,2026-05-12,11984.10,2
1193,1,8,received,seed,2026-05-09,2026-05-19,2026-05-19,1876.23,2
1194,1,9,received,seed,2026-05-09,2026-05-19,2026-05-20,6067.50,2
1195,1,11,received,seed,2026-05-09,2026-05-16,2026-05-17,2563.20,2
1196,1,12,received,seed,2026-05-09,2026-05-14,2026-05-14,32.77,2
1197,1,1,received,seed,2026-05-10,2026-05-20,2026-05-24,7546.32,2
1198,1,2,received,seed,2026-05-10,2026-05-15,2026-05-16,50706.36,2
1199,1,3,received,seed,2026-05-10,2026-05-12,2026-05-13,1411.92,2
1200,1,5,received,seed,2026-05-10,2026-05-17,2026-05-21,1704.28,2
1201,1,6,received,seed,2026-05-10,2026-05-13,2026-05-14,1828.50,2
1202,1,7,received,seed,2026-05-10,2026-05-12,2026-05-13,1688.96,2
1203,1,9,received,seed,2026-05-10,2026-05-20,2026-05-24,5718.00,2
1204,1,10,received,seed,2026-05-10,2026-05-15,2026-05-15,2880.72,2
1205,1,12,received,seed,2026-05-10,2026-05-15,2026-05-19,690.48,2
1206,1,1,received,seed,2026-05-11,2026-05-21,2026-05-21,5391.36,2
1207,1,2,received,seed,2026-05-11,2026-05-16,2026-05-16,26250.24,2
1208,1,3,received,seed,2026-05-11,2026-05-13,2026-05-12,2731.68,2
1209,1,4,received,seed,2026-05-11,2026-05-18,2026-05-18,4468.21,2
1210,1,5,received,seed,2026-05-11,2026-05-18,2026-05-19,726.48,2
1211,1,6,received,seed,2026-05-11,2026-05-14,2026-05-15,277.52,2
1212,1,7,received,seed,2026-05-11,2026-05-13,2026-05-17,4600.20,2
1213,1,9,received,seed,2026-05-11,2026-05-21,2026-05-25,3841.92,2
1214,1,10,received,seed,2026-05-11,2026-05-16,2026-05-20,1155.02,2
1215,1,11,received,seed,2026-05-11,2026-05-18,2026-05-18,3619.68,2
1216,1,1,received,seed,2026-05-12,2026-05-22,2026-05-24,1220.64,2
1217,1,2,received,seed,2026-05-12,2026-05-17,2026-05-19,14502.36,2
1218,1,3,received,seed,2026-05-12,2026-05-14,2026-05-16,203.34,2
1219,1,5,received,seed,2026-05-12,2026-05-19,2026-05-23,2018.52,2
1220,1,6,received,seed,2026-05-12,2026-05-15,2026-05-14,1559.70,2
1221,1,7,received,seed,2026-05-12,2026-05-14,2026-05-14,2949.94,2
1222,1,8,received,seed,2026-05-12,2026-05-22,2026-05-22,893.82,2
1223,1,9,received,seed,2026-05-12,2026-05-22,2026-05-23,252.50,2
1224,1,10,received,seed,2026-05-12,2026-05-17,2026-05-18,4722.96,2
1225,1,11,received,seed,2026-05-12,2026-05-19,2026-05-18,2919.60,2
1226,1,12,received,seed,2026-05-12,2026-05-17,2026-05-18,2640.24,2
1227,1,1,received,seed,2026-05-13,2026-05-23,2026-05-23,607.32,2
1228,1,3,received,seed,2026-05-13,2026-05-15,2026-05-19,750.00,2
1229,1,4,received,seed,2026-05-13,2026-05-20,2026-05-20,12114.12,2
1230,1,5,received,seed,2026-05-13,2026-05-20,2026-05-20,93.42,2
1231,1,7,received,seed,2026-05-13,2026-05-15,2026-05-16,9409.20,2
1232,1,8,received,seed,2026-05-13,2026-05-23,2026-05-24,14004.96,2
1233,1,9,received,seed,2026-05-13,2026-05-23,2026-05-23,1230.30,2
1234,1,10,received,seed,2026-05-13,2026-05-18,2026-05-18,1848.72,2
1235,1,11,received,seed,2026-05-13,2026-05-20,2026-05-24,371.31,2
1236,1,12,received,seed,2026-05-13,2026-05-18,2026-05-19,1304.58,2
1237,1,1,received,seed,2026-05-14,2026-05-24,2026-05-28,1614.12,2
1238,1,4,received,seed,2026-05-14,2026-05-21,2026-05-21,3200.78,2
1239,1,5,received,seed,2026-05-14,2026-05-21,2026-05-21,2486.22,2
1240,1,6,received,seed,2026-05-14,2026-05-17,2026-05-17,941.28,2
1241,1,7,received,seed,2026-05-14,2026-05-16,2026-05-18,603.51,2
1242,1,9,received,seed,2026-05-14,2026-05-24,2026-05-23,5529.48,2
1243,1,10,received,seed,2026-05-14,2026-05-19,2026-05-21,104.82,2
1244,1,11,received,seed,2026-05-14,2026-05-21,2026-05-21,4632.96,2
1245,1,1,received,seed,2026-05-15,2026-05-25,2026-05-27,3340.26,2
1246,1,3,received,seed,2026-05-15,2026-05-17,2026-05-16,3942.00,2
1247,1,4,received,seed,2026-05-15,2026-05-22,2026-05-24,2718.48,2
1248,1,5,received,seed,2026-05-15,2026-05-22,2026-05-22,941.40,2
1249,1,6,received,seed,2026-05-15,2026-05-18,2026-05-22,1264.80,2
1250,1,8,received,seed,2026-05-15,2026-05-25,2026-05-25,1660.08,2
1251,1,10,received,seed,2026-05-15,2026-05-20,2026-05-20,405.24,2
1252,1,12,received,seed,2026-05-15,2026-05-20,2026-05-24,2558.58,2
1253,1,1,received,seed,2026-05-16,2026-05-26,2026-05-25,1795.88,2
1254,1,2,received,seed,2026-05-16,2026-05-21,2026-05-22,31572.24,2
1255,1,3,received,seed,2026-05-16,2026-05-18,2026-05-18,548.94,2
1256,1,5,received,seed,2026-05-16,2026-05-23,2026-05-23,2030.40,2
1257,1,6,received,seed,2026-05-16,2026-05-19,2026-05-19,280.80,2
1258,1,7,received,seed,2026-05-16,2026-05-18,2026-05-20,2917.50,2
1259,1,8,received,seed,2026-05-16,2026-05-26,2026-05-27,9953.16,2
1260,1,11,received,seed,2026-05-16,2026-05-23,2026-05-22,3602.64,2
1261,1,12,received,seed,2026-05-16,2026-05-21,2026-05-20,8128.80,2
1262,1,1,received,seed,2026-05-17,2026-05-27,2026-05-27,1325.76,2
1263,1,2,received,seed,2026-05-17,2026-05-22,2026-05-21,30072.74,2
1264,1,3,received,seed,2026-05-17,2026-05-19,2026-05-19,2184.72,2
1265,1,4,received,seed,2026-05-17,2026-05-24,2026-05-25,11368.89,2
1266,1,5,received,seed,2026-05-17,2026-05-24,2026-05-24,5368.98,2
1267,1,6,received,seed,2026-05-17,2026-05-20,2026-05-20,1666.28,2
1268,1,7,received,seed,2026-05-17,2026-05-19,2026-05-20,2765.85,2
1269,1,8,received,seed,2026-05-17,2026-05-27,2026-05-27,770.76,2
1270,1,9,received,seed,2026-05-17,2026-05-27,2026-05-31,6184.50,2
1271,1,10,received,seed,2026-05-17,2026-05-22,2026-05-22,1610.99,2
1272,1,11,received,seed,2026-05-17,2026-05-24,2026-05-25,2157.52,2
1273,1,12,received,seed,2026-05-17,2026-05-22,2026-05-22,11750.58,2
1274,1,1,received,seed,2026-05-18,2026-05-28,2026-05-29,49.15,2
1275,1,2,received,seed,2026-05-18,2026-05-23,2026-05-24,15429.36,2
1276,1,4,received,seed,2026-05-18,2026-05-25,2026-05-29,9836.16,2
1277,1,5,received,seed,2026-05-18,2026-05-25,2026-05-25,293.64,2
1278,1,6,received,seed,2026-05-18,2026-05-21,2026-05-21,3531.88,2
1279,1,7,received,seed,2026-05-18,2026-05-20,2026-05-19,2554.85,2
1280,1,8,received,seed,2026-05-18,2026-05-28,2026-05-28,2704.19,2
1281,1,9,received,seed,2026-05-18,2026-05-28,2026-05-27,2183.04,2
1282,1,11,received,seed,2026-05-18,2026-05-25,2026-05-27,4707.96,2
1283,1,1,received,seed,2026-05-19,2026-05-29,2026-05-28,1095.99,2
1284,1,4,received,seed,2026-05-19,2026-05-26,2026-05-30,14328.96,2
1285,1,5,received,seed,2026-05-19,2026-05-26,2026-05-26,1558.86,2
1286,1,6,received,seed,2026-05-19,2026-05-22,2026-05-23,5952.00,2
1287,1,7,received,seed,2026-05-19,2026-05-21,2026-05-22,16735.32,2
1288,1,9,received,seed,2026-05-19,2026-05-29,2026-05-29,3923.88,2
1289,1,11,received,seed,2026-05-19,2026-05-26,2026-05-27,3615.06,2
1290,1,1,received,seed,2026-05-20,2026-05-30,2026-05-31,450.96,2
1291,1,2,received,seed,2026-05-20,2026-05-25,2026-05-26,31550.28,2
1292,1,4,received,seed,2026-05-20,2026-05-27,2026-05-26,17273.31,2
1293,1,6,received,seed,2026-05-20,2026-05-23,2026-05-23,7008.96,2
1294,1,7,received,seed,2026-05-20,2026-05-22,2026-05-24,6235.92,2
1295,1,9,received,seed,2026-05-20,2026-05-30,2026-06-03,3602.89,2
1296,1,11,received,seed,2026-05-20,2026-05-27,2026-05-26,1306.74,2
1297,1,12,received,seed,2026-05-20,2026-05-25,2026-05-29,166.12,2
1298,1,2,received,seed,2026-05-21,2026-05-26,2026-05-25,42257.52,2
1299,1,3,received,seed,2026-05-21,2026-05-23,2026-05-22,3664.92,2
1300,1,5,received,seed,2026-05-21,2026-05-28,2026-05-28,884.16,2
1301,1,6,received,seed,2026-05-21,2026-05-24,2026-05-26,76.64,2
1302,1,7,received,seed,2026-05-21,2026-05-23,2026-05-23,2688.50,2
1303,1,9,received,seed,2026-05-21,2026-05-31,2026-05-31,2348.64,2
1304,1,11,received,seed,2026-05-21,2026-05-28,2026-05-29,1287.12,2
1305,1,12,received,seed,2026-05-21,2026-05-26,2026-05-28,2364.60,2
1306,1,1,received,seed,2026-05-22,2026-06-01,2026-06-01,2780.88,2
1307,1,2,received,seed,2026-05-22,2026-05-27,2026-05-27,8378.16,2
1308,1,3,received,seed,2026-05-22,2026-05-24,2026-05-25,2289.63,2
1309,1,5,received,seed,2026-05-22,2026-05-29,2026-05-30,3732.60,2
1310,1,6,received,seed,2026-05-22,2026-05-25,2026-05-29,1624.32,2
1311,1,7,received,seed,2026-05-22,2026-05-24,2026-05-24,6157.86,2
1312,1,8,received,seed,2026-05-22,2026-06-01,2026-06-02,745.56,2
1313,1,9,received,seed,2026-05-22,2026-06-01,2026-06-01,11035.12,2
1314,1,10,received,seed,2026-05-22,2026-05-27,2026-05-27,72.47,2
1315,1,11,received,seed,2026-05-22,2026-05-29,2026-05-28,2767.14,2
1316,1,12,received,seed,2026-05-22,2026-05-27,2026-05-29,393.06,2
1317,1,1,received,seed,2026-05-23,2026-06-02,2026-06-02,6091.20,2
1318,1,3,received,seed,2026-05-23,2026-05-25,2026-05-29,1078.80,2
1319,1,4,received,seed,2026-05-23,2026-05-30,2026-05-31,1131.80,2
1320,1,5,received,seed,2026-05-23,2026-05-30,2026-05-31,7255.01,2
1321,1,7,received,seed,2026-05-23,2026-05-25,2026-05-26,12223.86,2
1322,1,8,received,seed,2026-05-23,2026-06-02,2026-06-02,3081.90,2
1323,1,9,received,seed,2026-05-23,2026-06-02,2026-06-03,1924.28,2
1324,1,11,received,seed,2026-05-23,2026-05-30,2026-05-29,2125.36,2
1325,1,12,received,seed,2026-05-23,2026-05-28,2026-05-28,3035.38,2
1326,1,1,received,seed,2026-05-24,2026-06-03,2026-06-02,543.48,2
1327,1,3,received,seed,2026-05-24,2026-05-26,2026-05-26,3061.94,2
1328,1,4,received,seed,2026-05-24,2026-05-31,2026-05-31,11874.66,2
1329,1,5,received,seed,2026-05-24,2026-05-31,2026-06-02,2694.11,2
1330,1,6,received,seed,2026-05-24,2026-05-27,2026-05-29,10706.64,2
1331,1,7,received,seed,2026-05-24,2026-05-26,2026-05-27,5139.93,2
1332,1,8,received,seed,2026-05-24,2026-06-03,2026-06-04,2114.34,2
1333,1,9,received,seed,2026-05-24,2026-06-03,2026-06-04,3508.37,2
1334,1,11,received,seed,2026-05-24,2026-05-31,2026-05-31,1052.16,2
1335,1,12,received,seed,2026-05-24,2026-05-29,2026-05-30,1808.70,2
1336,1,1,received,seed,2026-05-25,2026-06-04,2026-06-03,1884.00,2
1337,1,2,received,seed,2026-05-25,2026-05-30,2026-05-29,12548.34,2
1338,1,3,received,seed,2026-05-25,2026-05-27,2026-05-27,5338.20,2
1339,1,4,received,seed,2026-05-25,2026-06-01,2026-06-05,11138.64,2
1340,1,5,received,seed,2026-05-25,2026-06-01,2026-06-02,6661.50,2
1341,1,6,received,seed,2026-05-25,2026-05-28,2026-05-27,1731.56,2
1342,1,7,received,seed,2026-05-25,2026-05-27,2026-05-31,3505.41,2
1343,1,8,received,seed,2026-05-25,2026-06-04,2026-06-04,7930.80,2
1344,1,9,received,seed,2026-05-25,2026-06-04,2026-06-03,547.08,2
1345,1,10,received,seed,2026-05-25,2026-05-30,2026-05-31,2880.72,2
1346,1,11,received,seed,2026-05-25,2026-06-01,2026-06-01,1237.56,2
1347,1,1,received,seed,2026-05-26,2026-06-05,2026-06-04,620.16,2
1348,1,2,received,seed,2026-05-26,2026-05-31,2026-05-31,12474.24,2
1349,1,3,received,seed,2026-05-26,2026-05-28,2026-05-29,653.76,2
1350,1,4,received,seed,2026-05-26,2026-06-02,2026-06-02,6677.76,2
1351,1,5,received,seed,2026-05-26,2026-06-02,2026-06-06,2030.40,2
1352,1,7,received,seed,2026-05-26,2026-05-28,2026-05-28,5082.54,2
1353,1,8,received,seed,2026-05-26,2026-06-05,2026-06-05,3165.36,2
1354,1,9,received,seed,2026-05-26,2026-06-05,2026-06-05,3700.32,2
1355,1,11,received,seed,2026-05-26,2026-06-02,2026-06-02,2013.60,2
1356,1,1,received,seed,2026-05-27,2026-06-06,2026-06-06,2364.00,2
1357,1,4,received,seed,2026-05-27,2026-06-03,2026-06-04,6471.67,2
1358,1,5,received,seed,2026-05-27,2026-06-03,2026-06-03,2567.04,2
1359,1,6,received,seed,2026-05-27,2026-05-30,2026-05-30,286.04,2
1360,1,7,received,seed,2026-05-27,2026-05-29,2026-05-30,413.76,2
1361,1,8,received,seed,2026-05-27,2026-06-06,2026-06-07,12414.87,2
1362,1,9,received,seed,2026-05-27,2026-06-06,2026-06-10,4244.84,2
1363,1,10,received,seed,2026-05-27,2026-06-01,2026-06-01,411.42,2
1364,1,11,received,seed,2026-05-27,2026-06-03,2026-06-03,1179.36,2
1365,1,12,received,seed,2026-05-27,2026-06-01,2026-06-05,3273.24,2
1366,1,1,received,seed,2026-05-28,2026-06-07,2026-06-11,2078.88,2
1367,1,2,received,seed,2026-05-28,2026-06-02,2026-06-02,10445.04,2
1368,1,4,received,seed,2026-05-28,2026-06-04,2026-06-04,1158.00,2
1369,1,5,received,seed,2026-05-28,2026-06-04,2026-06-04,1768.92,2
1370,1,6,received,seed,2026-05-28,2026-05-31,2026-06-01,4337.92,2
1371,1,7,received,seed,2026-05-28,2026-05-30,2026-05-29,127.92,2
1372,1,9,received,seed,2026-05-28,2026-06-07,2026-06-09,894.60,2
1373,1,10,received,seed,2026-05-28,2026-06-02,2026-06-06,1257.84,2
1374,1,11,received,seed,2026-05-28,2026-06-04,2026-06-03,4227.41,2
1375,1,1,received,seed,2026-05-29,2026-06-08,2026-06-08,836.74,2
1376,1,2,received,seed,2026-05-29,2026-06-03,2026-06-02,47364.48,2
1377,1,3,received,seed,2026-05-29,2026-05-31,2026-05-31,5714.88,2
1378,1,4,received,seed,2026-05-29,2026-06-05,2026-06-09,90175.94,2
1379,1,5,received,seed,2026-05-29,2026-06-05,2026-06-09,1415.16,2
1380,1,6,received,seed,2026-05-29,2026-06-01,2026-06-01,204.32,2
1381,1,7,received,seed,2026-05-29,2026-05-31,2026-06-01,5026.82,2
1382,1,8,received,seed,2026-05-29,2026-06-08,2026-06-07,7301.76,2
1383,1,9,received,seed,2026-05-29,2026-06-08,2026-06-12,9518.22,2
1384,1,10,received,seed,2026-05-29,2026-06-03,2026-06-05,93.44,2
1385,1,12,received,seed,2026-05-29,2026-06-03,2026-06-03,130.37,2
1386,1,1,received,seed,2026-05-30,2026-06-09,2026-06-10,2757.60,2
1387,1,2,received,seed,2026-05-30,2026-06-04,2026-06-06,5227.20,2
1388,1,4,received,seed,2026-05-30,2026-06-06,2026-06-07,18462.97,2
1389,1,7,received,seed,2026-05-30,2026-06-01,2026-06-02,6313.63,2
1390,1,8,received,seed,2026-05-30,2026-06-09,2026-06-10,4685.88,2
1391,1,9,received,seed,2026-05-30,2026-06-09,2026-06-08,878.28,2
1392,1,10,received,seed,2026-05-30,2026-06-04,2026-06-06,2028.48,2
1393,1,11,received,seed,2026-05-30,2026-06-06,2026-06-05,4287.20,2
1394,1,12,received,seed,2026-05-30,2026-06-04,2026-06-05,905.22,2
1395,1,1,received,seed,2026-05-31,2026-06-10,2026-06-10,2551.68,2
1396,1,2,received,seed,2026-05-31,2026-06-05,2026-06-09,20664.12,2
1397,1,3,received,seed,2026-05-31,2026-06-02,2026-06-03,1861.08,2
1398,1,4,received,seed,2026-05-31,2026-06-07,2026-06-08,27578.88,2
1399,1,5,received,seed,2026-05-31,2026-06-07,2026-06-09,7619.03,2
1400,1,6,received,seed,2026-05-31,2026-06-03,2026-06-04,569.52,2
1401,1,7,received,seed,2026-05-31,2026-06-02,2026-06-06,9639.57,2
1402,1,8,received,seed,2026-05-31,2026-06-10,2026-06-12,2043.29,2
1403,1,9,received,seed,2026-05-31,2026-06-10,2026-06-11,1902.66,2
1404,1,10,received,seed,2026-05-31,2026-06-05,2026-06-06,147.02,2
1405,1,2,received,seed,2026-06-01,2026-06-06,2026-06-08,21023.04,2
1406,1,5,received,seed,2026-06-01,2026-06-08,2026-06-09,1902.90,2
1407,1,7,received,seed,2026-06-01,2026-06-03,2026-06-02,474.48,2
1408,1,10,received,seed,2026-06-01,2026-06-06,2026-06-07,2308.73,2
1409,1,11,received,seed,2026-06-01,2026-06-08,2026-06-08,2376.30,2
1410,1,12,received,seed,2026-06-01,2026-06-06,2026-06-08,1229.10,2
1411,1,1,received,seed,2026-06-02,2026-06-12,2026-06-13,1220.64,2
1412,1,2,received,seed,2026-06-02,2026-06-07,2026-06-07,15573.20,2
1413,1,4,received,seed,2026-06-02,2026-06-09,2026-06-10,11368.89,2
1414,1,5,received,seed,2026-06-02,2026-06-09,2026-06-09,2087.52,2
1415,1,7,received,seed,2026-06-02,2026-06-04,2026-06-04,3802.38,2
1416,1,10,received,seed,2026-06-02,2026-06-07,2026-06-11,860.28,2
1417,1,12,received,seed,2026-06-02,2026-06-07,2026-06-11,6203.16,2
1418,1,1,received,seed,2026-06-03,2026-06-13,2026-06-14,1756.64,2
1419,1,2,received,seed,2026-06-03,2026-06-08,2026-06-08,963.00,2
1420,1,5,received,seed,2026-06-03,2026-06-10,2026-06-12,1280.58,2
1421,1,7,received,seed,2026-06-03,2026-06-05,2026-06-06,457.56,2
1422,1,9,received,seed,2026-06-03,2026-06-13,2026-06-13,410.31,2
1423,1,11,received,seed,2026-06-03,2026-06-10,2026-06-11,3309.66,2
1424,1,1,received,seed,2026-06-04,2026-06-14,2026-06-14,5091.48,2
1425,1,2,received,seed,2026-06-04,2026-06-09,2026-06-09,9179.46,2
1426,1,3,received,seed,2026-06-04,2026-06-06,2026-06-07,2317.44,2
1427,1,4,received,seed,2026-06-04,2026-06-11,2026-06-13,1516.26,2
1428,1,5,received,seed,2026-06-04,2026-06-11,2026-06-10,1213.96,2
1429,1,6,received,seed,2026-06-04,2026-06-07,2026-06-09,2831.56,2
1430,1,7,received,seed,2026-06-04,2026-06-06,2026-06-08,2173.11,2
1431,1,11,received,seed,2026-06-04,2026-06-11,2026-06-12,987.96,2
1432,1,1,received,seed,2026-06-05,2026-06-15,2026-06-15,1257.60,2
1433,1,2,received,seed,2026-06-05,2026-06-10,2026-06-14,2005.56,2
1434,1,3,received,seed,2026-06-05,2026-06-07,2026-06-07,548.94,2
1435,1,4,received,seed,2026-06-05,2026-06-12,2026-06-13,11290.08,2
1436,1,5,received,seed,2026-06-05,2026-06-12,2026-06-12,240.96,2
1437,1,6,received,seed,2026-06-05,2026-06-08,2026-06-09,10456.14,2
1438,1,7,received,seed,2026-06-05,2026-06-07,2026-06-07,127.92,2
1439,1,8,received,seed,2026-06-05,2026-06-15,2026-06-16,7895.16,2
1440,1,9,received,seed,2026-06-05,2026-06-15,2026-06-15,13853.84,2
1441,1,10,received,seed,2026-06-05,2026-06-10,2026-06-11,982.32,2
1442,1,11,received,seed,2026-06-05,2026-06-12,2026-06-12,4286.06,2
1443,1,12,received,seed,2026-06-05,2026-06-10,2026-06-14,1808.70,2
1444,1,1,received,seed,2026-06-06,2026-06-16,2026-06-17,1998.72,2
1445,1,2,received,seed,2026-06-06,2026-06-11,2026-06-11,26674.26,2
1446,1,3,received,seed,2026-06-06,2026-06-08,2026-06-08,180.42,2
1447,1,4,received,seed,2026-06-06,2026-06-13,2026-06-13,2473.80,2
1448,1,5,received,seed,2026-06-06,2026-06-13,2026-06-12,2461.92,2
1449,1,7,received,seed,2026-06-06,2026-06-08,2026-06-08,14128.80,2
1450,1,8,received,seed,2026-06-06,2026-06-16,2026-06-16,3180.72,2
1451,1,10,received,seed,2026-06-06,2026-06-11,2026-06-12,147.02,2
1452,1,11,received,seed,2026-06-06,2026-06-13,2026-06-14,5456.68,2
1453,1,12,received,seed,2026-06-06,2026-06-11,2026-06-11,4738.25,2
1454,1,1,received,seed,2026-06-07,2026-06-17,2026-06-16,7771.92,2
1455,1,2,received,seed,2026-06-07,2026-06-12,2026-06-13,5582.40,2
1456,1,3,received,seed,2026-06-07,2026-06-09,2026-06-09,4357.08,2
1457,1,5,received,seed,2026-06-07,2026-06-14,2026-06-15,2584.87,2
1458,1,6,received,seed,2026-06-07,2026-06-10,2026-06-10,2459.74,2
1459,1,7,received,seed,2026-06-07,2026-06-09,2026-06-10,3322.02,2
1460,1,8,received,seed,2026-06-07,2026-06-17,2026-06-17,1141.20,2
1461,1,9,received,seed,2026-06-07,2026-06-17,2026-06-21,4091.28,2
1462,1,10,received,seed,2026-06-07,2026-06-12,2026-06-13,72.47,2
1463,1,11,received,seed,2026-06-07,2026-06-14,2026-06-18,2974.26,2
1464,1,12,received,seed,2026-06-07,2026-06-12,2026-06-12,1304.58,2
1465,1,1,received,seed,2026-06-08,2026-06-18,2026-06-19,207.43,2
1466,1,2,received,seed,2026-06-08,2026-06-13,2026-06-14,18954.24,2
1467,1,3,received,seed,2026-06-08,2026-06-10,2026-06-09,1562.52,2
1468,1,4,received,seed,2026-06-08,2026-06-15,2026-06-19,3029.52,2
1469,1,5,received,seed,2026-06-08,2026-06-15,2026-06-15,2993.28,2
1470,1,6,received,seed,2026-06-08,2026-06-11,2026-06-10,4216.62,2
1471,1,7,received,seed,2026-06-08,2026-06-10,2026-06-10,1719.60,2
1472,1,9,received,seed,2026-06-08,2026-06-18,2026-06-18,4840.60,2
1473,1,11,received,seed,2026-06-08,2026-06-15,2026-06-16,281.76,2
1474,1,12,received,seed,2026-06-08,2026-06-13,2026-06-14,122.07,2
1475,1,1,received,seed,2026-06-09,2026-06-19,2026-06-21,2561.64,2
1476,1,3,received,seed,2026-06-09,2026-06-11,2026-06-15,779.76,2
1477,1,4,received,seed,2026-06-09,2026-06-16,2026-06-17,3720.05,2
1478,1,5,received,seed,2026-06-09,2026-06-16,2026-06-18,801.72,2
1479,1,6,received,seed,2026-06-09,2026-06-12,2026-06-14,1461.96,2
1480,1,7,received,seed,2026-06-09,2026-06-11,2026-06-13,314.64,2
1481,1,10,received,seed,2026-06-09,2026-06-14,2026-06-15,104.82,2
1482,1,12,received,seed,2026-06-09,2026-06-14,2026-06-15,1731.00,2
1483,1,1,received,seed,2026-06-10,2026-06-20,2026-06-19,257.25,2
1484,1,2,received,seed,2026-06-10,2026-06-15,2026-06-17,34504.80,2
1485,1,3,received,seed,2026-06-10,2026-06-12,2026-06-13,281.88,2
1486,1,4,received,seed,2026-06-10,2026-06-17,2026-06-19,729.60,2
1487,1,5,received,seed,2026-06-10,2026-06-17,2026-06-16,1318.74,2
1488,1,6,received,seed,2026-06-10,2026-06-13,2026-06-13,1017.92,2
1489,1,7,received,seed,2026-06-10,2026-06-12,2026-06-11,4986.93,2
1490,1,8,received,seed,2026-06-10,2026-06-20,2026-06-20,1263.36,2
1491,1,9,received,seed,2026-06-10,2026-06-20,2026-06-22,5987.32,2
1492,1,10,received,seed,2026-06-10,2026-06-15,2026-06-17,2880.72,2
1493,1,11,received,seed,2026-06-10,2026-06-17,2026-06-18,5997.84,2
1494,1,12,received,seed,2026-06-10,2026-06-15,2026-06-15,1155.24,2
1495,1,1,received,seed,2026-06-11,2026-06-21,2026-06-23,1884.00,2
1496,1,2,received,seed,2026-06-11,2026-06-16,2026-06-17,38365.98,2
1497,1,3,received,seed,2026-06-11,2026-06-13,2026-06-13,2581.20,2
1498,1,4,received,seed,2026-06-11,2026-06-18,2026-06-17,770.76,2
1499,1,5,received,seed,2026-06-11,2026-06-18,2026-06-19,3143.10,2
1500,1,6,received,seed,2026-06-11,2026-06-14,2026-06-13,756.12,2
1501,1,7,received,seed,2026-06-11,2026-06-13,2026-06-15,2102.72,2
1502,1,8,received,seed,2026-06-11,2026-06-21,2026-06-23,2602.08,2
1503,1,9,received,seed,2026-06-11,2026-06-21,2026-06-22,3737.99,2
1504,1,10,received,seed,2026-06-11,2026-06-16,2026-06-18,2224.68,2
1505,1,11,received,seed,2026-06-11,2026-06-18,2026-06-19,328.32,2
1506,1,1,received,seed,2026-06-12,2026-06-22,2026-06-22,1850.94,2
1507,1,2,received,seed,2026-06-12,2026-06-17,2026-06-18,25757.04,2
1508,1,3,received,seed,2026-06-12,2026-06-14,2026-06-14,5051.45,2
1509,1,4,received,seed,2026-06-12,2026-06-19,2026-06-19,1015.20,2
1510,1,5,received,seed,2026-06-12,2026-06-19,2026-06-19,3543.12,2
1511,1,6,received,seed,2026-06-12,2026-06-15,2026-06-16,2892.36,2
1512,1,7,received,seed,2026-06-12,2026-06-14,2026-06-18,1850.10,2
1513,1,9,received,seed,2026-06-12,2026-06-22,2026-06-24,1364.10,2
1514,1,10,received,seed,2026-06-12,2026-06-17,2026-06-18,1049.96,2
1515,1,11,received,seed,2026-06-12,2026-06-19,2026-06-18,69.52,2
1516,1,12,received,seed,2026-06-12,2026-06-17,2026-06-18,4113.72,2
1517,1,1,received,seed,2026-06-13,2026-06-23,2026-06-23,617.28,2
1518,1,2,received,seed,2026-06-13,2026-06-18,2026-06-19,13543.56,2
1519,1,3,received,seed,2026-06-13,2026-06-15,2026-06-16,2309.40,2
1520,1,4,received,seed,2026-06-13,2026-06-20,2026-06-20,10160.64,2
1521,1,5,received,seed,2026-06-13,2026-06-20,2026-06-24,5616.36,2
1522,1,6,received,seed,2026-06-13,2026-06-16,2026-06-16,286.04,2
1523,1,7,received,seed,2026-06-13,2026-06-15,2026-06-16,457.56,2
1524,1,9,received,seed,2026-06-13,2026-06-23,2026-06-22,3033.30,2
1525,1,10,received,seed,2026-06-13,2026-06-18,2026-06-17,72.47,2
1526,1,11,received,seed,2026-06-13,2026-06-20,2026-06-19,2072.88,2
1527,1,12,received,seed,2026-06-13,2026-06-18,2026-06-18,2938.50,2
1528,1,1,received,seed,2026-06-14,2026-06-24,2026-06-26,2803.80,2
1529,1,2,received,seed,2026-06-14,2026-06-19,2026-06-20,39908.16,2
1530,1,3,received,seed,2026-06-14,2026-06-16,2026-06-16,1545.36,2
1531,1,4,received,seed,2026-06-14,2026-06-21,2026-06-20,22911.24,2
1532,1,5,received,seed,2026-06-14,2026-06-21,2026-06-22,3452.70,2
1533,1,6,received,seed,2026-06-14,2026-06-17,2026-06-17,4733.88,2
1534,1,7,received,seed,2026-06-14,2026-06-16,2026-06-17,550.14,2
1535,1,8,received,seed,2026-06-14,2026-06-24,2026-06-24,5431.44,2
1536,1,10,received,seed,2026-06-14,2026-06-19,2026-06-19,4667.04,2
1537,1,11,received,seed,2026-06-14,2026-06-21,2026-06-22,1233.60,2
1538,1,12,received,seed,2026-06-14,2026-06-19,2026-06-18,2095.20,2
1539,1,1,received,seed,2026-06-15,2026-06-25,2026-06-26,693.00,2
1540,1,3,received,seed,2026-06-15,2026-06-17,2026-06-21,2381.28,2
1541,1,4,received,seed,2026-06-15,2026-06-22,2026-06-22,12705.55,2
1542,1,5,received,seed,2026-06-15,2026-06-22,2026-06-22,2567.04,2
1543,1,6,received,seed,2026-06-15,2026-06-18,2026-06-22,5952.00,2
1544,1,7,received,seed,2026-06-15,2026-06-17,2026-06-17,6386.82,2
1545,1,8,received,seed,2026-06-15,2026-06-25,2026-06-26,14004.96,2
1546,1,9,received,seed,2026-06-15,2026-06-25,2026-06-25,1445.73,2
1547,1,12,received,seed,2026-06-15,2026-06-20,2026-06-20,11325.12,2
1548,1,1,received,seed,2026-06-16,2026-06-26,2026-06-30,2757.60,2
1549,1,3,received,seed,2026-06-16,2026-06-18,2026-06-18,559.92,2
1550,1,4,received,seed,2026-06-16,2026-06-23,2026-06-25,25867.20,2
1551,1,5,received,seed,2026-06-16,2026-06-23,2026-06-25,2351.04,2
1552,1,7,received,seed,2026-06-16,2026-06-18,2026-06-18,3477.60,2
1553,1,9,received,seed,2026-06-16,2026-06-26,2026-06-30,3462.72,2
1554,1,11,received,seed,2026-06-16,2026-06-23,2026-06-23,2102.68,2
1555,1,12,received,seed,2026-06-16,2026-06-21,2026-06-23,3241.20,2
1556,1,2,received,seed,2026-06-17,2026-06-22,2026-06-23,6757.68,2
1557,1,3,received,seed,2026-06-17,2026-06-19,2026-06-20,1321.98,2
1558,1,4,received,seed,2026-06-17,2026-06-24,2026-06-24,4507.80,2
1559,1,5,received,seed,2026-06-17,2026-06-24,2026-06-24,2826.29,2
1560,1,6,received,seed,2026-06-17,2026-06-20,2026-06-21,564.76,2
1561,1,7,received,seed,2026-06-17,2026-06-19,2026-06-23,14885.28,2
1562,1,8,received,seed,2026-06-17,2026-06-27,2026-06-28,438.72,2
1563,1,10,received,seed,2026-06-17,2026-06-22,2026-06-21,1906.92,2
1564,1,11,received,seed,2026-06-17,2026-06-24,2026-06-28,3693.56,2
1565,1,12,received,seed,2026-06-17,2026-06-22,2026-06-21,1808.70,2
1566,1,1,submitted,seed,2026-06-18,2026-06-28,,959.90,2
1567,1,2,received,seed,2026-06-18,2026-06-23,2026-06-22,5845.16,2
1568,1,3,received,seed,2026-06-18,2026-06-20,2026-06-21,2518.08,2
1569,1,4,received,seed,2026-06-18,2026-06-25,2026-06-26,86187.92,2
1570,1,5,received,seed,2026-06-18,2026-06-25,2026-06-29,266.16,2
1571,1,6,received,seed,2026-06-18,2026-06-21,2026-06-25,2961.40,2
1572,1,7,received,seed,2026-06-18,2026-06-20,2026-06-22,3308.03,2
1573,1,8,submitted,seed,2026-06-18,2026-06-28,,1620.96,2
1574,1,9,received,seed,2026-06-18,2026-06-28,2026-06-30,740.22,2
1575,1,10,received,seed,2026-06-18,2026-06-23,2026-06-27,1957.57,2
1576,1,11,received,seed,2026-06-18,2026-06-25,2026-06-26,306.16,2
1577,1,12,received,seed,2026-06-18,2026-06-23,2026-06-24,5093.40,2
1578,1,1,received,seed,2026-06-19,2026-06-29,2026-06-29,1817.83,2
1579,1,4,received,seed,2026-06-19,2026-06-26,2026-06-26,2772.60,2
1580,1,5,received,seed,2026-06-19,2026-06-26,2026-06-26,2049.16,2
1581,1,7,received,seed,2026-06-19,2026-06-21,2026-06-21,2216.36,2
1582,1,8,received,seed,2026-06-19,2026-06-29,2026-06-29,5934.00,2
1583,1,10,received,seed,2026-06-19,2026-06-24,2026-06-25,2028.48,2
1584,1,11,received,seed,2026-06-19,2026-06-26,2026-06-27,5822.16,2
1585,1,12,received,seed,2026-06-19,2026-06-24,2026-06-24,2898.84,2
1586,1,1,submitted,seed,2026-06-20,2026-06-30,,3340.26,2
1587,1,2,received,seed,2026-06-20,2026-06-25,2026-06-26,23190.36,2
1588,1,3,received,seed,2026-06-20,2026-06-22,2026-06-22,1101.75,2
1589,1,4,submitted,seed,2026-06-20,2026-06-27,,6501.96,2
1590,1,5,received,seed,2026-06-20,2026-06-27,2026-06-28,1498.38,2
1591,1,6,received,seed,2026-06-20,2026-06-23,2026-06-27,2689.20,2
1592,1,7,received,seed,2026-06-20,2026-06-22,2026-06-23,7216.38,2
1593,1,8,received,seed,2026-06-20,2026-06-30,2026-06-30,12999.18,2
1594,1,10,received,seed,2026-06-20,2026-06-25,2026-06-27,395.70,2
1595,1,11,received,seed,2026-06-20,2026-06-27,2026-06-29,1555.80,2
1596,1,12,received,seed,2026-06-20,2026-06-25,2026-06-25,1164.29,2
1597,1,1,submitted,seed,2026-06-21,2026-07-01,,8657.70,2
1598,1,2,received,seed,2026-06-21,2026-06-26,2026-06-28,5622.84,2
1599,1,3,received,seed,2026-06-21,2026-06-23,2026-06-27,1355.52,2
1600,1,4,received,seed,2026-06-21,2026-06-28,2026-06-28,714.57,2
1601,1,5,received,seed,2026-06-21,2026-06-28,2026-06-28,1825.56,2
1602,1,6,received,seed,2026-06-21,2026-06-24,2026-06-25,1943.80,2
1603,1,7,received,seed,2026-06-21,2026-06-23,2026-06-23,8823.78,2
1604,1,8,submitted,seed,2026-06-21,2026-07-01,,13704.00,2
1605,1,9,received,seed,2026-06-21,2026-07-01,2026-06-30,5879.04,2
1606,1,10,received,seed,2026-06-21,2026-06-26,2026-06-26,1257.84,2
1607,1,11,received,seed,2026-06-21,2026-06-28,2026-06-29,281.76,2
1608,1,12,received,seed,2026-06-21,2026-06-26,2026-06-26,729.12,2
1609,1,1,submitted,seed,2026-06-22,2026-07-02,,257.25,2
1610,1,2,received,seed,2026-06-22,2026-06-27,2026-06-27,18244.08,2
1611,1,4,received,seed,2026-06-22,2026-06-29,2026-06-29,17263.05,2
1612,1,5,received,seed,2026-06-22,2026-06-29,2026-06-29,1102.75,2
1613,1,7,received,seed,2026-06-22,2026-06-24,2026-06-24,598.14,2
1614,1,8,submitted,seed,2026-06-22,2026-07-02,,480.30,2
1615,1,9,submitted,seed,2026-06-22,2026-07-02,,4593.88,2
1616,1,11,submitted,seed,2026-06-22,2026-06-29,,371.31,2
1617,1,12,received,seed,2026-06-22,2026-06-27,2026-06-28,5641.08,2
1618,1,1,submitted,seed,2026-06-23,2026-07-03,,325.20,2
1619,1,2,submitted,seed,2026-06-23,2026-06-28,,4636.44,2
1620,1,3,received,seed,2026-06-23,2026-06-25,2026-06-24,4312.74,2
1621,1,4,received,seed,2026-06-23,2026-06-30,2026-06-30,22893.37,2
1622,1,5,received,seed,2026-06-23,2026-06-30,2026-06-30,820.80,2
1623,1,6,received,seed,2026-06-23,2026-06-26,2026-06-27,2009.04,2
1624,1,7,received,seed,2026-06-23,2026-06-25,2026-06-25,4926.78,2
1625,1,8,submitted,seed,2026-06-23,2026-07-03,,1660.08,2
1626,1,9,submitted,seed,2026-06-23,2026-07-03,,3794.76,2
1627,1,11,submitted,seed,2026-06-23,2026-06-30,,2686.84,2
1628,1,12,submitted,seed,2026-06-23,2026-06-28,,2763.12,2
1629,1,1,submitted,seed,2026-06-24,2026-07-04,,3911.22,2
1630,1,4,submitted,seed,2026-06-24,2026-07-01,,2769.78,2
1631,1,5,submitted,seed,2026-06-24,2026-07-01,,2318.64,2
1632,1,6,submitted,seed,2026-06-24,2026-06-27,,4504.14,2
1633,1,9,submitted,seed,2026-06-24,2026-07-04,,8014.80,2
1634,1,10,received,seed,2026-06-24,2026-06-29,2026-06-29,1997.28,2
1635,1,11,submitted,seed,2026-06-24,2026-07-01,,979.64,2
1636,1,12,submitted,seed,2026-06-24,2026-06-29,,133.35,2
1637,1,1,submitted,seed,2026-06-25,2026-07-05,,500.52,2
1638,1,2,received,seed,2026-06-25,2026-06-30,2026-06-29,21023.04,2
1639,1,4,submitted,seed,2026-06-25,2026-07-02,,9750.00,2
1640,1,5,submitted,seed,2026-06-25,2026-07-02,,192.84,2
1641,1,6,received,seed,2026-06-25,2026-06-28,2026-06-28,2787.18,2
1642,1,7,submitted,seed,2026-06-25,2026-06-27,,3828.24,2
1643,1,8,submitted,seed,2026-06-25,2026-07-05,,8392.43,2
1644,1,9,submitted,seed,2026-06-25,2026-07-05,,4517.69,2
1645,1,10,received,seed,2026-06-25,2026-06-30,2026-06-29,364.26,2
1646,1,11,submitted,seed,2026-06-25,2026-07-02,,99.40,2
1647,1,12,submitted,seed,2026-06-25,2026-06-30,,1081.08,2
1648,1,1,submitted,seed,2026-06-26,2026-07-06,,693.00,2
1649,1,2,submitted,seed,2026-06-26,2026-07-01,,18243.00,2
1650,1,3,received,seed,2026-06-26,2026-06-28,2026-06-29,5816.06,2
1651,1,4,submitted,seed,2026-06-26,2026-07-03,,1159.44,2
1652,1,5,submitted,seed,2026-06-26,2026-07-03,,2577.84,2
1653,1,7,received,seed,2026-06-26,2026-06-28,2026-06-28,5803.08,2
1654,1,8,submitted,seed,2026-06-26,2026-07-06,,1263.36,2
1655,1,9,submitted,seed,2026-06-26,2026-07-06,,8701.02,2
1656,1,10,submitted,seed,2026-06-26,2026-07-01,,678.24,2
1657,1,11,submitted,seed,2026-06-26,2026-07-03,,4162.44,2
1658,1,12,submitted,seed,2026-06-26,2026-07-01,,292.44,2
1659,1,1,submitted,seed,2026-06-27,2026-07-07,,1942.68,2
1660,1,3,submitted,seed,2026-06-27,2026-06-29,,5011.80,2
1661,1,4,submitted,seed,2026-06-27,2026-07-04,,6526.32,2
1662,1,5,submitted,seed,2026-06-27,2026-07-04,,4076.40,2
1663,1,6,submitted,seed,2026-06-27,2026-06-30,,2123.26,2
1664,1,7,submitted,seed,2026-06-27,2026-06-29,,2437.31,2
1665,1,8,submitted,seed,2026-06-27,2026-07-07,,5416.86,2
1666,1,9,submitted,seed,2026-06-27,2026-07-07,,3516.00,2
1667,1,10,submitted,seed,2026-06-27,2026-07-02,,405.24,2
1668,1,11,submitted,seed,2026-06-27,2026-07-04,,5407.74,2
1669,1,12,submitted,seed,2026-06-27,2026-07-02,,5187.78,2
1670,1,2,submitted,seed,2026-06-28,2026-07-03,,10321.92,2
1671,1,3,submitted,seed,2026-06-28,2026-06-30,,3671.40,2
1672,1,4,submitted,seed,2026-06-28,2026-07-05,,1029.38,2
1673,1,5,submitted,seed,2026-06-28,2026-07-05,,6714.66,2
1674,1,6,submitted,seed,2026-06-28,2026-07-01,,537.36,2
1675,1,7,received,seed,2026-06-28,2026-06-30,2026-06-30,7369.98,2
1676,1,8,submitted,seed,2026-06-28,2026-07-08,,4321.92,2
1677,1,9,submitted,seed,2026-06-28,2026-07-08,,8579.04,2
1678,1,10,submitted,seed,2026-06-28,2026-07-03,,2880.72,2
1679,1,11,submitted,seed,2026-06-28,2026-07-05,,7983.16,2
1680,1,12,submitted,seed,2026-06-28,2026-07-03,,3603.23,2
1681,1,1,submitted,seed,2026-06-29,2026-07-09,,981.67,2
1682,1,2,submitted,seed,2026-06-29,2026-07-04,,39952.80,2
1683,1,4,submitted,seed,2026-06-29,2026-07-06,,8508.54,2
1684,1,5,submitted,seed,2026-06-29,2026-07-06,,3027.78,2
1685,1,7,submitted,seed,2026-06-29,2026-07-01,,4551.90,2
1686,1,8,submitted,seed,2026-06-29,2026-07-09,,4005.27,2
1687,1,9,submitted,seed,2026-06-29,2026-07-09,,9807.47,2
1688,1,10,submitted,seed,2026-06-29,2026-07-04,,72.47,2
1689,1,11,submitted,seed,2026-06-29,2026-07-06,,925.44,2
1690,1,12,submitted,seed,2026-06-29,2026-07-04,,1606.50,2
1691,1,1,submitted,seed,2026-06-30,2026-07-10,,2361.00,2
1692,1,3,submitted,seed,2026-06-30,2026-07-02,,622.80,2
1693,1,4,submitted,seed,2026-06-30,2026-07-07,,1593.36,2
1694,1,5,submitted,seed,2026-06-30,2026-07-07,,4374.96,2
1695,1,6,submitted,seed,2026-06-30,2026-07-03,,2484.24,2
1696,1,7,submitted,seed,2026-06-30,2026-07-02,,592.68,2
1697,1,9,submitted,seed,2026-06-30,2026-07-10,,1476.36,2
1698,1,10,submitted,seed,2026-06-30,2026-07-05,,104.82,2
1699,1,11,submitted,seed,2026-06-30,2026-07-07,,402.54,2
1700,1,12,submitted,seed,2026-06-30,2026-07-05,,130.37,2
