po_line_id,po_id,product_id,quantity_ordered,quantity_received,unit_cost,line_total
1,1,20,1,1,2.72,2.72
2,1,22,12,12,1.26,15.12
3,1,41,5,5,1.03,5.15
4,1,47,12,12,0.64,7.68
5,1,129,24,24,0.35,8.40
6,1,135,6,6,2.84,17.04
7,1,145,24,24,2.09,50.16
8,1,153,6,6,1.02,6.12
9,1,155,12,12,2.50,30.00
10,1,156,6,6,1.40,8.40
11,1,165,12,12,2.09,25.08
12,2,50,6,6,1.00,6.00
13,2,51,1,1,0.83,0.83
14,2,56,60,60,0.60,36.00
15,2,59,12,12,1.06,12.72
16,2,63,12,12,0.84,10.08
17,2,64,13,13,0.92,11.96
18,2,66,114,114,1.05,119.70
19,2,67,24,24,0.27,6.48
20,3,75,24,24,1.40,33.60
21,3,83,6,6,6.32,37.92
22,3,94,12,12,1.12,13.44
23,4,180,12,12,0.58,6.96
24,4,191,12,12,2.48,29.76
25,4,193,24,24,1.36,32.64
26,4,194,6,6,2.08,12.48
27,4,196,24,24,0.63,15.12
28,4,202,6,6,1.00,6.00
29,4,207,24,24,0.70,16.80
30,4,210,12,12,0.34,4.08
31,5,226,24,24,1.97,47.28
32,5,247,8,8,1.77,14.16
33,5,264,12,12,1.53,18.36
34,5,270,12,12,1.18,14.16
35,5,271,6,6,0.77,4.62
36,5,277,6,6,1.93,11.58
37,5,279,6,6,1.20,7.20
38,5,282,12,12,1.25,15.00
39,5,286,12,12,2.08,24.96
40,5,288,12,12,1.70,20.40
41,5,295,6,6,3.65,21.90
42,5,301,12,12,1.33,15.96
43,5,306,12,12,1.47,17.64
44,5,311,12,12,0.63,7.56
45,6,317,24,24,0.91,21.84
46,6,325,6,6,1.15,6.90
47,6,341,6,6,1.70,10.20
48,6,344,6,6,0.77,4.62
49,6,345,12,12,0.93,11.16
50,6,350,6,6,2.10,12.60
51,6,352,6,6,0.29,1.74
52,6,357,6,6,0.30,1.80
53,6,358,24,24,1.70,40.80
54,6,359,1,1,0.30,0.30
55,6,360,3,3,4.35,13.05
56,6,361,2,2,1.07,2.14
57,6,363,12,12,1.50,18.00
58,7,368,3,3,1.70,5.10
59,7,379,6,6,1.99,11.94
60,7,380,12,12,0.67,8.04
61,7,381,24,24,1.34,32.16
62,7,387,6,6,2.41,14.46
63,8,393,6,6,1.26,7.56
64,8,394,1,1,1.21,1.21
65,8,397,6,6,0.89,5.34
66,8,399,12,12,1.14,13.68
67,8,400,12,12,2.39,28.68
68,8,401,6,6,1.10,6.60
69,8,403,6,6,1.31,7.86
70,8,404,6,6,0.98,5.88
71,8,405,12,12,1.68,20.16
72,8,409,24,24,1.91,45.84
73,8,410,24,24,1.26,30.24
74,8,412,6,6,0.87,5.22
75,8,413,6,6,1.99,11.94
76,8,415,12,12,0.90,10.80
77,8,416,24,24,1.13,27.12
78,8,417,6,6,2.63,15.78
79,8,418,6,6,2.99,17.94
80,8,420,12,12,0.91,10.92
81,8,421,6,6,0.31,1.86
82,8,423,6,6,1.29,7.74
83,8,428,12,12,2.38,28.56
84,8,429,7,7,1.87,13.09
85,8,430,12,12,2.19,26.28
86,8,432,24,24,1.90,45.60
87,8,433,6,6,1.82,10.92
88,8,434,24,24,1.60,38.40
89,8,436,24,24,0.61,14.64
90,8,437,6,6,0.99,5.94
91,8,438,24,24,1.31,31.44
92,8,439,12,12,1.93,23.16
93,8,441,12,12,1.30,15.60
94,8,442,12,12,1.19,14.28
95,8,443,6,6,0.68,4.08
96,8,444,2,2,1.93,3.86
97,9,445,8,8,1.63,13.04
98,9,446,12,12,1.99,23.88
99,9,448,12,12,1.33,15.96
100,9,449,12,12,1.57,18.84
101,9,450,12,12,0.67,8.04
102,9,451,12,12,1.27,15.24
103,9,453,24,24,0.33,7.92
104,9,458,2,2,1.25,2.50
105,9,460,2,2,1.62,3.24
106,9,461,24,24,2.85,68.40
107,9,465,3,3,1.87,5.61
108,10,471,6,6,1.14,6.84
109,10,473,1,1,1.75,1.75
110,10,475,24,24,1.57,37.68
111,10,476,6,6,1.59,9.54
112,10,478,2,2,0.51,1.02
113,10,480,12,12,0.74,8.88
114,10,481,12,12,0.86,10.32
115,10,483,6,6,1.60,9.60
116,10,484,12,12,0.60,7.20
117,10,491,24,24,1.46,35.04
118,10,493,6,6,1.37,8.22
119,10,494,1,1,1.63,1.63
120,10,495,12,12,1.22,14.64
121,10,496,6,6,0.84,5.04
122,10,498,12,12,1.02,12.24
123,10,500,1,1,1.56,1.56
124,10,501,24,24,1.16,27.84
125,10,502,6,6,1.02,6.12
126,10,506,6,6,1.34,8.04
127,10,509,12,12,1.83,21.96
128,10,512,12,12,4.31,51.72
129,10,514,24,24,2.11,50.64
130,10,516,6,6,1.73,10.38
131,10,517,1,1,3.04,3.04
132,10,518,12,12,1.87,22.44
133,10,519,24,24,1.03,24.72
134,10,520,12,12,2.14,25.68
135,10,522,6,6,1.73,10.38
136,11,527,6,6,1.37,8.22
137,11,530,6,6,0.98,5.88
138,11,531,6,6,2.18,13.08
139,11,532,12,12,2.51,30.12
140,11,533,6,6,1.87,11.22
141,11,535,12,12,0.95,11.40
142,11,536,6,6,2.30,13.80
143,11,537,6,6,0.99,5.94
144,11,538,24,24,2.87,68.88
145,11,539,6,6,1.64,9.84
146,11,540,12,12,1.70,20.40
147,11,542,24,24,2.40,57.60
148,11,543,6,6,1.32,7.92
149,11,545,1,1,1.23,1.23
150,11,546,6,6,3.57,21.42
151,11,548,3,3,2.01,6.03
152,11,549,6,6,2.65,15.90
153,11,551,3,3,1.75,5.25
154,11,554,1,1,1.15,1.15
155,11,555,6,6,0.92,5.52
156,11,560,12,12,1.19,14.28
157,11,561,2,2,5.02,10.04
158,11,562,12,12,2.44,29.28
159,11,566,6,6,1.24,7.44
160,11,570,24,24,1.21,29.04
161,11,571,2,2,1.79,3.58
162,11,572,6,6,0.61,3.66
163,11,573,24,24,0.88,21.12
164,11,574,6,6,1.71,10.26
165,12,575,2,2,1.08,2.16
166,12,576,12,12,0.95,11.40
167,12,578,24,24,0.53,12.72
168,12,579,6,6,3.66,21.96
169,12,580,12,12,0.75,9.00
170,12,582,6,6,0.63,3.78
171,12,583,6,6,2.13,12.78
172,12,584,6,6,1.08,6.48
173,12,585,6,6,0.52,3.12
174,12,586,6,6,1.67,10.02
175,12,587,1,1,0.78,0.78
176,12,588,6,6,1.38,8.28
177,12,590,6,6,0.98,5.88
178,12,591,12,12,0.38,4.56
179,12,592,24,24,1.11,26.64
180,12,593,6,6,0.80,4.80
181,12,594,6,6,1.44,8.64
182,12,595,24,24,1.30,31.20
183,12,596,6,6,1.02,6.12
184,12,597,12,12,1.63,19.56
185,12,598,12,12,0.93,11.16
186,12,599,6,6,0.68,4.08
187,12,600,6,6,0.52,3.12
188,13,28,12,12,0.34,4.08
189,13,125,6,6,0.64,3.84
190,13,151,17,17,0.73,12.41
191,13,161,12,12,3.53,42.36
192,14,60,48,48,1.09,52.32
193,14,74,18,18,0.73,13.14
194,15,173,12,12,2.61,31.32
195,15,187,24,24,0.63,15.12
196,15,211,12,12,2.13,25.56
197,16,223,6,6,0.67,4.02
198,16,239,24,24,1.21,29.04
199,16,260,18,18,2.39,43.02
200,16,276,12,12,1.07,12.84
201,16,280,24,24,0.60,14.40
202,16,292,24,24,1.24,29.76
203,17,346,5,5,1.98,9.90
204,18,371,3,3,1.36,4.08
205,19,396,24,24,1.45,34.80
206,19,407,12,12,1.75,21.00
207,19,411,6,6,0.84,5.04
208,20,447,6,6,3.55,21.30
209,21,547,6,6,1.60,9.60
210,21,563,12,12,1.46,17.52
211,22,589,5,5,0.45,2.25
212,23,38,6,6,0.64,3.84
213,23,131,18,18,0.67,12.06
214,24,49,47,47,2.35,110.45
215,24,52,24,24,1.02,24.48
216,24,61,24,24,0.24,5.76
217,25,188,12,12,2.82,33.84
218,25,195,24,24,0.67,16.08
219,25,218,66,66,1.26,83.16
220,26,233,12,12,0.90,10.80
221,26,237,18,18,0.90,16.20
222,26,238,12,12,1.68,20.16
223,26,241,12,12,2.20,26.40
224,26,243,42,42,0.65,27.30
225,26,268,24,24,2.51,60.24
226,26,275,42,42,0.80,33.60
227,26,287,4,4,1.37,5.48
228,26,291,18,18,1.87,33.66
229,26,296,24,24,0.53,12.72
230,26,300,12,12,0.78,9.36
231,26,308,24,24,1.04,24.96
232,27,370,6,6,1.42,8.52
233,27,382,12,12,1.46,17.52
234,28,457,12,12,1.29,15.48
235,28,469,12,12,0.95,11.40
236,29,482,2,2,0.95,1.90
237,29,485,12,12,0.86,10.32
238,30,523,12,12,1.66,19.92
239,31,53,15,15,2.09,31.35
240,31,71,24,24,0.48,11.52
241,32,123,24,24,2.02,48.48
242,32,126,36,36,2.04,73.44
243,32,168,18,18,1.06,19.08
244,33,203,18,18,0.66,11.88
245,33,216,24,24,1.38,33.12
246,34,232,23,23,1.21,27.83
247,34,278,72,72,0.57,41.04
248,35,431,6,6,0.66,3.96
249,36,462,12,12,0.33,3.96
250,37,525,21,21,1.40,29.40
251,37,544,24,24,0.64,15.36
252,37,550,12,12,1.17,14.04
253,37,565,42,42,3.16,132.72
254,38,35,24,24,0.33,7.92
255,38,42,16,16,0.96,15.36
256,38,148,24,24,1.00,24.00
257,38,149,12,12,2.02,24.24
258,38,164,5,5,0.69,3.45
259,39,65,6,6,1.17,7.02
260,40,175,24,24,0.96,23.04
261,41,222,48,48,0.65,31.20
262,41,228,20,20,1.86,37.20
263,41,309,24,24,0.84,20.16
264,41,313,6,6,2.36,14.16
265,42,316,24,24,1.12,26.88
266,42,360,3,3,4.35,13.05
267,42,362,12,12,1.10,13.20
268,43,425,3,3,1.18,3.54
269,44,456,3,3,1.30,3.90
270,44,466,5,5,2.66,13.30
271,45,488,6,6,2.18,13.08
272,45,492,6,6,1.00,6.00
273,45,497,3,3,2.36,7.08
274,45,521,12,12,0.90,10.80
275,46,581,6,6,0.41,2.46
276,47,19,24,24,1.31,31.44
277,47,37,24,24,0.66,15.84
278,47,127,48,48,2.90,139.20
279,47,134,72,72,3.35,241.20
280,47,142,24,24,1.36,32.64
281,48,55,24,24,0.28,6.72
282,48,69,36,36,0.84,30.24
283,48,70,6,6,1.82,10.92
284,48,73,24,24,0.84,20.16
285,49,174,36,36,0.58,20.88
286,49,184,12,12,1.06,12.72
287,49,200,24,24,2.51,60.24
288,49,204,48,48,2.02,96.96
289,50,261,12,12,0.68,8.16
290,50,267,13,13,1.14,14.82
291,50,269,42,42,1.12,47.04
292,50,284,12,12,2.66,31.92
293,50,297,6,6,2.92,17.52
294,50,305,72,72,1.98,142.56
295,51,337,5,5,0.98,4.90
296,52,367,18,18,2.16,38.88
297,52,369,6,6,0.36,2.16
298,52,372,12,12,1.43,17.16
299,52,377,24,24,1.10,26.40
300,52,391,12,12,0.62,7.44
301,53,414,24,24,0.28,6.72
302,53,427,54,54,0.91,49.14
303,54,467,24,24,2.63,63.12
304,55,474,24,24,0.97,23.28
305,55,500,1,1,1.56,1.56
306,56,524,4,4,1.38,5.52
307,57,5,24,24,5.49,131.76
308,57,144,12,12,0.65,7.80
309,57,152,6,6,1.77,10.62
310,57,167,84,84,2.77,232.68
311,58,109,12,12,2.89,34.68
312,58,122,48,48,0.34,16.32
313,59,171,19,19,4.33,82.27
314,59,172,32,32,3.07,98.24
315,59,181,5,5,0.33,1.65
316,59,215,24,24,2.19,52.56
317,60,220,11,11,1.56,17.16
318,60,231,12,12,1.67,20.04
319,60,253,24,24,1.80,43.20
320,60,258,12,12,0.95,11.40
321,60,266,12,12,1.23,14.76
322,60,274,24,24,1.16,27.84
323,60,293,12,12,1.73,20.76
324,60,307,24,24,0.53,12.72
325,61,346,5,5,1.98,9.90
326,61,348,12,12,0.82,9.84
327,61,353,12,12,1.19,14.28
328,61,366,24,24,0.98,23.52
329,62,385,12,12,0.70,8.40
330,63,454,6,6,0.95,5.70
331,63,459,24,24,1.05,25.20
332,63,470,10,10,0.67,6.70
333,64,541,24,24,0.34,8.16
334,64,559,6,6,0.66,3.96
335,65,12,12,12,5.24,62.88
336,65,18,24,24,1.79,42.96
337,65,31,12,12,2.13,25.56
338,65,132,6,6,0.72,4.32
339,65,133,24,24,0.98,23.52
340,65,136,24,24,2.74,65.76
341,65,140,18,18,1.06,19.08
342,65,141,24,24,1.97,47.28
343,65,154,7,7,1.67,11.69
344,66,54,24,24,2.11,50.64
345,66,57,24,24,1.03,24.72
346,66,68,48,48,1.77,84.96
347,67,77,6,6,1.05,6.30
348,67,119,12,12,2.22,26.64
349,68,176,48,48,0.61,29.28
350,68,177,12,12,1.73,20.76
351,68,179,24,24,2.27,54.48
352,68,185,24,24,1.38,33.12
353,68,199,12,12,1.38,16.56
354,68,201,18,18,2.77,49.86
355,68,214,24,24,2.03,48.72
356,69,225,24,24,1.56,37.44
357,69,227,6,6,1.36,8.16
358,69,259,12,12,0.95,11.40
359,69,272,6,6,1.47,8.82
360,69,298,19,19,1.67,31.73
361,69,299,60,60,2.12,127.20
362,70,395,17,17,0.89,15.13
363,70,402,24,24,2.77,66.48
364,71,463,12,12,3.61,43.32
365,72,472,24,24,3.40,81.60
366,72,508,12,12,2.40,28.80
367,73,557,12,12,1.59,19.08
368,73,568,9,9,1.91,17.19
369,73,569,6,6,0.99,5.94
370,74,15,36,36,0.64,23.04
371,74,27,12,12,0.32,3.84
372,74,124,60,60,1.69,101.40
373,74,143,26,26,2.14,55.64
374,74,160,36,36,0.67,24.12
375,75,62,72,72,2.33,167.76
376,75,72,31,31,2.72,84.32
377,76,99,8,8,1.76,14.08
378,77,212,24,24,1.34,32.16
379,78,224,6,6,0.34,2.04
380,78,234,12,12,1.22,14.64
381,78,252,18,18,1.23,22.14
382,78,283,24,24,2.22,53.28
383,78,290,24,24,0.91,21.84
384,78,294,12,12,1.59,19.08
385,78,303,24,24,1.06,25.44
386,78,310,24,24,1.57,37.68
387,79,324,48,48,1.90,91.20
388,79,339,6,6,0.91,5.46
389,80,368,3,3,1.70,5.10
390,80,378,12,12,2.15,25.80
391,80,388,12,12,5.84,70.08
392,80,389,12,12,3.68,44.16
393,81,468,12,12,0.60,7.20
394,82,479,6,6,1.60,9.60
395,82,504,14,14,1.10,15.40
396,82,505,24,24,2.03,48.72
397,82,511,12,12,0.79,9.48
398,83,528,24,24,1.28,30.72
399,83,553,6,6,1.30,7.80
400,83,567,2,2,0.94,1.88
401,84,39,12,12,1.32,15.84
402,84,137,12,12,2.67,32.04
403,84,146,24,24,0.68,16.32
404,84,147,6,6,0.36,2.16
405,84,150,48,48,1.63,78.24
406,84,159,12,12,1.95,23.40
407,85,58,36,36,0.97,34.92
408,86,92,24,24,1.04,24.96
409,86,120,12,12,1.34,16.08
410,87,183,12,12,1.75,21.00
411,87,192,12,12,0.95,11.40
412,87,197,12,12,2.31,27.72
413,88,221,24,24,1.30,31.20
414,88,242,6,6,1.24,7.44
415,88,245,18,18,0.89,16.02
416,88,246,36,36,1.78,64.08
417,88,250,6,6,2.41,14.46
418,88,273,12,12,2.16,25.92
419,89,342,42,42,4.91,206.22
420,89,356,6,6,1.18,7.08
421,90,374,15,15,1.64,24.60
422,90,375,24,24,1.42,34.08
423,90,383,13,13,1.64,21.32
424,91,398,24,24,0.63,15.12
425,91,408,21,21,3.28,68.88
426,91,426,6,6,0.33,1.98
427,91,435,4,4,3.26,13.04
428,92,464,36,36,1.39,50.04
429,93,490,6,6,1.18,7.08
430,93,510,12,12,3.04,36.48
431,94,45,24,24,2.67,64.08
432,95,102,18,18,5.00,90.00
433,95,116,24,24,2.18,52.32
434,96,178,72,72,1.03,74.16
435,96,205,8,8,1.90,15.20
436,97,251,14,14,3.71,51.94
437,97,256,24,24,1.77,42.48
438,97,263,48,48,2.01,96.48
439,97,281,12,12,0.82,9.84
440,98,365,60,60,1.35,81.00
441,99,376,24,24,2.10,50.40
442,100,394,1,1,1.21,1.21
443,100,422,24,24,4.78,114.72
444,101,452,24,24,0.63,15.12
445,101,455,27,27,1.94,52.38
446,102,517,1,1,3.04,3.04
447,103,526,6,6,1.18,7.08
448,104,577,12,12,1.36,16.32
449,105,1,35,35,1.34,46.90
450,105,34,24,24,1.01,24.24
451,105,139,12,12,2.04,24.48
452,105,163,6,6,2.11,12.66
453,106,84,6,6,4.10,24.60
454,106,89,12,12,0.69,8.28
455,106,112,18,18,0.71,12.78
456,107,208,24,24,1.96,47.04
457,108,249,8,8,1.90,15.20
458,108,257,48,48,0.63,30.24
459,108,262,105,105,2.91,305.55
460,108,265,12,12,4.05,48.60
461,108,302,12,12,2.06,24.72
462,109,349,24,24,0.85,20.40
463,109,354,12,12,1.21,14.52
464,109,360,3,3,4.35,13.05
465,110,384,12,12,2.18,26.16
466,110,392,12,12,0.36,4.32
467,111,440,6,6,2.40,14.40
468,112,458,2,2,1.25,2.50
469,112,460,2,2,1.62,3.24
470,113,477,6,6,0.56,3.36
471,113,486,12,12,1.03,12.36
472,113,499,12,12,1.10,13.20
473,114,558,96,96,0.29,27.84
474,115,8,96,96,2.57,246.72
475,115,9,12,12,3.51,42.12
476,115,14,6,6,2.81,16.86
477,115,20,1,1,2.72,2.72
478,115,26,24,24,1.78,42.72
479,115,130,34,34,1.42,48.28
480,115,158,72,72,0.71,51.12
481,116,51,1,1,0.83,0.83
482,117,76,42,42,1.44,60.48
483,117,103,12,12,3.56,42.72
484,117,111,48,48,1.41,67.68
485,118,206,24,24,1.29,30.96
486,118,209,24,24,1.85,44.40
487,118,213,12,12,0.92,11.04
488,119,236,12,12,1.27,15.24
489,119,240,24,24,1.78,42.72
490,119,244,18,18,1.98,35.64
491,119,289,12,12,1.63,19.56
492,120,323,36,36,1.91,68.76
493,120,343,12,12,1.21,14.52
494,121,370,6,6,1.42,8.52
495,122,473,1,1,1.75,1.75
496,122,482,2,2,0.95,1.90
497,123,534,24,24,1.91,45.84
498,124,7,18,18,0.72,12.96
499,124,11,24,24,1.41,33.84
500,124,169,6,6,1.00,6.00
501,125,79,6,6,2.04,12.24
502,125,82,36,36,1.35,48.60
503,125,86,24,24,4.78,114.72
504,125,87,12,12,2.02,24.24
505,125,90,204,204,1.48,301.92
506,125,93,78,78,0.69,53.82
507,126,186,24,24,1.57,37.68
508,126,203,18,18,0.66,11.88
509,127,248,12,12,2.05,24.60
510,127,304,30,30,1.15,34.50
511,127,312,12,12,1.41,16.92
512,127,314,19,19,1.07,20.33
513,128,478,2,2,0.51,1.02
514,129,552,12,12,1.01,12.12
515,130,41,5,5,1.03,5.15
516,130,44,48,48,1.80,86.40
517,130,128,48,48,1.36,65.28
518,130,157,18,18,2.59,46.62
519,130,166,36,36,1.31,47.16
520,131,114,24,24,0.75,18.00
521,131,121,60,60,2.59,155.40
522,132,270,12,12,1.18,14.16
523,133,351,12,12,4.73,56.76
524,133,355,6,6,1.20,7.20
525,134,373,12,12,2.50,30.00
526,135,456,3,3,1.30,3.90
527,136,500,1,1,1.56,1.56
528,136,503,12,12,0.52,6.24
529,136,513,6,6,1.31,7.86
530,137,529,12,12,2.96,35.52
531,137,543,6,6,1.32,7.92
532,137,556,24,24,1.81,43.44
533,138,6,84,84,1.29,108.36
534,138,23,24,24,1.00,24.00
535,138,36,30,30,0.60,18.00
536,138,138,24,24,1.32,31.68
537,138,162,6,6,2.15,12.90
538,139,66,114,114,1.05,119.70
539,140,81,10,10,0.73,7.30
540,140,85,48,48,2.11,101.28
541,140,96,3,3,1.13,3.39
542,140,118,114,114,0.69,78.66
543,141,182,6,6,4.97,29.82
544,142,254,12,12,1.24,14.88
545,143,321,36,36,1.19,42.84
546,143,356,6,6,1.18,7.08
547,144,390,36,36,1.45,52.20
548,145,406,24,24,1.75,42.00
549,145,410,24,24,1.26,30.24
550,145,424,12,12,1.88,22.56
551,145,429,7,7,1.87,13.09
552,146,494,1,1,1.63,1.63
553,147,10,18,18,2.12,38.16
554,147,21,12,12,1.65,19.80
555,147,48,30,30,1.44,43.20
556,147,151,17,17,0.73,12.41
557,148,60,48,48,1.09,52.32
558,148,64,13,13,0.92,11.96
559,149,104,88,88,0.68,59.84
560,149,106,24,24,0.69,16.56
561,150,198,12,12,1.21,14.52
562,150,216,24,24,1.38,33.12
563,150,217,6,6,0.93,5.58
564,151,260,18,18,2.39,43.02
565,152,318,24,24,1.62,38.88
566,152,326,24,24,0.82,19.68
567,153,371,3,3,1.36,4.08
568,154,438,24,24,1.31,31.44
569,155,110,252,252,2.65,667.80
570,156,255,10,10,1.98,19.80
571,157,315,24,24,0.57,13.68
572,157,331,4,4,4.60,18.40
573,157,347,24,24,1.75,42.00
574,158,524,4,4,1.38,5.52
575,159,13,72,72,4.80,345.60
576,159,131,18,18,0.67,12.06
577,160,80,24,24,1.45,34.80
578,160,98,84,84,2.40,201.60
579,160,101,30,30,1.01,30.30
580,161,175,24,24,0.96,23.04
581,162,219,24,24,0.92,22.08
582,162,229,6,6,0.32,1.92
583,162,267,13,13,1.14,14.82
584,162,275,42,42,0.80,33.60
585,162,292,24,24,1.24,29.76
586,162,297,6,6,2.92,17.52
587,162,309,24,24,0.84,20.16
588,163,372,12,12,1.43,17.16
589,164,507,24,24,1.09,26.16
590,165,564,12,12,2.48,29.76
591,166,38,6,6,0.64,3.84
592,166,40,36,36,2.75,99.00
593,166,42,16,16,0.96,15.36
594,166,43,10,10,1.37,13.70
595,166,46,30,30,1.06,31.80
596,166,143,26,26,2.14,55.64
597,166,164,5,5,0.69,3.45
598,166,168,18,18,1.06,19.08
599,167,52,24,24,1.02,24.48
600,167,53,15,15,2.09,31.35
601,168,88,3,3,3.47,10.41
602,168,117,24,24,1.47,35.28
603,169,190,6,6,1.24,7.44
604,170,223,6,6,0.67,4.02
605,171,320,36,36,1.82,65.52
606,172,401,6,6,1.10,6.60
607,172,423,6,6,1.29,7.74
608,173,487,12,12,3.64,43.68
609,173,495,12,12,1.22,14.64
610,173,517,1,1,3.04,3.04
611,174,25,102,102,2.95,300.90
612,174,32,48,48,0.62,29.76
613,174,123,24,24,2.02,48.48
614,174,150,48,48,1.63,78.24
615,175,91,66,66,1.33,87.78
616,175,95,48,48,1.08,51.84
617,175,105,48,48,1.83,87.84
618,175,107,12,12,1.13,13.56
619,175,113,6,6,2.13,12.78
620,176,218,66,66,1.26,83.16
621,177,228,20,20,1.86,37.20
622,177,237,18,18,0.90,16.20
623,177,272,6,6,1.47,8.82
624,177,278,72,72,0.57,41.04
625,177,285,6,6,1.63,9.78
626,178,348,12,12,0.82,9.84
627,179,367,18,18,2.16,38.88
628,180,497,3,3,2.36,7.08
629,180,500,1,1,1.56,1.56
630,181,20,1,1,2.72,2.72
631,182,49,47,47,2.35,110.45
632,182,51,1,1,0.83,0.83
633,183,78,48,48,1.06,50.88
634,183,115,11,11,1.05,11.55
635,184,172,32,32,3.07,98.24
636,184,187,24,24,0.63,15.12
637,185,243,42,42,0.65,27.30
638,185,276,12,12,1.07,12.84
639,185,294,12,12,1.59,19.08
640,185,296,24,24,0.53,12.72
641,185,299,60,60,2.12,127.20
642,185,310,24,24,1.57,37.68
643,186,330,36,36,2.85,102.60
644,186,334,24,24,1.28,30.72
645,187,382,12,12,1.46,17.52
646,188,395,17,17,0.89,15.13
647,188,396,24,24,1.45,34.80
648,189,462,12,12,0.33,3.96
649,190,546,6,6,3.57,21.42
650,191,589,5,5,0.45,2.25
651,192,17,36,36,0.96,34.56
652,192,125,6,6,0.64,3.84
653,192,140,18,18,1.06,19.08
654,192,162,6,6,2.15,12.90
655,192,167,84,84,2.77,232.68
656,193,56,60,60,0.60,36.00
657,193,71,24,24,0.48,11.52
658,194,188,12,12,2.82,33.84
659,195,230,6,6,1.21,7.26
660,195,235,6,6,0.31,1.86
661,195,239,24,24,1.21,29.04
662,195,271,6,6,0.77,4.62
663,195,305,72,72,1.98,142.56
664,196,336,24,24,1.23,29.52
665,196,338,12,12,0.56,6.72
666,197,419,9,9,0.63,5.67
667,198,461,24,24,2.85,68.40
668,199,482,2,2,0.95,1.90
669,200,588,6,6,1.38,8.28
670,201,2,180,180,0.32,57.60
671,201,124,60,60,1.69,101.40
672,201,147,6,6,0.36,2.16
673,201,170,3,3,4.26,12.78
674,202,97,24,24,1.75,42.00
675,202,108,24,24,0.35,8.40
676,203,181,5,5,0.33,1.65
677,204,222,48,48,0.65,31.20
678,204,234,12,12,1.22,14.64
679,204,246,36,36,1.78,64.08
680,204,283,24,24,2.22,53.28
681,204,300,12,12,0.78,9.36
682,205,332,12,12,1.90,22.80
683,205,342,42,42,4.91,206.22
684,205,344,6,6,0.77,4.62
685,206,374,15,15,1.64,24.60
686,206,383,13,13,1.64,21.32
687,207,427,54,54,0.91,49.14
688,208,447,6,6,3.55,21.30
689,208,456,3,3,1.30,3.90
690,208,457,12,12,1.29,15.48
691,208,458,2,2,1.25,2.50
692,208,460,2,2,1.62,3.24
693,209,55,24,24,0.28,6.72
694,210,100,24,24,1.45,34.80
695,211,126,36,36,2.04,73.44
696,211,137,12,12,2.67,32.04
697,211,154,7,7,1.67,11.69
698,212,173,12,12,2.61,31.32
699,212,179,24,24,2.27,54.48
700,213,314,19,19,1.07,20.33
701,214,335,12,12,0.55,6.60
702,214,365,60,60,1.35,81.00
703,215,372,12,12,1.43,17.16
704,215,388,12,12,5.84,70.08
705,216,454,6,6,0.95,5.70
706,217,479,6,6,1.60,9.60
707,218,551,3,3,1.75,5.25
708,219,20,1,1,2.72,2.72
709,219,22,12,12,1.26,15.12
710,220,61,24,24,0.24,5.76
711,220,69,36,36,0.84,30.24
712,221,171,19,19,4.33,82.27
713,221,174,36,36,0.58,20.88
714,221,204,48,48,2.02,96.96
715,221,211,12,12,2.13,25.56
716,222,287,4,4,1.37,5.48
717,222,291,18,18,1.87,33.66
718,223,341,6,6,1.70,10.20
719,224,369,6,6,0.36,2.16
720,225,492,6,6,1.00,6.00
721,226,561,2,2,5.02,10.04
722,227,29,24,24,0.71,17.04
723,227,33,24,24,1.79,42.96
724,227,127,48,48,2.90,139.20
725,227,149,12,12,2.02,24.24
726,227,166,36,36,1.31,47.16
727,228,54,24,24,2.11,50.64
728,229,102,18,18,5.00,90.00
729,230,269,42,42,1.12,47.04
730,231,337,5,5,0.98,4.90
731,231,340,12,12,0.90,10.80
732,231,355,6,6,1.20,7.20
733,232,370,6,6,1.42,8.52
734,232,386,12,12,1.38,16.56
735,233,445,8,8,1.63,13.04
736,234,478,2,2,0.51,1.02
737,234,489,6,6,0.91,5.46
738,234,500,1,1,1.56,1.56
739,235,575,2,2,1.08,2.16
740,235,584,6,6,1.08,6.48
741,236,15,36,36,0.64,23.04
742,236,144,12,12,0.65,7.80
743,236,148,24,24,1.00,24.00
744,236,158,72,72,0.71,51.12
745,236,159,12,12,1.95,23.40
746,236,164,5,5,0.69,3.45
747,237,72,31,31,2.72,84.32
748,238,96,3,3,1.13,3.39
749,239,251,14,14,3.71,51.94
750,239,273,12,12,2.16,25.92
751,239,298,19,19,1.67,31.73
752,239,308,24,24,1.04,24.96
753,240,329,12,12,0.27,3.24
754,240,354,12,12,1.21,14.52
755,240,361,2,2,1.07,2.14
756,241,469,12,12,0.95,11.40
757,242,497,3,3,2.36,7.08
758,243,4,12,12,0.33,3.96
759,243,134,72,72,3.35,241.20
760,244,99,8,8,1.76,14.08
761,245,186,24,24,1.57,37.68
762,245,203,18,18,0.66,11.88
763,246,232,23,23,1.21,27.83
764,246,249,8,8,1.90,15.20
765,246,252,18,18,1.23,22.14
766,246,284,12,12,2.66,31.92
767,246,293,12,12,1.73,20.76
768,247,327,12,12,0.84,10.08
769,247,353,12,12,1.19,14.28
770,247,364,12,12,0.86,10.32
771,248,368,3,3,1.70,5.10
772,248,384,12,12,2.18,26.16
773,249,431,6,6,0.66,3.96
774,250,459,24,24,1.05,25.20
775,251,559,6,6,0.66,3.96
776,251,565,42,42,3.16,132.72
777,252,16,18,18,2.51,45.18
778,252,18,24,24,1.79,42.96
779,252,30,12,12,1.58,18.96
780,252,151,17,17,0.73,12.41
781,252,160,36,36,0.67,24.12
782,252,163,6,6,2.11,12.66
783,253,53,15,15,2.09,31.35
784,253,60,48,48,1.09,52.32
785,253,68,48,48,1.77,84.96
786,253,70,6,6,1.82,10.92
787,253,74,18,18,0.73,13.14
788,254,114,24,24,0.75,18.00
789,254,122,48,48,0.34,16.32
790,255,177,12,12,1.73,20.76
791,255,194,6,6,2.08,12.48
792,255,198,12,12,1.21,14.52
793,255,201,18,18,2.77,49.86
794,255,214,24,24,2.03,48.72
795,255,217,6,6,0.93,5.58
796,256,266,12,12,1.23,14.76
797,256,286,12,12,2.08,24.96
798,256,289,12,12,1.63,19.56
799,257,325,6,6,1.15,6.90
800,257,360,3,3,4.35,13.05
801,258,374,15,15,1.64,24.60
802,258,390,36,36,1.45,52.20
803,259,414,24,24,0.28,6.72
804,260,490,6,6,1.18,7.08
805,260,504,14,14,1.10,15.40
806,260,517,1,1,3.04,3.04
807,261,553,6,6,1.30,7.80
808,261,568,9,9,1.91,17.19
809,261,569,6,6,0.99,5.94
810,262,86,24,24,4.78,114.72
811,262,103,12,12,3.56,42.72
812,263,141,24,24,1.97,47.28
813,264,175,24,24,0.96,23.04
814,264,182,6,6,4.97,29.82
815,264,205,8,8,1.90,15.20
816,264,216,24,24,1.38,33.12
817,265,242,6,6,1.24,7.44
818,265,272,6,6,1.47,8.82
819,265,274,24,24,1.16,27.84
820,266,319,18,18,0.84,15.12
821,267,465,3,3,1.87,5.61
822,268,473,1,1,1.75,1.75
823,269,524,4,4,1.38,5.52
824,269,558,96,96,0.29,27.84
825,270,62,72,72,2.33,167.76
826,271,90,204,204,1.48,301.92
827,272,130,34,34,1.42,48.28
828,273,260,18,18,2.39,43.02
829,273,265,12,12,4.05,48.60
830,273,271,6,6,0.77,4.62
831,274,339,6,6,0.91,5.46
832,275,440,6,6,2.40,14.40
833,276,482,2,2,0.95,1.90
834,276,486,12,12,1.03,12.36
835,276,513,6,6,1.31,7.86
836,277,525,21,21,1.40,29.40
837,277,556,24,24,1.81,43.44
838,278,577,12,12,1.36,16.32
839,278,593,6,6,0.80,4.80
840,279,1,35,35,1.34,46.90
841,279,14,6,6,2.81,16.86
842,280,58,36,36,0.97,34.92
843,281,76,42,42,1.44,60.48
844,281,110,252,252,2.65,667.80
845,282,176,48,48,0.61,29.28
846,282,178,72,72,1.03,74.16
847,282,184,12,12,1.06,12.72
848,283,231,12,12,1.67,20.04
849,283,250,6,6,2.41,14.46
850,283,290,24,24,0.91,21.84
851,283,304,30,30,1.15,34.50
852,284,346,5,5,1.98,9.90
853,284,362,12,12,1.10,13.20
854,285,379,6,6,1.99,11.94
855,286,470,10,10,0.67,6.70
856,287,515,5,5,0.52,2.60
857,288,574,6,6,1.71,10.26
858,289,19,24,24,1.31,31.44
859,289,45,24,24,2.67,64.08
860,289,132,6,6,0.72,4.32
861,289,143,26,26,2.14,55.64
862,289,152,6,6,1.77,10.62
863,289,168,18,18,1.06,19.08
864,289,169,6,6,1.00,6.00
865,290,51,1,1,0.83,0.83
866,290,66,114,114,1.05,119.70
867,291,81,10,10,0.73,7.30
868,291,82,36,36,1.35,48.60
869,291,101,30,30,1.01,30.30
870,292,172,32,32,3.07,98.24
871,292,191,12,12,2.48,29.76
872,293,220,11,11,1.56,17.16
873,293,257,48,48,0.63,30.24
874,293,262,105,105,2.91,305.55
875,294,328,36,36,1.21,43.56
876,294,356,6,6,1.18,7.08
877,295,394,1,1,1.21,1.21
878,296,464,36,36,1.39,50.04
879,296,466,5,5,2.66,13.30
880,297,478,2,2,0.51,1.02
881,297,502,6,6,1.02,6.12
882,298,528,24,24,1.28,30.72
883,299,590,6,6,0.98,5.88
884,300,20,1,1,2.72,2.72
885,300,24,24,24,2.66,63.84
886,300,131,18,18,0.67,12.06
887,300,170,3,3,4.26,12.78
888,301,52,24,24,1.02,24.48
889,302,112,18,18,0.71,12.78
890,303,267,13,13,1.14,14.82
891,303,297,6,6,2.92,17.52
892,304,373,12,12,2.50,30.00
893,304,385,12,12,0.70,8.40
894,305,425,3,3,1.18,3.54
895,305,437,6,6,0.99,5.94
896,306,455,27,27,1.94,52.38
897,306,458,2,2,1.25,2.50
898,307,547,6,6,1.60,9.60
899,308,26,24,24,1.78,42.72
900,308,42,16,16,0.96,15.36
901,308,146,24,24,0.68,16.32
902,309,79,6,6,2.04,12.24
903,309,85,48,48,2.11,101.28
904,309,96,3,3,1.13,3.39
905,309,113,6,6,2.13,12.78
906,309,116,24,24,2.18,52.32
907,310,197,12,12,2.31,27.72
908,311,238,12,12,1.68,20.16
909,311,243,42,42,0.65,27.30
910,312,333,18,18,1.20,21.60
911,313,408,21,21,3.28,68.88
912,314,492,6,6,1.00,6.00
913,314,497,3,3,2.36,7.08
914,314,511,12,12,0.79,9.48
915,315,41,5,5,1.03,5.15
916,315,123,24,24,2.02,48.48
917,315,150,48,48,1.63,78.24
918,316,64,13,13,0.92,11.96
919,317,87,12,12,2.02,24.24
920,317,89,12,12,0.69,8.28
921,317,93,78,78,0.69,53.82
922,317,104,88,88,0.68,59.84
923,318,181,5,5,0.33,1.65
924,318,189,3,3,1.33,3.99
925,319,228,20,20,1.86,37.20
926,319,230,6,6,1.21,7.26
927,319,234,12,12,1.22,14.64
928,319,245,18,18,0.89,16.02
929,319,246,36,36,1.78,64.08
930,319,310,24,24,1.57,37.68
931,320,367,18,18,2.16,38.88
932,320,387,6,6,2.41,14.46
933,320,392,12,12,0.36,4.32
934,321,457,12,12,1.29,15.48
935,322,552,12,12,1.01,12.12
936,323,118,114,114,0.69,78.66
937,323,121,60,60,2.59,155.40
938,324,162,6,6,2.15,12.90
939,325,171,19,19,4.33,82.27
940,325,188,12,12,2.82,33.84
941,326,255,10,10,1.98,19.80
942,326,278,72,72,0.57,41.04
943,326,295,6,6,3.65,21.90
944,326,309,24,24,0.84,20.16
945,326,313,6,6,2.36,14.16
946,327,356,6,6,1.18,7.08
947,328,383,13,13,1.64,21.32
948,329,397,6,6,0.89,5.34
949,329,438,24,24,1.31,31.44
950,330,494,1,1,1.63,1.63
951,331,534,24,24,1.91,45.84
952,332,57,24,24,1.03,24.72
953,333,115,11,11,1.05,11.55
954,334,218,66,66,1.26,83.16
955,335,247,8,8,1.77,14.16
956,335,305,72,72,1.98,142.56
957,336,331,4,4,4.60,18.40
958,337,388,12,12,5.84,70.08
959,338,396,24,24,1.45,34.80
960,339,473,1,1,1.75,1.75
961,339,478,2,2,0.51,1.02
962,339,482,2,2,0.95,1.90
963,340,8,96,96,2.57,246.72
964,340,20,1,1,2.72,2.72
965,340,140,18,18,1.06,19.08
966,340,142,24,24,1.36,32.64
967,340,157,18,18,2.59,46.62
968,341,49,47,47,2.35,110.45
969,342,179,24,24,2.27,54.48
970,342,190,6,6,1.24,7.44
971,343,237,18,18,0.90,16.20
972,343,296,24,24,0.53,12.72
973,344,389,12,12,3.68,44.16
974,345,400,12,12,2.39,28.68
975,346,507,24,24,1.09,26.16
976,347,526,6,6,1.18,7.08
977,348,10,18,18,2.12,38.16
978,348,139,12,12,2.04,24.48
979,348,166,36,36,1.31,47.16
980,349,53,15,15,2.09,31.35
981,349,56,60,60,0.60,36.00
982,350,103,12,12,3.56,42.72
983,351,186,24,24,1.57,37.68
984,351,205,8,8,1.90,15.20
985,352,252,18,18,1.23,22.14
986,352,263,48,48,2.01,96.48
987,352,266,12,12,1.23,14.76
988,352,294,12,12,1.59,19.08
989,352,299,60,60,2.12,127.20
990,352,314,19,19,1.07,20.33
991,353,342,42,42,4.91,206.22
992,353,351,12,12,4.73,56.76
993,353,353,12,12,1.19,14.28
994,353,365,60,60,1.35,81.00
995,354,368,3,3,1.70,5.10
996,354,370,6,6,1.42,8.52
997,354,372,12,12,1.43,17.16
998,354,374,15,15,1.64,24.60
999,355,411,6,6,0.84,5.04
1000,355,419,9,9,0.63,5.67
1001,355,424,12,12,1.88,22.56
1002,356,456,3,3,1.30,3.90
1003,356,461,24,24,2.85,68.40
1004,357,575,2,2,1.08,2.16
1005,358,6,84,84,1.29,108.36
1006,358,124,60,60,1.69,101.40
1007,358,127,48,48,2.90,139.20
1008,358,158,72,72,0.71,51.12
1009,358,167,84,84,2.77,232.68
1010,359,73,24,24,0.84,20.16
1011,360,187,24,24,0.63,15.12
1012,361,285,6,6,1.63,9.78
1013,361,287,4,4,1.37,5.48
1014,362,347,24,24,1.75,42.00
1015,362,355,6,6,1.20,7.20
1016,363,418,6,6,2.99,17.94
1017,363,444,2,2,1.93,3.86
1018,364,499,12,12,1.10,13.20
1019,364,517,1,1,3.04,3.04
1020,365,27,12,12,0.32,3.84
1021,365,128,48,48,1.36,65.28
1022,365,170,3,3,4.26,12.78
1023,366,77,6,6,1.05,6.30
1024,366,102,18,18,5.00,90.00
1025,367,208,24,24,1.96,47.04
1026,368,229,6,6,0.32,1.92
1027,368,232,23,23,1.21,27.83
1028,368,281,12,12,0.82,9.84
1029,368,283,24,24,2.22,53.28
1030,369,320,36,36,1.82,65.52
1031,369,337,5,5,0.98,4.90
1032,370,376,24,24,2.10,50.40
1033,371,460,2,2,1.62,3.24
1034,372,557,12,12,1.59,19.08
1035,373,589,5,5,0.45,2.25
1036,374,15,36,36,0.64,23.04
1037,374,17,36,36,0.96,34.56
1038,374,21,12,12,1.65,19.80
1039,374,36,30,30,0.60,18.00
1040,374,38,6,6,0.64,3.84
1041,374,164,5,5,0.69,3.45
1042,375,60,48,48,1.09,52.32
1043,375,69,36,36,0.84,30.24
1044,376,92,24,24,1.04,24.96
1045,376,98,84,84,2.40,201.60
1046,377,198,12,12,1.21,14.52
1047,378,222,48,48,0.65,31.20
1048,378,241,12,12,2.20,26.40
1049,378,269,42,42,1.12,47.04
1050,378,275,42,42,0.80,33.60
1051,378,276,12,12,1.07,12.84
1052,378,312,12,12,1.41,16.92
1053,379,322,17,17,0.98,16.66
1054,379,325,6,6,1.15,6.90
1055,379,343,12,12,1.21,14.52
1056,379,346,5,5,1.98,9.90
1057,380,382,12,12,1.46,17.52
1058,381,429,7,7,1.87,13.09
1059,381,431,6,6,0.66,3.96
1060,382,479,6,6,1.60,9.60
1061,382,489,6,6,0.91,5.46
1062,382,500,1,1,1.56,1.56
1063,382,503,12,12,0.52,6.24
1064,383,9,12,12,3.51,42.12
1065,383,125,6,6,0.64,3.84
1066,383,143,26,26,2.14,55.64
1067,383,152,6,6,1.77,10.62
1068,384,51,1,1,0.83,0.83
1069,384,71,24,24,0.48,11.52
1070,385,88,3,3,3.47,10.41
1071,385,91,66,66,1.33,87.78
1072,386,182,6,6,4.97,29.82
1073,386,189,3,3,1.33,3.99
1074,386,213,12,12,0.92,11.04
1075,386,216,24,24,1.38,33.12
1076,386,217,6,6,0.93,5.58
1077,387,236,12,12,1.27,15.24
1078,387,250,6,6,2.41,14.46
1079,387,251,14,14,3.71,51.94
1080,387,271,6,6,0.77,4.62
1081,387,292,24,24,1.24,29.76
1082,387,308,24,24,1.04,24.96
1083,388,350,6,6,2.10,12.60
1084,389,371,3,3,1.36,4.08
1085,390,395,17,17,0.89,15.13
1086,391,478,2,2,0.51,1.02
1087,391,482,2,2,0.95,1.90
1088,391,490,6,6,1.18,7.08
1089,392,525,21,21,1.40,29.40
1090,392,543,6,6,1.32,7.92
1091,392,568,9,9,1.91,17.19
1092,393,581,6,6,0.41,2.46
1093,394,20,1,1,2.72,2.72
1094,394,31,12,12,2.13,25.56
1095,394,34,24,24,1.01,24.24
1096,394,48,30,30,1.44,43.20
1097,394,163,6,6,2.11,12.66
1098,395,109,12,12,2.89,34.68
1099,395,113,6,6,2.13,12.78
1100,395,119,12,12,2.22,26.64
1101,396,174,36,36,0.58,20.88
1102,396,175,24,24,0.96,23.04
1103,396,215,24,24,2.19,52.56
1104,397,261,12,12,0.68,8.16
1105,398,361,2,2,1.07,2.14
1106,399,394,1,1,1.21,1.21
1107,400,488,6,6,2.18,13.08
1108,401,5,24,24,5.49,131.76
1109,401,126,36,36,2.04,73.44
1110,401,151,17,17,0.73,12.41
1111,401,154,7,7,1.67,11.69
1112,402,181,5,5,0.33,1.65
1113,403,244,18,18,1.98,35.64
1114,403,311,12,12,0.63,7.56
1115,404,321,36,36,1.19,42.84
1116,404,360,3,3,4.35,13.05
1117,405,378,12,12,2.15,25.80
1118,406,401,6,6,1.10,6.60
1119,406,406,24,24,1.75,42.00
1120,407,524,4,4,1.38,5.52
1121,408,3,12,12,0.97,11.64
1122,408,40,36,36,2.75,99.00
1123,408,42,16,16,0.96,15.36
1124,409,55,24,24,0.28,6.72
1125,409,66,114,114,1.05,119.70
1126,409,72,31,31,2.72,84.32
1127,410,76,42,42,1.44,60.48
1128,410,95,48,48,1.08,51.84
1129,410,107,12,12,1.13,13.56
1130,411,203,18,18,0.66,11.88
1131,412,270,12,12,1.18,14.16
1132,413,332,12,12,1.90,22.80
1133,414,390,36,36,1.45,52.20
1134,415,427,54,54,0.91,49.14
1135,416,462,12,12,0.33,3.96
1136,417,553,6,6,1.30,7.80
1137,417,554,1,1,1.15,1.15
1138,417,572,6,6,0.61,3.66
1139,418,22,12,12,1.26,15.12
1140,418,46,30,30,1.06,31.80
1141,418,156,6,6,1.40,8.40
1142,418,161,12,12,3.53,42.36
1143,419,110,252,252,2.65,667.80
1144,419,111,48,48,1.41,67.68
1145,420,172,32,32,3.07,98.24
1146,420,183,12,12,1.75,21.00
1147,421,220,11,11,1.56,17.16
1148,421,227,6,6,1.36,8.16
1149,421,239,24,24,1.21,29.04
1150,421,279,6,6,1.20,7.20
1151,422,324,48,48,1.90,91.20
1152,422,354,12,12,1.21,14.52
1153,423,410,24,24,1.26,30.24
1154,423,440,6,6,2.40,14.40
1155,424,469,12,12,0.95,11.40
1156,425,473,1,1,1.75,1.75
1157,425,482,2,2,0.95,1.90
1158,425,494,1,1,1.63,1.63
1159,426,583,6,6,2.13,12.78
1160,427,25,102,102,2.95,300.90
1161,427,134,72,72,3.35,241.20
1162,427,136,24,24,2.74,65.76
1163,427,144,12,12,0.65,7.80
1164,427,150,48,48,1.63,78.24
1165,428,82,36,36,1.35,48.60
1166,428,84,6,6,4.10,24.60
1167,428,105,48,48,1.83,87.84
1168,429,173,12,12,2.61,31.32
1169,430,235,6,6,0.31,1.86
1170,430,260,18,18,2.39,43.02
1171,431,329,12,12,0.27,3.24
1172,431,348,12,12,0.82,9.84
1173,431,362,12,12,1.10,13.20
1174,432,374,15,15,1.64,24.60
1175,433,426,6,6,0.33,1.98
1176,434,454,6,6,0.95,5.70
1177,434,466,5,5,2.66,13.30
1178,435,500,1,1,1.56,1.56
1179,436,561,2,2,5.02,10.04
1180,437,2,180,180,0.32,57.60
1181,437,11,24,24,1.41,33.84
1182,437,13,72,72,4.80,345.60
1183,437,28,12,12,0.34,4.08
1184,437,123,24,24,2.02,48.48
1185,437,132,6,6,0.72,4.32
1186,437,159,12,12,1.95,23.40
1187,437,162,6,6,2.15,12.90
1188,437,168,18,18,1.06,19.08
1189,437,170,3,3,4.26,12.78
1190,438,54,24,24,2.11,50.64
1191,438,58,36,36,0.97,34.92
1192,438,68,48,48,1.77,84.96
1193,439,78,48,48,1.06,50.88
1194,439,122,48,48,0.34,16.32
1195,440,178,72,72,1.03,74.16
1196,440,179,24,24,2.27,54.48
1197,440,211,12,12,2.13,25.56
1198,441,306,12,12,1.47,17.64
1199,441,307,24,24,0.53,12.72
1200,442,341,6,6,1.70,10.20
1201,443,408,21,21,3.28,68.88
1202,444,463,12,12,3.61,43.32
1203,445,513,6,6,1.31,7.86
1204,445,516,6,6,1.73,10.38
1205,446,531,6,6,2.18,13.08
1206,446,565,42,42,3.16,132.72
1207,447,41,5,5,1.03,5.15
1208,447,138,24,24,1.32,31.68
1209,448,61,24,24,0.24,5.76
1210,448,65,6,6,1.17,7.02
1211,448,74,18,18,0.73,13.14
1212,449,86,24,24,4.78,114.72
1213,449,90,204,204,1.48,301.92
1214,449,96,3,3,1.13,3.39
1215,449,101,30,30,1.01,30.30
1216,449,114,24,24,0.75,18.00
1217,450,202,6,6,1.00,6.00
1218,451,243,42,42,0.65,27.30
1219,451,246,36,36,1.78,64.08
1220,451,249,8,8,1.90,15.20
1221,451,290,24,24,0.91,21.84
1222,451,293,12,12,1.73,20.76
1223,451,295,6,6,3.65,21.90
1224,451,300,12,12,0.78,9.36
1225,451,314,19,19,1.07,20.33
1226,452,336,24,24,1.23,29.52
1227,452,346,5,5,1.98,9.90
1228,452,365,60,60,1.35,81.00
1229,453,369,6,6,0.36,2.16
1230,454,474,24,24,0.97,23.28
1231,455,1,35,35,1.34,46.90
1232,455,135,6,6,2.84,17.04
1233,455,164,5,5,0.69,3.45
1234,456,204,48,48,2.02,96.96
1235,457,247,8,8,1.77,14.16
1236,457,257,48,48,0.63,30.24
1237,457,265,12,12,4.05,48.60
1238,457,298,19,19,1.67,31.73
1239,457,304,30,30,1.15,34.50
1240,458,364,12,12,0.86,10.32
1241,459,372,12,12,1.43,17.16
1242,460,407,12,12,1.75,21.00
1243,461,445,8,8,1.63,13.04
1244,461,470,10,10,0.67,6.70
1245,462,492,6,6,1.00,6.00
1246,462,495,12,12,1.22,14.64
1247,462,504,14,14,1.10,15.40
1248,462,517,1,1,3.04,3.04
1249,463,569,6,6,0.99,5.94
1250,464,600,6,6,0.52,3.12
1251,465,62,72,72,2.33,167.76
1252,466,103,12,12,3.56,42.72
1253,467,130,34,34,1.42,48.28
1254,468,198,12,12,1.21,14.52
1255,469,262,105,105,2.91,305.55
1256,469,267,13,13,1.14,14.82
1257,469,272,6,6,1.47,8.82
1258,470,367,18,18,2.16,38.88
1259,470,368,3,3,1.70,5.10
1260,470,384,12,12,2.18,26.16
1261,471,435,4,4,3.26,13.04
1262,472,456,3,3,1.30,3.90
1263,473,497,3,3,2.36,7.08
1264,474,558,96,96,0.29,27.84
1265,474,559,6,6,0.66,3.96
1266,475,18,24,24,1.79,42.96
1267,475,19,24,24,1.31,31.44
1268,475,141,24,24,1.97,47.28
1269,475,148,24,24,1.00,24.00
1270,475,158,72,72,0.71,51.12
1271,476,51,1,1,0.83,0.83
1272,477,171,19,19,4.33,82.27
1273,477,176,48,48,0.61,29.28
1274,478,229,6,6,0.32,1.92
1275,478,294,12,12,1.59,19.08
1276,479,335,12,12,0.55,6.60
1277,480,373,12,12,2.50,30.00
1278,481,500,1,1,1.56,1.56
1279,481,507,24,24,1.09,26.16
1280,482,556,24,24,1.81,43.44
1281,482,574,6,6,1.71,10.26
1282,483,24,24,24,2.66,63.84
1283,483,44,48,48,1.80,86.40
1284,483,127,48,48,2.90,139.20
1285,483,137,12,12,2.67,32.04
1286,484,52,24,24,1.02,24.48
1287,484,53,15,15,2.09,31.35
1288,484,64,13,13,0.92,11.96
1289,485,97,24,24,1.75,42.00
1290,485,108,24,24,0.35,8.40
1291,486,186,24,24,1.57,37.68
1292,486,188,12,12,2.82,33.84
1293,486,199,12,12,1.38,16.56
1294,486,201,18,18,2.77,49.86
1295,486,217,6,6,0.93,5.58
1296,487,224,6,6,0.34,2.04
1297,487,234,12,12,1.22,14.64
1298,487,266,12,12,1.23,14.76
1299,487,273,12,12,2.16,25.92
1300,487,276,12,12,1.07,12.84
1301,487,289,12,12,1.63,19.56
1302,487,299,60,60,2.12,127.20
1303,487,309,24,24,0.84,20.16
1304,487,310,24,24,1.57,37.68
1305,488,382,12,12,1.46,17.52
1306,488,385,12,12,0.70,8.40
1307,488,386,12,12,1.38,16.56
1308,488,392,12,12,0.36,4.32
1309,489,394,1,1,1.21,1.21
1310,489,425,3,3,1.18,3.54
1311,489,438,24,24,1.31,31.44
1312,490,464,36,36,1.39,50.04
1313,491,478,2,2,0.51,1.02
1314,491,494,1,1,1.63,1.63
1315,492,568,9,9,1.91,17.19
1316,493,10,18,18,2.12,38.16
1317,493,37,24,24,0.66,15.84
1318,493,45,24,24,2.67,64.08
1319,493,143,26,26,2.14,55.64
1320,494,50,6,6,1.00,6.00
1321,495,190,6,6,1.24,7.44
1322,495,196,24,24,0.63,15.12
1323,495,216,24,24,1.38,33.12
1324,496,230,6,6,1.21,7.26
1325,496,237,18,18,0.90,16.20
1326,496,245,18,18,0.89,16.02
1327,496,252,18,18,1.23,22.14
1328,496,287,4,4,1.37,5.48
1329,496,297,6,6,2.92,17.52
1330,497,333,18,18,1.20,21.60
1331,497,353,12,12,1.19,14.28
1332,497,356,6,6,1.18,7.08
1333,498,383,13,13,1.64,21.32
1334,499,411,6,6,0.84,5.04
1335,500,459,24,24,1.05,25.20
1336,501,473,1,1,1.75,1.75
1337,501,490,6,6,1.18,7.08
1338,501,511,12,12,0.79,9.48
1339,502,49,47,47,2.35,110.45
1340,503,89,12,12,0.69,8.28
1341,503,99,8,8,1.76,14.08
1342,503,104,88,88,0.68,59.84
1343,504,124,60,60,1.69,101.40
1344,504,166,36,36,1.31,47.16
1345,505,218,66,66,1.26,83.16
1346,506,254,12,12,1.24,14.88
1347,506,277,6,6,1.93,11.58
1348,506,278,72,72,0.57,41.04
1349,506,305,72,72,1.98,142.56
1350,507,342,42,42,4.91,206.22
1351,508,391,12,12,0.62,7.44
1352,509,457,12,12,1.29,15.48
1353,509,460,2,2,1.62,3.24
1354,510,508,12,12,2.40,28.80
1355,511,528,24,24,1.28,30.72
1356,511,547,6,6,1.60,9.60
1357,512,577,12,12,1.36,16.32
1358,512,593,6,6,0.80,4.80
1359,513,23,24,24,1.00,24.00
1360,513,43,10,10,1.37,13.70
1361,513,131,18,18,0.67,12.06
1362,513,139,12,12,2.04,24.48
1363,513,140,18,18,1.06,19.08
1364,513,167,84,84,2.77,232.68
1365,514,93,78,78,0.69,53.82
1366,515,187,24,24,0.63,15.12
1367,516,291,18,18,1.87,33.66
1368,516,312,12,12,1.41,16.92
1369,517,376,24,24,2.10,50.40
1370,518,396,24,24,1.45,34.80
1371,518,421,6,6,0.31,1.86
1372,518,429,7,7,1.87,13.09
1373,519,455,27,27,1.94,52.38
1374,519,458,2,2,1.25,2.50
1375,520,477,6,6,0.56,3.36
1376,520,486,12,12,1.03,12.36
1377,520,517,1,1,3.04,3.04
1378,520,521,12,12,0.90,10.80
1379,521,524,4,4,1.38,5.52
1380,521,561,2,2,5.02,10.04
1381,522,32,48,48,0.62,29.76
1382,522,41,5,5,1.03,5.15
1383,522,151,17,17,0.73,12.41
1384,522,157,18,18,2.59,46.62
1385,522,160,36,36,0.67,24.12
1386,522,162,6,6,2.15,12.90
1387,522,163,6,6,2.11,12.66
1388,523,60,48,48,1.09,52.32
1389,524,115,11,11,1.05,11.55
1390,524,118,114,114,0.69,78.66
1391,525,192,12,12,0.95,11.40
1392,526,242,6,6,1.24,7.44
1393,526,251,14,14,3.71,51.94
1394,526,255,10,10,1.98,19.80
1395,527,359,1,1,0.30,0.30
1396,528,526,6,6,1.18,7.08
1397,529,4,12,12,0.33,3.96
1398,529,14,6,6,2.81,16.86
1399,529,146,24,24,0.68,16.32
1400,529,154,7,7,1.67,11.69
1401,530,112,18,18,0.71,12.78
1402,530,119,12,12,2.22,26.64
1403,531,175,24,24,0.96,23.04
1404,531,208,24,24,1.96,47.04
1405,532,443,6,6,0.68,4.08
1406,533,500,1,1,1.56,1.56
1407,534,534,24,24,1.91,45.84
1408,534,563,12,12,1.46,17.52
1409,535,70,6,6,1.82,10.92
1410,536,116,24,24,2.18,52.32
1411,536,121,60,60,2.59,155.40
1412,537,203,18,18,0.66,11.88
1413,538,331,4,4,4.60,18.40
1414,539,379,6,6,1.99,11.94
1415,539,388,12,12,5.84,70.08
1416,540,401,6,6,1.10,6.60
1417,541,515,5,5,0.52,2.60
1418,542,551,3,3,1.75,5.25
1419,543,12,12,12,5.24,62.88
1420,543,16,18,18,2.51,45.18
1421,543,17,36,36,0.96,34.56
1422,543,38,6,6,0.64,3.84
1423,543,159,12,12,1.95,23.40
1424,543,168,18,18,1.06,19.08
1425,544,56,60,60,0.60,36.00
1426,545,85,48,48,2.11,101.28
1427,545,87,12,12,2.02,24.24
1428,545,102,18,18,5.00,90.00
1429,546,205,8,8,1.90,15.20
1430,547,296,24,24,0.53,12.72
1431,548,323,36,36,1.91,68.76
1432,548,330,36,36,2.85,102.60
1433,548,352,6,6,0.29,1.74
1434,549,427,54,54,0.91,49.14
1435,550,494,1,1,1.63,1.63
1436,550,497,3,3,2.36,7.08
1437,550,499,12,12,1.10,13.20
1438,551,6,84,84,1.29,108.36
1439,551,39,12,12,1.32,15.84
1440,551,42,16,16,0.96,15.36
1441,551,126,36,36,2.04,73.44
1442,552,76,42,42,1.44,60.48
1443,552,110,252,252,2.65,667.80
1444,552,113,6,6,2.13,12.78
1445,553,172,32,32,3.07,98.24
1446,554,222,48,48,0.65,31.20
1447,554,270,12,12,1.18,14.16
1448,554,285,6,6,1.63,9.78
1449,555,339,6,6,0.91,5.46
1450,556,390,36,36,1.45,52.20
1451,557,431,6,6,0.66,3.96
1452,558,485,12,12,0.86,10.32
1453,558,489,6,6,0.91,5.46
1454,559,535,12,12,0.95,11.40
1455,559,545,1,1,1.23,1.23
1456,559,553,6,6,1.30,7.80
1457,560,582,6,6,0.63,3.78
1458,560,585,6,6,0.52,3.12
1459,560,588,6,6,1.38,8.28
1460,561,7,18,18,0.72,12.96
1461,561,8,96,96,2.57,246.72
1462,561,26,24,24,1.78,42.72
1463,561,36,30,30,0.60,18.00
1464,561,147,6,6,0.36,2.16
1465,561,152,6,6,1.77,10.62
1466,561,170,3,3,4.26,12.78
1467,562,81,10,10,0.73,7.30
1468,562,84,6,6,4.10,24.60
1469,562,91,66,66,1.33,87.78
1470,562,117,24,24,1.47,35.28
1471,563,198,12,12,1.21,14.52
1472,564,243,42,42,0.65,27.30
1473,564,274,24,24,1.16,27.84
1474,565,360,3,3,4.35,13.05
1475,566,374,15,15,1.64,24.60
1476,567,395,17,17,0.89,15.13
1477,567,410,24,24,1.26,30.24
1478,568,482,2,2,0.95,1.90
1479,568,510,12,12,3.04,36.48
1480,569,525,21,21,1.40,29.40
1481,570,590,6,6,0.98,5.88
1482,571,51,1,1,0.83,0.83
1483,571,66,114,114,1.05,119.70
1484,572,79,6,6,2.04,12.24
1485,572,82,36,36,1.35,48.60
1486,573,179,24,24,2.27,54.48
1487,573,197,12,12,2.31,27.72
1488,574,220,11,11,1.56,17.16
1489,574,228,20,20,1.86,37.20
1490,574,232,23,23,1.21,27.83
1491,574,281,12,12,0.82,9.84
1492,574,283,24,24,2.22,53.28
1493,574,287,4,4,1.37,5.48
1494,574,290,24,24,0.91,21.84
1495,574,308,24,24,1.04,24.96
1496,574,314,19,19,1.07,20.33
1497,575,341,6,6,1.70,10.20
1498,575,362,12,12,1.10,13.20
1499,576,394,1,1,1.21,1.21
1500,576,414,24,24,0.28,6.72
1501,576,424,12,12,1.88,22.56
1502,576,435,4,4,3.26,13.04
1503,577,456,3,3,1.30,3.90
1504,578,548,3,3,2.01,6.03
1505,578,568,9,9,1.91,17.19
1506,579,27,12,12,0.32,3.84
1507,579,153,6,6,1.02,6.12
1508,580,69,36,36,0.84,30.24
1509,580,71,24,24,0.48,11.52
1510,580,72,31,31,2.72,84.32
1511,581,101,30,30,1.01,30.30
1512,582,173,12,12,2.61,31.32
1513,582,191,12,12,2.48,29.76
1514,582,206,24,24,1.29,30.96
1515,583,223,6,6,0.67,4.02
1516,583,249,8,8,1.90,15.20
1517,583,263,48,48,2.01,96.48
1518,584,315,24,24,0.57,13.68
1519,584,332,12,12,1.90,22.80
1520,585,383,13,13,1.64,21.32
1521,586,454,6,6,0.95,5.70
1522,587,488,6,6,2.18,13.08
1523,587,497,3,3,2.36,7.08
1524,588,541,24,24,0.34,8.16
1525,588,567,2,2,0.94,1.88
1526,589,589,5,5,0.45,2.25
1527,590,58,36,36,0.97,34.92
1528,590,68,48,48,1.77,84.96
1529,591,80,24,24,1.45,34.80
1530,591,83,6,6,6.32,37.92
1531,591,109,12,12,2.89,34.68
1532,592,174,36,36,0.58,20.88
1533,592,182,6,6,4.97,29.82
1534,592,186,24,24,1.57,37.68
1535,593,225,24,24,1.56,37.44
1536,593,248,12,12,2.05,24.60
1537,593,272,6,6,1.47,8.82
1538,593,275,42,42,0.80,33.60
1539,593,297,6,6,2.92,17.52
1540,594,322,17,17,0.98,16.66
1541,595,385,12,12,0.70,8.40
1542,596,437,6,6,0.99,5.94
1543,597,466,5,5,2.66,13.30
1544,598,504,14,14,1.10,15.40
1545,599,552,12,12,1.01,12.12
1546,600,15,36,36,0.64,23.04
1547,600,132,6,6,0.72,4.32
1548,600,150,48,48,1.63,78.24
1549,601,88,3,3,3.47,10.41
1550,602,171,19,19,4.33,82.27
1551,602,177,12,12,1.73,20.76
1552,602,189,3,3,1.33,3.99
1553,602,211,12,12,2.13,25.56
1554,603,246,36,36,1.78,64.08
1555,603,276,12,12,1.07,12.84
1556,604,319,18,18,0.84,15.12
1557,604,365,60,60,1.35,81.00
1558,605,371,3,3,1.36,4.08
1559,605,372,12,12,1.43,17.16
1560,606,419,9,9,0.63,5.67
1561,606,438,24,24,1.31,31.44
1562,607,462,12,12,0.33,3.96
1563,608,473,1,1,1.75,1.75
1564,609,524,4,4,1.38,5.52
1565,609,549,6,6,2.65,15.90
1566,609,557,12,12,1.59,19.08
1567,610,599,6,6,0.68,4.08
1568,611,53,15,15,2.09,31.35
1569,611,54,24,24,2.11,50.64
1570,611,55,24,24,0.28,6.72
1571,611,64,13,13,0.92,11.96
1572,612,98,84,84,2.40,201.60
1573,612,103,12,12,3.56,42.72
1574,613,164,5,5,0.69,3.45
1575,614,184,12,12,1.06,12.72
1576,614,214,24,24,2.03,48.72
1577,614,216,24,24,1.38,33.12
1578,614,217,6,6,0.93,5.58
1579,615,237,18,18,0.90,16.20
1580,615,247,8,8,1.77,14.16
1581,616,316,24,24,1.12,26.88
1582,616,336,24,24,1.23,29.52
1583,616,350,6,6,2.10,12.60
1584,617,440,6,6,2.40,14.40
1585,617,444,2,2,1.93,3.86
1586,618,469,12,12,0.95,11.40
1587,619,482,2,2,0.95,1.90
1588,619,500,1,1,1.56,1.56
1589,619,522,6,6,1.73,10.38
1590,620,20,1,1,2.72,2.72
1591,620,25,102,102,2.95,300.90
1592,620,125,6,6,0.64,3.84
1593,620,158,72,72,0.71,51.12
1594,621,114,24,24,0.75,18.00
1595,622,204,48,48,2.02,96.96
1596,623,238,12,12,1.68,20.16
1597,623,239,24,24,1.21,29.04
1598,623,241,12,12,2.20,26.40
1599,623,244,18,18,1.98,35.64
1600,623,250,6,6,2.41,14.46
1601,623,260,18,18,2.39,43.02
1602,623,292,24,24,1.24,29.76
1603,624,321,36,36,1.19,42.84
1604,624,331,4,4,4.60,18.40
1605,624,347,24,24,1.75,42.00
1606,624,351,12,12,4.73,56.76
1607,625,382,12,12,1.46,17.52
1608,626,408,21,21,3.28,68.88
1609,627,479,6,6,1.60,9.60
1610,628,10,18,18,2.12,38.16
1611,628,127,48,48,2.90,139.20
1612,628,147,6,6,0.36,2.16
1613,628,169,6,6,1.00,6.00
1614,629,97,24,24,1.75,42.00
1615,629,100,24,24,1.45,34.80
1616,630,262,105,105,2.91,305.55
1617,630,266,12,12,1.23,14.76
1618,630,271,6,6,0.77,4.62
1619,631,340,12,12,0.90,10.80
1620,631,348,12,12,0.82,9.84
1621,632,377,24,24,1.10,26.40
1622,632,392,12,12,0.36,4.32
1623,633,460,2,2,1.62,3.24
1624,634,507,24,24,1.09,26.16
1625,634,513,6,6,1.31,7.86
1626,635,5,24,24,5.49,131.76
1627,635,19,24,24,1.31,31.44
1628,635,40,36,36,2.75,99.00
1629,635,123,24,24,2.02,48.48
1630,635,128,48,48,1.36,65.28
1631,635,134,72,72,3.35,241.20
1632,635,156,6,6,1.40,8.40
1633,635,166,36,36,1.31,47.16
1634,636,70,6,6,1.82,10.92
1635,637,90,204,204,1.48,301.92
1636,637,96,3,3,1.13,3.39
1637,637,105,48,48,1.83,87.84
1638,638,230,6,6,1.21,7.26
1639,638,257,48,48,0.63,30.24
1640,638,258,12,12,0.95,11.40
1641,638,267,13,13,1.14,14.82
1642,639,328,36,36,1.21,43.56
1643,639,335,12,12,0.55,6.60
1644,639,344,6,6,0.77,4.62
1645,640,433,6,6,1.82,10.92
1646,641,445,8,8,1.63,13.04
1647,642,494,1,1,1.63,1.63
1648,642,517,1,1,3.04,3.04
1649,643,558,96,96,0.29,27.84
1650,643,569,6,6,0.99,5.94
1651,644,24,24,24,2.66,63.84
1652,644,124,60,60,1.69,101.40
1653,645,57,24,24,1.03,24.72
1654,645,60,48,48,1.09,52.32
1655,645,65,6,6,1.17,7.02
1656,646,95,48,48,1.08,51.84
1657,647,178,72,72,1.03,74.16
1658,647,181,5,5,0.33,1.65
1659,648,251,14,14,3.71,51.94
1660,648,269,42,42,1.12,47.04
1661,648,299,60,60,2.12,127.20
1662,649,320,36,36,1.82,65.52
1663,650,455,27,27,1.94,52.38
1664,651,551,3,3,1.75,5.25
1665,652,18,24,24,1.79,42.96
1666,652,143,26,26,2.14,55.64
1667,653,120,12,12,1.34,16.08
1668,654,236,12,12,1.27,15.24
1669,654,294,12,12,1.59,19.08
1670,654,298,19,19,1.67,31.73
1671,655,342,42,42,4.91,206.22
1672,655,354,12,12,1.21,14.52
1673,655,355,6,6,1.20,7.20
1674,656,388,12,12,5.84,70.08
1675,657,401,6,6,1.10,6.60
1676,657,425,3,3,1.18,3.54
1677,658,470,10,10,0.67,6.70
1678,659,486,12,12,1.03,12.36
1679,660,526,6,6,1.18,7.08
1680,660,543,6,6,1.32,7.92
1681,660,571,2,2,1.79,3.58
1682,661,1,35,35,1.34,46.90
1683,661,14,6,6,2.81,16.86
1684,661,20,1,1,2.72,2.72
1685,662,51,1,1,0.83,0.83
1686,663,76,42,42,1.44,60.48
1687,663,88,3,3,3.47,10.41
1688,663,106,24,24,0.69,16.56
1689,663,112,18,18,0.71,12.78
1690,664,249,8,8,1.90,15.20
1691,664,300,12,12,0.78,9.36
1692,664,305,72,72,1.98,142.56
1693,664,309,24,24,0.84,20.16
1694,665,329,12,12,0.27,3.24
1695,665,346,5,5,1.98,9.90
1696,666,394,1,1,1.21,1.21
1697,667,473,1,1,1.75,1.75
1698,667,492,6,6,1.00,6.00
1699,668,524,4,4,1.38,5.52
1700,668,529,12,12,2.96,35.52
1701,668,548,3,3,2.01,6.03
1702,669,577,12,12,1.36,16.32
1703,670,9,12,12,3.51,42.12
1704,670,42,16,16,0.96,15.36
1705,670,43,10,10,1.37,13.70
1706,670,140,18,18,1.06,19.08
1707,671,52,24,24,1.02,24.48
1708,671,62,72,72,2.33,167.76
1709,672,273,12,12,2.16,25.92
1710,672,278,72,72,0.57,41.04
1711,672,284,12,12,2.66,31.92
1712,672,289,12,12,1.63,19.56
1713,672,295,6,6,3.65,21.90
1714,673,325,6,6,1.15,6.90
1715,673,333,18,18,1.20,21.60
1716,673,334,24,24,1.28,30.72
1717,673,356,6,6,1.18,7.08
1718,674,411,6,6,0.84,5.04
1719,674,431,6,6,0.66,3.96
1720,675,456,3,3,1.30,3.90
1721,675,461,24,24,2.85,68.40
1722,675,465,3,3,1.87,5.61
1723,676,478,2,2,0.51,1.02
1724,676,497,3,3,2.36,7.08
1725,676,502,6,6,1.02,6.12
1726,677,565,42,42,3.16,132.72
1727,677,570,24,24,1.21,29.04
1728,678,2,180,180,0.32,57.60
1729,678,13,72,72,4.80,345.60
1730,678,34,24,24,1.01,24.24
1731,678,44,48,48,1.80,86.40
1732,678,160,36,36,0.67,24.12
1733,678,162,6,6,2.15,12.90
1734,679,61,24,24,0.24,5.76
1735,680,86,24,24,4.78,114.72
1736,680,87,12,12,2.02,24.24
1737,680,104,88,88,0.68,59.84
1738,680,122,48,48,0.34,16.32
1739,681,176,48,48,0.61,29.28
1740,681,179,24,24,2.27,54.48
1741,681,187,24,24,0.63,15.12
1742,681,188,12,12,2.82,33.84
1743,681,205,8,8,1.90,15.20
1744,681,218,66,66,1.26,83.16
1745,682,313,6,6,2.36,14.16
1746,683,369,6,6,0.36,2.16
1747,683,375,24,24,1.42,34.08
1748,684,418,6,6,2.99,17.94
1749,685,528,24,24,1.28,30.72
1750,685,546,6,6,3.57,21.42
1751,685,559,6,6,0.66,3.96
1752,686,29,24,24,0.71,17.04
1753,686,41,5,5,1.03,5.15
1754,686,130,34,34,1.42,48.28
1755,686,137,12,12,2.67,32.04
1756,686,138,24,24,1.32,31.68
1757,686,151,17,17,0.73,12.41
1758,686,168,18,18,1.06,19.08
1759,687,49,47,47,2.35,110.45
1760,688,93,78,78,0.69,53.82
1761,688,102,18,18,5.00,90.00
1762,688,118,114,114,0.69,78.66
1763,689,175,24,24,0.96,23.04
1764,689,201,18,18,2.77,49.86
1765,690,229,6,6,0.32,1.92
1766,690,286,12,12,2.08,24.96
1767,690,310,24,24,1.57,37.68
1768,690,312,12,12,1.41,16.92
1769,691,343,12,12,1.21,14.52
1770,691,353,12,12,1.19,14.28
1771,691,361,2,2,1.07,2.14
1772,692,373,12,12,2.50,30.00
1773,693,417,6,6,2.63,15.78
1774,693,427,54,54,0.91,49.14
1775,694,457,12,12,1.29,15.48
1776,695,511,12,12,0.79,9.48
1777,696,564,12,12,2.48,29.76
1778,697,22,12,12,1.26,15.12
1779,697,45,24,24,2.67,64.08
1780,697,48,30,30,1.44,43.20
1781,698,85,48,48,2.11,101.28
1782,698,99,8,8,1.76,14.08
1783,699,198,12,12,1.21,14.52
1784,700,261,12,12,0.68,8.16
1785,700,293,12,12,1.73,20.76
1786,700,304,30,30,1.15,34.50
1787,701,360,3,3,4.35,13.05
1788,702,372,12,12,1.43,17.16
1789,702,390,36,36,1.45,52.20
1790,703,396,24,24,1.45,34.80
1791,703,410,24,24,1.26,30.24
1792,704,464,36,36,1.39,50.04
1793,705,490,6,6,1.18,7.08
1794,706,575,2,2,1.08,2.16
1795,706,586,6,6,1.67,10.02
1796,707,17,36,36,0.96,34.56
1797,707,47,12,12,0.64,7.68
1798,707,133,24,24,0.98,23.52
1799,707,144,12,12,0.65,7.80
1800,707,146,24,24,0.68,16.32
1801,707,167,84,84,2.77,232.68
1802,708,72,31,31,2.72,84.32
1803,709,89,12,12,0.69,8.28
1804,709,110,252,252,2.65,667.80
1805,710,172,32,32,3.07,98.24
1806,710,186,24,24,1.57,37.68
1807,711,245,18,18,0.89,16.02
1808,711,291,18,18,1.87,33.66
1809,711,314,19,19,1.07,20.33
1810,712,318,24,24,1.62,38.88
1811,713,568,9,9,1.91,17.19
1812,714,21,12,12,1.65,19.80
1813,714,46,30,30,1.06,31.80
1814,714,159,12,12,1.95,23.40
1815,715,56,60,60,0.60,36.00
1816,716,116,24,24,2.18,52.32
1817,717,203,18,18,0.66,11.88
1818,718,240,24,24,1.78,42.72
1819,718,301,12,12,1.33,15.96
1820,719,384,12,12,2.18,26.16
1821,720,406,24,24,1.75,42.00
1822,721,467,24,24,2.63,63.12
1823,722,494,1,1,1.63,1.63
1824,722,515,5,5,0.52,2.60
1825,722,517,1,1,3.04,3.04
1826,723,551,3,3,1.75,5.25
1827,724,30,12,12,1.58,18.96
1828,724,141,24,24,1.97,47.28
1829,725,74,18,18,0.73,13.14
1830,726,81,10,10,0.73,7.30
1831,726,82,36,36,1.35,48.60
1832,726,107,12,12,1.13,13.56
1833,726,108,24,24,0.35,8.40
1834,726,119,12,12,2.22,26.64
1835,727,171,19,19,4.33,82.27
1836,727,211,12,12,2.13,25.56
1837,727,216,24,24,1.38,33.12
1838,728,234,12,12,1.22,14.64
1839,728,290,24,24,0.91,21.84
1840,729,407,12,12,1.75,21.00
1841,729,421,6,6,0.31,1.86
1842,729,424,12,12,1.88,22.56
1843,729,442,12,12,1.19,14.28
1844,730,452,24,24,0.63,15.12
1845,730,460,2,2,1.62,3.24
1846,730,462,12,12,0.33,3.96
1847,731,478,2,2,0.51,1.02
1848,731,507,24,24,1.09,26.16
1849,731,516,6,6,1.73,10.38
1850,732,569,6,6,0.99,5.94
1851,733,32,48,48,0.62,29.76
1852,733,38,6,6,0.64,3.84
1853,734,78,48,48,1.06,50.88
1854,734,113,6,6,2.13,12.78
1855,734,121,60,60,2.59,155.40
1856,735,181,5,5,0.33,1.65
1857,735,189,3,3,1.33,3.99
1858,735,194,6,6,2.08,12.48
1859,735,217,6,6,0.93,5.58
1860,736,242,6,6,1.24,7.44
1861,736,243,42,42,0.65,27.30
1862,736,247,8,8,1.77,14.16
1863,736,255,10,10,1.98,19.80
1864,736,265,12,12,4.05,48.60
1865,736,282,12,12,1.25,15.00
1866,737,458,2,2,1.25,2.50
1867,737,459,24,24,1.05,25.20
1868,738,479,6,6,1.60,9.60
1869,738,489,6,6,0.91,5.46
1870,739,524,4,4,1.38,5.52
1871,739,556,24,24,1.81,43.44
1872,740,589,5,5,0.45,2.25
1873,741,10,18,18,2.12,38.16
1874,741,126,36,36,2.04,73.44
1875,741,142,24,24,1.36,32.64
1876,741,147,6,6,0.36,2.16
1877,741,150,48,48,1.63,78.24
1878,741,152,6,6,1.77,10.62
1879,742,101,30,30,1.01,30.30
1880,742,111,48,48,1.41,67.68
1881,743,208,24,24,1.96,47.04
1882,743,215,24,24,2.19,52.56
1883,744,246,36,36,1.78,64.08
1884,744,271,6,6,0.77,4.62
1885,744,285,6,6,1.63,9.78
1886,744,297,6,6,2.92,17.52
1887,745,330,36,36,2.85,102.60
1888,745,359,1,1,0.30,0.30
1889,745,365,60,60,1.35,81.00
1890,746,371,3,3,1.36,4.08
1891,746,374,15,15,1.64,24.60
1892,747,428,12,12,2.38,28.56
1893,747,435,4,4,3.26,13.04
1894,748,503,12,12,0.52,6.24
1895,749,525,21,21,1.40,29.40
1896,749,534,24,24,1.91,45.84
1897,749,553,6,6,1.30,7.80
1898,749,571,2,2,1.79,3.58
1899,750,581,6,6,0.41,2.46
1900,751,8,96,96,2.57,246.72
1901,751,11,24,24,1.41,33.84
1902,751,26,24,24,1.78,42.72
1903,751,27,12,12,0.32,3.84
1904,751,131,18,18,0.67,12.06
1905,751,148,24,24,1.00,24.00
1906,751,158,72,72,0.71,51.12
1907,752,51,1,1,0.83,0.83
1908,752,53,15,15,2.09,31.35
1909,752,54,24,24,2.11,50.64
1910,752,66,114,114,1.05,119.70
1911,753,77,6,6,1.05,6.30
1912,753,91,66,66,1.33,87.78
1913,753,97,24,24,1.75,42.00
1914,753,103,12,12,3.56,42.72
1915,753,115,11,11,1.05,11.55
1916,754,183,12,12,1.75,21.00
1917,754,202,6,6,1.00,6.00
1918,755,228,20,20,1.86,37.20
1919,755,231,12,12,1.67,20.04
1920,755,302,12,12,2.06,24.72
1921,756,322,17,17,0.98,16.66
1922,756,324,48,48,1.90,91.20
1923,756,331,4,4,4.60,18.40
1924,756,337,5,5,0.98,4.90
1925,756,339,6,6,0.91,5.46
1926,756,348,12,12,0.82,9.84
1927,756,362,12,12,1.10,13.20
1928,757,368,3,3,1.70,5.10
1929,757,370,6,6,1.42,8.52
1930,757,376,24,24,2.10,50.40
1931,757,379,6,6,1.99,11.94
1932,757,385,12,12,0.70,8.40
1933,758,394,1,1,1.21,1.21
1934,759,488,6,6,2.18,13.08
1935,759,495,12,12,1.22,14.64
1936,759,504,14,14,1.10,15.40
1937,760,592,24,24,1.11,26.64
1938,761,7,18,18,0.72,12.96
1939,761,15,36,36,0.64,23.04
1940,761,157,18,18,2.59,46.62
1941,761,170,3,3,4.26,12.78
1942,762,55,24,24,0.28,6.72
1943,762,64,13,13,0.92,11.96
1944,762,71,24,24,0.48,11.52
1945,763,92,24,24,1.04,24.96
1946,764,174,36,36,0.58,20.88
1947,765,233,12,12,0.90,10.80
1948,766,383,13,13,1.64,21.32
1949,766,387,6,6,2.41,14.46
1950,767,408,21,21,3.28,68.88
1951,768,484,12,12,0.60,7.20
1952,768,494,1,1,1.63,1.63
1953,768,517,1,1,3.04,3.04
1954,769,6,84,84,1.29,108.36
1955,769,143,26,26,2.14,55.64
1956,769,154,7,7,1.67,11.69
1957,770,279,6,6,1.20,7.20
1958,771,321,36,36,1.19,42.84
1959,772,372,12,12,1.43,17.16
1960,772,380,12,12,0.67,8.04
1961,773,415,12,12,0.90,10.80
1962,773,438,24,24,1.31,31.44
1963,774,456,3,3,1.30,3.90
1964,775,497,3,3,2.36,7.08
1965,776,547,6,6,1.60,9.60
1966,777,1,35,35,1.34,46.90
1967,777,4,12,12,0.33,3.96
1968,777,12,12,12,5.24,62.88
1969,777,14,6,6,2.81,16.86
1970,777,23,24,24,1.00,24.00
1971,777,139,12,12,2.04,24.48
1972,777,162,6,6,2.15,12.90
1973,778,96,3,3,1.13,3.39
1974,779,223,6,6,0.67,4.02
1975,779,239,24,24,1.21,29.04
1976,779,244,18,18,1.98,35.64
1977,779,249,8,8,1.90,15.20
1978,779,250,6,6,2.41,14.46
1979,779,262,105,105,2.91,305.55
1980,779,283,24,24,2.22,53.28
1981,779,308,24,24,1.04,24.96
1982,780,356,6,6,1.18,7.08
1983,780,359,1,1,0.30,0.30
1984,781,382,12,12,1.46,17.52
1985,782,401,6,6,1.10,6.60
1986,783,466,5,5,2.66,13.30
1987,784,496,6,6,0.84,5.04
1988,785,584,6,6,1.08,6.48
1989,786,37,24,24,0.66,15.84
1990,787,80,24,24,1.45,34.80
1991,787,84,6,6,4.10,24.60
1992,787,114,24,24,0.75,18.00
1993,788,182,6,6,4.97,29.82
1994,788,197,12,12,2.31,27.72
1995,789,222,48,48,0.65,31.20
1996,789,232,23,23,1.21,27.83
1997,789,252,18,18,1.23,22.14
1998,789,296,24,24,0.53,12.72
1999,790,327,12,12,0.84,10.08
2000,790,355,6,6,1.20,7.20
2001,791,367,18,18,2.16,38.88
2002,792,395,17,17,0.89,15.13
2003,792,414,24,24,0.28,6.72
2004,792,444,2,2,1.93,3.86
2005,793,548,3,3,2.01,6.03
2006,793,550,12,12,1.17,14.04
2007,794,5,24,24,5.49,131.76
2008,794,36,30,30,0.60,18.00
2009,794,132,6,6,0.72,4.32
2010,794,149,12,12,2.02,24.24
2011,795,60,48,48,1.09,52.32
2012,796,90,204,204,1.48,301.92
2013,796,98,84,84,2.40,201.60
2014,797,175,24,24,0.96,23.04
2015,797,198,12,12,1.21,14.52
2016,797,204,48,48,2.02,96.96
2017,798,237,18,18,0.90,16.20
2018,798,294,12,12,1.59,19.08
2019,799,386,12,12,1.38,16.56
2020,800,419,9,9,0.63,5.67
2021,800,425,3,3,1.18,3.54
2022,800,429,7,7,1.87,13.09
2023,801,470,10,10,0.67,6.70
2024,802,473,1,1,1.75,1.75
2025,802,487,12,12,3.64,43.68
2026,802,494,1,1,1.63,1.63
2027,802,511,12,12,0.79,9.48
2028,802,517,1,1,3.04,3.04
2029,803,552,12,12,1.01,12.12
2030,803,558,96,96,0.29,27.84
2031,803,559,6,6,0.66,3.96
2032,803,574,6,6,1.71,10.26
2033,804,39,12,12,1.32,15.84
2034,804,166,36,36,1.31,47.16
2035,805,68,48,48,1.77,84.96
2036,805,69,36,36,0.84,30.24
2037,806,76,42,42,1.44,60.48
2038,806,96,3,3,1.13,3.39
2039,807,257,48,48,0.63,30.24
2040,807,299,60,60,2.12,127.20
2041,808,320,36,36,1.82,65.52
2042,808,342,42,42,4.91,206.22
2043,808,361,2,2,1.07,2.14
2044,809,457,12,12,1.29,15.48
2045,810,16,18,18,2.51,45.18
2046,810,18,24,24,1.79,42.96
2047,810,20,1,1,2.72,2.72
2048,810,124,60,60,1.69,101.40
2049,810,127,48,48,2.90,139.20
2050,810,130,34,34,1.42,48.28
2051,810,140,18,18,1.06,19.08
2052,811,63,12,12,0.84,10.08
2053,811,72,31,31,2.72,84.32
2054,812,88,3,3,3.47,10.41
2055,812,99,8,8,1.76,14.08
2056,812,102,18,18,5.00,90.00
2057,813,230,6,6,1.21,7.26
2058,813,275,42,42,0.80,33.60
2059,813,276,12,12,1.07,12.84
2060,813,298,19,19,1.67,31.73
2061,814,332,12,12,1.90,22.80
2062,814,346,5,5,1.98,9.90
2063,815,389,12,12,3.68,44.16
2064,816,423,6,6,1.29,7.74
2065,817,451,12,12,1.27,15.24
2066,817,469,12,12,0.95,11.40
2067,818,477,6,6,0.56,3.36
2068,819,526,6,6,1.18,7.08
2069,819,551,3,3,1.75,5.25
2070,819,568,9,9,1.91,17.19
2071,820,17,36,36,0.96,34.56
2072,820,24,24,24,2.66,63.84
2073,820,25,102,102,2.95,300.90
2074,820,30,12,12,1.58,18.96
2075,820,134,72,72,3.35,241.20
2076,820,168,18,18,1.06,19.08
2077,821,49,47,47,2.35,110.45
2078,822,110,252,252,2.65,667.80
2079,823,178,72,72,1.03,74.16
2080,823,190,6,6,1.24,7.44
2081,823,218,66,66,1.26,83.16
2082,824,260,18,18,2.39,43.02
2083,824,266,12,12,1.23,14.76
2084,824,270,12,12,1.18,14.16
2085,824,305,72,72,1.98,142.56
2086,824,310,24,24,1.57,37.68
2087,825,329,12,12,0.27,3.24
2088,825,349,24,24,0.85,20.40
2089,826,390,36,36,1.45,52.20
2090,827,400,12,12,2.39,28.68
2091,827,427,54,54,0.91,49.14
2092,828,527,6,6,1.37,8.22
2093,828,567,2,2,0.94,1.88
2094,828,569,6,6,0.99,5.94
2095,828,572,6,6,0.61,3.66
2096,829,43,10,10,1.37,13.70
2097,830,86,24,24,4.78,114.72
2098,830,116,24,24,2.18,52.32
2099,831,186,24,24,1.57,37.68
2100,832,224,6,6,0.34,2.04
2101,832,263,48,48,2.01,96.48
2102,833,336,24,24,1.23,29.52
2103,833,340,12,12,0.90,10.80
2104,834,394,1,1,1.21,1.21
2105,835,40,36,36,2.75,99.00
2106,835,163,6,6,2.11,12.66
2107,836,79,6,6,2.04,12.24
2108,836,96,3,3,1.13,3.39
2109,837,216,24,24,1.38,33.12
2110,838,220,11,11,1.56,17.16
2111,838,278,72,72,0.57,41.04
2112,838,309,24,24,0.84,20.16
2113,839,323,36,36,1.91,68.76
2114,839,333,18,18,1.20,21.60
2115,839,341,6,6,1.70,10.20
2116,839,354,12,12,1.21,14.52
2117,840,368,3,3,1.70,5.10
2118,841,430,12,12,2.19,26.28
2119,841,440,6,6,2.40,14.40
2120,842,454,6,6,0.95,5.70
2121,843,486,12,12,1.03,12.36
2122,844,553,6,6,1.30,7.80
2123,845,50,6,6,1.00,6.00
2124,845,51,1,1,0.83,0.83
2125,846,82,36,36,1.35,48.60
2126,847,188,12,12,2.82,33.84
2127,848,251,14,14,3.71,51.94
2128,848,289,12,12,1.63,19.56
2129,848,297,6,6,2.92,17.52
2130,849,361,2,2,1.07,2.14
2131,850,378,12,12,2.15,25.80
2132,851,473,1,1,1.75,1.75
2133,851,488,6,6,2.18,13.08
2134,851,494,1,1,1.63,1.63
2135,852,524,4,4,1.38,5.52
2136,852,565,42,42,3.16,132.72
2137,853,577,12,12,1.36,16.32
2138,854,19,24,24,1.31,31.44
2139,854,20,1,1,2.72,2.72
2140,854,41,5,5,1.03,5.15
2141,854,45,24,24,2.67,64.08
2142,854,164,5,5,0.69,3.45
2143,855,89,12,12,0.69,8.28
2144,855,95,48,48,1.08,51.84
2145,855,112,18,18,0.71,12.78
2146,855,113,6,6,2.13,12.78
2147,856,172,32,32,3.07,98.24
2148,856,189,3,3,1.33,3.99
2149,856,201,18,18,2.77,49.86
2150,856,203,18,18,0.66,11.88
2151,857,259,12,12,0.95,11.40
2152,857,314,19,19,1.07,20.33
2153,858,322,17,17,0.98,16.66
2154,858,357,6,6,0.30,1.80
2155,858,363,12,12,1.50,18.00
2156,859,373,12,12,2.50,30.00
2157,859,374,15,15,1.64,24.60
2158,859,391,12,12,0.62,7.44
2159,860,431,6,6,0.66,3.96
2160,860,435,4,4,3.26,13.04
2161,861,445,8,8,1.63,13.04
2162,862,479,6,6,1.60,9.60
2163,862,507,24,24,1.09,26.16
2164,863,528,24,24,1.28,30.72
2165,863,548,3,3,2.01,6.03
2166,864,104,88,88,0.68,59.84
2167,864,105,48,48,1.83,87.84
2168,864,117,24,24,1.47,35.28
2169,864,118,114,114,0.69,78.66
2170,864,121,60,60,2.59,155.40
2171,865,125,6,6,0.64,3.84
2172,865,137,12,12,2.67,32.04
2173,865,160,36,36,0.67,24.12
2174,866,173,12,12,2.61,31.32
2175,867,281,12,12,0.82,9.84
2176,868,335,12,12,0.55,6.60
2177,868,348,12,12,0.82,9.84
2178,869,396,24,24,1.45,34.80
2179,869,401,6,6,1.10,6.60
2180,870,465,3,3,1.87,5.61
2181,871,500,1,1,1.56,1.56
2182,872,31,12,12,2.13,25.56
2183,872,42,16,16,0.96,15.36
2184,872,147,6,6,0.36,2.16
2185,872,167,84,84,2.77,232.68
2186,873,52,24,24,1.02,24.48
2187,873,56,60,60,0.60,36.00
2188,873,58,36,36,0.97,34.92
2189,873,62,72,72,2.33,167.76
2190,873,64,13,13,0.92,11.96
2191,874,85,48,48,2.11,101.28
2192,874,101,30,30,1.01,30.30
2193,875,171,19,19,4.33,82.27
2194,875,206,24,24,1.29,30.96
2195,875,214,24,24,2.03,48.72
2196,875,217,6,6,0.93,5.58
2197,876,228,20,20,1.86,37.20
2198,876,272,6,6,1.47,8.82
2199,876,304,30,30,1.15,34.50
2200,877,360,3,3,4.35,13.05
2201,878,368,3,3,1.70,5.10
2202,879,455,27,27,1.94,52.38
2203,879,461,24,24,2.85,68.40
2204,879,462,12,12,0.33,3.96
2205,880,517,1,1,3.04,3.04
2206,881,557,12,12,1.59,19.08
2207,882,589,5,5,0.45,2.25
2208,883,2,180,180,0.32,57.60
2209,883,10,18,18,2.12,38.16
2210,883,14,6,6,2.81,16.86
2211,883,34,24,24,1.01,24.24
2212,883,44,48,48,1.80,86.40
2213,883,46,30,30,1.06,31.80
2214,883,150,48,48,1.63,78.24
2215,884,66,114,114,1.05,119.70
2216,884,70,6,6,1.82,10.92
2217,885,87,12,12,2.02,24.24
2218,885,93,78,78,0.69,53.82
2219,885,97,24,24,1.75,42.00
2220,885,115,11,11,1.05,11.55
2221,886,177,12,12,1.73,20.76
2222,886,179,24,24,2.27,54.48
2223,886,185,24,24,1.38,33.12
2224,886,198,12,12,1.21,14.52
2225,887,234,12,12,1.22,14.64
2226,888,382,12,12,1.46,17.52
2227,888,383,13,13,1.64,21.32
2228,889,410,24,24,1.26,30.24
2229,889,411,6,6,0.84,5.04
2230,890,466,5,5,2.66,13.30
2231,891,515,5,5,0.52,2.60
2232,892,53,15,15,2.09,31.35
2233,892,73,24,24,0.84,20.16
2234,893,91,66,66,1.33,87.78
2235,893,122,48,48,0.34,16.32
2236,894,123,24,24,2.02,48.48
2237,894,143,26,26,2.14,55.64
2238,895,211,12,12,2.13,25.56
2239,896,236,12,12,1.27,15.24
2240,896,242,6,6,1.24,7.44
2241,896,243,42,42,0.65,27.30
2242,896,245,18,18,0.89,16.02
2243,896,246,36,36,1.78,64.08
2244,896,267,13,13,1.14,14.82
2245,896,293,12,12,1.73,20.76
2246,896,306,12,12,1.47,17.64
2247,897,321,36,36,1.19,42.84
2248,897,331,4,4,4.60,18.40
2249,897,346,5,5,1.98,9.90
2250,897,362,12,12,1.10,13.20
2251,898,468,12,12,0.60,7.20
2252,899,59,12,12,1.06,12.72
2253,900,81,10,10,0.73,7.30
2254,900,119,12,12,2.22,26.64
2255,901,136,24,24,2.74,65.76
2256,901,151,17,17,0.73,12.41
2257,901,158,72,72,0.71,51.12
2258,902,176,48,48,0.61,29.28
2259,902,187,24,24,0.63,15.12
2260,902,213,12,12,0.92,11.04
2261,903,227,6,6,1.36,8.16
2262,903,230,6,6,1.21,7.26
2263,903,252,18,18,1.23,22.14
2264,903,285,6,6,1.63,9.78
2265,903,292,24,24,1.24,29.76
2266,904,344,6,6,0.77,4.62
2267,904,353,12,12,1.19,14.28
2268,905,395,17,17,0.89,15.13
2269,905,408,21,21,3.28,68.88
2270,905,412,6,6,0.87,5.22
2271,905,438,24,24,1.31,31.44
2272,906,478,2,2,0.51,1.02
2273,906,494,1,1,1.63,1.63
2274,906,504,14,14,1.10,15.40
2275,906,513,6,6,1.31,7.86
2276,907,13,72,72,4.80,345.60
2277,907,15,36,36,0.64,23.04
2278,907,48,30,30,1.44,43.20
2279,907,128,48,48,1.36,65.28
2280,907,131,18,18,0.67,12.06
2281,907,146,24,24,0.68,16.32
2282,908,74,18,18,0.73,13.14
2283,909,77,6,6,1.05,6.30
2284,910,182,6,6,4.97,29.82
2285,911,280,24,24,0.60,14.40
2286,912,328,36,36,1.21,43.56
2287,912,351,12,12,4.73,56.76
2288,912,361,2,2,1.07,2.14
2289,912,364,12,12,0.86,10.32
2290,913,397,6,6,0.89,5.34
2291,913,403,6,6,1.31,7.86
2292,913,425,3,3,1.18,3.54
2293,914,500,1,1,1.56,1.56
2294,914,503,12,12,0.52,6.24
2295,915,526,6,6,1.18,7.08
2296,916,1,35,35,1.34,46.90
2297,916,3,12,12,0.97,11.64
2298,916,8,96,96,2.57,246.72
2299,916,139,12,12,2.04,24.48
2300,916,152,6,6,1.77,10.62
2301,917,71,24,24,0.48,11.52
2302,918,175,24,24,0.96,23.04
2303,918,199,12,12,1.38,16.56
2304,918,208,24,24,1.96,47.04
2305,918,210,12,12,0.34,4.08
2306,919,229,6,6,0.32,1.92
2307,919,247,8,8,1.77,14.16
2308,919,249,8,8,1.90,15.20
2309,919,255,10,10,1.98,19.80
2310,919,284,12,12,2.66,31.92
2311,919,312,12,12,1.41,16.92
2312,920,339,6,6,0.91,5.46
2313,920,342,42,42,4.91,206.22
2314,921,417,6,6,2.63,15.78
2315,922,447,6,6,3.55,21.30
2316,922,464,36,36,1.39,50.04
2317,923,497,3,3,2.36,7.08
2318,923,506,6,6,1.34,8.04
2319,923,517,1,1,3.04,3.04
2320,924,536,6,6,2.30,13.80
2321,925,600,6,6,0.52,3.12
2322,926,9,12,12,3.51,42.12
2323,926,21,12,12,1.65,19.80
2324,926,27,12,12,0.32,3.84
2325,926,38,6,6,0.64,3.84
2326,926,47,12,12,0.64,7.68
2327,926,162,6,6,2.15,12.90
2328,927,60,48,48,1.09,52.32
2329,928,96,3,3,1.13,3.39
2330,928,99,8,8,1.76,14.08
2331,928,107,12,12,1.13,13.56
2332,928,109,12,12,2.89,34.68
2333,928,113,6,6,2.13,12.78
2334,929,181,5,5,0.33,1.65
2335,929,186,24,24,1.57,37.68
2336,929,200,24,24,2.51,60.24
2337,930,238,12,12,1.68,20.16
2338,930,258,12,12,0.95,11.40
2339,931,332,12,12,1.90,22.80
2340,931,365,60,60,1.35,81.00
2341,932,388,12,12,5.84,70.08
2342,933,413,6,6,1.99,11.94
2343,934,460,2,2,1.62,3.24
2344,934,463,12,12,3.61,43.32
2345,935,524,4,4,1.38,5.52
2346,935,559,6,6,0.66,3.96
2347,936,585,6,6,0.52,3.12
2348,936,593,6,6,0.80,4.80
2349,937,17,36,36,0.96,34.56
2350,937,20,1,1,2.72,2.72
2351,937,126,36,36,2.04,73.44
2352,937,168,18,18,1.06,19.08
2353,938,51,1,1,0.83,0.83
2354,939,76,42,42,1.44,60.48
2355,939,108,24,24,0.35,8.40
2356,940,184,12,12,1.06,12.72
2357,940,212,24,24,1.34,32.16
2358,941,274,24,24,1.16,27.84
2359,941,283,24,24,2.22,53.28
2360,941,290,24,24,0.91,21.84
2361,942,319,18,18,0.84,15.12
2362,942,329,12,12,0.27,3.24
2363,942,337,5,5,0.98,4.90
2364,942,347,24,24,1.75,42.00
2365,942,358,24,24,1.70,40.80
2366,943,429,7,7,1.87,13.09
2367,944,459,24,24,1.05,25.20
2368,945,474,24,24,0.97,23.28
2369,945,492,6,6,1.00,6.00
2370,945,494,1,1,1.63,1.63
2371,946,544,24,24,0.64,15.36
2372,946,555,6,6,0.92,5.52
2373,947,6,84,84,1.29,108.36
2374,947,28,12,12,0.34,4.08
2375,947,41,5,5,1.03,5.15
2376,947,147,6,6,0.36,2.16
2377,948,61,24,24,0.24,5.76
2378,948,65,6,6,1.17,7.02
2379,949,88,3,3,3.47,10.41
2380,949,90,204,204,1.48,301.92
2381,949,102,18,18,5.00,90.00
2382,949,103,12,12,3.56,42.72
2383,949,114,24,24,0.75,18.00
2384,950,250,6,6,2.41,14.46
2385,950,299,60,60,2.12,127.20
2386,951,315,24,24,0.57,13.68
2387,951,330,36,36,2.85,102.60
2388,951,334,24,24,1.28,30.72
2389,952,370,6,6,1.42,8.52
2390,953,424,12,12,1.88,22.56
2391,954,477,6,6,0.56,3.36
2392,954,485,12,12,0.86,10.32
2393,955,534,24,24,1.91,45.84
2394,955,561,2,2,5.02,10.04
2395,955,569,6,6,0.99,5.94
2396,956,26,24,24,1.78,42.72
2397,956,124,60,60,1.69,101.40
2398,956,138,24,24,1.32,31.68
2399,956,170,3,3,4.26,12.78
2400,957,174,36,36,0.58,20.88
2401,958,222,48,48,0.65,31.20
2402,958,254,12,12,1.24,14.88
2403,958,269,42,42,1.12,47.04
2404,958,276,12,12,1.07,12.84
2405,958,297,6,6,2.92,17.52
2406,959,333,18,18,1.20,21.60
2407,959,356,6,6,1.18,7.08
2408,960,394,1,1,1.21,1.21
2409,960,419,9,9,0.63,5.67
2410,960,435,4,4,3.26,13.04
2411,961,448,12,12,1.33,15.96
2412,961,456,3,3,1.30,3.90
2413,962,482,2,2,0.95,1.90
2414,963,525,21,21,1.40,29.40
2415,963,568,9,9,1.91,17.19
2416,964,32,48,48,0.62,29.76
2417,964,36,30,30,0.60,18.00
2418,965,54,24,24,2.11,50.64
2419,965,55,24,24,0.28,6.72
2420,965,72,31,31,2.72,84.32
2421,966,86,24,24,4.78,114.72
2422,966,98,84,84,2.40,201.60
2423,966,110,252,252,2.65,667.80
2424,966,111,48,48,1.41,67.68
2425,967,189,3,3,1.33,3.99
2426,967,196,24,24,0.63,15.12
2427,967,197,12,12,2.31,27.72
2428,967,216,24,24,1.38,33.12
2429,968,223,6,6,0.67,4.02
2430,968,273,12,12,2.16,25.92
2431,968,294,12,12,1.59,19.08
2432,969,324,48,48,1.90,91.20
2433,969,355,6,6,1.20,7.20
2434,970,372,12,12,1.43,17.16
2435,970,379,6,6,1.99,11.94
2436,971,401,6,6,1.10,6.60
2437,971,433,6,6,1.82,10.92
2438,972,457,12,12,1.29,15.48
2439,973,507,24,24,1.09,26.16
2440,974,549,6,6,2.65,15.90
2441,974,558,96,96,0.29,27.84
2442,974,566,6,6,1.24,7.44
2443,974,571,2,2,1.79,3.58
2444,975,18,24,24,1.79,42.96
2445,976,205,8,8,1.90,15.20
2446,977,237,18,18,0.90,16.20
2447,977,262,105,105,2.91,305.55
2448,977,287,4,4,1.37,5.48
2449,977,288,12,12,1.70,20.40
2450,978,325,6,6,1.15,6.90
2451,979,368,3,3,1.70,5.10
2452,980,426,6,6,0.33,1.98
2453,981,587,1,1,0.78,0.78
2454,982,5,24,24,5.49,131.76
2455,982,10,18,18,2.12,38.16
2456,982,11,24,24,1.41,33.84
2457,982,25,102,102,2.95,300.90
2458,982,144,12,12,0.65,7.80
2459,982,163,6,6,2.11,12.66
2460,983,79,6,6,2.04,12.24
2461,983,112,18,18,0.71,12.78
2462,984,190,6,6,1.24,7.44
2463,985,295,6,6,3.65,21.90
2464,986,361,2,2,1.07,2.14
2465,987,469,12,12,0.95,11.40
2466,988,478,2,2,0.51,1.02
2467,988,497,3,3,2.36,7.08
2468,988,511,12,12,0.79,9.48
2469,989,19,24,24,1.31,31.44
2470,989,23,24,24,1.00,24.00
2471,989,127,48,48,2.90,139.20
2472,989,132,6,6,0.72,4.32
2473,989,166,36,36,1.31,47.16
2474,990,82,36,36,1.35,48.60
2475,991,239,24,24,1.21,29.04
2476,991,248,12,12,2.05,24.60
2477,991,261,12,12,0.68,8.16
2478,991,300,12,12,0.78,9.36
2479,992,322,17,17,0.98,16.66
2480,992,336,24,24,1.23,29.52
2481,993,427,54,54,0.91,49.14
2482,993,440,6,6,2.40,14.40
2483,994,470,10,10,0.67,6.70
2484,995,490,6,6,1.18,7.08
2485,995,500,1,1,1.56,1.56
2486,996,543,6,6,1.32,7.92
2487,996,547,6,6,1.60,9.60
2488,996,548,3,3,2.01,6.03
2489,996,552,12,12,1.01,12.12
2490,996,556,24,24,1.81,43.44
2491,997,7,18,18,0.72,12.96
2492,997,24,24,24,2.66,63.84
2493,997,40,36,36,2.75,99.00
2494,997,45,24,24,2.67,64.08
2495,998,49,47,47,2.35,110.45
2496,998,68,48,48,1.77,84.96
2497,999,121,60,60,2.59,155.40
2498,1000,172,32,32,3.07,98.24
2499,1001,244,18,18,1.98,35.64
2500,1001,257,48,48,0.63,30.24
2501,1001,260,18,18,2.39,43.02
2502,1001,271,6,6,0.77,4.62
2503,1001,278,72,72,0.57,41.04
2504,1001,298,19,19,1.67,31.73
2505,1002,316,24,24,1.12,26.88
2506,1002,318,24,24,1.62,38.88
2507,1002,331,4,4,4.60,18.40
2508,1003,367,18,18,2.16,38.88
2509,1003,382,12,12,1.46,17.52
2510,1003,390,36,36,1.45,52.20
2511,1004,414,24,24,0.28,6.72
2512,1004,431,6,6,0.66,3.96
2513,1005,515,5,5,0.52,2.60
2514,1005,516,6,6,1.73,10.38
2515,1006,554,1,1,1.15,1.15
2516,1007,588,6,6,1.38,8.28
2517,1008,12,12,12,5.24,62.88
2518,1008,16,18,18,2.51,45.18
2519,1008,22,12,12,1.26,15.12
2520,1008,150,48,48,1.63,78.24
2521,1008,164,5,5,0.69,3.45
2522,1009,224,6,6,0.34,2.04
2523,1009,309,24,24,0.84,20.16
2524,1010,320,36,36,1.82,65.52
2525,1010,323,36,36,1.91,68.76
2526,1010,339,6,6,0.91,5.46
2527,1011,438,24,24,1.31,31.44
2528,1012,498,12,12,1.02,12.24
2529,1013,563,12,12,1.46,17.52
2530,1014,69,36,36,0.84,30.24
2531,1015,92,24,24,1.04,24.96
2532,1015,101,30,30,1.01,30.30
2533,1015,116,24,24,2.18,52.32
2534,1016,266,12,12,1.23,14.76
2535,1016,308,24,24,1.04,24.96
2536,1016,313,6,6,2.36,14.16
2537,1017,348,12,12,0.82,9.84
2538,1018,454,6,6,0.95,5.70
2539,1019,482,2,2,0.95,1.90
2540,1019,499,12,12,1.10,13.20
2541,1020,4,12,12,0.33,3.96
2542,1020,31,12,12,2.13,25.56
2543,1020,168,18,18,1.06,19.08
2544,1021,58,36,36,0.97,34.92
2545,1022,78,48,48,1.06,50.88
2546,1022,104,88,88,0.68,59.84
2547,1022,113,6,6,2.13,12.78
2548,1022,115,11,11,1.05,11.55
2549,1023,183,12,12,1.75,21.00
2550,1024,234,12,12,1.22,14.64
2551,1024,251,14,14,3.71,51.94
2552,1025,346,5,5,1.98,9.90
2553,1026,460,2,2,1.62,3.24
2554,1027,510,12,12,3.04,36.48
2555,1028,571,2,2,1.79,3.58
2556,1029,85,48,48,2.11,101.28
2557,1029,89,12,12,0.69,8.28
2558,1030,143,26,26,2.14,55.64
2559,1030,153,6,6,1.02,6.12
2560,1030,160,36,36,0.67,24.12
2561,1031,181,5,5,0.33,1.65
2562,1031,198,12,12,1.21,14.52
2563,1031,201,18,18,2.77,49.86
2564,1031,217,6,6,0.93,5.58
2565,1032,219,24,24,0.92,22.08
2566,1032,231,12,12,1.67,20.04
2567,1032,232,23,23,1.21,27.83
2568,1032,241,12,12,2.20,26.40
2569,1032,267,13,13,1.14,14.82
2570,1032,291,18,18,1.87,33.66
2571,1032,310,24,24,1.57,37.68
2572,1033,445,8,8,1.63,13.04
2573,1034,502,6,6,1.02,6.12
2574,1034,504,14,14,1.10,15.40
2575,1035,524,4,4,1.38,5.52
2576,1036,14,6,6,2.81,16.86
2577,1036,20,1,1,2.72,2.72
2578,1036,43,10,10,1.37,13.70
2579,1036,44,48,48,1.80,86.40
2580,1036,130,34,34,1.42,48.28
2581,1037,51,1,1,0.83,0.83
2582,1037,64,13,13,0.92,11.96
2583,1037,66,114,114,1.05,119.70
2584,1038,84,6,6,4.10,24.60
2585,1038,94,12,12,1.12,13.44
2586,1038,97,24,24,1.75,42.00
2587,1038,118,114,114,0.69,78.66
2588,1039,178,72,72,1.03,74.16
2589,1039,182,6,6,4.97,29.82
2590,1039,186,24,24,1.57,37.68
2591,1039,188,12,12,2.82,33.84
2592,1039,204,48,48,2.02,96.96
2593,1039,218,66,66,1.26,83.16
2594,1040,243,42,42,0.65,27.30
2595,1040,249,8,8,1.90,15.20
2596,1040,296,24,24,0.53,12.72
2597,1041,418,6,6,2.99,17.94
2598,1042,456,3,3,1.30,3.90
2599,1043,492,6,6,1.00,6.00
2600,1044,1,35,35,1.34,46.90
2601,1044,140,18,18,1.06,19.08
2602,1044,156,6,6,1.40,8.40
2603,1045,53,15,15,2.09,31.35
2604,1046,93,78,78,0.69,53.82
2605,1046,96,3,3,1.13,3.39
2606,1046,122,48,48,0.34,16.32
2607,1047,171,19,19,4.33,82.27
2608,1048,221,24,24,1.30,31.20
2609,1048,227,6,6,1.36,8.16
2610,1048,228,20,20,1.86,37.20
2611,1048,246,36,36,1.78,64.08
2612,1048,252,18,18,1.23,22.14
2613,1048,265,12,12,4.05,48.60
2614,1048,285,6,6,1.63,9.78
2615,1048,304,30,30,1.15,34.50
2616,1048,305,72,72,1.98,142.56
2617,1049,321,36,36,1.19,42.84
2618,1049,327,12,12,0.84,10.08
2619,1049,335,12,12,0.55,6.60
2620,1049,354,12,12,1.21,14.52
2621,1049,360,3,3,4.35,13.05
2622,1050,374,15,15,1.64,24.60
2623,1050,376,24,24,2.10,50.40
2624,1050,392,12,12,0.36,4.32
2625,1051,395,17,17,0.89,15.13
2626,1051,435,4,4,3.26,13.04
2627,1052,458,2,2,1.25,2.50
2628,1053,486,12,12,1.03,12.36
2629,1053,497,3,3,2.36,7.08
2630,1054,539,6,6,1.64,9.84
2631,1054,565,42,42,3.16,132.72
2632,1055,2,180,180,0.32,57.60
2633,1055,15,36,36,0.64,23.04
2634,1055,27,12,12,0.32,3.84
2635,1055,37,24,24,0.66,15.84
2636,1055,137,12,12,2.67,32.04
2637,1055,141,24,24,1.97,47.28
2638,1055,157,18,18,2.59,46.62
2639,1055,167,84,84,2.77,232.68
2640,1056,70,6,6,1.82,10.92
2641,1057,91,66,66,1.33,87.78
2642,1057,95,48,48,1.08,51.84
2643,1057,103,12,12,3.56,42.72
2644,1058,175,24,24,0.96,23.04
2645,1059,236,12,12,1.27,15.24
2646,1059,245,18,18,0.89,16.02
2647,1059,255,10,10,1.98,19.80
2648,1059,263,48,48,2.01,96.48
2649,1059,270,12,12,1.18,14.16
2650,1059,275,42,42,0.80,33.60
2651,1059,293,12,12,1.73,20.76
2652,1059,297,6,6,2.92,17.52
2653,1059,314,19,19,1.07,20.33
2654,1060,385,12,12,0.70,8.40
2655,1061,407,12,12,1.75,21.00
2656,1061,410,24,24,1.26,30.24
2657,1061,425,3,3,1.18,3.54
2658,1062,521,12,12,0.90,10.80
2659,1063,541,24,24,0.34,8.16
2660,1063,568,9,9,1.91,17.19
2661,1063,569,6,6,0.99,5.94
2662,1064,575,2,2,1.08,2.16
2663,1064,579,6,6,3.66,21.96
2664,1065,8,96,96,2.57,246.72
2665,1065,30,12,12,1.58,18.96
2666,1065,38,6,6,0.64,3.84
2667,1065,41,5,5,1.03,5.15
2668,1065,42,16,16,0.96,15.36
2669,1065,46,30,30,1.06,31.80
2670,1065,134,72,72,3.35,241.20
2671,1065,146,24,24,0.68,16.32
2672,1065,151,17,17,0.73,12.41
2673,1065,159,12,12,1.95,23.40
2674,1066,80,24,24,1.45,34.80
2675,1066,105,48,48,1.83,87.84
2676,1066,107,12,12,1.13,13.56
2677,1067,179,24,24,2.27,54.48
2678,1067,180,12,12,0.58,6.96
2679,1067,187,24,24,0.63,15.12
2680,1067,194,6,6,2.08,12.48
2681,1067,216,24,24,1.38,33.12
2682,1068,229,6,6,0.32,1.92
2683,1068,276,12,12,1.07,12.84
2684,1068,299,60,60,2.12,127.20
2685,1068,312,12,12,1.41,16.92
2686,1069,340,12,12,0.90,10.80
2687,1069,342,42,42,4.91,206.22
2688,1070,396,24,24,1.45,34.80
2689,1070,401,6,6,1.10,6.60
2690,1070,423,6,6,1.29,7.74
2691,1071,461,24,24,2.85,68.40
2692,1071,464,36,36,1.39,50.04
2693,1072,528,24,24,1.28,30.72
2694,1072,540,12,12,1.70,20.40
2695,1072,551,3,3,1.75,5.25
2696,1072,553,6,6,1.30,7.80
2697,1072,564,12,12,2.48,29.76
2698,1073,17,36,36,0.96,34.56
2699,1073,21,12,12,1.65,19.80
2700,1073,123,24,24,2.02,48.48
2701,1073,158,72,72,0.71,51.12
2702,1074,62,72,72,2.33,167.76
2703,1075,108,24,24,0.35,8.40
2704,1075,109,12,12,2.89,34.68
2705,1075,110,252,252,2.65,667.80
2706,1076,311,12,12,0.63,7.56
2707,1077,437,6,6,0.99,5.94
2708,1078,455,27,27,1.94,52.38
2709,1078,462,12,12,0.33,3.96
2710,1079,478,2,2,0.51,1.02
2711,1079,490,6,6,1.18,7.08
2712,1079,500,1,1,1.56,1.56
2713,1080,571,2,2,1.79,3.58
2714,1081,20,1,1,2.72,2.72
2715,1081,29,24,24,0.71,17.04
2716,1081,48,30,30,1.44,43.20
2717,1081,170,3,3,4.26,12.78
2718,1082,56,60,60,0.60,36.00
2719,1083,81,10,10,0.73,7.30
2720,1083,102,18,18,5.00,90.00
2721,1083,113,6,6,2.13,12.78
2722,1084,286,12,12,2.08,24.96
2723,1085,352,6,6,0.29,1.74
2724,1085,362,12,12,1.10,13.20
2725,1086,371,3,3,1.36,4.08
2726,1087,507,24,24,1.09,26.16
2727,1088,527,6,6,1.37,8.22
2728,1088,559,6,6,0.66,3.96
2729,1089,589,5,5,0.45,2.25
2730,1090,6,84,84,1.29,108.36
2731,1090,26,24,24,1.78,42.72
2732,1090,35,24,24,0.33,7.92
2733,1090,154,7,7,1.67,11.69
2734,1090,162,6,6,2.15,12.90
2735,1091,60,48,48,1.09,52.32
2736,1092,76,42,42,1.44,60.48
2737,1092,90,204,204,1.48,301.92
2738,1093,173,12,12,2.61,31.32
2739,1093,203,18,18,0.66,11.88
2740,1094,289,12,12,1.63,19.56
2741,1095,322,17,17,0.98,16.66
2742,1095,329,12,12,0.27,3.24
2743,1095,333,18,18,1.20,21.60
2744,1096,404,6,6,0.98,5.88
2745,1097,546,6,6,3.57,21.42
2746,1097,567,2,2,0.94,1.88
2747,1098,581,6,6,0.41,2.46
2748,1098,583,6,6,2.13,12.78
2749,1099,13,72,72,4.80,345.60
2750,1099,168,18,18,1.06,19.08
2751,1100,71,24,24,0.48,11.52
2752,1101,82,36,36,1.35,48.60
2753,1101,106,24,24,0.69,16.56
2754,1102,174,36,36,0.58,20.88
2755,1102,176,48,48,0.61,29.28
2756,1103,353,12,12,1.19,14.28
2757,1103,365,60,60,1.35,81.00
2758,1104,368,3,3,1.70,5.10
2759,1105,400,12,12,2.39,28.68
2760,1105,429,7,7,1.87,13.09
2761,1106,488,6,6,2.18,13.08
2762,1107,587,1,1,0.78,0.78
2763,1108,12,12,12,5.24,62.88
2764,1108,14,6,6,2.81,16.86
2765,1108,16,18,18,2.51,45.18
2766,1108,131,18,18,0.67,12.06
2767,1108,150,48,48,1.63,78.24
2768,1109,52,24,24,1.02,24.48
2769,1110,99,8,8,1.76,14.08
2770,1110,114,24,24,0.75,18.00
2771,1110,115,11,11,1.05,11.55
2772,1110,117,24,24,1.47,35.28
2773,1111,181,5,5,0.33,1.65
2774,1111,214,24,24,2.03,48.72
2775,1112,222,48,48,0.65,31.20
2776,1112,230,6,6,1.21,7.26
2777,1112,238,12,12,1.68,20.16
2778,1112,242,6,6,1.24,7.44
2779,1112,249,8,8,1.90,15.20
2780,1112,283,24,24,2.22,53.28
2781,1112,294,12,12,1.59,19.08
2782,1113,330,36,36,2.85,102.60
2783,1113,339,6,6,0.91,5.46
2784,1113,359,1,1,0.30,0.30
2785,1114,373,12,12,2.50,30.00
2786,1114,383,13,13,1.64,21.32
2787,1114,384,12,12,2.18,26.16
2788,1115,406,24,24,1.75,42.00
2789,1115,408,21,21,3.28,68.88
2790,1116,457,12,12,1.29,15.48
2791,1117,494,1,1,1.63,1.63
2792,1117,513,6,6,1.31,7.86
2793,1117,520,12,12,2.14,25.68
2794,1118,554,1,1,1.15,1.15
2795,1118,558,96,96,0.29,27.84
2796,1119,5,24,24,5.49,131.76
2797,1119,10,18,18,2.12,38.16
2798,1119,36,30,30,0.60,18.00
2799,1119,45,24,24,2.67,64.08
2800,1119,142,24,24,1.36,32.64
2801,1119,148,24,24,1.00,24.00
2802,1120,101,30,30,1.01,30.30
2803,1120,119,12,12,2.22,26.64
2804,1121,191,12,12,2.48,29.76
2805,1121,211,12,12,2.13,25.56
2806,1121,217,6,6,0.93,5.58
2807,1122,220,11,11,1.56,17.16
2808,1122,307,24,24,0.53,12.72
2809,1123,324,48,48,1.90,91.20
2810,1123,331,4,4,4.60,18.40
2811,1123,336,24,24,1.23,29.52
2812,1124,388,12,12,5.84,70.08
2813,1125,419,9,9,0.63,5.67
2814,1125,431,6,6,0.66,3.96
2815,1126,469,12,12,0.95,11.40
2816,1127,472,24,24,3.40,81.60
2817,1127,489,6,6,0.91,5.46
2818,1128,584,6,6,1.08,6.48
2819,1129,19,24,24,1.31,31.44
2820,1129,126,36,36,2.04,73.44
2821,1129,166,36,36,1.31,47.16
2822,1130,72,31,31,2.72,84.32
2823,1131,86,24,24,4.78,114.72
2824,1131,87,12,12,2.02,24.24
2825,1131,98,84,84,2.40,201.60
2826,1131,112,18,18,0.71,12.78
2827,1132,272,6,6,1.47,8.82
2828,1132,292,24,24,1.24,29.76
2829,1133,337,5,5,0.98,4.90
2830,1133,351,12,12,4.73,56.76
2831,1133,356,6,6,1.18,7.08
2832,1134,394,1,1,1.21,1.21
2833,1135,470,10,10,0.67,6.70
2834,1136,511,12,12,0.79,9.48
2835,1137,574,6,6,1.71,10.26
2836,1138,25,102,102,2.95,300.90
2837,1138,39,12,12,1.32,15.84
2838,1138,125,6,6,0.64,3.84
2839,1138,164,5,5,0.69,3.45
2840,1139,51,1,1,0.83,0.83
2841,1140,189,3,3,1.33,3.99
2842,1141,247,8,8,1.77,14.16
2843,1141,251,14,14,3.71,51.94
2844,1141,262,105,105,2.91,305.55
2845,1142,321,36,36,1.19,42.84
2846,1142,323,36,36,1.91,68.76
2847,1142,328,36,36,1.21,43.56
2848,1142,332,12,12,1.90,22.80
2849,1142,341,6,6,1.70,10.20
2850,1143,454,6,6,0.95,5.70
2851,1143,466,5,5,2.66,13.30
2852,1144,526,6,6,1.18,7.08
2853,1144,534,24,24,1.91,45.84
2854,1144,543,6,6,1.32,7.92
2855,1144,561,2,2,5.02,10.04
2856,1145,18,24,24,1.79,42.96
2857,1145,20,1,1,2.72,2.72
2858,1145,152,6,6,1.77,10.62
2859,1146,49,47,47,2.35,110.45
2860,1146,70,6,6,1.82,10.92
2861,1147,121,60,60,2.59,155.40
2862,1148,172,32,32,3.07,98.24
2863,1149,223,6,6,0.67,4.02
2864,1149,300,12,12,0.78,9.36
2865,1150,327,12,12,0.84,10.08
2866,1151,374,15,15,1.64,24.60
2867,1152,411,6,6,0.84,5.04
2868,1152,440,6,6,2.40,14.40
2869,1153,456,3,3,1.30,3.90
2870,1153,459,24,24,1.05,25.20
2871,1154,529,12,12,2.96,35.52
2872,1155,599,6,6,0.68,4.08
2873,1156,40,36,36,2.75,99.00
2874,1156,41,5,5,1.03,5.15
2875,1156,127,48,48,2.90,139.20
2876,1157,54,24,24,2.11,50.64
2877,1157,55,24,24,0.28,6.72
2878,1158,186,24,24,1.57,37.68
2879,1158,198,12,12,1.21,14.52
2880,1159,237,18,18,0.90,16.20
2881,1159,256,24,24,1.77,42.48
2882,1159,284,12,12,2.66,31.92
2883,1159,298,19,19,1.67,31.73
2884,1160,355,6,6,1.20,7.20
2885,1161,538,24,24,2.87,68.88
2886,1161,547,6,6,1.60,9.60
2887,1162,1,35,35,1.34,46.90
2888,1162,24,24,24,2.66,63.84
2889,1162,138,24,24,1.32,31.68
2890,1163,57,24,24,1.03,24.72
2891,1163,74,18,18,0.73,13.14
2892,1164,103,12,12,3.56,42.72
2893,1165,240,24,24,1.78,42.72
2894,1165,244,18,18,1.98,35.64
2895,1165,290,24,24,0.91,21.84
2896,1165,306,12,12,1.47,17.64
2897,1166,359,1,1,0.30,0.30
2898,1166,361,2,2,1.07,2.14
2899,1167,369,6,6,0.36,2.16
2900,1168,427,54,54,0.91,49.14
2901,1169,494,1,1,1.63,1.63
2902,1170,587,1,1,0.78,0.78
2903,1171,7,18,18,0.72,12.96
2904,1171,9,12,12,3.51,42.12
2905,1171,15,36,36,0.64,23.04
2906,1171,43,10,10,1.37,13.70
2907,1171,124,60,60,1.69,101.40
2908,1171,170,3,3,4.26,12.78
2909,1172,73,24,24,0.84,20.16
2910,1173,85,48,48,2.11,101.28
2911,1173,96,3,3,1.13,3.39
2912,1173,104,88,88,0.68,59.84
2913,1173,110,252,252,2.65,667.80
2914,1173,111,48,48,1.41,67.68
2915,1174,205,8,8,1.90,15.20
2916,1174,215,24,24,2.19,52.56
2917,1174,216,24,24,1.38,33.12
2918,1175,271,6,6,0.77,4.62
2919,1175,278,72,72,0.57,41.04
2920,1175,303,24,24,1.06,25.44
2921,1176,329,12,12,0.27,3.24
2922,1177,372,12,12,1.43,17.16
2923,1178,397,6,6,0.89,5.34
2924,1178,422,24,24,4.78,114.72
2925,1178,424,12,12,1.88,22.56
2926,1178,425,3,3,1.18,3.54
2927,1178,438,24,24,1.31,31.44
2928,1179,496,6,6,0.84,5.04
2929,1179,508,12,12,2.40,28.80
2930,1179,515,5,5,0.52,2.60
2931,1179,517,1,1,3.04,3.04
2932,1180,525,21,21,1.40,29.40
2933,1181,42,16,16,0.96,15.36
2934,1181,44,48,48,1.80,86.40
2935,1181,139,12,12,2.04,24.48
2936,1181,161,12,12,3.53,42.36
2937,1182,61,24,24,0.24,5.76
2938,1182,64,13,13,0.92,11.96
2939,1183,116,24,24,2.18,52.32
2940,1183,122,48,48,0.34,16.32
2941,1184,171,19,19,4.33,82.27
2942,1184,182,6,6,4.97,29.82
2943,1185,273,12,12,2.16,25.92
2944,1185,302,12,12,2.06,24.72
2945,1186,320,36,36,1.82,65.52
2946,1186,322,17,17,0.98,16.66
2947,1186,325,6,6,1.15,6.90
2948,1187,382,12,12,1.46,17.52
2949,1188,554,1,1,1.15,1.15
2950,1189,22,12,12,1.26,15.12
2951,1190,53,15,15,2.09,31.35
2952,1190,58,36,36,0.97,34.92
2953,1190,66,114,114,1.05,119.70
2954,1190,68,48,48,1.77,84.96
2955,1191,91,66,66,1.33,87.78
2956,1191,118,114,114,0.69,78.66
2957,1192,175,24,24,0.96,23.04
2958,1192,197,12,12,2.31,27.72
2959,1192,218,66,66,1.26,83.16
2960,1193,234,12,12,1.22,14.64
2961,1193,243,42,42,0.65,27.30
2962,1193,257,48,48,0.63,30.24
2963,1193,270,12,12,1.18,14.16
2964,1193,285,6,6,1.63,9.78
2965,1194,319,18,18,0.84,15.12
2966,1195,370,6,6,1.42,8.52
2967,1196,401,6,6,1.10,6.60
2968,1196,444,2,2,1.93,3.86
2969,1197,462,12,12,0.33,3.96
2970,1198,471,6,6,1.14,6.84
2971,1198,492,6,6,1.00,6.00
2972,1198,500,1,1,1.56,1.56
2973,1198,504,14,14,1.10,15.40
2974,1199,524,4,4,1.38,5.52
2975,1199,556,24,24,1.81,43.44
2976,1200,577,12,12,1.36,16.32
2977,1201,23,24,24,1.00,24.00
2978,1201,147,6,6,0.36,2.16
2979,1201,160,36,36,0.67,24.12
2980,1202,50,6,6,1.00,6.00
2981,1203,89,12,12,0.69,8.28
2982,1203,97,24,24,1.75,42.00
2983,1204,195,24,24,0.67,16.08
2984,1205,239,24,24,1.21,29.04
2985,1205,249,8,8,1.90,15.20
2986,1205,294,12,12,1.59,19.08
2987,1206,334,24,24,1.28,30.72
2988,1206,361,2,2,1.07,2.14
2989,1206,362,12,12,1.10,13.20
2990,1207,567,2,2,0.94,1.88
2991,1207,571,2,2,1.79,3.58
2992,1208,17,36,36,0.96,34.56
2993,1208,26,24,24,1.78,42.72
2994,1208,149,12,12,2.02,24.24
2995,1208,158,72,72,0.71,51.12
2996,1209,76,42,42,1.44,60.48
2997,1209,100,24,24,1.45,34.80
2998,1210,204,48,48,2.02,96.96
2999,1211,266,12,12,1.23,14.76
3000,1211,312,12,12,1.41,16.92
3001,1211,314,19,19,1.07,20.33
3002,1212,333,18,18,1.20,21.60
3003,1212,346,5,5,1.98,9.90
3004,1213,414,24,24,0.28,6.72
3005,1213,428,12,12,2.38,28.56
3006,1214,523,12,12,1.66,19.92
3007,1214,548,3,3,2.01,6.03
3008,1214,568,9,9,1.91,17.19
3009,1215,2,180,180,0.32,57.60
3010,1215,4,12,12,0.33,3.96
3011,1215,32,48,48,0.62,29.76
3012,1215,41,5,5,1.03,5.15
3013,1216,79,6,6,2.04,12.24
3014,1217,208,24,24,1.96,47.04
3015,1218,232,23,23,1.21,27.83
3016,1218,246,36,36,1.78,64.08
3017,1218,260,18,18,2.39,43.02
3018,1218,269,42,42,1.12,47.04
3019,1218,276,12,12,1.07,12.84
3020,1218,293,12,12,1.73,20.76
3021,1218,309,24,24,0.84,20.16
3022,1219,326,24,24,0.82,19.68
3023,1220,507,24,24,1.09,26.16
3024,1221,20,1,1,2.72,2.72
3025,1221,21,12,12,1.65,19.80
3026,1221,143,26,26,2.14,55.64
3027,1221,154,7,7,1.67,11.69
3028,1222,81,10,10,0.73,7.30
3029,1222,93,78,78,0.69,53.82
3030,1222,113,6,6,2.13,12.78
3031,1222,120,12,12,1.34,16.08
3032,1223,177,12,12,1.73,20.76
3033,1223,181,5,5,0.33,1.65
3034,1224,272,6,6,1.47,8.82
3035,1224,275,42,42,0.80,33.60
3036,1224,281,12,12,0.82,9.84
3037,1224,289,12,12,1.63,19.56
3038,1225,316,24,24,1.12,26.88
3039,1225,330,36,36,2.85,102.60
3040,1225,340,12,12,0.90,10.80
3041,1226,379,6,6,1.99,11.94
3042,1227,410,24,24,1.26,30.24
3043,1227,429,7,7,1.87,13.09
3044,1228,531,6,6,2.18,13.08
3045,1228,559,6,6,0.66,3.96
3046,1228,565,42,42,3.16,132.72
3047,1229,6,84,84,1.29,108.36
3048,1229,8,96,96,2.57,246.72
3049,1229,27,12,12,0.32,3.84
3050,1229,31,12,12,2.13,25.56
3051,1229,125,6,6,0.64,3.84
3052,1229,130,34,34,1.42,48.28
3053,1229,132,6,6,0.72,4.32
3054,1229,136,24,24,2.74,65.76
3055,1229,150,48,48,1.63,78.24
3056,1229,167,84,84,2.77,232.68
3057,1230,60,48,48,1.09,52.32
3058,1230,69,36,36,0.84,30.24
3059,1230,71,24,24,0.48,11.52
3060,1231,78,48,48,1.06,50.88
3061,1231,90,204,204,1.48,301.92
3062,1231,99,8,8,1.76,14.08
3063,1231,119,12,12,2.22,26.64
3064,1232,179,24,24,2.27,54.48
3065,1233,235,6,6,0.31,1.86
3066,1233,251,14,14,3.71,51.94
3067,1233,296,24,24,0.53,12.72
3068,1233,304,30,30,1.15,34.50
3069,1233,305,72,72,1.98,142.56
3070,1233,310,24,24,1.57,37.68
3071,1233,313,6,6,2.36,14.16
3072,1234,335,12,12,0.55,6.60
3073,1235,367,18,18,2.16,38.88
3074,1236,396,24,24,1.45,34.80
3075,1237,445,8,8,1.63,13.04
3076,1237,467,24,24,2.63,63.12
3077,1238,477,6,6,0.56,3.36
3078,1239,526,6,6,1.18,7.08
3079,1239,561,2,2,5.02,10.04
3080,1240,10,18,18,2.12,38.16
3081,1240,11,24,24,1.41,33.84
3082,1240,14,6,6,2.81,16.86
3083,1240,48,30,30,1.44,43.20
3084,1241,82,36,36,1.35,48.60
3085,1241,95,48,48,1.08,51.84
3086,1241,102,18,18,5.00,90.00
3087,1242,190,6,6,1.24,7.44
3088,1242,203,18,18,0.66,11.88
3089,1242,209,24,24,1.85,44.40
3090,1243,227,6,6,1.36,8.16
3091,1243,228,20,20,1.86,37.20
3092,1243,253,24,24,1.80,43.20
3093,1243,267,13,13,1.14,14.82
3094,1243,297,6,6,2.92,17.52
3095,1243,308,24,24,1.04,24.96
3096,1244,315,24,24,0.57,13.68
3097,1244,336,24,24,1.23,29.52
3098,1244,356,6,6,1.18,7.08
3099,1245,373,12,12,2.50,30.00
3100,1246,395,17,17,0.89,15.13
3101,1246,399,12,12,1.14,13.68
3102,1247,455,27,27,1.94,52.38
3103,1247,456,3,3,1.30,3.90
3104,1248,479,6,6,1.60,9.60
3105,1249,553,6,6,1.30,7.80
3106,1249,554,1,1,1.15,1.15
3107,1249,555,6,6,0.92,5.52
3108,1250,13,72,72,4.80,345.60
3109,1250,15,36,36,0.64,23.04
3110,1250,30,12,12,1.58,18.96
3111,1250,34,24,24,1.01,24.24
3112,1250,45,24,24,2.67,64.08
3113,1251,56,60,60,0.60,36.00
3114,1252,77,6,6,1.05,6.30
3115,1252,105,48,48,1.83,87.84
3116,1252,107,12,12,1.13,13.56
3117,1252,108,24,24,0.35,8.40
3118,1253,189,3,3,1.33,3.99
3119,1254,236,12,12,1.27,15.24
3120,1254,265,12,12,4.05,48.60
3121,1254,299,60,60,2.12,127.20
3122,1255,322,17,17,0.98,16.66
3123,1255,332,12,12,1.90,22.80
3124,1255,348,12,12,0.82,9.84
3125,1256,385,12,12,0.70,8.40
3126,1257,398,24,24,0.63,15.12
3127,1257,431,6,6,0.66,3.96
3128,1257,433,6,6,1.82,10.92
3129,1258,466,5,5,2.66,13.30
3130,1259,490,6,6,1.18,7.08
3131,1259,499,12,12,1.10,13.20
3132,1259,502,6,6,1.02,6.12
3133,1259,517,1,1,3.04,3.04
3134,1260,558,96,96,0.29,27.84
3135,1260,569,6,6,0.99,5.94
3136,1261,42,16,16,0.96,15.36
3137,1261,128,48,48,1.36,65.28
3138,1261,140,18,18,1.06,19.08
3139,1261,156,6,6,1.40,8.40
3140,1261,168,18,18,1.06,19.08
3141,1262,51,1,1,0.83,0.83
3142,1263,198,12,12,1.21,14.52
3143,1264,250,6,6,2.41,14.46
3144,1265,331,4,4,4.60,18.40
3145,1266,386,12,12,1.38,16.56
3146,1267,408,21,21,3.28,68.88
3147,1267,437,6,6,0.99,5.94
3148,1268,447,6,6,3.55,21.30
3149,1268,454,6,6,0.95,5.70
3150,1269,571,2,2,1.79,3.58
3151,1270,20,1,1,2.72,2.72
3152,1270,25,102,102,2.95,300.90
3153,1270,166,36,36,1.31,47.16
3154,1271,65,6,6,1.17,7.02
3155,1272,101,30,30,1.01,30.30
3156,1272,109,12,12,2.89,34.68
3157,1272,114,24,24,0.75,18.00
3158,1273,178,72,72,1.03,74.16
3159,1273,186,24,24,1.57,37.68
3160,1274,245,18,18,0.89,16.02
3161,1274,263,48,48,2.01,96.48
3162,1274,295,6,6,3.65,21.90
3163,1275,321,36,36,1.19,42.84
3164,1275,347,24,24,1.75,42.00
3165,1276,390,36,36,1.45,52.20
3166,1277,425,3,3,1.18,3.54
3167,1277,435,4,4,3.26,13.04
3168,1278,522,6,6,1.73,10.38
3169,1279,557,12,12,1.59,19.08
3170,1280,70,6,6,1.82,10.92
3171,1281,98,84,84,2.40,201.60
3172,1281,110,252,252,2.65,667.80
3173,1282,146,24,24,0.68,16.32
3174,1282,163,6,6,2.11,12.66
3175,1282,164,5,5,0.69,3.45
3176,1283,187,24,24,0.63,15.12
3177,1283,211,12,12,2.13,25.56
3178,1284,318,24,24,1.62,38.88
3179,1284,327,12,12,0.84,10.08
3180,1284,337,5,5,0.98,4.90
3181,1284,339,6,6,0.91,5.46
3182,1284,360,3,3,4.35,13.05
3183,1285,383,13,13,1.64,21.32
3184,1286,461,24,24,2.85,68.40
3185,1287,487,12,12,3.64,43.68
3186,1288,552,12,12,1.01,12.12
3187,1289,1,35,35,1.34,46.90
3188,1289,16,18,18,2.51,45.18
3189,1289,19,24,24,1.31,31.44
3190,1289,38,6,6,0.64,3.84
3191,1290,233,12,12,0.90,10.80
3192,1290,252,18,18,1.23,22.14
3193,1290,287,4,4,1.37,5.48
3194,1291,329,12,12,0.27,3.24
3195,1292,371,3,3,1.36,4.08
3196,1292,374,15,15,1.64,24.60
3197,1292,388,12,12,5.84,70.08
3198,1293,419,9,9,0.63,5.67
3199,1293,444,2,2,1.93,3.86
3200,1294,470,10,10,0.67,6.70
3201,1295,482,2,2,0.95,1.90
3202,1295,486,12,12,1.03,12.36
3203,1295,497,3,3,2.36,7.08
3204,1296,17,36,36,0.96,34.56
3205,1296,24,24,24,2.66,63.84
3206,1296,46,30,30,1.06,31.80
3207,1296,144,12,12,0.65,7.80
3208,1296,151,17,17,0.73,12.41
3209,1297,85,48,48,2.11,101.28
3210,1297,88,3,3,3.47,10.41
3211,1297,92,24,24,1.04,24.96
3212,1297,115,11,11,1.05,11.55
3213,1297,116,24,24,2.18,52.32
3214,1297,121,60,60,2.59,155.40
3215,1298,188,12,12,2.82,33.84
3216,1299,255,10,10,1.98,19.80
3217,1299,291,18,18,1.87,33.66
3218,1299,294,12,12,1.59,19.08
3219,1300,324,48,48,1.90,91.20
3220,1300,342,42,42,4.91,206.22
3221,1300,350,6,6,2.10,12.60
3222,1300,352,6,6,0.29,1.74
3223,1300,354,12,12,1.21,14.52
3224,1301,460,2,2,1.62,3.24
3225,1301,465,3,3,1.87,5.61
3226,1302,513,6,6,1.31,7.86
3227,1303,525,21,21,1.40,29.40
3228,1303,561,2,2,5.02,10.04
3229,1303,567,2,2,0.94,1.88
3230,1303,568,9,9,1.91,17.19
3231,1304,5,24,24,5.49,131.76
3232,1304,10,18,18,2.12,38.16
3233,1304,36,30,30,0.60,18.00
3234,1304,162,6,6,2.15,12.90
3235,1305,55,24,24,0.28,6.72
3236,1305,72,31,31,2.72,84.32
3237,1306,80,24,24,1.45,34.80
3238,1306,86,24,24,4.78,114.72
3239,1307,217,6,6,0.93,5.58
3240,1308,223,6,6,0.67,4.02
3241,1308,230,6,6,1.21,7.26
3242,1308,262,105,105,2.91,305.55
3243,1308,278,72,72,0.57,41.04
3244,1308,292,24,24,1.24,29.76
3245,1309,323,36,36,1.91,68.76
3246,1310,440,6,6,2.40,14.40
3247,1311,464,36,36,1.39,50.04
3248,1311,469,12,12,0.95,11.40
3249,1312,478,2,2,0.51,1.02
3250,1312,504,14,14,1.10,15.40
3251,1312,517,1,1,3.04,3.04
3252,1313,554,1,1,1.15,1.15
3253,1314,12,12,12,5.24,62.88
3254,1314,41,5,5,1.03,5.15
3255,1314,157,18,18,2.59,46.62
3256,1315,62,72,72,2.33,167.76
3257,1316,112,18,18,0.71,12.78
3258,1316,122,48,48,0.34,16.32
3259,1317,174,36,36,0.58,20.88
3260,1317,189,3,3,1.33,3.99
3261,1317,201,18,18,2.77,49.86
3262,1318,248,12,12,2.05,24.60
3263,1318,272,6,6,1.47,8.82
3264,1318,283,24,24,2.22,53.28
3265,1318,290,24,24,0.91,21.84
3266,1318,300,12,12,0.78,9.36
3267,1319,353,12,12,1.19,14.28
3268,1320,375,24,24,1.42,34.08
3269,1320,376,24,24,2.10,50.40
3270,1321,401,6,6,1.10,6.60
3271,1321,427,54,54,0.91,49.14
3272,1321,438,24,24,1.31,31.44
3273,1322,457,12,12,1.29,15.48
3274,1322,463,12,12,3.61,43.32
3275,1323,489,6,6,0.91,5.46
3276,1323,509,12,12,1.83,21.96
3277,1324,530,6,6,0.98,5.88
3278,1324,534,24,24,1.91,45.84
3279,1325,18,24,24,1.79,42.96
3280,1325,124,60,60,1.69,101.40
3281,1326,49,47,47,2.35,110.45
3282,1326,53,15,15,2.09,31.35
3283,1327,206,24,24,1.29,30.96
3284,1327,216,24,24,1.38,33.12
3285,1328,238,12,12,1.68,20.16
3286,1328,259,12,12,0.95,11.40
3287,1328,286,12,12,2.08,24.96
3288,1329,336,24,24,1.23,29.52
3289,1329,343,12,12,1.21,14.52
3290,1330,372,12,12,1.43,17.16
3291,1331,462,12,12,0.33,3.96
3292,1332,505,24,24,2.03,48.72
3293,1332,507,24,24,1.09,26.16
3294,1333,587,1,1,0.78,0.78
3295,1334,20,1,1,2.72,2.72
3296,1334,26,24,24,1.78,42.72
3297,1334,127,48,48,2.90,139.20
3298,1334,159,12,12,1.95,23.40
3299,1335,82,36,36,1.35,48.60
3300,1335,91,66,66,1.33,87.78
3301,1335,104,88,88,0.68,59.84
3302,1336,172,32,32,3.07,98.24
3303,1336,182,6,6,4.97,29.82
3304,1336,202,6,6,1.00,6.00
3305,1337,365,60,60,1.35,81.00
3306,1338,369,6,6,0.36,2.16
3307,1339,393,6,6,1.26,7.56
3308,1339,424,12,12,1.88,22.56
3309,1340,450,12,12,0.67,8.04
3310,1341,482,2,2,0.95,1.90
3311,1341,488,6,6,2.18,13.08
3312,1341,494,1,1,1.63,1.63
3313,1342,526,6,6,1.18,7.08
3314,1342,528,24,24,1.28,30.72
3315,1343,37,24,24,0.66,15.84
3316,1343,42,16,16,0.96,15.36
3317,1343,43,10,10,1.37,13.70
3318,1343,134,72,72,3.35,241.20
3319,1344,118,114,114,0.69,78.66
3320,1345,222,48,48,0.65,31.20
3321,1345,229,6,6,0.32,1.92
3322,1345,244,18,18,1.98,35.64
3323,1345,247,8,8,1.77,14.16
3324,1345,273,12,12,2.16,25.92
3325,1346,320,36,36,1.82,65.52
3326,1346,325,6,6,1.15,6.90
3327,1346,333,18,18,1.20,21.60
3328,1346,364,12,12,0.86,10.32
3329,1347,459,24,24,1.05,25.20
3330,1347,468,12,12,0.60,7.20
3331,1348,511,12,12,0.79,9.48
3332,1349,7,18,18,0.72,12.96
3333,1349,40,36,36,2.75,99.00
3334,1349,126,36,36,2.04,73.44
3335,1349,131,18,18,0.67,12.06
3336,1349,152,6,6,1.77,10.62
3337,1349,169,6,6,1.00,6.00
3338,1350,58,36,36,0.97,34.92
3339,1350,60,48,48,1.09,52.32
3340,1350,64,13,13,0.92,11.96
3341,1350,66,114,114,1.05,119.70
3342,1350,68,48,48,1.77,84.96
3343,1351,76,42,42,1.44,60.48
3344,1351,93,78,78,0.69,53.82
3345,1351,97,24,24,1.75,42.00
3346,1352,181,5,5,0.33,1.65
3347,1352,184,12,12,1.06,12.72
3348,1353,237,18,18,0.90,16.20
3349,1353,276,12,12,1.07,12.84
3350,1354,321,36,36,1.19,42.84
3351,1355,478,2,2,0.51,1.02
3352,1355,503,12,12,0.52,6.24
3353,1355,510,12,12,3.04,36.48
3354,1356,550,12,12,1.17,14.04
3355,1356,559,6,6,0.66,3.96
3356,1357,15,36,36,0.64,23.04
3357,1357,158,72,72,0.71,51.12
3358,1358,198,12,12,1.21,14.52
3359,1358,200,24,24,2.51,60.24
3360,1359,241,12,12,2.20,26.40
3361,1359,243,42,42,0.65,27.30
3362,1359,251,14,14,3.71,51.94
3363,1359,254,12,12,1.24,14.88
3364,1359,282,12,12,1.25,15.00
3365,1359,310,24,24,1.57,37.68
3366,1359,312,12,12,1.41,16.92
3367,1360,319,18,18,0.84,15.12
3368,1361,391,12,12,0.62,7.44
3369,1361,392,12,12,0.36,4.32
3370,1362,425,3,3,1.18,3.54
3371,1363,456,3,3,1.30,3.90
3372,1364,495,12,12,1.22,14.64
3373,1364,515,5,5,0.52,2.60
3374,1365,524,4,4,1.38,5.52
3375,1365,547,6,6,1.60,9.60
3376,1366,8,96,96,2.57,246.72
3377,1366,9,12,12,3.51,42.12
3378,1366,22,12,12,1.26,15.12
3379,1366,38,6,6,0.64,3.84
3380,1366,132,6,6,0.72,4.32
3381,1366,143,26,26,2.14,55.64
3382,1367,79,6,6,2.04,12.24
3383,1367,81,10,10,0.73,7.30
3384,1367,89,12,12,0.69,8.28
3385,1367,90,204,204,1.48,301.92
3386,1367,111,48,48,1.41,67.68
3387,1367,113,6,6,2.13,12.78
3388,1368,176,48,48,0.61,29.28
3389,1368,214,24,24,2.03,48.72
3390,1369,274,24,24,1.16,27.84
3391,1369,297,6,6,2.92,17.52
3392,1369,298,19,19,1.67,31.73
3393,1369,309,24,24,0.84,20.16
3394,1370,322,17,17,0.98,16.66
3395,1370,331,4,4,4.60,18.40
3396,1370,332,12,12,1.90,22.80
3397,1370,337,5,5,0.98,4.90
3398,1371,377,24,24,1.10,26.40
3399,1371,382,12,12,1.46,17.52
3400,1372,410,24,24,1.26,30.24
3401,1373,492,6,6,1.00,6.00
3402,1373,517,1,1,3.04,3.04
3403,1374,554,1,1,1.15,1.15
3404,1374,564,12,12,2.48,29.76
3405,1374,565,42,42,3.16,132.72
3406,1375,583,6,6,2.13,12.78
3407,1376,2,180,180,0.32,57.60
3408,1376,3,12,12,0.97,11.64
3409,1376,4,12,12,0.33,3.96
3410,1376,6,84,84,1.29,108.36
3411,1376,44,48,48,1.80,86.40
3412,1376,141,24,24,1.97,47.28
3413,1376,154,7,7,1.67,11.69
3414,1376,170,3,3,4.26,12.78
3415,1377,51,1,1,0.83,0.83
3416,1378,84,6,6,4.10,24.60
3417,1378,99,8,8,1.76,14.08
3418,1378,103,12,12,3.56,42.72
3419,1379,218,66,66,1.26,83.16
3420,1380,220,11,11,1.56,17.16
3421,1380,249,8,8,1.90,15.20
3422,1380,257,48,48,0.63,30.24
3423,1380,284,12,12,2.66,31.92
3424,1381,328,36,36,1.21,43.56
3425,1381,339,6,6,0.91,5.46
3426,1382,411,6,6,0.84,5.04
3427,1382,418,6,6,2.99,17.94
3428,1383,482,2,2,0.95,1.90
3429,1384,541,24,24,0.34,8.16
3430,1384,569,6,6,0.99,5.94
3431,1385,589,5,5,0.45,2.25
3432,1386,1,35,35,1.34,46.90
3433,1386,123,24,24,2.02,48.48
3434,1386,168,18,18,1.06,19.08
3435,1387,74,18,18,0.73,13.14
3436,1388,101,30,30,1.01,30.30
3437,1389,234,12,12,1.22,14.64
3438,1389,242,6,6,1.24,7.44
3439,1389,270,12,12,1.18,14.16
3440,1389,299,60,60,2.12,127.20
3441,1389,314,19,19,1.07,20.33
3442,1390,330,36,36,2.85,102.60
3443,1390,346,5,5,1.98,9.90
3444,1391,396,24,24,1.45,34.80
3445,1391,408,21,21,3.28,68.88
3446,1391,426,6,6,0.33,1.98
3447,1391,444,2,2,1.93,3.86
3448,1392,490,6,6,1.18,7.08
3449,1392,497,3,3,2.36,7.08
3450,1393,558,96,96,0.29,27.84
3451,1394,590,6,6,0.98,5.88
3452,1395,48,30,30,1.44,43.20
3453,1395,150,48,48,1.63,78.24
3454,1396,87,12,12,2.02,24.24
3455,1396,102,18,18,5.00,90.00
3456,1396,110,252,252,2.65,667.80
3457,1397,231,12,12,1.67,20.04
3458,1397,232,23,23,1.21,27.83
3459,1397,250,6,6,2.41,14.46
3460,1397,293,12,12,1.73,20.76
3461,1398,460,2,2,1.62,3.24
3462,1399,494,1,1,1.63,1.63
3463,1400,10,18,18,2.12,38.16
3464,1400,14,6,6,2.81,16.86
3465,1400,17,36,36,0.96,34.56
3466,1400,25,102,102,2.95,300.90
3467,1400,41,5,5,1.03,5.15
3468,1400,137,12,12,2.67,32.04
3469,1401,52,24,24,1.02,24.48
3470,1401,71,24,24,0.48,11.52
3471,1402,96,3,3,1.13,3.39
3472,1402,117,24,24,1.47,35.28
3473,1403,267,13,13,1.14,14.82
3474,1404,340,12,12,0.90,10.80
3475,1404,344,6,6,0.77,4.62
3476,1405,466,5,5,2.66,13.30
3477,1406,479,6,6,1.60,9.60
3478,1407,563,12,12,1.46,17.52
3479,1407,572,6,6,0.61,3.66
3480,1408,19,24,24,1.31,31.44
3481,1408,29,24,24,0.71,17.04
3482,1408,31,12,12,2.13,25.56
3483,1408,32,48,48,0.62,29.76
3484,1408,125,6,6,0.64,3.84
3485,1408,148,24,24,1.00,24.00
3486,1408,164,5,5,0.69,3.45
3487,1409,119,12,12,2.22,26.64
3488,1410,179,24,24,2.27,54.48
3489,1411,246,36,36,1.78,64.08
3490,1411,275,42,42,0.80,33.60
3491,1411,305,72,72,1.98,142.56
3492,1412,327,12,12,0.84,10.08
3493,1412,335,12,12,0.55,6.60
3494,1412,356,6,6,1.18,7.08
3495,1412,360,3,3,4.35,13.05
3496,1413,379,6,6,1.99,11.94
3497,1414,473,1,1,1.75,1.75
3498,1414,500,1,1,1.56,1.56
3499,1414,517,1,1,3.04,3.04
3500,1415,553,6,6,1.30,7.80
3501,1415,556,24,24,1.81,43.44
3502,1415,568,9,9,1.91,17.19
3503,1416,24,24,24,2.66,63.84
3504,1416,45,24,24,2.67,64.08
3505,1416,140,18,18,1.06,19.08
3506,1417,83,6,6,6.32,37.92
3507,1417,116,24,24,2.18,52.32
3508,1418,175,24,24,0.96,23.04
3509,1419,239,24,24,1.21,29.04
3510,1419,296,24,24,0.53,12.72
3511,1419,308,24,24,1.04,24.96
3512,1420,315,24,24,0.57,13.68
3513,1421,374,15,15,1.64,24.60
3514,1422,394,1,1,1.21,1.21
3515,1422,400,12,12,2.39,28.68
3516,1422,414,24,24,0.28,6.72
3517,1422,419,9,9,0.63,5.67
3518,1422,423,6,6,1.29,7.74
3519,1423,502,6,6,1.02,6.12
3520,1424,529,12,12,2.96,35.52
3521,1424,536,6,6,2.30,13.80
3522,1424,543,6,6,1.32,7.92
3523,1424,574,6,6,1.71,10.26
3524,1425,23,24,24,1.00,24.00
3525,1425,26,24,24,1.78,42.72
3526,1425,33,24,24,1.79,42.96
3527,1425,42,16,16,0.96,15.36
3528,1425,130,34,34,1.42,48.28
3529,1425,151,17,17,0.73,12.41
3530,1426,56,60,60,0.60,36.00
3531,1426,70,6,6,1.82,10.92
3532,1427,105,48,48,1.83,87.84
3533,1427,106,24,24,0.69,16.56
3534,1427,112,18,18,0.71,12.78
3535,1427,114,24,24,0.75,18.00
3536,1427,121,60,60,2.59,155.40
3537,1428,235,6,6,0.31,1.86
3538,1428,236,12,12,1.27,15.24
3539,1428,268,24,24,2.51,60.24
3540,1429,329,12,12,0.27,3.24
3541,1429,351,12,12,4.73,56.76
3542,1430,395,17,17,0.89,15.13
3543,1430,401,6,6,1.10,6.60
3544,1430,431,6,6,0.66,3.96
3545,1430,442,12,12,1.19,14.28
3546,1431,526,6,6,1.18,7.08
3547,1431,554,1,1,1.15,1.15
3548,1431,561,2,2,5.02,10.04
3549,1432,5,24,24,5.49,131.76
3550,1432,15,36,36,0.64,23.04
3551,1432,18,24,24,1.79,42.96
3552,1432,21,12,12,1.65,19.80
3553,1432,27,12,12,0.32,3.84
3554,1432,46,30,30,1.06,31.80
3555,1432,167,84,84,2.77,232.68
3556,1433,54,24,24,2.11,50.64
3557,1434,82,36,36,1.35,48.60
3558,1434,98,84,84,2.40,201.60
3559,1434,104,88,88,0.68,59.84
3560,1435,186,24,24,1.57,37.68
3561,1435,213,12,12,0.92,11.04
3562,1436,224,6,6,0.34,2.04
3563,1436,228,20,20,1.86,37.20
3564,1436,252,18,18,1.23,22.14
3565,1436,258,12,12,0.95,11.40
3566,1436,269,42,42,1.12,47.04
3567,1436,289,12,12,1.63,19.56
3568,1437,321,36,36,1.19,42.84
3569,1437,323,36,36,1.91,68.76
3570,1437,333,18,18,1.20,21.60
3571,1437,354,12,12,1.21,14.52
3572,1437,355,6,6,1.20,7.20
3573,1437,366,24,24,0.98,23.52
3574,1438,368,3,3,1.70,5.10
3575,1438,373,12,12,2.50,30.00
3576,1438,387,6,6,2.41,14.46
3577,1439,427,54,54,0.91,49.14
3578,1439,429,7,7,1.87,13.09
3579,1439,440,6,6,2.40,14.40
3580,1440,470,10,10,0.67,6.70
3581,1441,494,1,1,1.63,1.63
3582,1442,551,3,3,1.75,5.25
3583,1442,559,6,6,0.66,3.96
3584,1442,566,6,6,1.24,7.44
3585,1442,567,2,2,0.94,1.88
3586,1442,571,2,2,1.79,3.58
3587,1443,11,24,24,1.41,33.84
3588,1443,13,72,72,4.80,345.60
3589,1443,20,1,1,2.72,2.72
3590,1443,139,12,12,2.04,24.48
3591,1443,166,36,36,1.31,47.16
3592,1444,115,11,11,1.05,11.55
3593,1445,189,3,3,1.33,3.99
3594,1445,216,24,24,1.38,33.12
3595,1446,452,24,24,0.63,15.12
3596,1446,456,3,3,1.30,3.90
3597,1447,474,24,24,0.97,23.28
3598,1447,507,24,24,1.09,26.16
3599,1448,16,18,18,2.51,45.18
3600,1449,61,24,24,0.24,5.76
3601,1449,69,36,36,0.84,30.24
3602,1450,78,48,48,1.06,50.88
3603,1450,79,6,6,2.04,12.24
3604,1450,81,10,10,0.73,7.30
3605,1450,95,48,48,1.08,51.84
3606,1451,287,4,4,1.37,5.48
3607,1451,294,12,12,1.59,19.08
3608,1452,339,6,6,0.91,5.46
3609,1453,482,2,2,0.95,1.90
3610,1453,504,14,14,1.10,15.40
3611,1454,549,6,6,2.65,15.90
3612,1455,30,12,12,1.58,18.96
3613,1455,143,26,26,2.14,55.64
3614,1455,162,6,6,2.15,12.90
3615,1455,170,3,3,4.26,12.78
3616,1456,86,24,24,4.78,114.72
3617,1456,107,12,12,1.13,13.56
3618,1456,108,24,24,0.35,8.40
3619,1456,122,48,48,0.34,16.32
3620,1457,177,12,12,1.73,20.76
3621,1457,211,12,12,2.13,25.56
3622,1458,266,12,12,1.23,14.76
3623,1458,278,72,72,0.57,41.04
3624,1458,304,30,30,1.15,34.50
3625,1459,319,18,18,0.84,15.12
3626,1459,332,12,12,1.90,22.80
3627,1459,336,24,24,1.23,29.52
3628,1459,341,6,6,1.70,10.20
3629,1460,407,12,12,1.75,21.00
3630,1461,454,6,6,0.95,5.70
3631,1461,469,12,12,0.95,11.40
3632,1462,478,2,2,0.51,1.02
3633,1462,497,3,3,2.36,7.08
3634,1462,512,12,12,4.31,51.72
3635,1463,524,4,4,1.38,5.52
3636,1463,527,6,6,1.37,8.22
3637,1464,39,12,12,1.32,15.84
3638,1465,49,47,47,2.35,110.45
3639,1466,173,12,12,2.61,31.32
3640,1466,191,12,12,2.48,29.76
3641,1466,192,12,12,0.95,11.40
3642,1466,204,48,48,2.02,96.96
3643,1467,238,12,12,1.68,20.16
3644,1467,260,18,18,2.39,43.02
3645,1467,281,12,12,0.82,9.84
3646,1467,291,18,18,1.87,33.66
3647,1468,324,48,48,1.90,91.20
3648,1468,349,24,24,0.85,20.40
3649,1469,384,12,12,2.18,26.16
3650,1470,438,24,24,1.31,31.44
3651,1471,500,1,1,1.56,1.56
3652,1471,518,12,12,1.87,22.44
3653,1472,552,12,12,1.01,12.12
3654,1473,8,96,96,2.57,246.72
3655,1473,34,24,24,1.01,24.24
3656,1473,36,30,30,0.60,18.00
3657,1473,40,36,36,2.75,99.00
3658,1473,43,10,10,1.37,13.70
3659,1474,53,15,0,2.09,31.35
3660,1474,64,13,0,0.92,11.96
3661,1474,68,48,0,1.77,84.96
3662,1474,72,31,0,2.72,84.32
3663,1475,76,42,42,1.44,60.48
3664,1475,85,48,48,2.11,101.28
3665,1475,89,12,12,0.69,8.28
3666,1475,91,66,66,1.33,87.78
3667,1476,171,19,19,4.33,82.27
3668,1476,187,24,24,0.63,15.12
3669,1477,265,12,12,4.05,48.60
3670,1477,285,6,6,1.63,9.78
3671,1478,410,24,24,1.26,30.24
3672,1478,435,4,4,3.26,13.04
3673,1479,460,2,0,1.62,3.24
3674,1480,534,24,24,1.91,45.84
3675,1480,557,12,12,1.59,19.08
3676,1480,569,6,6,0.99,5.94
3677,1481,7,18,18,0.72,12.96
3678,1481,12,12,12,5.24,62.88
3679,1481,124,60,60,1.69,101.40
3680,1481,131,18,18,0.67,12.06
3681,1481,160,36,36,0.67,24.12
3682,1482,90,204,204,1.48,301.92
3683,1482,93,78,78,0.69,53.82
3684,1482,101,30,30,1.01,30.30
3685,1482,110,252,252,2.65,667.80
3686,1482,118,114,114,0.69,78.66
3687,1483,178,72,72,1.03,74.16
3688,1483,181,5,5,0.33,1.65
3689,1483,203,18,18,0.66,11.88
3690,1483,205,8,8,1.90,15.20
3691,1484,222,48,48,0.65,31.20
3692,1484,290,24,24,0.91,21.84
3693,1485,320,36,36,1.82,65.52
3694,1485,322,17,17,0.98,16.66
3695,1485,325,6,6,1.15,6.90
3696,1485,328,36,36,1.21,43.56
3697,1485,334,24,24,1.28,30.72
3698,1486,385,12,12,0.70,8.40
3699,1487,425,3,3,1.18,3.54
3700,1488,457,12,0,1.29,15.48
3701,1488,461,24,0,2.85,68.40
3702,1489,525,21,21,1.40,29.40
3703,1490,575,2,2,1.08,2.16
3704,1491,10,18,18,2.12,38.16
3705,1491,14,6,6,2.81,16.86
3706,1491,20,1,1,2.72,2.72
3707,1491,152,6,6,1.77,10.62
3708,1492,51,1,0,0.83,0.83
3709,1492,73,24,0,0.84,20.16
3710,1493,87,12,12,2.02,24.24
3711,1493,97,24,24,1.75,42.00
3712,1494,217,6,6,0.93,5.58
3713,1495,255,10,10,1.98,19.80
3714,1495,262,105,105,2.91,305.55
3715,1495,300,12,12,0.78,9.36
3716,1495,310,24,24,1.57,37.68
3717,1496,316,24,24,1.12,26.88
3718,1496,361,2,2,1.07,2.14
3719,1497,451,12,0,1.27,15.24
3720,1498,490,6,6,1.18,7.08
3721,1498,517,1,1,3.04,3.04
3722,1499,546,6,6,3.57,21.42
3723,1499,554,1,1,1.15,1.15
3724,1500,17,36,36,0.96,34.56
3725,1500,42,16,16,0.96,15.36
3726,1500,147,6,6,0.36,2.16
3727,1501,55,24,0,0.28,6.72
3728,1501,60,48,0,1.09,52.32
3729,1501,66,114,0,1.05,119.70
3730,1502,109,12,12,2.89,34.68
3731,1503,263,48,0,2.01,96.48
3732,1503,276,12,0,1.07,12.84
3733,1503,292,24,0,1.24,29.76
3734,1503,309,24,0,0.84,20.16
3735,1504,317,24,24,0.91,21.84
3736,1505,445,8,0,1.63,13.04
3737,1505,455,27,0,1.94,52.38
3738,1506,548,3,3,2.01,6.03
3739,1507,27,12,12,0.32,3.84
3740,1507,127,48,48,2.90,139.20
3741,1507,158,72,72,0.71,51.12
3742,1508,65,6,0,1.17,7.02
3743,1509,188,12,0,2.82,33.84
3744,1509,198,12,0,1.21,14.52
3745,1510,220,11,11,1.56,17.16
3746,1511,368,3,3,1.70,5.10
3747,1511,388,12,12,5.84,70.08
3748,1511,389,12,12,3.68,44.16
3749,1512,464,36,0,1.39,50.04
3750,1513,521,12,12,0.90,10.80
3751,1514,531,6,6,2.18,13.08
3752,1515,6,84,0,1.29,108.36
3753,1515,25,102,0,2.95,300.90
3754,1515,28,12,0,0.34,4.08
3755,1515,31,12,0,2.13,25.56
3756,1516,70,6,0,1.82,10.92
3757,1517,96,3,3,1.13,3.39
3758,1518,208,24,0,1.96,47.04
3759,1519,230,6,0,1.21,7.26
3760,1519,247,8,0,1.77,14.16
3761,1519,298,19,0,1.67,31.73
3762,1519,312,12,0,1.41,16.92
3763,1519,314,19,0,1.07,20.33
3764,1520,330,36,36,2.85,102.60
3765,1520,333,18,18,1.20,21.60
3766,1520,360,3,3,4.35,13.05
3767,1521,383,13,13,1.64,21.32
3768,1522,396,24,0,1.45,34.80
3769,1522,406,24,0,1.75,42.00
3770,1522,423,6,0,1.29,7.74
3771,1523,581,6,6,0.41,2.46
3772,1524,9,12,12,3.51,42.12
3773,1524,15,36,36,0.64,23.04
3774,1524,20,1,1,2.72,2.72
3775,1524,150,48,48,1.63,78.24
3776,1525,71,24,0,0.48,11.52
3777,1526,103,12,0,3.56,42.72
3778,1526,113,6,0,2.13,12.78
3779,1526,115,11,0,1.05,11.55
3780,1527,189,3,0,1.33,3.99
3781,1528,249,8,0,1.90,15.20
3782,1528,251,14,0,3.71,51.94
3783,1528,279,6,0,1.20,7.20
3784,1528,283,24,0,2.22,53.28
3785,1528,293,12,0,1.73,20.76
3786,1528,299,60,0,2.12,127.20
3787,1528,302,12,0,2.06,24.72
3788,1529,337,5,0,0.98,4.90
3789,1529,339,6,0,0.91,5.46
3790,1529,352,6,0,0.29,1.74
3791,1530,370,6,6,1.42,8.52
3792,1530,372,12,12,1.43,17.16
3793,1530,378,12,12,2.15,25.80
3794,1530,382,12,12,1.46,17.52
3795,1531,394,1,0,1.21,1.21
3796,1531,401,6,0,1.10,6.60
3797,1531,408,21,0,3.28,68.88
3798,1531,424,12,0,1.88,22.56
3799,1532,482,2,2,0.95,1.90
3800,1533,568,9,0,1.91,17.19
3801,1534,587,1,0,0.78,0.78
3802,1535,1,35,0,1.34,46.90
3803,1535,2,180,0,0.32,57.60
3804,1535,18,24,0,1.79,42.96
3805,1535,22,12,0,1.26,15.12
3806,1535,41,5,0,1.03,5.15
3807,1535,170,3,0,4.26,12.78
3808,1536,92,24,24,1.04,24.96
3809,1536,96,3,3,1.13,3.39
3810,1536,102,18,18,5.00,90.00
3811,1537,172,32,0,3.07,98.24
3812,1537,194,6,0,2.08,12.48
3813,1537,197,12,0,2.31,27.72
3814,1538,234,12,0,1.22,14.64
3815,1538,289,12,0,1.63,19.56
3816,1539,318,24,24,1.62,38.88
3817,1539,348,12,12,0.82,9.84
3818,1539,365,60,60,1.35,81.00
3819,1540,459,24,0,1.05,25.20
3820,1540,462,12,0,0.33,3.96
3821,1541,499,12,0,1.10,13.20
3822,1542,559,6,0,0.66,3.96
3823,1542,565,42,0,3.16,132.72
3824,1542,567,2,0,0.94,1.88
3825,1543,16,18,0,2.51,45.18
3826,1543,45,24,0,2.67,64.08
3827,1543,151,17,0,0.73,12.41
3828,1544,77,6,6,1.05,6.30
3829,1544,82,36,36,1.35,48.60
3830,1544,116,24,24,2.18,52.32
3831,1545,199,12,0,1.38,16.56
3832,1545,212,24,0,1.34,32.16
3833,1546,231,12,0,1.67,20.04
3834,1546,243,42,0,0.65,27.30
3835,1546,272,6,0,1.47,8.82
3836,1546,297,6,0,2.92,17.52
3837,1546,305,72,0,1.98,142.56
3838,1547,367,18,0,2.16,38.88
3839,1547,390,36,0,1.45,52.20
3840,1548,456,3,0,1.30,3.90
3841,1549,507,24,0,1.09,26.16
3842,1550,558,96,0,0.29,27.84
3843,1550,561,2,0,5.02,10.04
3844,1551,4,12,0,0.33,3.96
3845,1551,5,24,0,5.49,131.76
3846,1551,10,18,0,2.12,38.16
3847,1551,32,48,0,0.62,29.76
3848,1551,132,6,0,0.72,4.32
3849,1551,134,72,0,3.35,241.20
3850,1551,159,12,0,1.95,23.40
3851,1551,162,6,0,2.15,12.90
3852,1552,76,42,42,1.44,60.48
3853,1552,88,3,3,3.47,10.41
3854,1552,112,18,18,0.71,12.78
3855,1552,121,60,60,2.59,155.40
3856,1553,174,36,0,0.58,20.88
3857,1553,201,18,0,2.77,49.86
3858,1553,216,24,0,1.38,33.12
3859,1554,224,6,0,0.34,2.04
3860,1554,257,48,0,0.63,30.24
3861,1555,321,36,36,1.19,42.84
3862,1555,322,17,17,0.98,16.66
3863,1555,331,4,4,4.60,18.40
3864,1556,497,3,0,2.36,7.08
3865,1556,504,14,0,1.10,15.40
3866,1556,517,1,0,3.04,3.04
3867,1557,547,6,0,1.60,9.60
3868,1558,20,1,0,2.72,2.72
3869,1558,24,24,0,2.66,63.84
3870,1558,37,24,0,0.66,15.84
3871,1558,48,30,0,1.44,43.20
3872,1558,142,24,0,1.36,32.64
3873,1559,80,24,0,1.45,34.80
3874,1559,99,8,0,1.76,14.08
3875,1559,104,88,0,0.68,59.84
3876,1559,105,48,0,1.83,87.84
3877,1559,111,48,0,1.41,67.68
3878,1560,179,24,0,2.27,54.48
3879,1561,270,12,0,1.18,14.16
3880,1561,296,24,0,0.53,12.72
3881,1562,327,12,0,0.84,10.08
3882,1563,479,6,0,1.60,9.60
3883,1563,503,12,0,0.52,6.24
3884,1563,511,12,0,0.79,9.48
3885,1563,513,6,0,1.31,7.86
3886,1564,528,24,0,1.28,30.72
3887,1564,551,3,0,1.75,5.25
3888,1564,554,1,0,1.15,1.15
3889,1565,14,6,0,2.81,16.86
3890,1565,19,24,0,1.31,31.44
3891,1565,26,24,0,1.78,42.72
3892,1565,123,24,0,2.02,48.48
3893,1565,137,12,0,2.67,32.04
3894,1565,140,18,0,1.06,19.08
3895,1566,58,36,0,0.97,34.92
3896,1567,79,6,0,2.04,12.24
3897,1567,84,6,0,4.10,24.60
3898,1568,215,24,0,2.19,52.56
3899,1569,245,18,0,0.89,16.02
3900,1569,301,12,0,1.33,15.96
3901,1570,336,24,0,1.23,29.52
3902,1571,411,6,0,0.84,5.04
3903,1571,433,6,0,1.82,10.92
3904,1572,490,6,0,1.18,7.08
3905,1572,495,12,0,1.22,14.64
3906,1573,569,6,0,0.99,5.94
