sale_id,store_id,business_date,user_id
1,1,2026-01-02,4
2,1,2026-01-02,5
3,1,2026-01-02,6
4,1,2026-01-02,4
5,1,2026-01-02,5
6,1,2026-01-02,2
7,1,2026-01-02,5
8,1,2026-01-02,3
9,1,2026-01-02,6
10,1,2026-01-02,7
11,1,2026-01-02,6
12,1,2026-01-02,8
13,1,2026-01-02,5
14,1,2026-01-02,5
15,1,2026-01-02,2
16,1,2026-01-02,4
17,1,2026-01-02,3
18,1,2026-01-02,8
19,1,2026-01-02,6
20,1,2026-01-02,8
21,1,2026-01-02,2
22,1,2026-01-02,7
23,1,2026-01-02,8
24,1,2026-01-02,5
25,1,2026-01-02,4
26,1,2026-01-02,6
27,1,2026-01-02,3
28,1,2026-01-02,8
29,1,2026-01-02,7
30,1,2026-01-02,6
31,1,2026-01-02,4
32,1,2026-01-02,8
33,1,2026-01-02,2
34,1,2026-01-02,5
35,1,2026-01-02,3
36,1,2026-01-02,4
37,1,2026-01-02,4
38,1,2026-01-02,7
39,1,2026-01-02,4
40,1,2026-01-02,8
41,1,2026-01-02,6
42,1,2026-01-02,7
43,1,2026-01-02,5
44,1,2026-01-02,8
45,1,2026-01-02,3
46,1,2026-01-02,3
47,1,2026-01-02,3
48,1,2026-01-02,5
49,1,2026-01-02,5
50,1,2026-01-02,4
51,1,2026-01-02,3
52,1,2026-01-02,3
53,1,2026-01-02,6
54,1,2026-01-02,6
55,1,2026-01-02,5
56,1,2026-01-02,7
57,1,2026-01-02,8
58,1,2026-01-02,4
59,1,2026-01-02,3
60,1,2026-01-02,4
61,1,2026-01-02,3
62,1,2026-01-02,7
63,1,2026-01-02,3
64,1,2026-01-02,3
65,1,2026-01-02,3
66,1,2026-01-02,6
67,1,2026-01-02,3
68,1,2026-01-02,8
69,1,2026-01-02,7
70,1,2026-01-02,5
71,1,2026-01-02,5
72,1,2026-01-02,4
73,1,2026-01-02,8
74,1,2026-01-02,5
75,1,2026-01-02,5
76,1,2026-01-02,7
77,1,2026-01-02,3
78,1,2026-01-02,7
79,1,2026-01-02,3
80,1,2026-01-02,7
81,1,2026-01-02,7
82,1,2026-01-02,7
83,1,2026-01-02,5
84,1,2026-01-02,2
85,1,2026-01-02,8
86,1,2026-01-02,7
87,1,2026-01-02,2
88,1,2026-01-02,3
89,1,2026-01-02,5
90,1,2026-01-02,3
91,1,2026-01-02,2
92,1,2026-01-02,3
93,1,2026-01-02,5
94,1,2026-01-02,3
95,1,2026-01-02,5
96,1,2026-01-02,2
97,1,2026-01-02,3
98,1,2026-01-02,2
99,1,2026-01-02,7
100,1,2026-01-02,2
101,1,2026-01-02,6
102,1,2026-01-02,4
103,1,2026-01-02,5
104,1,2026-01-02,4
105,1,2026-01-02,6
106,1,2026-01-02,7
107,1,2026-01-02,8
108,1,2026-01-02,6
109,1,2026-01-02,7
110,1,2026-01-02,2
111,1,2026-01-02,8
112,1,2026-01-02,7
113,1,2026-01-02,5
114,1,2026-01-02,3
115,1,2026-01-02,2
116,1,2026-01-02,4
117,1,2026-01-02,8
118,1,2026-01-02,5
119,1,2026-01-02,3
120,1,2026-01-02,8
121,1,2026-01-02,3
122,1,2026-01-03,2
123,1,2026-01-03,2
124,1,2026-01-03,5
125,1,2026-01-03,5
126,1,2026-01-03,3
127,1,2026-01-03,6
128,1,2026-01-03,4
129,1,2026-01-03,8
130,1,2026-01-03,6
131,1,2026-01-03,2
132,1,2026-01-03,7
133,1,2026-01-03,5
134,1,2026-01-03,6
135,1,2026-01-03,4
136,1,2026-01-03,2
137,1,2026-01-03,3
138,1,2026-01-03,7
139,1,2026-01-03,8
140,1,2026-01-03,7
141,1,2026-01-03,2
142,1,2026-01-03,5
143,1,2026-01-03,8
144,1,2026-01-03,2
145,1,2026-01-03,7
146,1,2026-01-03,3
147,1,2026-01-03,5
148,1,2026-01-03,3
149,1,2026-01-03,6
150,1,2026-01-03,4
151,1,2026-01-03,2
152,1,2026-01-03,5
153,1,2026-01-03,2
154,1,2026-01-03,7
155,1,2026-01-03,4
156,1,2026-01-03,3
157,1,2026-01-03,4
158,1,2026-01-03,6
159,1,2026-01-03,8
160,1,2026-01-03,5
161,1,2026-01-03,8
162,1,2026-01-03,8
163,1,2026-01-03,8
164,1,2026-01-03,8
165,1,2026-01-03,6
166,1,2026-01-03,7
167,1,2026-01-03,6
168,1,2026-01-03,7
169,1,2026-01-03,8
170,1,2026-01-03,2
171,1,2026-01-03,8
172,1,2026-01-03,7
173,1,2026-01-03,7
174,1,2026-01-03,7
175,1,2026-01-03,2
176,1,2026-01-03,2
177,1,2026-01-03,2
178,1,2026-01-03,4
179,1,2026-01-03,5
180,1,2026-01-03,4
181,1,2026-01-03,4
182,1,2026-01-03,7
183,1,2026-01-03,2
184,1,2026-01-03,4
185,1,2026-01-03,7
186,1,2026-01-03,5
187,1,2026-01-03,5
188,1,2026-01-03,3
189,1,2026-01-03,4
190,1,2026-01-03,6
191,1,2026-01-03,2
192,1,2026-01-03,7
193,1,2026-01-03,6
194,1,2026-01-03,2
195,1,2026-01-03,4
196,1,2026-01-03,7
197,1,2026-01-03,3
198,1,2026-01-03,2
199,1,2026-01-03,6
200,1,2026-01-03,5
201,1,2026-01-03,8
202,1,2026-01-03,2
203,1,2026-01-03,8
204,1,2026-01-03,6
205,1,2026-01-03,7
206,1,2026-01-03,8
207,1,2026-01-03,3
208,1,2026-01-03,3
209,1,2026-01-03,4
210,1,2026-01-03,2
211,1,2026-01-03,8
212,1,2026-01-03,5
213,1,2026-01-03,5
214,1,2026-01-03,5
215,1,2026-01-03,2
216,1,2026-01-03,8
217,1,2026-01-03,5
218,1,2026-01-03,3
219,1,2026-01-03,8
220,1,2026-01-03,2
221,1,2026-01-03,5
222,1,2026-01-03,5
223,1,2026-01-03,3
224,1,2026-01-03,6
225,1,2026-01-03,5
226,1,2026-01-03,3
227,1,2026-01-03,6
228,1,2026-01-03,3
229,1,2026-01-03,2
230,1,2026-01-03,2
231,1,2026-01-03,2
232,1,2026-01-03,7
233,1,2026-01-03,5
234,1,2026-01-03,5
235,1,2026-01-03,7
236,1,2026-01-03,7
237,1,2026-01-03,4
238,1,2026-01-03,5
239,1,2026-01-03,3
240,1,2026-01-03,7
241,1,2026-01-03,6
242,1,2026-01-03,4
243,1,2026-01-03,3
244,1,2026-01-03,7
245,1,2026-01-03,5
246,1,2026-01-03,8
247,1,2026-01-03,2
248,1,2026-01-03,2
249,1,2026-01-03,8
250,1,2026-01-04,8
251,1,2026-01-04,3
252,1,2026-01-04,7
253,1,2026-01-04,8
254,1,2026-01-04,3
255,1,2026-01-04,4
256,1,2026-01-04,4
257,1,2026-01-04,6
258,1,2026-01-04,3
259,1,2026-01-04,4
260,1,2026-01-04,5
261,1,2026-01-04,4
262,1,2026-01-04,3
263,1,2026-01-04,6
264,1,2026-01-04,3
265,1,2026-01-04,2
266,1,2026-01-04,3
267,1,2026-01-04,4
268,1,2026-01-04,8
269,1,2026-01-04,3
270,1,2026-01-04,2
271,1,2026-01-04,8
272,1,2026-01-04,6
273,1,2026-01-04,6
274,1,2026-01-04,5
275,1,2026-01-04,4
276,1,2026-01-04,8
277,1,2026-01-04,3
278,1,2026-01-04,2
279,1,2026-01-04,4
280,1,2026-01-04,8
281,1,2026-01-04,4
282,1,2026-01-04,8
283,1,2026-01-04,4
284,1,2026-01-04,3
285,1,2026-01-04,6
286,1,2026-01-04,6
287,1,2026-01-04,3
288,1,2026-01-04,8
289,1,2026-01-04,2
290,1,2026-01-04,7
291,1,2026-01-04,7
292,1,2026-01-04,3
293,1,2026-01-04,2
294,1,2026-01-04,5
295,1,2026-01-04,3
296,1,2026-01-04,6
297,1,2026-01-04,4
298,1,2026-01-04,4
299,1,2026-01-04,5
300,1,2026-01-04,6
301,1,2026-01-04,5
302,1,2026-01-04,2
303,1,2026-01-04,6
304,1,2026-01-04,6
305,1,2026-01-04,6
306,1,2026-01-04,8
307,1,2026-01-04,6
308,1,2026-01-04,5
309,1,2026-01-04,2
310,1,2026-01-04,5
311,1,2026-01-04,2
312,1,2026-01-04,4
313,1,2026-01-04,2
314,1,2026-01-04,3
315,1,2026-01-04,2
316,1,2026-01-04,5
317,1,2026-01-04,2
318,1,2026-01-04,8
319,1,2026-01-04,7
320,1,2026-01-04,7
321,1,2026-01-04,7
322,1,2026-01-04,6
323,1,2026-01-04,2
324,1,2026-01-04,5
325,1,2026-01-04,4
326,1,2026-01-04,8
327,1,2026-01-04,5
328,1,2026-01-04,6
329,1,2026-01-04,2
330,1,2026-01-04,5
331,1,2026-01-04,3
332,1,2026-01-04,6
333,1,2026-01-04,6
334,1,2026-01-04,6
335,1,2026-01-04,7
336,1,2026-01-04,7
337,1,2026-01-04,7
338,1,2026-01-04,4
339,1,2026-01-04,5
340,1,2026-01-04,8
341,1,2026-01-04,8
342,1,2026-01-04,6
343,1,2026-01-04,2
344,1,2026-01-04,3
345,1,2026-01-04,4
346,1,2026-01-04,4
347,1,2026-01-04,8
348,1,2026-01-04,4
349,1,2026-01-04,3
350,1,2026-01-04,7
351,1,2026-01-04,7
352,1,2026-01-04,6
353,1,2026-01-04,3
354,1,2026-01-04,6
355,1,2026-01-05,6
356,1,2026-01-05,6
357,1,2026-01-05,8
358,1,2026-01-05,3
359,1,2026-01-05,2
360,1,2026-01-05,2
361,1,2026-01-05,3
362,1,2026-01-05,7
363,1,2026-01-05,6
364,1,2026-01-05,6
365,1,2026-01-05,3
366,1,2026-01-05,8
367,1,2026-01-05,4
368,1,2026-01-05,4
369,1,2026-01-05,2
370,1,2026-01-05,3
371,1,2026-01-05,2
372,1,2026-01-05,6
373,1,2026-01-05,3
374,1,2026-01-05,4
375,1,2026-01-05,3
376,1,2026-01-05,5
377,1,2026-01-05,3
378,1,2026-01-05,5
379,1,2026-01-05,5
380,1,2026-01-05,7
381,1,2026-01-05,5
382,1,2026-01-05,2
383,1,2026-01-05,2
384,1,2026-01-05,6
385,1,2026-01-05,5
386,1,2026-01-05,2
387,1,2026-01-05,2
388,1,2026-01-05,4
389,1,2026-01-05,7
390,1,2026-01-05,2
391,1,2026-01-05,3
392,1,2026-01-05,6
393,1,2026-01-05,2
394,1,2026-01-05,8
395,1,2026-01-05,8
396,1,2026-01-05,2
397,1,2026-01-05,2
398,1,2026-01-05,4
399,1,2026-01-05,6
400,1,2026-01-05,8
401,1,2026-01-05,5
402,1,2026-01-05,7
403,1,2026-01-05,4
404,1,2026-01-05,2
405,1,2026-01-05,4
406,1,2026-01-05,8
407,1,2026-01-05,5
408,1,2026-01-05,7
409,1,2026-01-05,5
410,1,2026-01-05,8
411,1,2026-01-05,6
412,1,2026-01-05,7
413,1,2026-01-05,7
414,1,2026-01-05,2
415,1,2026-01-05,4
416,1,2026-01-05,6
417,1,2026-01-05,4
418,1,2026-01-05,8
419,1,2026-01-05,5
420,1,2026-01-05,8
421,1,2026-01-05,4
422,1,2026-01-05,4
423,1,2026-01-05,7
424,1,2026-01-05,6
425,1,2026-01-05,4
426,1,2026-01-06,7
427,1,2026-01-06,6
428,1,2026-01-06,4
429,1,2026-01-06,3
430,1,2026-01-06,2
431,1,2026-01-06,7
432,1,2026-01-06,7
433,1,2026-01-06,8
434,1,2026-01-06,2
435,1,2026-01-06,8
436,1,2026-01-06,4
437,1,2026-01-06,2
438,1,2026-01-06,8
439,1,2026-01-06,8
440,1,2026-01-06,2
441,1,2026-01-06,6
442,1,2026-01-06,6
443,1,2026-01-06,4
444,1,2026-01-06,6
445,1,2026-01-06,6
446,1,2026-01-06,6
447,1,2026-01-06,3
448,1,2026-01-06,8
449,1,2026-01-06,6
450,1,2026-01-06,5
451,1,2026-01-06,6
452,1,2026-01-06,7
453,1,2026-01-06,7
454,1,2026-01-06,6
455,1,2026-01-06,5
456,1,2026-01-06,2
457,1,2026-01-06,6
458,1,2026-01-06,2
459,1,2026-01-06,5
460,1,2026-01-06,8
461,1,2026-01-06,4
462,1,2026-01-06,6
463,1,2026-01-06,8
464,1,2026-01-06,7
465,1,2026-01-06,5
466,1,2026-01-06,3
467,1,2026-01-06,2
468,1,2026-01-06,6
469,1,2026-01-06,6
470,1,2026-01-06,8
471,1,2026-01-06,3
472,1,2026-01-06,7
473,1,2026-01-06,7
474,1,2026-01-06,3
475,1,2026-01-06,8
476,1,2026-01-06,4
477,1,2026-01-06,8
478,1,2026-01-06,6
479,1,2026-01-06,2
480,1,2026-01-06,7
481,1,2026-01-06,2
482,1,2026-01-06,2
483,1,2026-01-06,8
484,1,2026-01-06,6
485,1,2026-01-06,8
486,1,2026-01-06,6
487,1,2026-01-06,6
488,1,2026-01-06,3
489,1,2026-01-06,7
490,1,2026-01-06,8
491,1,2026-01-06,5
492,1,2026-01-06,7
493,1,2026-01-06,5
494,1,2026-01-06,3
495,1,2026-01-06,7
496,1,2026-01-06,5
497,1,2026-01-06,7
498,1,2026-01-06,8
499,1,2026-01-06,8
500,1,2026-01-06,2
501,1,2026-01-06,8
502,1,2026-01-06,2
503,1,2026-01-06,4
504,1,2026-01-06,8
505,1,2026-01-06,2
506,1,2026-01-06,6
507,1,2026-01-06,6
508,1,2026-01-06,6
509,1,2026-01-07,2
510,1,2026-01-07,2
511,1,2026-01-07,6
512,1,2026-01-07,5
513,1,2026-01-07,4
514,1,2026-01-07,8
515,1,2026-01-07,2
516,1,2026-01-07,3
517,1,2026-01-07,2
518,1,2026-01-07,8
519,1,2026-01-07,3
520,1,2026-01-07,6
521,1,2026-01-07,3
522,1,2026-01-07,5
523,1,2026-01-07,7
524,1,2026-01-07,2
525,1,2026-01-07,3
526,1,2026-01-07,6
527,1,2026-01-07,6
528,1,2026-01-07,3
529,1,2026-01-07,4
530,1,2026-01-07,6
531,1,2026-01-07,3
532,1,2026-01-07,4
533,1,2026-01-07,4
534,1,2026-01-07,2
535,1,2026-01-07,5
536,1,2026-01-07,6
537,1,2026-01-07,3
538,1,2026-01-07,2
539,1,2026-01-07,7
540,1,2026-01-07,7
541,1,2026-01-07,3
542,1,2026-01-07,3
543,1,2026-01-07,5
544,1,2026-01-07,6
545,1,2026-01-07,7
546,1,2026-01-07,2
547,1,2026-01-07,8
548,1,2026-01-07,5
549,1,2026-01-07,7
550,1,2026-01-07,5
551,1,2026-01-07,7
552,1,2026-01-07,6
553,1,2026-01-07,6
554,1,2026-01-07,3
555,1,2026-01-07,3
556,1,2026-01-07,4
557,1,2026-01-07,7
558,1,2026-01-07,4
559,1,2026-01-07,4
560,1,2026-01-07,3
561,1,2026-01-07,5
562,1,2026-01-07,4
563,1,2026-01-07,5
564,1,2026-01-07,5
565,1,2026-01-07,7
566,1,2026-01-07,3
567,1,2026-01-07,8
568,1,2026-01-07,2
569,1,2026-01-07,3
570,1,2026-01-07,5
571,1,2026-01-07,2
572,1,2026-01-07,3
573,1,2026-01-07,7
574,1,2026-01-07,6
575,1,2026-01-07,6
576,1,2026-01-07,7
577,1,2026-01-07,3
578,1,2026-01-07,4
579,1,2026-01-07,6
580,1,2026-01-07,8
581,1,2026-01-07,5
582,1,2026-01-07,5
583,1,2026-01-07,4
584,1,2026-01-07,3
585,1,2026-01-07,2
586,1,2026-01-07,5
587,1,2026-01-07,5
588,1,2026-01-07,6
589,1,2026-01-07,3
590,1,2026-01-07,5
591,1,2026-01-07,5
592,1,2026-01-07,8
593,1,2026-01-07,4
594,1,2026-01-07,7
595,1,2026-01-07,3
596,1,2026-01-07,2
597,1,2026-01-07,6
598,1,2026-01-07,4
599,1,2026-01-07,6
600,1,2026-01-07,3
601,1,2026-01-07,4
602,1,2026-01-07,6
603,1,2026-01-07,2
604,1,2026-01-07,4
605,1,2026-01-07,5
606,1,2026-01-07,2
607,1,2026-01-07,6
608,1,2026-01-07,5
609,1,2026-01-07,8
610,1,2026-01-07,2
611,1,2026-01-07,4
612,1,2026-01-07,2
613,1,2026-01-07,7
614,1,2026-01-07,4
615,1,2026-01-07,8
616,1,2026-01-07,4
617,1,2026-01-07,5
618,1,2026-01-08,5
619,1,2026-01-08,8
620,1,2026-01-08,4
621,1,2026-01-08,6
622,1,2026-01-08,3
623,1,2026-01-08,6
624,1,2026-01-08,3
625,1,2026-01-08,4
626,1,2026-01-08,7
627,1,2026-01-08,3
628,1,2026-01-08,2
629,1,2026-01-08,5
630,1,2026-01-08,6
631,1,2026-01-08,6
632,1,2026-01-08,7
633,1,2026-01-08,3
634,1,2026-01-08,8
635,1,2026-01-08,4
636,1,2026-01-08,3
637,1,2026-01-08,7
638,1,2026-01-08,5
639,1,2026-01-08,3
640,1,2026-01-08,4
641,1,2026-01-08,8
642,1,2026-01-08,6
643,1,2026-01-08,3
644,1,2026-01-08,4
645,1,2026-01-08,8
646,1,2026-01-08,8
647,1,2026-01-08,6
648,1,2026-01-08,2
649,1,2026-01-08,3
650,1,2026-01-08,2
651,1,2026-01-08,3
652,1,2026-01-08,2
653,1,2026-01-08,4
654,1,2026-01-08,4
655,1,2026-01-08,3
656,1,2026-01-08,6
657,1,2026-01-08,6
658,1,2026-01-08,8
659,1,2026-01-08,3
660,1,2026-01-08,2
661,1,2026-01-08,6
662,1,2026-01-08,6
663,1,2026-01-08,5
664,1,2026-01-08,3
665,1,2026-01-08,5
666,1,2026-01-08,4
667,1,2026-01-08,2
668,1,2026-01-08,2
669,1,2026-01-08,5
670,1,2026-01-08,6
671,1,2026-01-08,2
672,1,2026-01-08,5
673,1,2026-01-08,2
674,1,2026-01-08,7
675,1,2026-01-08,4
676,1,2026-01-08,7
677,1,2026-01-08,6
678,1,2026-01-08,5
679,1,2026-01-08,5
680,1,2026-01-08,2
681,1,2026-01-08,3
682,1,2026-01-08,2
683,1,2026-01-08,5
684,1,2026-01-08,7
685,1,2026-01-08,8
686,1,2026-01-08,2
687,1,2026-01-08,5
688,1,2026-01-08,5
689,1,2026-01-08,5
690,1,2026-01-08,7
691,1,2026-01-08,3
692,1,2026-01-08,8
693,1,2026-01-08,4
694,1,2026-01-08,4
695,1,2026-01-08,5
696,1,2026-01-08,7
697,1,2026-01-08,6
698,1,2026-01-08,2
699,1,2026-01-08,2
700,1,2026-01-08,2
701,1,2026-01-08,8
702,1,2026-01-08,6
703,1,2026-01-08,2
704,1,2026-01-08,6
705,1,2026-01-08,4
706,1,2026-01-08,4
707,1,2026-01-08,3
708,1,2026-01-08,3
709,1,2026-01-08,6
710,1,2026-01-08,6
711,1,2026-01-08,3
712,1,2026-01-08,2
713,1,2026-01-09,3
714,1,2026-01-09,5
715,1,2026-01-09,3
716,1,2026-01-09,2
717,1,2026-01-09,8
718,1,2026-01-09,5
719,1,2026-01-09,3
720,1,2026-01-09,5
721,1,2026-01-09,3
722,1,2026-01-09,4
723,1,2026-01-09,8
724,1,2026-01-09,5
725,1,2026-01-09,6
726,1,2026-01-09,2
727,1,2026-01-09,5
728,1,2026-01-09,4
729,1,2026-01-09,4
730,1,2026-01-09,4
731,1,2026-01-09,6
732,1,2026-01-09,2
733,1,2026-01-09,5
734,1,2026-01-09,4
735,1,2026-01-09,2
736,1,2026-01-09,5
737,1,2026-01-09,3
738,1,2026-01-09,2
739,1,2026-01-09,7
740,1,2026-01-09,4
741,1,2026-01-09,7
742,1,2026-01-09,8
743,1,2026-01-09,2
744,1,2026-01-09,6
745,1,2026-01-09,2
746,1,2026-01-09,7
747,1,2026-01-09,3
748,1,2026-01-09,6
749,1,2026-01-09,5
750,1,2026-01-09,2
751,1,2026-01-09,7
752,1,2026-01-09,5
753,1,2026-01-09,6
754,1,2026-01-09,7
755,1,2026-01-09,2
756,1,2026-01-09,5
757,1,2026-01-09,4
758,1,2026-01-09,5
759,1,2026-01-09,6
760,1,2026-01-09,8
761,1,2026-01-09,8
762,1,2026-01-09,8
763,1,2026-01-09,7
764,1,2026-01-09,4
765,1,2026-01-09,3
766,1,2026-01-09,5
767,1,2026-01-09,3
768,1,2026-01-09,3
769,1,2026-01-09,3
770,1,2026-01-09,5
771,1,2026-01-09,2
772,1,2026-01-09,3
773,1,2026-01-09,3
774,1,2026-01-09,8
775,1,2026-01-09,6
776,1,2026-01-09,5
777,1,2026-01-09,2
778,1,2026-01-09,7
779,1,2026-01-09,4
780,1,2026-01-09,4
781,1,2026-01-09,3
782,1,2026-01-09,3
783,1,2026-01-09,4
784,1,2026-01-09,5
785,1,2026-01-09,6
786,1,2026-01-09,6
787,1,2026-01-09,2
788,1,2026-01-09,8
789,1,2026-01-09,5
790,1,2026-01-09,3
791,1,2026-01-09,5
792,1,2026-01-09,5
793,1,2026-01-09,2
794,1,2026-01-09,4
795,1,2026-01-09,8
796,1,2026-01-09,3
797,1,2026-01-09,7
798,1,2026-01-09,6
799,1,2026-01-09,8
800,1,2026-01-09,4
801,1,2026-01-09,5
802,1,2026-01-09,8
803,1,2026-01-09,3
804,1,2026-01-09,4
805,1,2026-01-09,8
806,1,2026-01-09,4
807,1,2026-01-09,3
808,1,2026-01-09,6
809,1,2026-01-09,6
810,1,2026-01-09,5
811,1,2026-01-09,8
812,1,2026-01-09,6
813,1,2026-01-09,4
814,1,2026-01-09,4
815,1,2026-01-09,7
816,1,2026-01-09,2
817,1,2026-01-09,5
818,1,2026-01-09,5
819,1,2026-01-09,6
820,1,2026-01-10,6
821,1,2026-01-10,7
822,1,2026-01-10,5
823,1,2026-01-10,4
824,1,2026-01-10,3
825,1,2026-01-10,5
826,1,2026-01-10,2
827,1,2026-01-10,5
828,1,2026-01-10,6
829,1,2026-01-10,2
830,1,2026-01-10,5
831,1,2026-01-10,4
832,1,2026-01-10,2
833,1,2026-01-10,3
834,1,2026-01-10,8
835,1,2026-01-10,7
836,1,2026-01-10,4
837,1,2026-01-10,5
838,1,2026-01-10,4
839,1,2026-01-10,6
840,1,2026-01-10,7
841,1,2026-01-10,5
842,1,2026-01-10,5
843,1,2026-01-10,6
844,1,2026-01-10,5
845,1,2026-01-10,7
846,1,2026-01-10,7
847,1,2026-01-10,3
848,1,2026-01-10,2
849,1,2026-01-10,6
850,1,2026-01-10,5
851,1,2026-01-10,8
852,1,2026-01-10,5
853,1,2026-01-10,8
854,1,2026-01-10,7
855,1,2026-01-10,2
856,1,2026-01-10,7
857,1,2026-01-10,7
858,1,2026-01-10,2
859,1,2026-01-10,2
860,1,2026-01-10,2
861,1,2026-01-10,6
862,1,2026-01-10,4
863,1,2026-01-10,6
864,1,2026-01-10,8
865,1,2026-01-10,6
866,1,2026-01-10,6
867,1,2026-01-10,8
868,1,2026-01-10,8
869,1,2026-01-10,4
870,1,2026-01-10,7
871,1,2026-01-10,5
872,1,2026-01-10,3
873,1,2026-01-10,6
874,1,2026-01-10,7
875,1,2026-01-10,2
876,1,2026-01-10,7
877,1,2026-01-10,8
878,1,2026-01-10,8
879,1,2026-01-10,4
880,1,2026-01-10,8
881,1,2026-01-10,5
882,1,2026-01-10,8
883,1,2026-01-10,8
884,1,2026-01-10,7
885,1,2026-01-10,5
886,1,2026-01-10,4
887,1,2026-01-10,6
888,1,2026-01-10,6
889,1,2026-01-10,8
890,1,2026-01-10,7
891,1,2026-01-10,3
892,1,2026-01-10,8
893,1,2026-01-10,6
894,1,2026-01-10,6
895,1,2026-01-10,3
896,1,2026-01-10,4
897,1,2026-01-10,3
898,1,2026-01-10,2
899,1,2026-01-10,2
900,1,2026-01-10,7
901,1,2026-01-10,6
902,1,2026-01-10,4
903,1,2026-01-10,3
904,1,2026-01-10,3
905,1,2026-01-10,3
906,1,2026-01-10,6
907,1,2026-01-10,3
908,1,2026-01-10,4
909,1,2026-01-10,5
910,1,2026-01-10,6
911,1,2026-01-10,8
912,1,2026-01-10,6
913,1,2026-01-10,6
914,1,2026-01-10,5
915,1,2026-01-10,3
916,1,2026-01-10,8
917,1,2026-01-10,6
918,1,2026-01-10,6
919,1,2026-01-10,7
920,1,2026-01-10,4
921,1,2026-01-10,3
922,1,2026-01-10,6
923,1,2026-01-10,4
924,1,2026-01-10,7
925,1,2026-01-10,8
926,1,2026-01-10,7
927,1,2026-01-10,8
928,1,2026-01-10,4
929,1,2026-01-10,7
930,1,2026-01-10,3
931,1,2026-01-10,2
932,1,2026-01-10,4
933,1,2026-01-10,8
934,1,2026-01-10,2
935,1,2026-01-10,6
936,1,2026-01-10,3
937,1,2026-01-10,3
938,1,2026-01-10,5
939,1,2026-01-10,3
940,1,2026-01-10,4
941,1,2026-01-10,8
942,1,2026-01-10,6
943,1,2026-01-11,2
944,1,2026-01-11,7
945,1,2026-01-11,5
946,1,2026-01-11,4
947,1,2026-01-11,3
948,1,2026-01-11,7
949,1,2026-01-11,2
950,1,2026-01-11,2
951,1,2026-01-11,7
952,1,2026-01-11,5
953,1,2026-01-11,2
954,1,2026-01-11,8
955,1,2026-01-11,4
956,1,2026-01-11,5
957,1,2026-01-11,5
958,1,2026-01-11,7
959,1,2026-01-11,5
960,1,2026-01-11,7
961,1,2026-01-11,4
962,1,2026-01-11,4
963,1,2026-01-11,5
964,1,2026-01-11,5
965,1,2026-01-11,4
966,1,2026-01-11,7
967,1,2026-01-11,7
968,1,2026-01-11,8
969,1,2026-01-11,5
970,1,2026-01-11,6
971,1,2026-01-11,3
972,1,2026-01-11,7
973,1,2026-01-11,8
974,1,2026-01-11,5
975,1,2026-01-11,2
976,1,2026-01-11,5
977,1,2026-01-11,6
978,1,2026-01-11,5
979,1,2026-01-11,2
980,1,2026-01-11,4
981,1,2026-01-11,8
982,1,2026-01-11,4
983,1,2026-01-11,5
984,1,2026-01-11,3
985,1,2026-01-11,8
986,1,2026-01-11,2
987,1,2026-01-11,4
988,1,2026-01-11,4
989,1,2026-01-11,4
990,1,2026-01-11,5
991,1,2026-01-11,7
992,1,2026-01-11,8
993,1,2026-01-11,2
994,1,2026-01-11,7
995,1,2026-01-11,2
996,1,2026-01-11,4
997,1,2026-01-11,4
998,1,2026-01-11,6
999,1,2026-01-11,3
1000,1,2026-01-11,4
1001,1,2026-01-11,6
1002,1,2026-01-11,3
1003,1,2026-01-11,6
1004,1,2026-01-11,8
1005,1,2026-01-11,3
1006,1,2026-01-11,7
1007,1,2026-01-11,8
1008,1,2026-01-11,4
1009,1,2026-01-11,5
1010,1,2026-01-11,5
1011,1,2026-01-11,6
1012,1,2026-01-11,6
1013,1,2026-01-11,4
1014,1,2026-01-11,8
1015,1,2026-01-11,3
1016,1,2026-01-11,7
1017,1,2026-01-11,4
1018,1,2026-01-11,2
1019,1,2026-01-11,2
1020,1,2026-01-11,6
1021,1,2026-01-11,5
1022,1,2026-01-11,5
1023,1,2026-01-11,7
1024,1,2026-01-11,2
1025,1,2026-01-11,7
1026,1,2026-01-11,8
1027,1,2026-01-11,4
1028,1,2026-01-11,4
1029,1,2026-01-11,8
1030,1,2026-01-11,8
1031,1,2026-01-11,3
1032,1,2026-01-11,5
1033,1,2026-01-11,2
1034,1,2026-01-11,5
1035,1,2026-01-11,6
1036,1,2026-01-11,6
1037,1,2026-01-11,5
1038,1,2026-01-11,4
1039,1,2026-01-11,8
1040,1,2026-01-11,6
1041,1,2026-01-11,2
1042,1,2026-01-11,3
1043,1,2026-01-11,6
1044,1,2026-01-11,3
1045,1,2026-01-11,7
1046,1,2026-01-11,7
1047,1,2026-01-11,4
1048,1,2026-01-11,3
1049,1,2026-01-11,5
1050,1,2026-01-11,5
1051,1,2026-01-11,4
1052,1,2026-01-11,5
1053,1,2026-01-11,7
1054,1,2026-01-11,8
1055,1,2026-01-11,2
1056,1,2026-01-11,8
1057,1,2026-01-11,5
1058,1,2026-01-11,6
1059,1,2026-01-11,4
1060,1,2026-01-11,8
1061,1,2026-01-11,6
1062,1,2026-01-11,8
1063,1,2026-01-11,5
1064,1,2026-01-11,6
1065,1,2026-01-11,3
1066,1,2026-01-11,2
1067,1,2026-01-12,7
1068,1,2026-01-12,4
1069,1,2026-01-12,7
1070,1,2026-01-12,2
1071,1,2026-01-12,2
1072,1,2026-01-12,8
1073,1,2026-01-12,3
1074,1,2026-01-12,5
1075,1,2026-01-12,7
1076,1,2026-01-12,8
1077,1,2026-01-12,3
1078,1,2026-01-12,8
1079,1,2026-01-12,2
1080,1,2026-01-12,6
1081,1,2026-01-12,6
1082,1,2026-01-12,7
1083,1,2026-01-12,6
1084,1,2026-01-12,4
1085,1,2026-01-12,5
1086,1,2026-01-12,4
1087,1,2026-01-12,6
1088,1,2026-01-12,7
1089,1,2026-01-12,2
1090,1,2026-01-12,7
1091,1,2026-01-12,6
1092,1,2026-01-12,8
1093,1,2026-01-12,3
1094,1,2026-01-12,7
1095,1,2026-01-12,3
1096,1,2026-01-12,5
1097,1,2026-01-12,8
1098,1,2026-01-12,6
1099,1,2026-01-12,2
1100,1,2026-01-12,2
1101,1,2026-01-12,4
1102,1,2026-01-12,4
1103,1,2026-01-12,8
1104,1,2026-01-12,6
1105,1,2026-01-12,3
1106,1,2026-01-12,2
1107,1,2026-01-12,5
1108,1,2026-01-12,2
1109,1,2026-01-12,7
1110,1,2026-01-12,8
1111,1,2026-01-12,8
1112,1,2026-01-12,6
1113,1,2026-01-12,5
1114,1,2026-01-12,5
1115,1,2026-01-12,8
1116,1,2026-01-12,8
1117,1,2026-01-12,4
1118,1,2026-01-12,3
1119,1,2026-01-12,7
1120,1,2026-01-12,3
1121,1,2026-01-12,2
1122,1,2026-01-12,8
1123,1,2026-01-12,6
1124,1,2026-01-12,8
1125,1,2026-01-12,4
1126,1,2026-01-12,4
1127,1,2026-01-12,7
1128,1,2026-01-12,5
1129,1,2026-01-12,7
1130,1,2026-01-12,3
1131,1,2026-01-12,6
1132,1,2026-01-12,4
1133,1,2026-01-12,6
1134,1,2026-01-12,4
1135,1,2026-01-12,3
1136,1,2026-01-12,8
1137,1,2026-01-12,8
1138,1,2026-01-12,6
1139,1,2026-01-12,3
1140,1,2026-01-13,2
1141,1,2026-01-13,7
1142,1,2026-01-13,7
1143,1,2026-01-13,2
1144,1,2026-01-13,5
1145,1,2026-01-13,2
1146,1,2026-01-13,4
1147,1,2026-01-13,5
1148,1,2026-01-13,8
1149,1,2026-01-13,8
1150,1,2026-01-13,8
1151,1,2026-01-13,7
1152,1,2026-01-13,5
1153,1,2026-01-13,4
1154,1,2026-01-13,7
1155,1,2026-01-13,3
1156,1,2026-01-13,8
1157,1,2026-01-13,8
1158,1,2026-01-13,4
1159,1,2026-01-13,3
1160,1,2026-01-13,7
1161,1,2026-01-13,4
1162,1,2026-01-13,7
1163,1,2026-01-13,2
1164,1,2026-01-13,7
1165,1,2026-01-13,6
1166,1,2026-01-13,8
1167,1,2026-01-13,5
1168,1,2026-01-13,8
1169,1,2026-01-13,2
1170,1,2026-01-13,8
1171,1,2026-01-13,3
1172,1,2026-01-13,4
1173,1,2026-01-13,7
1174,1,2026-01-13,2
1175,1,2026-01-13,8
1176,1,2026-01-13,2
1177,1,2026-01-13,7
1178,1,2026-01-13,4
1179,1,2026-01-13,6
1180,1,2026-01-13,8
1181,1,2026-01-13,8
1182,1,2026-01-13,6
1183,1,2026-01-13,7
1184,1,2026-01-13,3
1185,1,2026-01-13,5
1186,1,2026-01-13,6
1187,1,2026-01-13,7
1188,1,2026-01-13,2
1189,1,2026-01-13,6
1190,1,2026-01-13,5
1191,1,2026-01-13,3
1192,1,2026-01-13,2
1193,1,2026-01-13,2
1194,1,2026-01-13,7
1195,1,2026-01-13,4
1196,1,2026-01-13,8
1197,1,2026-01-13,6
1198,1,2026-01-13,5
1199,1,2026-01-13,8
1200,1,2026-01-13,2
1201,1,2026-01-13,6
1202,1,2026-01-13,7
1203,1,2026-01-13,2
1204,1,2026-01-13,6
1205,1,2026-01-13,8
1206,1,2026-01-13,3
1207,1,2026-01-13,6
1208,1,2026-01-13,7
1209,1,2026-01-13,2
1210,1,2026-01-13,7
1211,1,2026-01-13,8
1212,1,2026-01-13,6
1213,1,2026-01-13,8
1214,1,2026-01-13,5
1215,1,2026-01-14,8
1216,1,2026-01-14,7
1217,1,2026-01-14,3
1218,1,2026-01-14,4
1219,1,2026-01-14,6
1220,1,2026-01-14,8
1221,1,2026-01-14,3
1222,1,2026-01-14,5
1223,1,2026-01-14,6
1224,1,2026-01-14,3
1225,1,2026-01-14,3
1226,1,2026-01-14,2
1227,1,2026-01-14,3
1228,1,2026-01-14,2
1229,1,2026-01-14,3
1230,1,2026-01-14,4
1231,1,2026-01-14,4
1232,1,2026-01-14,3
1233,1,2026-01-14,3
1234,1,2026-01-14,3
1235,1,2026-01-14,6
1236,1,2026-01-14,7
1237,1,2026-01-14,5
1238,1,2026-01-14,8
1239,1,2026-01-14,5
1240,1,2026-01-14,3
1241,1,2026-01-14,5
1242,1,2026-01-14,4
1243,1,2026-01-14,4
1244,1,2026-01-14,5
1245,1,2026-01-14,5
1246,1,2026-01-14,8
1247,1,2026-01-14,3
1248,1,2026-01-14,4
1249,1,2026-01-14,5
1250,1,2026-01-14,7
1251,1,2026-01-14,4
1252,1,2026-01-14,6
1253,1,2026-01-14,3
1254,1,2026-01-14,6
1255,1,2026-01-14,3
1256,1,2026-01-14,7
1257,1,2026-01-14,6
1258,1,2026-01-14,8
1259,1,2026-01-14,2
1260,1,2026-01-14,8
1261,1,2026-01-14,2
1262,1,2026-01-14,2
1263,1,2026-01-14,2
1264,1,2026-01-14,2
1265,1,2026-01-14,7
1266,1,2026-01-14,7
1267,1,2026-01-14,6
1268,1,2026-01-14,4
1269,1,2026-01-14,2
1270,1,2026-01-14,3
1271,1,2026-01-14,5
1272,1,2026-01-14,5
1273,1,2026-01-14,7
1274,1,2026-01-14,5
1275,1,2026-01-14,3
1276,1,2026-01-14,3
1277,1,2026-01-14,2
1278,1,2026-01-14,7
1279,1,2026-01-14,6
1280,1,2026-01-14,2
1281,1,2026-01-14,3
1282,1,2026-01-14,6
1283,1,2026-01-14,5
1284,1,2026-01-14,5
1285,1,2026-01-14,7
1286,1,2026-01-14,2
1287,1,2026-01-14,7
1288,1,2026-01-14,2
1289,1,2026-01-14,6
1290,1,2026-01-14,4
1291,1,2026-01-14,4
1292,1,2026-01-14,8
1293,1,2026-01-14,8
1294,1,2026-01-14,7
1295,1,2026-01-14,6
1296,1,2026-01-14,3
1297,1,2026-01-14,8
1298,1,2026-01-14,4
1299,1,2026-01-14,6
1300,1,2026-01-14,3
1301,1,2026-01-14,8
1302,1,2026-01-14,3
1303,1,2026-01-14,4
1304,1,2026-01-14,7
1305,1,2026-01-14,4
1306,1,2026-01-14,7
1307,1,2026-01-14,8
1308,1,2026-01-14,7
1309,1,2026-01-15,6
1310,1,2026-01-15,6
1311,1,2026-01-15,7
1312,1,2026-01-15,7
1313,1,2026-01-15,7
1314,1,2026-01-15,7
1315,1,2026-01-15,3
1316,1,2026-01-15,4
1317,1,2026-01-15,8
1318,1,2026-01-15,6
1319,1,2026-01-15,8
1320,1,2026-01-15,2
1321,1,2026-01-15,7
1322,1,2026-01-15,4
1323,1,2026-01-15,6
1324,1,2026-01-15,4
1325,1,2026-01-15,3
1326,1,2026-01-15,5
1327,1,2026-01-15,3
1328,1,2026-01-15,3
1329,1,2026-01-15,8
1330,1,2026-01-15,7
1331,1,2026-01-15,3
1332,1,2026-01-15,4
1333,1,2026-01-15,8
1334,1,2026-01-15,2
1335,1,2026-01-15,7
1336,1,2026-01-15,2
1337,1,2026-01-15,6
1338,1,2026-01-15,2
1339,1,2026-01-15,3
1340,1,2026-01-15,2
1341,1,2026-01-15,4
1342,1,2026-01-15,6
1343,1,2026-01-15,3
1344,1,2026-01-15,6
1345,1,2026-01-15,8
1346,1,2026-01-15,4
1347,1,2026-01-15,6
1348,1,2026-01-15,8
1349,1,2026-01-15,4
1350,1,2026-01-15,6
1351,1,2026-01-15,7
1352,1,2026-01-15,5
1353,1,2026-01-15,6
1354,1,2026-01-15,8
1355,1,2026-01-15,7
1356,1,2026-01-15,8
1357,1,2026-01-15,4
1358,1,2026-01-15,7
1359,1,2026-01-15,4
1360,1,2026-01-15,8
1361,1,2026-01-15,6
1362,1,2026-01-15,6
1363,1,2026-01-15,6
1364,1,2026-01-15,8
1365,1,2026-01-15,8
1366,1,2026-01-15,4
1367,1,2026-01-15,2
1368,1,2026-01-15,7
1369,1,2026-01-15,6
1370,1,2026-01-15,3
1371,1,2026-01-15,5
1372,1,2026-01-15,4
1373,1,2026-01-15,2
1374,1,2026-01-15,4
1375,1,2026-01-15,4
1376,1,2026-01-15,3
1377,1,2026-01-15,4
1378,1,2026-01-15,6
1379,1,2026-01-15,5
1380,1,2026-01-15,4
1381,1,2026-01-15,5
1382,1,2026-01-15,6
1383,1,2026-01-15,2
1384,1,2026-01-15,4
1385,1,2026-01-15,6
1386,1,2026-01-15,8
1387,1,2026-01-15,4
1388,1,2026-01-15,3
1389,1,2026-01-15,5
1390,1,2026-01-15,2
1391,1,2026-01-15,2
1392,1,2026-01-15,2
1393,1,2026-01-15,7
1394,1,2026-01-15,6
1395,1,2026-01-15,4
1396,1,2026-01-15,6
1397,1,2026-01-15,8
1398,1,2026-01-15,4
1399,1,2026-01-16,6
1400,1,2026-01-16,5
1401,1,2026-01-16,5
1402,1,2026-01-16,4
1403,1,2026-01-16,7
1404,1,2026-01-16,6
1405,1,2026-01-16,8
1406,1,2026-01-16,7
1407,1,2026-01-16,4
1408,1,2026-01-16,8
1409,1,2026-01-16,7
1410,1,2026-01-16,3
1411,1,2026-01-16,2
1412,1,2026-01-16,6
1413,1,2026-01-16,4
1414,1,2026-01-16,6
1415,1,2026-01-16,3
1416,1,2026-01-16,6
1417,1,2026-01-16,5
1418,1,2026-01-16,4
1419,1,2026-01-16,3
1420,1,2026-01-16,7
1421,1,2026-01-16,2
1422,1,2026-01-16,2
1423,1,2026-01-16,7
1424,1,2026-01-16,8
1425,1,2026-01-16,8
1426,1,2026-01-16,2
1427,1,2026-01-16,3
1428,1,2026-01-16,5
1429,1,2026-01-16,6
1430,1,2026-01-16,4
1431,1,2026-01-16,8
1432,1,2026-01-16,3
1433,1,2026-01-16,3
1434,1,2026-01-16,5
1435,1,2026-01-16,3
1436,1,2026-01-16,5
1437,1,2026-01-16,7
1438,1,2026-01-16,7
1439,1,2026-01-16,8
1440,1,2026-01-16,2
1441,1,2026-01-16,8
1442,1,2026-01-16,2
1443,1,2026-01-16,8
1444,1,2026-01-16,3
1445,1,2026-01-16,5
1446,1,2026-01-16,8
1447,1,2026-01-16,8
1448,1,2026-01-16,8
1449,1,2026-01-16,3
1450,1,2026-01-16,7
1451,1,2026-01-16,8
1452,1,2026-01-16,4
1453,1,2026-01-16,7
1454,1,2026-01-16,6
1455,1,2026-01-16,4
1456,1,2026-01-16,3
1457,1,2026-01-16,2
1458,1,2026-01-16,6
1459,1,2026-01-16,8
1460,1,2026-01-16,4
1461,1,2026-01-16,2
1462,1,2026-01-16,3
1463,1,2026-01-16,8
1464,1,2026-01-16,5
1465,1,2026-01-16,8
1466,1,2026-01-16,7
1467,1,2026-01-16,3
1468,1,2026-01-16,5
1469,1,2026-01-16,2
1470,1,2026-01-16,6
1471,1,2026-01-16,7
1472,1,2026-01-16,3
1473,1,2026-01-16,2
1474,1,2026-01-16,7
1475,1,2026-01-16,4
1476,1,2026-01-16,2
1477,1,2026-01-16,5
1478,1,2026-01-16,7
1479,1,2026-01-16,7
1480,1,2026-01-16,8
1481,1,2026-01-16,8
1482,1,2026-01-16,6
1483,1,2026-01-16,3
1484,1,2026-01-16,4
1485,1,2026-01-16,2
1486,1,2026-01-16,4
1487,1,2026-01-16,6
1488,1,2026-01-16,8
1489,1,2026-01-16,2
1490,1,2026-01-16,2
1491,1,2026-01-16,4
1492,1,2026-01-16,3
1493,1,2026-01-16,8
1494,1,2026-01-16,3
1495,1,2026-01-16,6
1496,1,2026-01-16,3
1497,1,2026-01-16,8
1498,1,2026-01-16,5
1499,1,2026-01-16,6
1500,1,2026-01-16,7
1501,1,2026-01-16,3
1502,1,2026-01-17,3
1503,1,2026-01-17,8
1504,1,2026-01-17,5
1505,1,2026-01-17,8
1506,1,2026-01-17,6
1507,1,2026-01-17,7
1508,1,2026-01-17,6
1509,1,2026-01-17,7
1510,1,2026-01-17,7
1511,1,2026-01-17,6
1512,1,2026-01-17,5
1513,1,2026-01-17,4
1514,1,2026-01-17,7
1515,1,2026-01-17,2
1516,1,2026-01-17,7
1517,1,2026-01-17,5
1518,1,2026-01-17,5
1519,1,2026-01-17,8
1520,1,2026-01-17,3
1521,1,2026-01-17,5
1522,1,2026-01-17,6
1523,1,2026-01-17,7
1524,1,2026-01-17,6
1525,1,2026-01-17,8
1526,1,2026-01-17,2
1527,1,2026-01-17,4
1528,1,2026-01-17,6
1529,1,2026-01-17,2
1530,1,2026-01-17,6
1531,1,2026-01-17,8
1532,1,2026-01-17,8
1533,1,2026-01-17,7
1534,1,2026-01-17,8
1535,1,2026-01-17,2
1536,1,2026-01-17,4
1537,1,2026-01-17,7
1538,1,2026-01-17,6
1539,1,2026-01-17,5
1540,1,2026-01-17,2
1541,1,2026-01-17,6
1542,1,2026-01-17,4
1543,1,2026-01-17,4
1544,1,2026-01-17,4
1545,1,2026-01-17,7
1546,1,2026-01-17,6
1547,1,2026-01-17,4
1548,1,2026-01-17,5
1549,1,2026-01-17,3
1550,1,2026-01-17,5
1551,1,2026-01-17,3
1552,1,2026-01-17,8
1553,1,2026-01-17,4
1554,1,2026-01-17,8
1555,1,2026-01-17,4
1556,1,2026-01-17,7
1557,1,2026-01-17,2
1558,1,2026-01-17,6
1559,1,2026-01-17,3
1560,1,2026-01-17,7
1561,1,2026-01-17,8
1562,1,2026-01-17,3
1563,1,2026-01-17,5
1564,1,2026-01-17,4
1565,1,2026-01-17,3
1566,1,2026-01-17,6
1567,1,2026-01-17,6
1568,1,2026-01-17,8
1569,1,2026-01-17,3
1570,1,2026-01-17,2
1571,1,2026-01-17,8
1572,1,2026-01-17,3
1573,1,2026-01-17,6
1574,1,2026-01-17,8
1575,1,2026-01-17,2
1576,1,2026-01-17,3
1577,1,2026-01-17,4
1578,1,2026-01-17,7
1579,1,2026-01-17,5
1580,1,2026-01-17,6
1581,1,2026-01-17,7
1582,1,2026-01-17,8
1583,1,2026-01-17,5
1584,1,2026-01-17,5
1585,1,2026-01-17,3
1586,1,2026-01-17,6
1587,1,2026-01-17,7
1588,1,2026-01-17,7
1589,1,2026-01-17,3
1590,1,2026-01-17,4
1591,1,2026-01-17,6
1592,1,2026-01-17,3
1593,1,2026-01-17,4
1594,1,2026-01-17,7
1595,1,2026-01-17,2
1596,1,2026-01-17,5
1597,1,2026-01-17,8
1598,1,2026-01-17,6
1599,1,2026-01-17,5
1600,1,2026-01-17,8
1601,1,2026-01-17,6
1602,1,2026-01-17,5
1603,1,2026-01-17,7
1604,1,2026-01-17,7
1605,1,2026-01-17,3
1606,1,2026-01-17,5
1607,1,2026-01-17,4
1608,1,2026-01-17,8
1609,1,2026-01-17,2
1610,1,2026-01-17,7
1611,1,2026-01-17,4
1612,1,2026-01-17,6
1613,1,2026-01-17,4
1614,1,2026-01-17,4
1615,1,2026-01-17,7
1616,1,2026-01-17,6
1617,1,2026-01-17,7
1618,1,2026-01-17,3
1619,1,2026-01-17,8
1620,1,2026-01-17,7
1621,1,2026-01-17,8
1622,1,2026-01-18,2
1623,1,2026-01-18,7
1624,1,2026-01-18,4
1625,1,2026-01-18,8
1626,1,2026-01-18,4
1627,1,2026-01-18,8
1628,1,2026-01-18,3
1629,1,2026-01-18,5
1630,1,2026-01-18,6
1631,1,2026-01-18,2
1632,1,2026-01-18,4
1633,1,2026-01-18,3
1634,1,2026-01-18,7
1635,1,2026-01-18,8
1636,1,2026-01-18,4
1637,1,2026-01-18,4
1638,1,2026-01-18,5
1639,1,2026-01-18,5
1640,1,2026-01-18,7
1641,1,2026-01-18,5
1642,1,2026-01-18,3
1643,1,2026-01-18,5
1644,1,2026-01-18,7
1645,1,2026-01-18,3
1646,1,2026-01-18,3
1647,1,2026-01-18,8
1648,1,2026-01-18,3
1649,1,2026-01-18,5
1650,1,2026-01-18,2
1651,1,2026-01-18,7
1652,1,2026-01-18,3
1653,1,2026-01-18,3
1654,1,2026-01-18,5
1655,1,2026-01-18,6
1656,1,2026-01-18,5
1657,1,2026-01-18,3
1658,1,2026-01-18,8
1659,1,2026-01-18,3
1660,1,2026-01-18,7
1661,1,2026-01-18,3
1662,1,2026-01-18,7
1663,1,2026-01-18,5
1664,1,2026-01-18,8
1665,1,2026-01-18,5
1666,1,2026-01-18,5
1667,1,2026-01-18,5
1668,1,2026-01-18,8
1669,1,2026-01-18,3
1670,1,2026-01-18,4
1671,1,2026-01-18,3
1672,1,2026-01-18,3
1673,1,2026-01-18,7
1674,1,2026-01-18,7
1675,1,2026-01-18,2
1676,1,2026-01-18,4
1677,1,2026-01-18,8
1678,1,2026-01-18,4
1679,1,2026-01-18,6
1680,1,2026-01-18,5
1681,1,2026-01-18,5
1682,1,2026-01-18,5
1683,1,2026-01-18,4
1684,1,2026-01-18,4
1685,1,2026-01-18,5
1686,1,2026-01-18,8
1687,1,2026-01-18,4
1688,1,2026-01-18,4
1689,1,2026-01-18,8
1690,1,2026-01-18,7
1691,1,2026-01-18,6
1692,1,2026-01-18,5
1693,1,2026-01-18,7
1694,1,2026-01-18,5
1695,1,2026-01-18,5
1696,1,2026-01-18,6
1697,1,2026-01-18,5
1698,1,2026-01-18,2
1699,1,2026-01-18,4
1700,1,2026-01-18,6
1701,1,2026-01-18,4
1702,1,2026-01-18,8
1703,1,2026-01-18,5
1704,1,2026-01-18,8
1705,1,2026-01-18,5
1706,1,2026-01-18,3
1707,1,2026-01-18,6
1708,1,2026-01-18,4
1709,1,2026-01-18,5
1710,1,2026-01-18,7
1711,1,2026-01-18,2
1712,1,2026-01-18,8
1713,1,2026-01-18,2
1714,1,2026-01-18,3
1715,1,2026-01-18,4
1716,1,2026-01-18,6
1717,1,2026-01-18,4
1718,1,2026-01-18,7
1719,1,2026-01-18,3
1720,1,2026-01-18,3
1721,1,2026-01-18,6
1722,1,2026-01-18,7
1723,1,2026-01-18,7
1724,1,2026-01-18,8
1725,1,2026-01-18,2
1726,1,2026-01-18,4
1727,1,2026-01-18,3
1728,1,2026-01-18,2
1729,1,2026-01-18,7
1730,1,2026-01-18,6
1731,1,2026-01-18,7
1732,1,2026-01-18,2
1733,1,2026-01-18,3
1734,1,2026-01-18,8
1735,1,2026-01-19,5
1736,1,2026-01-19,2
1737,1,2026-01-19,7
1738,1,2026-01-19,3
1739,1,2026-01-19,5
1740,1,2026-01-19,3
1741,1,2026-01-19,3
1742,1,2026-01-19,6
1743,1,2026-01-19,2
1744,1,2026-01-19,7
1745,1,2026-01-19,2
1746,1,2026-01-19,2
1747,1,2026-01-19,2
1748,1,2026-01-19,6
1749,1,2026-01-19,5
1750,1,2026-01-19,5
1751,1,2026-01-19,8
1752,1,2026-01-19,5
1753,1,2026-01-19,6
1754,1,2026-01-19,2
1755,1,2026-01-19,2
1756,1,2026-01-19,4
1757,1,2026-01-19,6
1758,1,2026-01-19,2
1759,1,2026-01-19,8
1760,1,2026-01-19,2
1761,1,2026-01-19,7
1762,1,2026-01-19,2
1763,1,2026-01-19,4
1764,1,2026-01-19,8
1765,1,2026-01-19,7
1766,1,2026-01-19,7
1767,1,2026-01-19,8
1768,1,2026-01-19,2
1769,1,2026-01-19,7
1770,1,2026-01-19,8
1771,1,2026-01-19,4
1772,1,2026-01-19,7
1773,1,2026-01-19,3
1774,1,2026-01-19,3
1775,1,2026-01-19,7
1776,1,2026-01-19,5
1777,1,2026-01-19,2
1778,1,2026-01-19,8
1779,1,2026-01-19,4
1780,1,2026-01-19,3
1781,1,2026-01-19,7
1782,1,2026-01-19,2
1783,1,2026-01-19,5
1784,1,2026-01-19,4
1785,1,2026-01-19,8
1786,1,2026-01-19,4
1787,1,2026-01-19,5
1788,1,2026-01-19,5
1789,1,2026-01-19,4
1790,1,2026-01-19,6
1791,1,2026-01-19,3
1792,1,2026-01-19,8
1793,1,2026-01-19,2
1794,1,2026-01-19,6
1795,1,2026-01-19,8
1796,1,2026-01-19,6
1797,1,2026-01-19,3
1798,1,2026-01-19,5
1799,1,2026-01-19,6
1800,1,2026-01-19,4
1801,1,2026-01-19,4
1802,1,2026-01-19,7
1803,1,2026-01-19,5
1804,1,2026-01-19,4
1805,1,2026-01-19,5
1806,1,2026-01-19,5
1807,1,2026-01-19,8
1808,1,2026-01-19,4
1809,1,2026-01-19,8
1810,1,2026-01-19,3
1811,1,2026-01-19,3
1812,1,2026-01-19,3
1813,1,2026-01-20,7
1814,1,2026-01-20,8
1815,1,2026-01-20,6
1816,1,2026-01-20,8
1817,1,2026-01-20,2
1818,1,2026-01-20,5
1819,1,2026-01-20,5
1820,1,2026-01-20,7
1821,1,2026-01-20,4
1822,1,2026-01-20,5
1823,1,2026-01-20,8
1824,1,2026-01-20,7
1825,1,2026-01-20,6
1826,1,2026-01-20,5
1827,1,2026-01-20,8
1828,1,2026-01-20,4
1829,1,2026-01-20,7
1830,1,2026-01-20,3
1831,1,2026-01-20,2
1832,1,2026-01-20,5
1833,1,2026-01-20,7
1834,1,2026-01-20,8
1835,1,2026-01-20,3
1836,1,2026-01-20,6
1837,1,2026-01-20,6
1838,1,2026-01-20,2
1839,1,2026-01-20,2
1840,1,2026-01-20,7
1841,1,2026-01-20,8
1842,1,2026-01-20,6
1843,1,2026-01-20,5
1844,1,2026-01-20,3
1845,1,2026-01-20,8
1846,1,2026-01-20,5
1847,1,2026-01-20,2
1848,1,2026-01-20,4
1849,1,2026-01-20,5
1850,1,2026-01-20,8
1851,1,2026-01-20,8
1852,1,2026-01-20,4
1853,1,2026-01-20,5
1854,1,2026-01-20,7
1855,1,2026-01-20,3
1856,1,2026-01-20,3
1857,1,2026-01-20,5
1858,1,2026-01-20,5
1859,1,2026-01-20,7
1860,1,2026-01-20,2
1861,1,2026-01-20,2
1862,1,2026-01-20,2
1863,1,2026-01-20,3
1864,1,2026-01-20,4
1865,1,2026-01-20,5
1866,1,2026-01-20,4
1867,1,2026-01-20,6
1868,1,2026-01-20,3
1869,1,2026-01-20,8
1870,1,2026-01-20,5
1871,1,2026-01-20,8
1872,1,2026-01-20,3
1873,1,2026-01-20,2
1874,1,2026-01-20,8
1875,1,2026-01-20,7
1876,1,2026-01-20,4
1877,1,2026-01-20,8
1878,1,2026-01-20,7
1879,1,2026-01-20,3
1880,1,2026-01-20,5
1881,1,2026-01-20,4
1882,1,2026-01-20,2
1883,1,2026-01-20,3
1884,1,2026-01-20,5
1885,1,2026-01-20,5
1886,1,2026-01-20,7
1887,1,2026-01-20,5
1888,1,2026-01-20,3
1889,1,2026-01-20,6
1890,1,2026-01-20,7
1891,1,2026-01-20,4
1892,1,2026-01-20,4
1893,1,2026-01-20,3
1894,1,2026-01-20,5
1895,1,2026-01-20,2
1896,1,2026-01-20,6
1897,1,2026-01-20,4
1898,1,2026-01-21,4
1899,1,2026-01-21,3
1900,1,2026-01-21,8
1901,1,2026-01-21,3
1902,1,2026-01-21,2
1903,1,2026-01-21,2
1904,1,2026-01-21,8
1905,1,2026-01-21,2
1906,1,2026-01-21,2
1907,1,2026-01-21,4
1908,1,2026-01-21,6
1909,1,2026-01-21,7
1910,1,2026-01-21,7
1911,1,2026-01-21,7
1912,1,2026-01-21,4
1913,1,2026-01-21,6
1914,1,2026-01-21,6
1915,1,2026-01-21,3
1916,1,2026-01-21,6
1917,1,2026-01-21,5
1918,1,2026-01-21,4
1919,1,2026-01-21,6
1920,1,2026-01-21,2
1921,1,2026-01-21,6
1922,1,2026-01-21,7
1923,1,2026-01-21,3
1924,1,2026-01-21,8
1925,1,2026-01-21,7
1926,1,2026-01-21,8
1927,1,2026-01-21,8
1928,1,2026-01-21,5
1929,1,2026-01-21,6
1930,1,2026-01-21,5
1931,1,2026-01-21,6
1932,1,2026-01-21,6
1933,1,2026-01-21,6
1934,1,2026-01-21,7
1935,1,2026-01-21,7
1936,1,2026-01-21,2
1937,1,2026-01-21,4
1938,1,2026-01-21,4
1939,1,2026-01-21,3
1940,1,2026-01-21,3
1941,1,2026-01-21,8
1942,1,2026-01-21,7
1943,1,2026-01-21,4
1944,1,2026-01-21,3
1945,1,2026-01-21,8
1946,1,2026-01-21,3
1947,1,2026-01-21,2
1948,1,2026-01-21,3
1949,1,2026-01-21,5
1950,1,2026-01-21,2
1951,1,2026-01-21,8
1952,1,2026-01-21,4
1953,1,2026-01-21,8
1954,1,2026-01-21,5
1955,1,2026-01-21,2
1956,1,2026-01-21,6
1957,1,2026-01-21,7
1958,1,2026-01-21,4
1959,1,2026-01-21,8
1960,1,2026-01-21,7
1961,1,2026-01-21,7
1962,1,2026-01-21,3
1963,1,2026-01-21,2
1964,1,2026-01-21,3
1965,1,2026-01-21,7
1966,1,2026-01-21,6
1967,1,2026-01-21,6
1968,1,2026-01-21,2
1969,1,2026-01-21,5
1970,1,2026-01-21,2
1971,1,2026-01-21,3
1972,1,2026-01-21,8
1973,1,2026-01-21,2
1974,1,2026-01-21,4
1975,1,2026-01-21,2
1976,1,2026-01-21,6
1977,1,2026-01-21,5
1978,1,2026-01-21,4
1979,1,2026-01-21,5
1980,1,2026-01-21,6
1981,1,2026-01-21,7
1982,1,2026-01-21,5
1983,1,2026-01-21,4
1984,1,2026-01-21,5
1985,1,2026-01-21,3
1986,1,2026-01-21,3
1987,1,2026-01-21,2
1988,1,2026-01-21,4
1989,1,2026-01-22,8
1990,1,2026-01-22,2
1991,1,2026-01-22,4
1992,1,2026-01-22,8
1993,1,2026-01-22,7
1994,1,2026-01-22,4
1995,1,2026-01-22,3
1996,1,2026-01-22,4
1997,1,2026-01-22,6
1998,1,2026-01-22,3
1999,1,2026-01-22,5
2000,1,2026-01-22,6
2001,1,2026-01-22,3
2002,1,2026-01-22,3
2003,1,2026-01-22,6
2004,1,2026-01-22,6
2005,1,2026-01-22,7
2006,1,2026-01-22,2
2007,1,2026-01-22,6
2008,1,2026-01-22,6
2009,1,2026-01-22,4
2010,1,2026-01-22,8
2011,1,2026-01-22,2
2012,1,2026-01-22,4
2013,1,2026-01-22,2
2014,1,2026-01-22,6
2015,1,2026-01-22,7
2016,1,2026-01-22,2
2017,1,2026-01-22,7
2018,1,2026-01-22,8
2019,1,2026-01-22,3
2020,1,2026-01-22,3
2021,1,2026-01-22,2
2022,1,2026-01-22,3
2023,1,2026-01-22,4
2024,1,2026-01-22,8
2025,1,2026-01-22,3
2026,1,2026-01-22,4
2027,1,2026-01-22,8
2028,1,2026-01-22,8
2029,1,2026-01-22,5
2030,1,2026-01-22,5
2031,1,2026-01-22,7
2032,1,2026-01-22,4
2033,1,2026-01-22,7
2034,1,2026-01-22,2
2035,1,2026-01-22,4
2036,1,2026-01-22,5
2037,1,2026-01-22,5
2038,1,2026-01-22,8
2039,1,2026-01-22,8
2040,1,2026-01-22,5
2041,1,2026-01-22,3
2042,1,2026-01-22,6
2043,1,2026-01-22,3
2044,1,2026-01-22,8
2045,1,2026-01-22,7
2046,1,2026-01-22,7
2047,1,2026-01-22,5
2048,1,2026-01-22,2
2049,1,2026-01-22,8
2050,1,2026-01-22,6
2051,1,2026-01-22,2
2052,1,2026-01-22,5
2053,1,2026-01-22,2
2054,1,2026-01-22,8
2055,1,2026-01-22,8
2056,1,2026-01-22,3
2057,1,2026-01-22,7
2058,1,2026-01-22,5
2059,1,2026-01-22,2
2060,1,2026-01-22,3
2061,1,2026-01-22,6
2062,1,2026-01-22,7
2063,1,2026-01-22,5
2064,1,2026-01-22,8
2065,1,2026-01-22,5
2066,1,2026-01-22,5
2067,1,2026-01-22,5
2068,1,2026-01-22,3
2069,1,2026-01-22,6
2070,1,2026-01-22,8
2071,1,2026-01-22,3
2072,1,2026-01-22,7
2073,1,2026-01-22,2
2074,1,2026-01-22,5
2075,1,2026-01-22,2
2076,1,2026-01-22,4
2077,1,2026-01-22,5
2078,1,2026-01-22,8
2079,1,2026-01-22,2
2080,1,2026-01-22,5
2081,1,2026-01-22,7
2082,1,2026-01-22,6
2083,1,2026-01-22,5
2084,1,2026-01-22,4
2085,1,2026-01-22,4
2086,1,2026-01-22,2
2087,1,2026-01-23,4
2088,1,2026-01-23,6
2089,1,2026-01-23,8
2090,1,2026-01-23,3
2091,1,2026-01-23,6
2092,1,2026-01-23,7
2093,1,2026-01-23,7
2094,1,2026-01-23,5
2095,1,2026-01-23,8
2096,1,2026-01-23,5
2097,1,2026-01-23,6
2098,1,2026-01-23,7
2099,1,2026-01-23,8
2100,1,2026-01-23,5
2101,1,2026-01-23,7
2102,1,2026-01-23,4
2103,1,2026-01-23,7
2104,1,2026-01-23,2
2105,1,2026-01-23,6
2106,1,2026-01-23,2
2107,1,2026-01-23,6
2108,1,2026-01-23,4
2109,1,2026-01-23,8
2110,1,2026-01-23,7
2111,1,2026-01-23,3
2112,1,2026-01-23,6
2113,1,2026-01-23,8
2114,1,2026-01-23,8
2115,1,2026-01-23,6
2116,1,2026-01-23,8
2117,1,2026-01-23,4
2118,1,2026-01-23,5
2119,1,2026-01-23,8
2120,1,2026-01-23,8
2121,1,2026-01-23,3
2122,1,2026-01-23,3
2123,1,2026-01-23,6
2124,1,2026-01-23,3
2125,1,2026-01-23,4
2126,1,2026-01-23,6
2127,1,2026-01-23,6
2128,1,2026-01-23,8
2129,1,2026-01-23,8
2130,1,2026-01-23,7
2131,1,2026-01-23,2
2132,1,2026-01-23,4
2133,1,2026-01-23,8
2134,1,2026-01-23,8
2135,1,2026-01-23,3
2136,1,2026-01-23,5
2137,1,2026-01-23,5
2138,1,2026-01-23,7
2139,1,2026-01-23,2
2140,1,2026-01-23,7
2141,1,2026-01-23,2
2142,1,2026-01-23,4
2143,1,2026-01-23,2
2144,1,2026-01-23,6
2145,1,2026-01-23,6
2146,1,2026-01-23,5
2147,1,2026-01-23,5
2148,1,2026-01-23,3
2149,1,2026-01-23,3
2150,1,2026-01-23,7
2151,1,2026-01-23,4
2152,1,2026-01-23,5
2153,1,2026-01-23,7
2154,1,2026-01-23,6
2155,1,2026-01-23,6
2156,1,2026-01-23,6
2157,1,2026-01-23,8
2158,1,2026-01-23,7
2159,1,2026-01-23,8
2160,1,2026-01-23,8
2161,1,2026-01-23,7
2162,1,2026-01-23,4
2163,1,2026-01-23,3
2164,1,2026-01-23,4
2165,1,2026-01-23,2
2166,1,2026-01-23,2
2167,1,2026-01-23,2
2168,1,2026-01-23,3
2169,1,2026-01-23,8
2170,1,2026-01-23,6
2171,1,2026-01-23,2
2172,1,2026-01-23,4
2173,1,2026-01-23,4
2174,1,2026-01-23,7
2175,1,2026-01-23,2
2176,1,2026-01-23,4
2177,1,2026-01-23,4
2178,1,2026-01-23,6
2179,1,2026-01-23,4
2180,1,2026-01-23,8
2181,1,2026-01-23,6
2182,1,2026-01-23,7
2183,1,2026-01-23,4
2184,1,2026-01-23,2
2185,1,2026-01-23,5
2186,1,2026-01-23,6
2187,1,2026-01-23,8
2188,1,2026-01-23,8
2189,1,2026-01-23,4
2190,1,2026-01-23,4
2191,1,2026-01-23,5
2192,1,2026-01-23,8
2193,1,2026-01-23,5
2194,1,2026-01-23,4
2195,1,2026-01-23,3
2196,1,2026-01-23,4
2197,1,2026-01-23,5
2198,1,2026-01-23,5
2199,1,2026-01-23,2
2200,1,2026-01-23,6
2201,1,2026-01-23,3
2202,1,2026-01-23,6
2203,1,2026-01-23,4
2204,1,2026-01-23,2
2205,1,2026-01-23,2
2206,1,2026-01-23,4
2207,1,2026-01-23,4
2208,1,2026-01-24,3
2209,1,2026-01-24,3
2210,1,2026-01-24,6
2211,1,2026-01-24,3
2212,1,2026-01-24,4
2213,1,2026-01-24,6
2214,1,2026-01-24,6
2215,1,2026-01-24,6
2216,1,2026-01-24,7
2217,1,2026-01-24,3
2218,1,2026-01-24,7
2219,1,2026-01-24,2
2220,1,2026-01-24,2
2221,1,2026-01-24,2
2222,1,2026-01-24,5
2223,1,2026-01-24,7
2224,1,2026-01-24,5
2225,1,2026-01-24,4
2226,1,2026-01-24,4
2227,1,2026-01-24,3
2228,1,2026-01-24,2
2229,1,2026-01-24,3
2230,1,2026-01-24,5
2231,1,2026-01-24,3
2232,1,2026-01-24,4
2233,1,2026-01-24,7
2234,1,2026-01-24,6
2235,1,2026-01-24,5
2236,1,2026-01-24,2
2237,1,2026-01-24,6
2238,1,2026-01-24,6
2239,1,2026-01-24,3
2240,1,2026-01-24,7
2241,1,2026-01-24,7
2242,1,2026-01-24,5
2243,1,2026-01-24,3
2244,1,2026-01-24,3
2245,1,2026-01-24,3
2246,1,2026-01-24,6
2247,1,2026-01-24,7
2248,1,2026-01-24,5
2249,1,2026-01-24,7
2250,1,2026-01-24,4
2251,1,2026-01-24,3
2252,1,2026-01-24,4
2253,1,2026-01-24,6
2254,1,2026-01-24,8
2255,1,2026-01-24,7
2256,1,2026-01-24,6
2257,1,2026-01-24,6
2258,1,2026-01-24,8
2259,1,2026-01-24,6
2260,1,2026-01-24,3
2261,1,2026-01-24,5
2262,1,2026-01-24,5
2263,1,2026-01-24,3
2264,1,2026-01-24,7
2265,1,2026-01-24,2
2266,1,2026-01-24,7
2267,1,2026-01-24,5
2268,1,2026-01-24,8
2269,1,2026-01-24,5
2270,1,2026-01-24,3
2271,1,2026-01-24,7
2272,1,2026-01-24,6
2273,1,2026-01-24,3
2274,1,2026-01-24,5
2275,1,2026-01-24,7
2276,1,2026-01-24,7
2277,1,2026-01-24,7
2278,1,2026-01-24,5
2279,1,2026-01-24,7
2280,1,2026-01-24,8
2281,1,2026-01-24,2
2282,1,2026-01-24,7
2283,1,2026-01-24,2
2284,1,2026-01-24,2
2285,1,2026-01-24,2
2286,1,2026-01-24,7
2287,1,2026-01-24,8
2288,1,2026-01-24,3
2289,1,2026-01-24,4
2290,1,2026-01-24,5
2291,1,2026-01-24,3
2292,1,2026-01-24,4
2293,1,2026-01-24,2
2294,1,2026-01-24,8
2295,1,2026-01-24,5
2296,1,2026-01-24,4
2297,1,2026-01-24,4
2298,1,2026-01-24,4
2299,1,2026-01-24,8
2300,1,2026-01-24,6
2301,1,2026-01-24,8
2302,1,2026-01-24,2
2303,1,2026-01-24,2
2304,1,2026-01-24,7
2305,1,2026-01-24,5
2306,1,2026-01-24,6
2307,1,2026-01-24,5
2308,1,2026-01-24,7
2309,1,2026-01-24,7
2310,1,2026-01-24,4
2311,1,2026-01-24,6
2312,1,2026-01-24,2
2313,1,2026-01-24,6
2314,1,2026-01-24,4
2315,1,2026-01-24,5
2316,1,2026-01-24,2
2317,1,2026-01-24,4
2318,1,2026-01-24,6
2319,1,2026-01-24,3
2320,1,2026-01-24,8
2321,1,2026-01-24,2
2322,1,2026-01-24,4
2323,1,2026-01-24,6
2324,1,2026-01-24,2
2325,1,2026-01-24,4
2326,1,2026-01-24,6
2327,1,2026-01-24,7
2328,1,2026-01-24,7
2329,1,2026-01-24,5
2330,1,2026-01-24,7
2331,1,2026-01-24,7
2332,1,2026-01-24,6
2333,1,2026-01-24,5
2334,1,2026-01-24,8
2335,1,2026-01-24,5
2336,1,2026-01-24,5
2337,1,2026-01-25,3
2338,1,2026-01-25,4
2339,1,2026-01-25,8
2340,1,2026-01-25,2
2341,1,2026-01-25,2
2342,1,2026-01-25,7
2343,1,2026-01-25,6
2344,1,2026-01-25,2
2345,1,2026-01-25,2
2346,1,2026-01-25,8
2347,1,2026-01-25,3
2348,1,2026-01-25,2
2349,1,2026-01-25,8
2350,1,2026-01-25,3
2351,1,2026-01-25,2
2352,1,2026-01-25,7
2353,1,2026-01-25,7
2354,1,2026-01-25,6
2355,1,2026-01-25,5
2356,1,2026-01-25,7
2357,1,2026-01-25,6
2358,1,2026-01-25,5
2359,1,2026-01-25,3
2360,1,2026-01-25,4
2361,1,2026-01-25,3
2362,1,2026-01-25,3
2363,1,2026-01-25,8
2364,1,2026-01-25,3
2365,1,2026-01-25,3
2366,1,2026-01-25,4
2367,1,2026-01-25,7
2368,1,2026-01-25,2
2369,1,2026-01-25,2
2370,1,2026-01-25,6
2371,1,2026-01-25,3
2372,1,2026-01-25,3
2373,1,2026-01-25,6
2374,1,2026-01-25,5
2375,1,2026-01-25,8
2376,1,2026-01-25,8
2377,1,2026-01-25,5
2378,1,2026-01-25,3
2379,1,2026-01-25,5
2380,1,2026-01-25,5
2381,1,2026-01-25,2
2382,1,2026-01-25,2
2383,1,2026-01-25,6
2384,1,2026-01-25,7
2385,1,2026-01-25,4
2386,1,2026-01-25,6
2387,1,2026-01-25,2
2388,1,2026-01-25,6
2389,1,2026-01-25,5
2390,1,2026-01-25,8
2391,1,2026-01-25,7
2392,1,2026-01-25,4
2393,1,2026-01-25,6
2394,1,2026-01-25,8
2395,1,2026-01-25,6
2396,1,2026-01-25,6
2397,1,2026-01-25,2
2398,1,2026-01-25,2
2399,1,2026-01-25,3
2400,1,2026-01-25,4
2401,1,2026-01-25,5
2402,1,2026-01-25,7
2403,1,2026-01-25,4
2404,1,2026-01-25,6
2405,1,2026-01-25,7
2406,1,2026-01-25,6
2407,1,2026-01-25,8
2408,1,2026-01-25,5
2409,1,2026-01-25,7
2410,1,2026-01-25,2
2411,1,2026-01-25,3
2412,1,2026-01-25,3
2413,1,2026-01-25,7
2414,1,2026-01-25,5
2415,1,2026-01-25,6
2416,1,2026-01-25,8
2417,1,2026-01-25,2
2418,1,2026-01-25,8
2419,1,2026-01-25,7
2420,1,2026-01-25,5
2421,1,2026-01-25,4
2422,1,2026-01-25,5
2423,1,2026-01-25,4
2424,1,2026-01-25,3
2425,1,2026-01-25,2
2426,1,2026-01-25,2
2427,1,2026-01-25,5
2428,1,2026-01-25,7
2429,1,2026-01-25,2
2430,1,2026-01-25,6
2431,1,2026-01-25,2
2432,1,2026-01-25,2
2433,1,2026-01-25,4
2434,1,2026-01-25,8
2435,1,2026-01-26,4
2436,1,2026-01-26,3
2437,1,2026-01-26,7
2438,1,2026-01-26,8
2439,1,2026-01-26,5
2440,1,2026-01-26,5
2441,1,2026-01-26,6
2442,1,2026-01-26,7
2443,1,2026-01-26,3
2444,1,2026-01-26,7
2445,1,2026-01-26,5
2446,1,2026-01-26,2
2447,1,2026-01-26,2
2448,1,2026-01-26,3
2449,1,2026-01-26,7
2450,1,2026-01-26,5
2451,1,2026-01-26,8
2452,1,2026-01-26,6
2453,1,2026-01-26,3
2454,1,2026-01-26,5
2455,1,2026-01-26,4
2456,1,2026-01-26,2
2457,1,2026-01-26,3
2458,1,2026-01-26,8
2459,1,2026-01-26,7
2460,1,2026-01-26,4
2461,1,2026-01-26,4
2462,1,2026-01-26,3
2463,1,2026-01-26,8
2464,1,2026-01-26,2
2465,1,2026-01-26,6
2466,1,2026-01-26,3
2467,1,2026-01-26,2
2468,1,2026-01-26,6
2469,1,2026-01-26,2
2470,1,2026-01-26,5
2471,1,2026-01-26,7
2472,1,2026-01-26,8
2473,1,2026-01-26,5
2474,1,2026-01-26,3
2475,1,2026-01-26,3
2476,1,2026-01-26,7
2477,1,2026-01-26,7
2478,1,2026-01-26,8
2479,1,2026-01-26,7
2480,1,2026-01-26,5
2481,1,2026-01-26,8
2482,1,2026-01-26,6
2483,1,2026-01-26,6
2484,1,2026-01-26,4
2485,1,2026-01-26,7
2486,1,2026-01-26,2
2487,1,2026-01-26,7
2488,1,2026-01-26,4
2489,1,2026-01-26,8
2490,1,2026-01-26,4
2491,1,2026-01-26,3
2492,1,2026-01-26,2
2493,1,2026-01-26,2
2494,1,2026-01-26,4
2495,1,2026-01-26,4
2496,1,2026-01-26,2
2497,1,2026-01-26,5
2498,1,2026-01-26,7
2499,1,2026-01-26,2
2500,1,2026-01-26,6
2501,1,2026-01-26,7
2502,1,2026-01-26,4
2503,1,2026-01-26,6
2504,1,2026-01-26,8
2505,1,2026-01-26,8
2506,1,2026-01-26,3
2507,1,2026-01-26,5
2508,1,2026-01-26,2
2509,1,2026-01-26,6
2510,1,2026-01-26,5
2511,1,2026-01-26,3
2512,1,2026-01-26,7
2513,1,2026-01-26,8
2514,1,2026-01-26,4
2515,1,2026-01-26,3
2516,1,2026-01-26,8
2517,1,2026-01-26,7
2518,1,2026-01-26,7
2519,1,2026-01-26,5
2520,1,2026-01-26,5
2521,1,2026-01-26,5
2522,1,2026-01-26,8
2523,1,2026-01-26,5
2524,1,2026-01-26,7
2525,1,2026-01-26,8
2526,1,2026-01-27,6
2527,1,2026-01-27,3
2528,1,2026-01-27,7
2529,1,2026-01-27,8
2530,1,2026-01-27,2
2531,1,2026-01-27,3
2532,1,2026-01-27,5
2533,1,2026-01-27,7
2534,1,2026-01-27,3
2535,1,2026-01-27,4
2536,1,2026-01-27,8
2537,1,2026-01-27,3
2538,1,2026-01-27,8
2539,1,2026-01-27,6
2540,1,2026-01-27,4
2541,1,2026-01-27,8
2542,1,2026-01-27,2
2543,1,2026-01-27,6
2544,1,2026-01-27,8
2545,1,2026-01-27,4
2546,1,2026-01-27,3
2547,1,2026-01-27,8
2548,1,2026-01-27,5
2549,1,2026-01-27,7
2550,1,2026-01-27,4
2551,1,2026-01-27,8
2552,1,2026-01-27,6
2553,1,2026-01-27,6
2554,1,2026-01-27,2
2555,1,2026-01-27,5
2556,1,2026-01-27,2
2557,1,2026-01-27,4
2558,1,2026-01-27,7
2559,1,2026-01-27,6
2560,1,2026-01-27,5
2561,1,2026-01-27,8
2562,1,2026-01-27,5
2563,1,2026-01-27,3
2564,1,2026-01-27,8
2565,1,2026-01-27,8
2566,1,2026-01-27,5
2567,1,2026-01-27,2
2568,1,2026-01-27,3
2569,1,2026-01-27,4
2570,1,2026-01-27,3
2571,1,2026-01-27,2
2572,1,2026-01-27,2
2573,1,2026-01-27,2
2574,1,2026-01-27,7
2575,1,2026-01-27,5
2576,1,2026-01-27,8
2577,1,2026-01-27,5
2578,1,2026-01-27,4
2579,1,2026-01-27,3
2580,1,2026-01-27,3
2581,1,2026-01-27,2
2582,1,2026-01-27,5
2583,1,2026-01-27,2
2584,1,2026-01-27,4
2585,1,2026-01-27,3
2586,1,2026-01-27,3
2587,1,2026-01-27,4
2588,1,2026-01-27,8
2589,1,2026-01-27,4
2590,1,2026-01-27,7
2591,1,2026-01-27,7
2592,1,2026-01-27,7
2593,1,2026-01-27,3
2594,1,2026-01-27,8
2595,1,2026-01-27,3
2596,1,2026-01-27,8
2597,1,2026-01-27,5
2598,1,2026-01-27,3
2599,1,2026-01-27,4
2600,1,2026-01-27,3
2601,1,2026-01-27,5
2602,1,2026-01-27,2
2603,1,2026-01-27,3
2604,1,2026-01-27,2
2605,1,2026-01-27,6
2606,1,2026-01-27,3
2607,1,2026-01-27,6
2608,1,2026-01-27,4
2609,1,2026-01-27,6
2610,1,2026-01-27,6
2611,1,2026-01-27,3
2612,1,2026-01-27,8
2613,1,2026-01-27,6
2614,1,2026-01-28,2
2615,1,2026-01-28,6
2616,1,2026-01-28,6
2617,1,2026-01-28,6
2618,1,2026-01-28,4
2619,1,2026-01-28,6
2620,1,2026-01-28,3
2621,1,2026-01-28,3
2622,1,2026-01-28,3
2623,1,2026-01-28,2
2624,1,2026-01-28,7
2625,1,2026-01-28,8
2626,1,2026-01-28,8
2627,1,2026-01-28,6
2628,1,2026-01-28,4
2629,1,2026-01-28,6
2630,1,2026-01-28,8
2631,1,2026-01-28,4
2632,1,2026-01-28,2
2633,1,2026-01-28,7
2634,1,2026-01-28,6
2635,1,2026-01-28,2
2636,1,2026-01-28,2
2637,1,2026-01-28,3
2638,1,2026-01-28,6
2639,1,2026-01-28,3
2640,1,2026-01-28,6
2641,1,2026-01-28,6
2642,1,2026-01-28,8
2643,1,2026-01-28,8
2644,1,2026-01-28,5
2645,1,2026-01-28,2
2646,1,2026-01-28,5
2647,1,2026-01-28,3
2648,1,2026-01-28,4
2649,1,2026-01-28,2
2650,1,2026-01-28,8
2651,1,2026-01-28,4
2652,1,2026-01-28,8
2653,1,2026-01-28,5
2654,1,2026-01-28,7
2655,1,2026-01-28,4
2656,1,2026-01-28,4
2657,1,2026-01-28,2
2658,1,2026-01-28,5
2659,1,2026-01-28,3
2660,1,2026-01-28,2
2661,1,2026-01-28,5
2662,1,2026-01-28,4
2663,1,2026-01-28,3
2664,1,2026-01-28,3
2665,1,2026-01-28,8
2666,1,2026-01-28,4
2667,1,2026-01-28,3
2668,1,2026-01-28,4
2669,1,2026-01-28,7
2670,1,2026-01-28,8
2671,1,2026-01-28,8
2672,1,2026-01-28,4
2673,1,2026-01-28,7
2674,1,2026-01-28,2
2675,1,2026-01-28,6
2676,1,2026-01-28,4
2677,1,2026-01-28,8
2678,1,2026-01-28,5
2679,1,2026-01-28,7
2680,1,2026-01-28,7
2681,1,2026-01-28,5
2682,1,2026-01-28,4
2683,1,2026-01-28,8
2684,1,2026-01-28,2
2685,1,2026-01-28,6
2686,1,2026-01-28,3
2687,1,2026-01-28,6
2688,1,2026-01-28,7
2689,1,2026-01-28,3
2690,1,2026-01-28,7
2691,1,2026-01-28,6
2692,1,2026-01-28,8
2693,1,2026-01-28,7
2694,1,2026-01-28,4
2695,1,2026-01-28,6
2696,1,2026-01-28,8
2697,1,2026-01-28,5
2698,1,2026-01-28,3
2699,1,2026-01-28,8
2700,1,2026-01-28,8
2701,1,2026-01-28,5
2702,1,2026-01-28,7
2703,1,2026-01-28,8
2704,1,2026-01-28,2
2705,1,2026-01-28,2
2706,1,2026-01-28,2
2707,1,2026-01-28,3
2708,1,2026-01-28,6
2709,1,2026-01-28,7
2710,1,2026-01-28,6
2711,1,2026-01-28,6
2712,1,2026-01-28,7
2713,1,2026-01-28,3
2714,1,2026-01-28,3
2715,1,2026-01-28,7
2716,1,2026-01-28,6
2717,1,2026-01-28,6
2718,1,2026-01-28,6
2719,1,2026-01-28,6
2720,1,2026-01-28,4
2721,1,2026-01-29,8
2722,1,2026-01-29,6
2723,1,2026-01-29,6
2724,1,2026-01-29,8
2725,1,2026-01-29,7
2726,1,2026-01-29,8
2727,1,2026-01-29,3
2728,1,2026-01-29,4
2729,1,2026-01-29,2
2730,1,2026-01-29,5
2731,1,2026-01-29,2
2732,1,2026-01-29,8
2733,1,2026-01-29,4
2734,1,2026-01-29,4
2735,1,2026-01-29,2
2736,1,2026-01-29,7
2737,1,2026-01-29,2
2738,1,2026-01-29,5
2739,1,2026-01-29,7
2740,1,2026-01-29,7
2741,1,2026-01-29,3
2742,1,2026-01-29,5
2743,1,2026-01-29,5
2744,1,2026-01-29,8
2745,1,2026-01-29,4
2746,1,2026-01-29,5
2747,1,2026-01-29,5
2748,1,2026-01-29,7
2749,1,2026-01-29,8
2750,1,2026-01-29,5
2751,1,2026-01-29,5
2752,1,2026-01-29,3
2753,1,2026-01-29,5
2754,1,2026-01-29,8
2755,1,2026-01-29,6
2756,1,2026-01-29,5
2757,1,2026-01-29,8
2758,1,2026-01-29,6
2759,1,2026-01-29,3
2760,1,2026-01-29,5
2761,1,2026-01-29,8
2762,1,2026-01-29,2
2763,1,2026-01-29,6
2764,1,2026-01-29,4
2765,1,2026-01-29,8
2766,1,2026-01-29,4
2767,1,2026-01-29,6
2768,1,2026-01-29,3
2769,1,2026-01-29,5
2770,1,2026-01-29,4
2771,1,2026-01-29,2
2772,1,2026-01-29,8
2773,1,2026-01-29,2
2774,1,2026-01-29,5
2775,1,2026-01-29,8
2776,1,2026-01-29,3
2777,1,2026-01-29,2
2778,1,2026-01-29,4
2779,1,2026-01-29,4
2780,1,2026-01-29,8
2781,1,2026-01-29,3
2782,1,2026-01-29,2
2783,1,2026-01-29,3
2784,1,2026-01-29,5
2785,1,2026-01-29,7
2786,1,2026-01-29,6
2787,1,2026-01-29,7
2788,1,2026-01-29,8
2789,1,2026-01-29,6
2790,1,2026-01-29,4
2791,1,2026-01-29,7
2792,1,2026-01-29,4
2793,1,2026-01-29,4
2794,1,2026-01-29,5
2795,1,2026-01-29,6
2796,1,2026-01-29,8
2797,1,2026-01-29,3
2798,1,2026-01-29,3
2799,1,2026-01-29,5
2800,1,2026-01-29,7
2801,1,2026-01-29,8
2802,1,2026-01-29,3
2803,1,2026-01-29,5
2804,1,2026-01-29,5
2805,1,2026-01-29,2
2806,1,2026-01-29,6
2807,1,2026-01-29,2
2808,1,2026-01-29,3
2809,1,2026-01-29,2
2810,1,2026-01-29,2
2811,1,2026-01-29,5
2812,1,2026-01-29,7
2813,1,2026-01-29,7
2814,1,2026-01-29,3
2815,1,2026-01-29,4
2816,1,2026-01-29,3
2817,1,2026-01-29,2
2818,1,2026-01-30,7
2819,1,2026-01-30,8
2820,1,2026-01-30,8
2821,1,2026-01-30,8
2822,1,2026-01-30,5
2823,1,2026-01-30,4
2824,1,2026-01-30,7
2825,1,2026-01-30,4
2826,1,2026-01-30,4
2827,1,2026-01-30,4
2828,1,2026-01-30,2
2829,1,2026-01-30,6
2830,1,2026-01-30,4
2831,1,2026-01-30,6
2832,1,2026-01-30,2
2833,1,2026-01-30,2
2834,1,2026-01-30,7
2835,1,2026-01-30,2
2836,1,2026-01-30,5
2837,1,2026-01-30,8
2838,1,2026-01-30,5
2839,1,2026-01-30,2
2840,1,2026-01-30,4
2841,1,2026-01-30,6
2842,1,2026-01-30,3
2843,1,2026-01-30,2
2844,1,2026-01-30,7
2845,1,2026-01-30,7
2846,1,2026-01-30,6
2847,1,2026-01-30,4
2848,1,2026-01-30,4
2849,1,2026-01-30,5
2850,1,2026-01-30,3
2851,1,2026-01-30,5
2852,1,2026-01-30,5
2853,1,2026-01-30,6
2854,1,2026-01-30,7
2855,1,2026-01-30,6
2856,1,2026-01-30,8
2857,1,2026-01-30,5
2858,1,2026-01-30,8
2859,1,2026-01-30,2
2860,1,2026-01-30,2
2861,1,2026-01-30,7
2862,1,2026-01-30,6
2863,1,2026-01-30,5
2864,1,2026-01-30,4
2865,1,2026-01-30,6
2866,1,2026-01-30,5
2867,1,2026-01-30,5
2868,1,2026-01-30,5
2869,1,2026-01-30,4
2870,1,2026-01-30,4
2871,1,2026-01-30,8
2872,1,2026-01-30,7
2873,1,2026-01-30,2
2874,1,2026-01-30,2
2875,1,2026-01-30,6
2876,1,2026-01-30,5
2877,1,2026-01-30,2
2878,1,2026-01-30,4
2879,1,2026-01-30,4
2880,1,2026-01-30,6
2881,1,2026-01-30,2
2882,1,2026-01-30,7
2883,1,2026-01-30,6
2884,1,2026-01-30,7
2885,1,2026-01-30,5
2886,1,2026-01-30,4
2887,1,2026-01-30,4
2888,1,2026-01-30,4
2889,1,2026-01-30,3
2890,1,2026-01-30,4
2891,1,2026-01-30,6
2892,1,2026-01-30,6
2893,1,2026-01-30,2
2894,1,2026-01-30,2
2895,1,2026-01-30,8
2896,1,2026-01-30,2
2897,1,2026-01-30,5
2898,1,2026-01-30,7
2899,1,2026-01-30,5
2900,1,2026-01-30,2
2901,1,2026-01-30,6
2902,1,2026-01-30,8
2903,1,2026-01-30,6
2904,1,2026-01-30,4
2905,1,2026-01-30,5
2906,1,2026-01-30,7
2907,1,2026-01-30,8
2908,1,2026-01-30,3
2909,1,2026-01-30,7
2910,1,2026-01-30,7
2911,1,2026-01-30,2
2912,1,2026-01-30,3
2913,1,2026-01-30,4
2914,1,2026-01-30,2
2915,1,2026-01-30,7
2916,1,2026-01-30,6
2917,1,2026-01-30,7
2918,1,2026-01-30,8
2919,1,2026-01-30,2
2920,1,2026-01-30,2
2921,1,2026-01-30,7
2922,1,2026-01-30,4
2923,1,2026-01-30,6
2924,1,2026-01-30,8
2925,1,2026-01-30,2
2926,1,2026-01-30,6
2927,1,2026-01-30,7
2928,1,2026-01-30,2
2929,1,2026-01-30,2
2930,1,2026-01-30,2
2931,1,2026-01-30,4
2932,1,2026-01-30,4
2933,1,2026-01-30,8
2934,1,2026-01-30,4
2935,1,2026-01-30,2
2936,1,2026-01-30,5
2937,1,2026-01-30,3
2938,1,2026-01-31,2
2939,1,2026-01-31,8
2940,1,2026-01-31,8
2941,1,2026-01-31,5
2942,1,2026-01-31,3
2943,1,2026-01-31,2
2944,1,2026-01-31,8
2945,1,2026-01-31,7
2946,1,2026-01-31,6
2947,1,2026-01-31,3
2948,1,2026-01-31,5
2949,1,2026-01-31,8
2950,1,2026-01-31,3
2951,1,2026-01-31,4
2952,1,2026-01-31,8
2953,1,2026-01-31,8
2954,1,2026-01-31,3
2955,1,2026-01-31,2
2956,1,2026-01-31,4
2957,1,2026-01-31,4
2958,1,2026-01-31,3
2959,1,2026-01-31,5
2960,1,2026-01-31,5
2961,1,2026-01-31,2
2962,1,2026-01-31,5
2963,1,2026-01-31,5
2964,1,2026-01-31,5
2965,1,2026-01-31,4
2966,1,2026-01-31,7
2967,1,2026-01-31,7
2968,1,2026-01-31,5
2969,1,2026-01-31,8
2970,1,2026-01-31,3
2971,1,2026-01-31,3
2972,1,2026-01-31,5
2973,1,2026-01-31,7
2974,1,2026-01-31,5
2975,1,2026-01-31,8
2976,1,2026-01-31,4
2977,1,2026-01-31,5
2978,1,2026-01-31,4
2979,1,2026-01-31,2
2980,1,2026-01-31,5
2981,1,2026-01-31,3
2982,1,2026-01-31,7
2983,1,2026-01-31,6
2984,1,2026-01-31,3
2985,1,2026-01-31,4
2986,1,2026-01-31,5
2987,1,2026-01-31,3
2988,1,2026-01-31,3
2989,1,2026-01-31,6
2990,1,2026-01-31,5
2991,1,2026-01-31,3
2992,1,2026-01-31,8
2993,1,2026-01-31,5
2994,1,2026-01-31,2
2995,1,2026-01-31,5
2996,1,2026-01-31,8
2997,1,2026-01-31,2
2998,1,2026-01-31,6
2999,1,2026-01-31,8
3000,1,2026-01-31,4
3001,1,2026-01-31,8
3002,1,2026-01-31,4
3003,1,2026-01-31,5
3004,1,2026-01-31,3
3005,1,2026-01-31,4
3006,1,2026-01-31,6
3007,1,2026-01-31,3
3008,1,2026-01-31,7
3009,1,2026-01-31,7
3010,1,2026-01-31,2
3011,1,2026-01-31,3
3012,1,2026-01-31,2
3013,1,2026-01-31,6
3014,1,2026-01-31,5
3015,1,2026-01-31,4
3016,1,2026-01-31,7
3017,1,2026-01-31,3
3018,1,2026-01-31,7
3019,1,2026-01-31,3
3020,1,2026-01-31,4
3021,1,2026-01-31,6
3022,1,2026-01-31,2
3023,1,2026-01-31,3
3024,1,2026-01-31,2
3025,1,2026-01-31,4
3026,1,2026-01-31,2
3027,1,2026-01-31,6
3028,1,2026-01-31,2
3029,1,2026-01-31,3
3030,1,2026-01-31,3
3031,1,2026-01-31,3
3032,1,2026-01-31,3
3033,1,2026-01-31,5
3034,1,2026-01-31,2
3035,1,2026-01-31,2
3036,1,2026-01-31,2
3037,1,2026-01-31,8
3038,1,2026-01-31,3
3039,1,2026-01-31,4
3040,1,2026-01-31,2
3041,1,2026-01-31,3
3042,1,2026-01-31,4
3043,1,2026-01-31,2
3044,1,2026-01-31,5
3045,1,2026-01-31,6
3046,1,2026-01-31,2
3047,1,2026-01-31,7
3048,1,2026-01-31,2
3049,1,2026-01-31,5
3050,1,2026-01-31,2
3051,1,2026-01-31,5
3052,1,2026-01-31,7
3053,1,2026-01-31,8
3054,1,2026-01-31,7
3055,1,2026-01-31,7
3056,1,2026-01-31,2
3057,1,2026-01-31,4
3058,1,2026-01-31,3
3059,1,2026-01-31,2
3060,1,2026-01-31,2
3061,1,2026-01-31,4
3062,1,2026-01-31,7
3063,1,2026-01-31,8
3064,1,2026-01-31,7
3065,1,2026-01-31,8
3066,1,2026-01-31,8
3067,1,2026-01-31,2
3068,1,2026-01-31,6
3069,1,2026-01-31,6
3070,1,2026-01-31,3
3071,1,2026-01-31,8
3072,1,2026-01-31,7
3073,1,2026-01-31,8
3074,1,2026-01-31,2
3075,1,2026-01-31,3
3076,1,2026-01-31,8
3077,1,2026-02-01,8
3078,1,2026-02-01,6
3079,1,2026-02-01,2
3080,1,2026-02-01,2
3081,1,2026-02-01,2
3082,1,2026-02-01,6
3083,1,2026-02-01,7
3084,1,2026-02-01,5
3085,1,2026-02-01,8
3086,1,2026-02-01,5
3087,1,2026-02-01,8
3088,1,2026-02-01,8
3089,1,2026-02-01,2
3090,1,2026-02-01,3
3091,1,2026-02-01,6
3092,1,2026-02-01,3
3093,1,2026-02-01,3
3094,1,2026-02-01,4
3095,1,2026-02-01,7
3096,1,2026-02-01,5
3097,1,2026-02-01,6
3098,1,2026-02-01,8
3099,1,2026-02-01,8
3100,1,2026-02-01,2
3101,1,2026-02-01,6
3102,1,2026-02-01,3
3103,1,2026-02-01,4
3104,1,2026-02-01,7
3105,1,2026-02-01,8
3106,1,2026-02-01,8
3107,1,2026-02-01,8
3108,1,2026-02-01,8
3109,1,2026-02-01,6
3110,1,2026-02-01,6
3111,1,2026-02-01,8
3112,1,2026-02-01,4
3113,1,2026-02-01,2
3114,1,2026-02-01,5
3115,1,2026-02-01,5
3116,1,2026-02-01,6
3117,1,2026-02-01,5
3118,1,2026-02-01,5
3119,1,2026-02-01,6
3120,1,2026-02-01,6
3121,1,2026-02-01,8
3122,1,2026-02-01,5
3123,1,2026-02-01,8
3124,1,2026-02-01,6
3125,1,2026-02-01,5
3126,1,2026-02-01,2
3127,1,2026-02-01,4
3128,1,2026-02-01,5
3129,1,2026-02-01,7
3130,1,2026-02-01,3
3131,1,2026-02-01,2
3132,1,2026-02-01,3
3133,1,2026-02-01,5
3134,1,2026-02-01,5
3135,1,2026-02-01,6
3136,1,2026-02-01,4
3137,1,2026-02-01,3
3138,1,2026-02-01,8
3139,1,2026-02-01,7
3140,1,2026-02-01,3
3141,1,2026-02-01,8
3142,1,2026-02-01,5
3143,1,2026-02-01,6
3144,1,2026-02-01,8
3145,1,2026-02-01,7
3146,1,2026-02-01,7
3147,1,2026-02-01,8
3148,1,2026-02-01,5
3149,1,2026-02-01,2
3150,1,2026-02-01,3
3151,1,2026-02-01,3
3152,1,2026-02-01,4
3153,1,2026-02-01,4
3154,1,2026-02-01,2
3155,1,2026-02-01,2
3156,1,2026-02-01,7
3157,1,2026-02-01,3
3158,1,2026-02-01,6
3159,1,2026-02-01,3
3160,1,2026-02-01,8
3161,1,2026-02-01,4
3162,1,2026-02-01,6
3163,1,2026-02-01,4
3164,1,2026-02-01,6
3165,1,2026-02-01,2
3166,1,2026-02-01,3
3167,1,2026-02-01,3
3168,1,2026-02-01,2
3169,1,2026-02-01,6
3170,1,2026-02-01,7
3171,1,2026-02-01,4
3172,1,2026-02-01,2
3173,1,2026-02-01,6
3174,1,2026-02-01,6
3175,1,2026-02-01,8
3176,1,2026-02-01,6
3177,1,2026-02-01,6
3178,1,2026-02-01,6
3179,1,2026-02-01,6
3180,1,2026-02-01,7
3181,1,2026-02-01,7
3182,1,2026-02-01,4
3183,1,2026-02-01,3
3184,1,2026-02-01,5
3185,1,2026-02-01,6
3186,1,2026-02-01,4
3187,1,2026-02-01,8
3188,1,2026-02-01,2
3189,1,2026-02-02,3
3190,1,2026-02-02,6
3191,1,2026-02-02,3
3192,1,2026-02-02,3
3193,1,2026-02-02,4
3194,1,2026-02-02,7
3195,1,2026-02-02,7
3196,1,2026-02-02,3
3197,1,2026-02-02,5
3198,1,2026-02-02,4
3199,1,2026-02-02,7
3200,1,2026-02-02,6
3201,1,2026-02-02,6
3202,1,2026-02-02,3
3203,1,2026-02-02,4
3204,1,2026-02-02,4
3205,1,2026-02-02,5
3206,1,2026-02-02,2
3207,1,2026-02-02,7
3208,1,2026-02-02,6
3209,1,2026-02-02,7
3210,1,2026-02-02,3
3211,1,2026-02-02,8
3212,1,2026-02-02,6
3213,1,2026-02-02,8
3214,1,2026-02-02,4
3215,1,2026-02-02,8
3216,1,2026-02-02,2
3217,1,2026-02-02,5
3218,1,2026-02-02,8
3219,1,2026-02-02,5
3220,1,2026-02-02,6
3221,1,2026-02-02,8
3222,1,2026-02-02,3
3223,1,2026-02-02,4
3224,1,2026-02-02,8
3225,1,2026-02-02,3
3226,1,2026-02-02,5
3227,1,2026-02-02,2
3228,1,2026-02-02,6
3229,1,2026-02-02,7
3230,1,2026-02-02,5
3231,1,2026-02-02,5
3232,1,2026-02-02,8
3233,1,2026-02-02,3
3234,1,2026-02-02,2
3235,1,2026-02-02,5
3236,1,2026-02-02,8
3237,1,2026-02-02,3
3238,1,2026-02-02,6
3239,1,2026-02-02,6
3240,1,2026-02-02,6
3241,1,2026-02-02,7
3242,1,2026-02-02,3
3243,1,2026-02-02,7
3244,1,2026-02-02,3
3245,1,2026-02-02,6
3246,1,2026-02-02,7
3247,1,2026-02-02,4
3248,1,2026-02-02,7
3249,1,2026-02-02,2
3250,1,2026-02-02,5
3251,1,2026-02-02,7
3252,1,2026-02-02,3
3253,1,2026-02-02,6
3254,1,2026-02-02,2
3255,1,2026-02-02,6
3256,1,2026-02-02,3
3257,1,2026-02-02,6
3258,1,2026-02-02,7
3259,1,2026-02-02,4
3260,1,2026-02-02,3
3261,1,2026-02-02,7
3262,1,2026-02-02,5
3263,1,2026-02-02,3
3264,1,2026-02-02,5
3265,1,2026-02-02,3
3266,1,2026-02-02,3
3267,1,2026-02-02,5
3268,1,2026-02-02,2
3269,1,2026-02-02,2
3270,1,2026-02-02,6
3271,1,2026-02-03,6
3272,1,2026-02-03,4
3273,1,2026-02-03,8
3274,1,2026-02-03,8
3275,1,2026-02-03,3
3276,1,2026-02-03,3
3277,1,2026-02-03,6
3278,1,2026-02-03,8
3279,1,2026-02-03,7
3280,1,2026-02-03,8
3281,1,2026-02-03,8
3282,1,2026-02-03,5
3283,1,2026-02-03,5
3284,1,2026-02-03,4
3285,1,2026-02-03,3
3286,1,2026-02-03,5
3287,1,2026-02-03,3
3288,1,2026-02-03,5
3289,1,2026-02-03,7
3290,1,2026-02-03,8
3291,1,2026-02-03,7
3292,1,2026-02-03,5
3293,1,2026-02-03,5
3294,1,2026-02-03,8
3295,1,2026-02-03,4
3296,1,2026-02-03,5
3297,1,2026-02-03,6
3298,1,2026-02-03,8
3299,1,2026-02-03,4
3300,1,2026-02-03,4
3301,1,2026-02-03,3
3302,1,2026-02-03,7
3303,1,2026-02-03,8
3304,1,2026-02-03,6
3305,1,2026-02-03,3
3306,1,2026-02-03,8
3307,1,2026-02-03,2
3308,1,2026-02-03,4
3309,1,2026-02-03,2
3310,1,2026-02-03,3
3311,1,2026-02-03,3
3312,1,2026-02-03,8
3313,1,2026-02-03,8
3314,1,2026-02-03,7
3315,1,2026-02-03,6
3316,1,2026-02-03,6
3317,1,2026-02-03,2
3318,1,2026-02-03,4
3319,1,2026-02-03,8
3320,1,2026-02-03,3
3321,1,2026-02-03,7
3322,1,2026-02-03,5
3323,1,2026-02-03,5
3324,1,2026-02-03,2
3325,1,2026-02-03,3
3326,1,2026-02-03,6
3327,1,2026-02-03,4
3328,1,2026-02-03,2
3329,1,2026-02-03,8
3330,1,2026-02-03,2
3331,1,2026-02-03,8
3332,1,2026-02-03,2
3333,1,2026-02-03,7
3334,1,2026-02-03,8
3335,1,2026-02-03,8
3336,1,2026-02-03,6
3337,1,2026-02-03,2
3338,1,2026-02-03,2
3339,1,2026-02-03,8
3340,1,2026-02-03,2
3341,1,2026-02-03,7
3342,1,2026-02-03,3
3343,1,2026-02-03,3
3344,1,2026-02-03,5
3345,1,2026-02-03,3
3346,1,2026-02-03,2
3347,1,2026-02-03,3
3348,1,2026-02-03,4
3349,1,2026-02-03,8
3350,1,2026-02-03,6
3351,1,2026-02-03,8
3352,1,2026-02-03,5
3353,1,2026-02-03,8
3354,1,2026-02-03,2
3355,1,2026-02-03,7
3356,1,2026-02-03,3
3357,1,2026-02-03,5
3358,1,2026-02-03,7
3359,1,2026-02-04,2
3360,1,2026-02-04,6
3361,1,2026-02-04,7
3362,1,2026-02-04,2
3363,1,2026-02-04,6
3364,1,2026-02-04,2
3365,1,2026-02-04,5
3366,1,2026-02-04,4
3367,1,2026-02-04,5
3368,1,2026-02-04,3
3369,1,2026-02-04,5
3370,1,2026-02-04,8
3371,1,2026-02-04,8
3372,1,2026-02-04,4
3373,1,2026-02-04,3
3374,1,2026-02-04,6
3375,1,2026-02-04,6
3376,1,2026-02-04,8
3377,1,2026-02-04,5
3378,1,2026-02-04,8
3379,1,2026-02-04,8
3380,1,2026-02-04,7
3381,1,2026-02-04,6
3382,1,2026-02-04,4
3383,1,2026-02-04,2
3384,1,2026-02-04,8
3385,1,2026-02-04,7
3386,1,2026-02-04,3
3387,1,2026-02-04,4
3388,1,2026-02-04,8
3389,1,2026-02-04,2
3390,1,2026-02-04,5
3391,1,2026-02-04,3
3392,1,2026-02-04,6
3393,1,2026-02-04,7
3394,1,2026-02-04,6
3395,1,2026-02-04,4
3396,1,2026-02-04,7
3397,1,2026-02-04,6
3398,1,2026-02-04,3
3399,1,2026-02-04,8
3400,1,2026-02-04,2
3401,1,2026-02-04,6
3402,1,2026-02-04,2
3403,1,2026-02-04,6
3404,1,2026-02-04,8
3405,1,2026-02-04,3
3406,1,2026-02-04,2
3407,1,2026-02-04,8
3408,1,2026-02-04,7
3409,1,2026-02-04,5
3410,1,2026-02-04,2
3411,1,2026-02-04,6
3412,1,2026-02-04,8
3413,1,2026-02-04,2
3414,1,2026-02-04,5
3415,1,2026-02-04,5
3416,1,2026-02-04,5
3417,1,2026-02-04,7
3418,1,2026-02-04,7
3419,1,2026-02-04,8
3420,1,2026-02-04,6
3421,1,2026-02-04,3
3422,1,2026-02-04,8
3423,1,2026-02-04,4
3424,1,2026-02-04,8
3425,1,2026-02-04,6
3426,1,2026-02-04,4
3427,1,2026-02-04,3
3428,1,2026-02-04,2
3429,1,2026-02-04,2
3430,1,2026-02-04,4
3431,1,2026-02-04,8
3432,1,2026-02-04,4
3433,1,2026-02-04,4
3434,1,2026-02-04,7
3435,1,2026-02-04,4
3436,1,2026-02-04,2
3437,1,2026-02-04,3
3438,1,2026-02-04,4
3439,1,2026-02-04,2
3440,1,2026-02-04,2
3441,1,2026-02-04,6
3442,1,2026-02-04,7
3443,1,2026-02-04,2
3444,1,2026-02-05,8
3445,1,2026-02-05,7
3446,1,2026-02-05,7
3447,1,2026-02-05,4
3448,1,2026-02-05,7
3449,1,2026-02-05,4
3450,1,2026-02-05,3
3451,1,2026-02-05,2
3452,1,2026-02-05,5
3453,1,2026-02-05,7
3454,1,2026-02-05,8
3455,1,2026-02-05,4
3456,1,2026-02-05,7
3457,1,2026-02-05,8
3458,1,2026-02-05,2
3459,1,2026-02-05,5
3460,1,2026-02-05,4
3461,1,2026-02-05,7
3462,1,2026-02-05,6
3463,1,2026-02-05,7
3464,1,2026-02-05,2
3465,1,2026-02-05,4
3466,1,2026-02-05,2
3467,1,2026-02-05,5
3468,1,2026-02-05,5
3469,1,2026-02-05,2
3470,1,2026-02-05,8
3471,1,2026-02-05,4
3472,1,2026-02-05,3
3473,1,2026-02-05,5
3474,1,2026-02-05,8
3475,1,2026-02-05,7
3476,1,2026-02-05,2
3477,1,2026-02-05,2
3478,1,2026-02-05,2
3479,1,2026-02-05,2
3480,1,2026-02-05,4
3481,1,2026-02-05,2
3482,1,2026-02-05,3
3483,1,2026-02-05,5
3484,1,2026-02-05,8
3485,1,2026-02-05,5
3486,1,2026-02-05,7
3487,1,2026-02-05,4
3488,1,2026-02-05,4
3489,1,2026-02-05,3
3490,1,2026-02-05,3
3491,1,2026-02-05,5
3492,1,2026-02-05,7
3493,1,2026-02-05,8
3494,1,2026-02-05,6
3495,1,2026-02-05,4
3496,1,2026-02-05,5
3497,1,2026-02-05,8
3498,1,2026-02-05,4
3499,1,2026-02-05,3
3500,1,2026-02-05,2
3501,1,2026-02-05,2
3502,1,2026-02-05,7
3503,1,2026-02-05,5
3504,1,2026-02-05,2
3505,1,2026-02-05,6
3506,1,2026-02-05,8
3507,1,2026-02-05,4
3508,1,2026-02-05,6
3509,1,2026-02-05,2
3510,1,2026-02-05,5
3511,1,2026-02-05,3
3512,1,2026-02-05,7
3513,1,2026-02-05,6
3514,1,2026-02-05,3
3515,1,2026-02-05,8
3516,1,2026-02-05,4
3517,1,2026-02-05,5
3518,1,2026-02-05,7
3519,1,2026-02-05,8
3520,1,2026-02-05,8
3521,1,2026-02-05,7
3522,1,2026-02-05,6
3523,1,2026-02-05,3
3524,1,2026-02-05,2
3525,1,2026-02-05,7
3526,1,2026-02-05,3
3527,1,2026-02-05,6
3528,1,2026-02-05,2
3529,1,2026-02-05,3
3530,1,2026-02-05,4
3531,1,2026-02-05,7
3532,1,2026-02-05,5
3533,1,2026-02-06,3
3534,1,2026-02-06,4
3535,1,2026-02-06,5
3536,1,2026-02-06,8
3537,1,2026-02-06,3
3538,1,2026-02-06,8
3539,1,2026-02-06,2
3540,1,2026-02-06,2
3541,1,2026-02-06,8
3542,1,2026-02-06,6
3543,1,2026-02-06,3
3544,1,2026-02-06,4
3545,1,2026-02-06,5
3546,1,2026-02-06,2
3547,1,2026-02-06,4
3548,1,2026-02-06,6
3549,1,2026-02-06,3
3550,1,2026-02-06,2
3551,1,2026-02-06,7
3552,1,2026-02-06,4
3553,1,2026-02-06,8
3554,1,2026-02-06,2
3555,1,2026-02-06,5
3556,1,2026-02-06,7
3557,1,2026-02-06,3
3558,1,2026-02-06,2
3559,1,2026-02-06,8
3560,1,2026-02-06,4
3561,1,2026-02-06,4
3562,1,2026-02-06,5
3563,1,2026-02-06,5
3564,1,2026-02-06,4
3565,1,2026-02-06,8
3566,1,2026-02-06,3
3567,1,2026-02-06,2
3568,1,2026-02-06,5
3569,1,2026-02-06,2
3570,1,2026-02-06,7
3571,1,2026-02-06,5
3572,1,2026-02-06,3
3573,1,2026-02-06,5
3574,1,2026-02-06,7
3575,1,2026-02-06,8
3576,1,2026-02-06,6
3577,1,2026-02-06,4
3578,1,2026-02-06,8
3579,1,2026-02-06,8
3580,1,2026-02-06,3
3581,1,2026-02-06,7
3582,1,2026-02-06,5
3583,1,2026-02-06,6
3584,1,2026-02-06,4
3585,1,2026-02-06,4
3586,1,2026-02-06,5
3587,1,2026-02-06,7
3588,1,2026-02-06,6
3589,1,2026-02-06,6
3590,1,2026-02-06,8
3591,1,2026-02-06,4
3592,1,2026-02-06,3
3593,1,2026-02-06,5
3594,1,2026-02-06,6
3595,1,2026-02-06,4
3596,1,2026-02-06,5
3597,1,2026-02-06,3
3598,1,2026-02-06,7
3599,1,2026-02-06,3
3600,1,2026-02-06,7
3601,1,2026-02-06,4
3602,1,2026-02-06,6
3603,1,2026-02-06,3
3604,1,2026-02-06,3
3605,1,2026-02-06,3
3606,1,2026-02-06,5
3607,1,2026-02-06,7
3608,1,2026-02-06,7
3609,1,2026-02-06,5
3610,1,2026-02-06,8
3611,1,2026-02-06,4
3612,1,2026-02-06,6
3613,1,2026-02-06,2
3614,1,2026-02-06,2
3615,1,2026-02-06,6
3616,1,2026-02-06,3
3617,1,2026-02-06,7
3618,1,2026-02-06,3
3619,1,2026-02-06,2
3620,1,2026-02-06,6
3621,1,2026-02-06,8
3622,1,2026-02-06,3
3623,1,2026-02-06,7
3624,1,2026-02-06,4
3625,1,2026-02-06,4
3626,1,2026-02-06,7
3627,1,2026-02-06,2
3628,1,2026-02-06,4
3629,1,2026-02-06,5
3630,1,2026-02-06,4
3631,1,2026-02-06,7
3632,1,2026-02-06,6
3633,1,2026-02-06,2
3634,1,2026-02-06,4
3635,1,2026-02-06,2
3636,1,2026-02-06,7
3637,1,2026-02-06,6
3638,1,2026-02-06,2
3639,1,2026-02-06,8
3640,1,2026-02-06,5
3641,1,2026-02-06,2
3642,1,2026-02-06,8
3643,1,2026-02-06,6
3644,1,2026-02-06,2
3645,1,2026-02-06,4
3646,1,2026-02-07,4
3647,1,2026-02-07,6
3648,1,2026-02-07,7
3649,1,2026-02-07,2
3650,1,2026-02-07,7
3651,1,2026-02-07,7
3652,1,2026-02-07,5
3653,1,2026-02-07,7
3654,1,2026-02-07,6
3655,1,2026-02-07,7
3656,1,2026-02-07,6
3657,1,2026-02-07,3
3658,1,2026-02-07,4
3659,1,2026-02-07,2
3660,1,2026-02-07,2
3661,1,2026-02-07,6
3662,1,2026-02-07,3
3663,1,2026-02-07,6
3664,1,2026-02-07,8
3665,1,2026-02-07,7
3666,1,2026-02-07,3
3667,1,2026-02-07,8
3668,1,2026-02-07,7
3669,1,2026-02-07,4
3670,1,2026-02-07,7
3671,1,2026-02-07,5
3672,1,2026-02-07,4
3673,1,2026-02-07,8
3674,1,2026-02-07,6
3675,1,2026-02-07,2
3676,1,2026-02-07,7
3677,1,2026-02-07,4
3678,1,2026-02-07,2
3679,1,2026-02-07,2
3680,1,2026-02-07,8
3681,1,2026-02-07,6
3682,1,2026-02-07,2
3683,1,2026-02-07,5
3684,1,2026-02-07,8
3685,1,2026-02-07,3
3686,1,2026-02-07,8
3687,1,2026-02-07,3
3688,1,2026-02-07,7
3689,1,2026-02-07,4
3690,1,2026-02-07,4
3691,1,2026-02-07,7
3692,1,2026-02-07,3
3693,1,2026-02-07,2
3694,1,2026-02-07,8
3695,1,2026-02-07,6
3696,1,2026-02-07,4
3697,1,2026-02-07,2
3698,1,2026-02-07,5
3699,1,2026-02-07,4
3700,1,2026-02-07,7
3701,1,2026-02-07,8
3702,1,2026-02-07,8
3703,1,2026-02-07,2
3704,1,2026-02-07,6
3705,1,2026-02-07,8
3706,1,2026-02-07,5
3707,1,2026-02-07,7
3708,1,2026-02-07,2
3709,1,2026-02-07,3
3710,1,2026-02-07,8
3711,1,2026-02-07,2
3712,1,2026-02-07,3
3713,1,2026-02-07,8
3714,1,2026-02-07,3
3715,1,2026-02-07,5
3716,1,2026-02-07,6
3717,1,2026-02-07,7
3718,1,2026-02-07,7
3719,1,2026-02-07,2
3720,1,2026-02-07,2
3721,1,2026-02-07,6
3722,1,2026-02-07,6
3723,1,2026-02-07,2
3724,1,2026-02-07,8
3725,1,2026-02-07,3
3726,1,2026-02-07,8
3727,1,2026-02-07,3
3728,1,2026-02-07,7
3729,1,2026-02-07,4
3730,1,2026-02-07,8
3731,1,2026-02-07,6
3732,1,2026-02-07,2
3733,1,2026-02-07,7
3734,1,2026-02-07,7
3735,1,2026-02-07,2
3736,1,2026-02-07,2
3737,1,2026-02-07,2
3738,1,2026-02-07,6
3739,1,2026-02-07,3
3740,1,2026-02-07,3
3741,1,2026-02-07,3
3742,1,2026-02-07,4
3743,1,2026-02-07,5
3744,1,2026-02-07,7
3745,1,2026-02-07,4
3746,1,2026-02-07,8
3747,1,2026-02-07,7
3748,1,2026-02-07,5
3749,1,2026-02-07,5
3750,1,2026-02-07,4
3751,1,2026-02-07,3
3752,1,2026-02-07,2
3753,1,2026-02-07,6
3754,1,2026-02-07,3
3755,1,2026-02-07,7
3756,1,2026-02-07,6
3757,1,2026-02-07,6
3758,1,2026-02-07,3
3759,1,2026-02-07,2
3760,1,2026-02-07,2
3761,1,2026-02-07,7
3762,1,2026-02-07,6
3763,1,2026-02-07,2
3764,1,2026-02-07,3
3765,1,2026-02-07,6
3766,1,2026-02-08,6
3767,1,2026-02-08,3
3768,1,2026-02-08,2
3769,1,2026-02-08,7
3770,1,2026-02-08,5
3771,1,2026-02-08,6
3772,1,2026-02-08,7
3773,1,2026-02-08,2
3774,1,2026-02-08,3
3775,1,2026-02-08,2
3776,1,2026-02-08,6
3777,1,2026-02-08,2
3778,1,2026-02-08,5
3779,1,2026-02-08,2
3780,1,2026-02-08,4
3781,1,2026-02-08,6
3782,1,2026-02-08,4
3783,1,2026-02-08,8
3784,1,2026-02-08,4
3785,1,2026-02-08,2
3786,1,2026-02-08,8
3787,1,2026-02-08,6
3788,1,2026-02-08,8
3789,1,2026-02-08,4
3790,1,2026-02-08,5
3791,1,2026-02-08,3
3792,1,2026-02-08,7
3793,1,2026-02-08,8
3794,1,2026-02-08,6
3795,1,2026-02-08,8
3796,1,2026-02-08,2
3797,1,2026-02-08,6
3798,1,2026-02-08,8
3799,1,2026-02-08,4
3800,1,2026-02-08,6
3801,1,2026-02-08,7
3802,1,2026-02-08,8
3803,1,2026-02-08,7
3804,1,2026-02-08,3
3805,1,2026-02-08,2
3806,1,2026-02-08,7
3807,1,2026-02-08,7
3808,1,2026-02-08,7
3809,1,2026-02-08,4
3810,1,2026-02-08,4
3811,1,2026-02-08,6
3812,1,2026-02-08,7
3813,1,2026-02-08,8
3814,1,2026-02-08,5
3815,1,2026-02-08,2
3816,1,2026-02-08,2
3817,1,2026-02-08,5
3818,1,2026-02-08,6
3819,1,2026-02-08,4
3820,1,2026-02-08,7
3821,1,2026-02-08,3
3822,1,2026-02-08,4
3823,1,2026-02-08,8
3824,1,2026-02-08,6
3825,1,2026-02-08,8
3826,1,2026-02-08,8
3827,1,2026-02-08,3
3828,1,2026-02-08,4
3829,1,2026-02-08,3
3830,1,2026-02-08,3
3831,1,2026-02-08,8
3832,1,2026-02-08,3
3833,1,2026-02-08,5
3834,1,2026-02-08,3
3835,1,2026-02-08,6
3836,1,2026-02-08,7
3837,1,2026-02-08,3
3838,1,2026-02-08,2
3839,1,2026-02-08,7
3840,1,2026-02-08,6
3841,1,2026-02-08,3
3842,1,2026-02-08,4
3843,1,2026-02-08,8
3844,1,2026-02-08,6
3845,1,2026-02-08,5
3846,1,2026-02-08,5
3847,1,2026-02-08,7
3848,1,2026-02-08,7
3849,1,2026-02-08,3
3850,1,2026-02-08,3
3851,1,2026-02-08,6
3852,1,2026-02-08,8
3853,1,2026-02-08,4
3854,1,2026-02-08,2
3855,1,2026-02-08,4
3856,1,2026-02-08,2
3857,1,2026-02-08,6
3858,1,2026-02-08,3
3859,1,2026-02-08,4
3860,1,2026-02-08,4
3861,1,2026-02-08,8
3862,1,2026-02-08,7
3863,1,2026-02-08,6
3864,1,2026-02-08,8
3865,1,2026-02-08,8
3866,1,2026-02-08,5
3867,1,2026-02-09,2
3868,1,2026-02-09,7
3869,1,2026-02-09,8
3870,1,2026-02-09,2
3871,1,2026-02-09,7
3872,1,2026-02-09,5
3873,1,2026-02-09,3
3874,1,2026-02-09,4
3875,1,2026-02-09,8
3876,1,2026-02-09,2
3877,1,2026-02-09,3
3878,1,2026-02-09,3
3879,1,2026-02-09,8
3880,1,2026-02-09,7
3881,1,2026-02-09,4
3882,1,2026-02-09,4
3883,1,2026-02-09,6
3884,1,2026-02-09,4
3885,1,2026-02-09,2
3886,1,2026-02-09,2
3887,1,2026-02-09,3
3888,1,2026-02-09,5
3889,1,2026-02-09,7
3890,1,2026-02-09,5
3891,1,2026-02-09,3
3892,1,2026-02-09,4
3893,1,2026-02-09,6
3894,1,2026-02-09,8
3895,1,2026-02-09,4
3896,1,2026-02-09,5
3897,1,2026-02-09,3
3898,1,2026-02-09,7
3899,1,2026-02-09,6
3900,1,2026-02-09,4
3901,1,2026-02-09,8
3902,1,2026-02-09,7
3903,1,2026-02-09,2
3904,1,2026-02-09,5
3905,1,2026-02-09,5
3906,1,2026-02-09,8
3907,1,2026-02-09,2
3908,1,2026-02-09,6
3909,1,2026-02-09,4
3910,1,2026-02-09,8
3911,1,2026-02-09,6
3912,1,2026-02-09,3
3913,1,2026-02-09,7
3914,1,2026-02-09,6
3915,1,2026-02-09,2
3916,1,2026-02-09,7
3917,1,2026-02-09,5
3918,1,2026-02-09,7
3919,1,2026-02-09,7
3920,1,2026-02-09,5
3921,1,2026-02-09,8
3922,1,2026-02-09,6
3923,1,2026-02-09,7
3924,1,2026-02-09,4
3925,1,2026-02-09,6
3926,1,2026-02-09,3
3927,1,2026-02-09,8
3928,1,2026-02-09,8
3929,1,2026-02-09,7
3930,1,2026-02-09,7
3931,1,2026-02-09,4
3932,1,2026-02-09,7
3933,1,2026-02-09,7
3934,1,2026-02-09,6
3935,1,2026-02-09,2
3936,1,2026-02-09,3
3937,1,2026-02-09,2
3938,1,2026-02-09,8
3939,1,2026-02-09,5
3940,1,2026-02-09,3
3941,1,2026-02-09,6
3942,1,2026-02-09,3
3943,1,2026-02-09,6
3944,1,2026-02-09,4
3945,1,2026-02-09,4
3946,1,2026-02-10,7
3947,1,2026-02-10,8
3948,1,2026-02-10,3
3949,1,2026-02-10,5
3950,1,2026-02-10,7
3951,1,2026-02-10,5
3952,1,2026-02-10,5
3953,1,2026-02-10,2
3954,1,2026-02-10,6
3955,1,2026-02-10,8
3956,1,2026-02-10,8
3957,1,2026-02-10,3
3958,1,2026-02-10,8
3959,1,2026-02-10,8
3960,1,2026-02-10,8
3961,1,2026-02-10,6
3962,1,2026-02-10,2
3963,1,2026-02-10,5
3964,1,2026-02-10,6
3965,1,2026-02-10,7
3966,1,2026-02-10,5
3967,1,2026-02-10,5
3968,1,2026-02-10,5
3969,1,2026-02-10,3
3970,1,2026-02-10,6
3971,1,2026-02-10,7
3972,1,2026-02-10,8
3973,1,2026-02-10,8
3974,1,2026-02-10,6
3975,1,2026-02-10,7
3976,1,2026-02-10,5
3977,1,2026-02-10,8
3978,1,2026-02-10,8
3979,1,2026-02-10,4
3980,1,2026-02-10,7
3981,1,2026-02-10,4
3982,1,2026-02-10,8
3983,1,2026-02-10,6
3984,1,2026-02-10,6
3985,1,2026-02-10,7
3986,1,2026-02-10,3
3987,1,2026-02-10,5
3988,1,2026-02-10,4
3989,1,2026-02-10,4
3990,1,2026-02-10,3
3991,1,2026-02-10,8
3992,1,2026-02-10,5
3993,1,2026-02-10,7
3994,1,2026-02-10,6
3995,1,2026-02-10,5
3996,1,2026-02-10,3
3997,1,2026-02-10,8
3998,1,2026-02-10,2
3999,1,2026-02-10,7
4000,1,2026-02-10,5
4001,1,2026-02-10,4
4002,1,2026-02-10,5
4003,1,2026-02-10,7
4004,1,2026-02-10,6
4005,1,2026-02-10,5
4006,1,2026-02-10,2
4007,1,2026-02-10,5
4008,1,2026-02-10,8
4009,1,2026-02-10,4
4010,1,2026-02-10,4
4011,1,2026-02-10,8
4012,1,2026-02-10,6
4013,1,2026-02-10,3
4014,1,2026-02-10,7
4015,1,2026-02-10,4
4016,1,2026-02-10,8
4017,1,2026-02-10,7
4018,1,2026-02-10,6
4019,1,2026-02-10,5
4020,1,2026-02-10,5
4021,1,2026-02-10,4
4022,1,2026-02-10,4
4023,1,2026-02-10,4
4024,1,2026-02-10,7
4025,1,2026-02-10,7
4026,1,2026-02-10,6
4027,1,2026-02-11,3
4028,1,2026-02-11,4
4029,1,2026-02-11,4
4030,1,2026-02-11,2
4031,1,2026-02-11,7
4032,1,2026-02-11,2
4033,1,2026-02-11,6
4034,1,2026-02-11,7
4035,1,2026-02-11,7
4036,1,2026-02-11,3
4037,1,2026-02-11,7
4038,1,2026-02-11,8
4039,1,2026-02-11,2
4040,1,2026-02-11,2
4041,1,2026-02-11,5
4042,1,2026-02-11,2
4043,1,2026-02-11,2
4044,1,2026-02-11,2
4045,1,2026-02-11,6
4046,1,2026-02-11,4
4047,1,2026-02-11,2
4048,1,2026-02-11,6
4049,1,2026-02-11,5
4050,1,2026-02-11,3
4051,1,2026-02-11,4
4052,1,2026-02-11,7
4053,1,2026-02-11,8
4054,1,2026-02-11,2
4055,1,2026-02-11,3
4056,1,2026-02-11,2
4057,1,2026-02-11,4
4058,1,2026-02-11,2
4059,1,2026-02-11,7
4060,1,2026-02-11,3
4061,1,2026-02-11,2
4062,1,2026-02-11,3
4063,1,2026-02-11,6
4064,1,2026-02-11,5
4065,1,2026-02-11,5
4066,1,2026-02-11,2
4067,1,2026-02-11,6
4068,1,2026-02-11,4
4069,1,2026-02-11,7
4070,1,2026-02-11,5
4071,1,2026-02-11,3
4072,1,2026-02-11,4
4073,1,2026-02-11,4
4074,1,2026-02-11,7
4075,1,2026-02-11,7
4076,1,2026-02-11,5
4077,1,2026-02-11,8
4078,1,2026-02-11,4
4079,1,2026-02-11,6
4080,1,2026-02-11,5
4081,1,2026-02-11,3
4082,1,2026-02-11,6
4083,1,2026-02-11,6
4084,1,2026-02-11,7
4085,1,2026-02-11,2
4086,1,2026-02-11,4
4087,1,2026-02-11,7
4088,1,2026-02-11,8
4089,1,2026-02-11,5
4090,1,2026-02-11,4
4091,1,2026-02-11,4
4092,1,2026-02-11,3
4093,1,2026-02-11,2
4094,1,2026-02-11,8
4095,1,2026-02-11,3
4096,1,2026-02-11,6
4097,1,2026-02-11,7
4098,1,2026-02-11,8
4099,1,2026-02-11,8
4100,1,2026-02-11,6
4101,1,2026-02-11,7
4102,1,2026-02-11,4
4103,1,2026-02-11,7
4104,1,2026-02-11,5
4105,1,2026-02-11,3
4106,1,2026-02-11,4
4107,1,2026-02-11,5
4108,1,2026-02-11,8
4109,1,2026-02-11,3
4110,1,2026-02-11,5
4111,1,2026-02-11,3
4112,1,2026-02-11,8
4113,1,2026-02-11,6
4114,1,2026-02-11,5
4115,1,2026-02-11,2
4116,1,2026-02-11,6
4117,1,2026-02-11,4
4118,1,2026-02-12,6
4119,1,2026-02-12,6
4120,1,2026-02-12,8
4121,1,2026-02-12,6
4122,1,2026-02-12,8
4123,1,2026-02-12,4
4124,1,2026-02-12,5
4125,1,2026-02-12,7
4126,1,2026-02-12,7
4127,1,2026-02-12,2
4128,1,2026-02-12,2
4129,1,2026-02-12,5
4130,1,2026-02-12,8
4131,1,2026-02-12,6
4132,1,2026-02-12,2
4133,1,2026-02-12,6
4134,1,2026-02-12,8
4135,1,2026-02-12,6
4136,1,2026-02-12,5
4137,1,2026-02-12,4
4138,1,2026-02-12,8
4139,1,2026-02-12,3
4140,1,2026-02-12,4
4141,1,2026-02-12,2
4142,1,2026-02-12,4
4143,1,2026-02-12,3
4144,1,2026-02-12,6
4145,1,2026-02-12,5
4146,1,2026-02-12,7
4147,1,2026-02-12,6
4148,1,2026-02-12,7
4149,1,2026-02-12,4
4150,1,2026-02-12,8
4151,1,2026-02-12,6
4152,1,2026-02-12,4
4153,1,2026-02-12,5
4154,1,2026-02-12,4
4155,1,2026-02-12,5
4156,1,2026-02-12,2
4157,1,2026-02-12,6
4158,1,2026-02-12,5
4159,1,2026-02-12,8
4160,1,2026-02-12,4
4161,1,2026-02-12,8
4162,1,2026-02-12,6
4163,1,2026-02-12,7
4164,1,2026-02-12,8
4165,1,2026-02-12,2
4166,1,2026-02-12,8
4167,1,2026-02-12,2
4168,1,2026-02-12,2
4169,1,2026-02-12,2
4170,1,2026-02-12,4
4171,1,2026-02-12,8
4172,1,2026-02-12,8
4173,1,2026-02-12,5
4174,1,2026-02-12,5
4175,1,2026-02-12,7
4176,1,2026-02-12,4
4177,1,2026-02-12,5
4178,1,2026-02-12,5
4179,1,2026-02-12,2
4180,1,2026-02-12,7
4181,1,2026-02-12,5
4182,1,2026-02-12,3
4183,1,2026-02-12,7
4184,1,2026-02-12,8
4185,1,2026-02-12,8
4186,1,2026-02-12,8
4187,1,2026-02-12,8
4188,1,2026-02-12,5
4189,1,2026-02-12,8
4190,1,2026-02-12,5
4191,1,2026-02-12,8
4192,1,2026-02-12,8
4193,1,2026-02-12,5
4194,1,2026-02-12,5
4195,1,2026-02-12,2
4196,1,2026-02-12,3
4197,1,2026-02-12,6
4198,1,2026-02-12,6
4199,1,2026-02-12,5
4200,1,2026-02-12,8
4201,1,2026-02-12,2
4202,1,2026-02-12,4
4203,1,2026-02-12,7
4204,1,2026-02-12,6
4205,1,2026-02-12,8
4206,1,2026-02-12,6
4207,1,2026-02-12,4
4208,1,2026-02-12,4
4209,1,2026-02-12,7
4210,1,2026-02-12,3
4211,1,2026-02-12,5
4212,1,2026-02-12,3
4213,1,2026-02-12,7
4214,1,2026-02-12,7
4215,1,2026-02-12,7
4216,1,2026-02-12,6
4217,1,2026-02-12,3
4218,1,2026-02-12,6
4219,1,2026-02-12,4
4220,1,2026-02-12,8
4221,1,2026-02-12,6
4222,1,2026-02-13,8
4223,1,2026-02-13,3
4224,1,2026-02-13,8
4225,1,2026-02-13,6
4226,1,2026-02-13,2
4227,1,2026-02-13,8
4228,1,2026-02-13,3
4229,1,2026-02-13,7
4230,1,2026-02-13,8
4231,1,2026-02-13,6
4232,1,2026-02-13,3
4233,1,2026-02-13,7
4234,1,2026-02-13,4
4235,1,2026-02-13,3
4236,1,2026-02-13,6
4237,1,2026-02-13,6
4238,1,2026-02-13,4
4239,1,2026-02-13,7
4240,1,2026-02-13,6
4241,1,2026-02-13,6
4242,1,2026-02-13,7
4243,1,2026-02-13,5
4244,1,2026-02-13,4
4245,1,2026-02-13,8
4246,1,2026-02-13,5
4247,1,2026-02-13,5
4248,1,2026-02-13,5
4249,1,2026-02-13,7
4250,1,2026-02-13,4
4251,1,2026-02-13,6
4252,1,2026-02-13,6
4253,1,2026-02-13,2
4254,1,2026-02-13,3
4255,1,2026-02-13,5
4256,1,2026-02-13,7
4257,1,2026-02-13,4
4258,1,2026-02-13,2
4259,1,2026-02-13,5
4260,1,2026-02-13,2
4261,1,2026-02-13,8
4262,1,2026-02-13,3
4263,1,2026-02-13,6
4264,1,2026-02-13,3
4265,1,2026-02-13,7
4266,1,2026-02-13,3
4267,1,2026-02-13,8
4268,1,2026-02-13,4
4269,1,2026-02-13,3
4270,1,2026-02-13,7
4271,1,2026-02-13,2
4272,1,2026-02-13,4
4273,1,2026-02-13,3
4274,1,2026-02-13,5
4275,1,2026-02-13,2
4276,1,2026-02-13,6
4277,1,2026-02-13,8
4278,1,2026-02-13,2
4279,1,2026-02-13,7
4280,1,2026-02-13,3
4281,1,2026-02-13,8
4282,1,2026-02-13,5
4283,1,2026-02-13,2
4284,1,2026-02-13,5
4285,1,2026-02-13,8
4286,1,2026-02-13,8
4287,1,2026-02-13,8
4288,1,2026-02-13,6
4289,1,2026-02-13,5
4290,1,2026-02-13,6
4291,1,2026-02-13,6
4292,1,2026-02-13,6
4293,1,2026-02-13,4
4294,1,2026-02-13,3
4295,1,2026-02-13,2
4296,1,2026-02-13,6
4297,1,2026-02-13,7
4298,1,2026-02-13,4
4299,1,2026-02-13,8
4300,1,2026-02-13,6
4301,1,2026-02-13,7
4302,1,2026-02-13,8
4303,1,2026-02-13,8
4304,1,2026-02-13,7
4305,1,2026-02-13,7
4306,1,2026-02-13,5
4307,1,2026-02-13,2
4308,1,2026-02-13,2
4309,1,2026-02-13,8
4310,1,2026-02-13,6
4311,1,2026-02-13,6
4312,1,2026-02-13,6
4313,1,2026-02-13,7
4314,1,2026-02-13,5
4315,1,2026-02-13,5
4316,1,2026-02-13,8
4317,1,2026-02-13,6
4318,1,2026-02-13,6
4319,1,2026-02-13,6
4320,1,2026-02-13,5
4321,1,2026-02-13,7
4322,1,2026-02-13,5
4323,1,2026-02-13,4
4324,1,2026-02-13,7
4325,1,2026-02-13,7
4326,1,2026-02-13,8
4327,1,2026-02-13,6
4328,1,2026-02-13,5
4329,1,2026-02-13,3
4330,1,2026-02-13,7
4331,1,2026-02-13,7
4332,1,2026-02-13,7
4333,1,2026-02-13,3
4334,1,2026-02-13,8
4335,1,2026-02-13,4
4336,1,2026-02-13,3
4337,1,2026-02-13,4
4338,1,2026-02-13,8
4339,1,2026-02-13,5
4340,1,2026-02-13,4
4341,1,2026-02-13,3
4342,1,2026-02-13,6
4343,1,2026-02-13,7
4344,1,2026-02-13,4
4345,1,2026-02-13,5
4346,1,2026-02-13,6
4347,1,2026-02-13,8
4348,1,2026-02-13,6
4349,1,2026-02-13,2
4350,1,2026-02-13,6
4351,1,2026-02-14,6
4352,1,2026-02-14,6
4353,1,2026-02-14,4
4354,1,2026-02-14,2
4355,1,2026-02-14,3
4356,1,2026-02-14,3
4357,1,2026-02-14,5
4358,1,2026-02-14,2
4359,1,2026-02-14,2
4360,1,2026-02-14,3
4361,1,2026-02-14,4
4362,1,2026-02-14,6
4363,1,2026-02-14,2
4364,1,2026-02-14,6
4365,1,2026-02-14,7
4366,1,2026-02-14,8
4367,1,2026-02-14,4
4368,1,2026-02-14,5
4369,1,2026-02-14,5
4370,1,2026-02-14,8
4371,1,2026-02-14,7
4372,1,2026-02-14,6
4373,1,2026-02-14,8
4374,1,2026-02-14,4
4375,1,2026-02-14,6
4376,1,2026-02-14,6
4377,1,2026-02-14,2
4378,1,2026-02-14,3
4379,1,2026-02-14,5
4380,1,2026-02-14,5
4381,1,2026-02-14,6
4382,1,2026-02-14,5
4383,1,2026-02-14,2
4384,1,2026-02-14,2
4385,1,2026-02-14,4
4386,1,2026-02-14,8
4387,1,2026-02-14,6
4388,1,2026-02-14,2
4389,1,2026-02-14,3
4390,1,2026-02-14,6
4391,1,2026-02-14,4
4392,1,2026-02-14,7
4393,1,2026-02-14,5
4394,1,2026-02-14,3
4395,1,2026-02-14,3
4396,1,2026-02-14,3
4397,1,2026-02-14,2
4398,1,2026-02-14,8
4399,1,2026-02-14,8
4400,1,2026-02-14,6
4401,1,2026-02-14,5
4402,1,2026-02-14,7
4403,1,2026-02-14,6
4404,1,2026-02-14,7
4405,1,2026-02-14,2
4406,1,2026-02-14,8
4407,1,2026-02-14,3
4408,1,2026-02-14,3
4409,1,2026-02-14,7
4410,1,2026-02-14,4
4411,1,2026-02-14,5
4412,1,2026-02-14,5
4413,1,2026-02-14,6
4414,1,2026-02-14,5
4415,1,2026-02-14,8
4416,1,2026-02-14,4
4417,1,2026-02-14,2
4418,1,2026-02-14,5
4419,1,2026-02-14,7
4420,1,2026-02-14,5
4421,1,2026-02-14,5
4422,1,2026-02-14,4
4423,1,2026-02-14,4
4424,1,2026-02-14,8
4425,1,2026-02-14,3
4426,1,2026-02-14,8
4427,1,2026-02-14,4
4428,1,2026-02-14,3
4429,1,2026-02-14,7
4430,1,2026-02-14,8
4431,1,2026-02-14,8
4432,1,2026-02-14,3
4433,1,2026-02-14,5
4434,1,2026-02-14,3
4435,1,2026-02-14,3
4436,1,2026-02-14,4
4437,1,2026-02-14,6
4438,1,2026-02-14,7
4439,1,2026-02-14,3
4440,1,2026-02-14,3
4441,1,2026-02-14,6
4442,1,2026-02-14,6
4443,1,2026-02-14,8
4444,1,2026-02-14,8
4445,1,2026-02-14,2
4446,1,2026-02-14,3
4447,1,2026-02-14,8
4448,1,2026-02-14,8
4449,1,2026-02-14,5
4450,1,2026-02-14,4
4451,1,2026-02-14,3
4452,1,2026-02-14,7
4453,1,2026-02-14,3
4454,1,2026-02-14,3
4455,1,2026-02-14,3
4456,1,2026-02-14,3
4457,1,2026-02-14,3
4458,1,2026-02-15,7
4459,1,2026-02-15,3
4460,1,2026-02-15,4
4461,1,2026-02-15,6
4462,1,2026-02-15,3
4463,1,2026-02-15,8
4464,1,2026-02-15,8
4465,1,2026-02-15,7
4466,1,2026-02-15,2
4467,1,2026-02-15,7
4468,1,2026-02-15,5
4469,1,2026-02-15,3
4470,1,2026-02-15,7
4471,1,2026-02-15,2
4472,1,2026-02-15,7
4473,1,2026-02-15,2
4474,1,2026-02-15,5
4475,1,2026-02-15,5
4476,1,2026-02-15,3
4477,1,2026-02-15,5
4478,1,2026-02-15,7
4479,1,2026-02-15,7
4480,1,2026-02-15,5
4481,1,2026-02-15,2
4482,1,2026-02-15,7
4483,1,2026-02-15,7
4484,1,2026-02-15,2
4485,1,2026-02-15,5
4486,1,2026-02-15,6
4487,1,2026-02-15,5
4488,1,2026-02-15,6
4489,1,2026-02-15,8
4490,1,2026-02-15,3
4491,1,2026-02-15,6
4492,1,2026-02-15,4
4493,1,2026-02-15,4
4494,1,2026-02-15,5
4495,1,2026-02-15,7
4496,1,2026-02-15,7
4497,1,2026-02-15,7
4498,1,2026-02-15,6
4499,1,2026-02-15,7
4500,1,2026-02-15,7
4501,1,2026-02-15,6
4502,1,2026-02-15,8
4503,1,2026-02-15,4
4504,1,2026-02-15,6
4505,1,2026-02-15,6
4506,1,2026-02-15,6
4507,1,2026-02-15,3
4508,1,2026-02-15,2
4509,1,2026-02-15,4
4510,1,2026-02-15,6
4511,1,2026-02-15,3
4512,1,2026-02-15,7
4513,1,2026-02-15,5
4514,1,2026-02-15,2
4515,1,2026-02-15,4
4516,1,2026-02-15,7
4517,1,2026-02-15,2
4518,1,2026-02-15,7
4519,1,2026-02-15,3
4520,1,2026-02-15,5
4521,1,2026-02-15,2
4522,1,2026-02-15,4
4523,1,2026-02-15,6
4524,1,2026-02-15,5
4525,1,2026-02-15,7
4526,1,2026-02-15,2
4527,1,2026-02-15,5
4528,1,2026-02-15,4
4529,1,2026-02-15,8
4530,1,2026-02-15,6
4531,1,2026-02-15,3
4532,1,2026-02-15,4
4533,1,2026-02-15,3
4534,1,2026-02-15,6
4535,1,2026-02-15,2
4536,1,2026-02-15,2
4537,1,2026-02-15,4
4538,1,2026-02-15,4
4539,1,2026-02-15,5
4540,1,2026-02-15,2
4541,1,2026-02-15,5
4542,1,2026-02-15,7
4543,1,2026-02-15,6
4544,1,2026-02-15,4
4545,1,2026-02-15,7
4546,1,2026-02-15,4
4547,1,2026-02-15,7
4548,1,2026-02-15,5
4549,1,2026-02-15,2
4550,1,2026-02-15,4
4551,1,2026-02-15,3
4552,1,2026-02-15,7
4553,1,2026-02-15,5
4554,1,2026-02-15,2
4555,1,2026-02-15,2
4556,1,2026-02-15,3
4557,1,2026-02-15,2
4558,1,2026-02-15,5
4559,1,2026-02-15,5
4560,1,2026-02-16,2
4561,1,2026-02-16,7
4562,1,2026-02-16,6
4563,1,2026-02-16,8
4564,1,2026-02-16,5
4565,1,2026-02-16,8
4566,1,2026-02-16,3
4567,1,2026-02-16,3
4568,1,2026-02-16,7
4569,1,2026-02-16,4
4570,1,2026-02-16,3
4571,1,2026-02-16,2
4572,1,2026-02-16,6
4573,1,2026-02-16,3
4574,1,2026-02-16,7
4575,1,2026-02-16,6
4576,1,2026-02-16,7
4577,1,2026-02-16,4
4578,1,2026-02-16,7
4579,1,2026-02-16,7
4580,1,2026-02-16,7
4581,1,2026-02-16,3
4582,1,2026-02-16,5
4583,1,2026-02-16,4
4584,1,2026-02-16,5
4585,1,2026-02-16,5
4586,1,2026-02-16,5
4587,1,2026-02-16,8
4588,1,2026-02-16,3
4589,1,2026-02-16,2
4590,1,2026-02-16,2
4591,1,2026-02-16,4
4592,1,2026-02-16,2
4593,1,2026-02-16,7
4594,1,2026-02-16,7
4595,1,2026-02-16,3
4596,1,2026-02-16,6
4597,1,2026-02-16,5
4598,1,2026-02-16,6
4599,1,2026-02-16,8
4600,1,2026-02-16,8
4601,1,2026-02-16,4
4602,1,2026-02-16,2
4603,1,2026-02-16,6
4604,1,2026-02-16,6
4605,1,2026-02-16,7
4606,1,2026-02-16,2
4607,1,2026-02-16,6
4608,1,2026-02-16,8
4609,1,2026-02-16,2
4610,1,2026-02-16,2
4611,1,2026-02-16,3
4612,1,2026-02-16,7
4613,1,2026-02-16,3
4614,1,2026-02-16,5
4615,1,2026-02-16,6
4616,1,2026-02-16,2
4617,1,2026-02-16,7
4618,1,2026-02-16,6
4619,1,2026-02-16,3
4620,1,2026-02-16,3
4621,1,2026-02-16,7
4622,1,2026-02-16,4
4623,1,2026-02-16,2
4624,1,2026-02-16,7
4625,1,2026-02-16,8
4626,1,2026-02-16,3
4627,1,2026-02-16,2
4628,1,2026-02-16,8
4629,1,2026-02-16,3
4630,1,2026-02-16,6
4631,1,2026-02-17,5
4632,1,2026-02-17,2
4633,1,2026-02-17,6
4634,1,2026-02-17,3
4635,1,2026-02-17,7
4636,1,2026-02-17,8
4637,1,2026-02-17,6
4638,1,2026-02-17,6
4639,1,2026-02-17,4
4640,1,2026-02-17,4
4641,1,2026-02-17,7
4642,1,2026-02-17,6
4643,1,2026-02-17,5
4644,1,2026-02-17,2
4645,1,2026-02-17,8
4646,1,2026-02-17,2
4647,1,2026-02-17,4
4648,1,2026-02-17,3
4649,1,2026-02-17,3
4650,1,2026-02-17,3
4651,1,2026-02-17,6
4652,1,2026-02-17,7
4653,1,2026-02-17,7
4654,1,2026-02-17,6
4655,1,2026-02-17,4
4656,1,2026-02-17,8
4657,1,2026-02-17,4
4658,1,2026-02-17,5
4659,1,2026-02-17,5
4660,1,2026-02-17,5
4661,1,2026-02-17,8
4662,1,2026-02-17,6
4663,1,2026-02-17,4
4664,1,2026-02-17,6
4665,1,2026-02-17,8
4666,1,2026-02-17,5
4667,1,2026-02-17,4
4668,1,2026-02-17,4
4669,1,2026-02-17,4
4670,1,2026-02-17,7
4671,1,2026-02-17,6
4672,1,2026-02-17,8
4673,1,2026-02-17,6
4674,1,2026-02-17,7
4675,1,2026-02-17,5
4676,1,2026-02-17,8
4677,1,2026-02-17,5
4678,1,2026-02-17,8
4679,1,2026-02-17,4
4680,1,2026-02-17,3
4681,1,2026-02-17,3
4682,1,2026-02-17,2
4683,1,2026-02-17,7
4684,1,2026-02-17,6
4685,1,2026-02-17,6
4686,1,2026-02-17,6
4687,1,2026-02-17,6
4688,1,2026-02-17,4
4689,1,2026-02-17,4
4690,1,2026-02-17,6
4691,1,2026-02-17,7
4692,1,2026-02-17,2
4693,1,2026-02-17,7
4694,1,2026-02-17,8
4695,1,2026-02-17,4
4696,1,2026-02-17,8
4697,1,2026-02-17,3
4698,1,2026-02-17,2
4699,1,2026-02-17,3
4700,1,2026-02-17,8
4701,1,2026-02-17,2
4702,1,2026-02-17,8
4703,1,2026-02-17,2
4704,1,2026-02-17,5
4705,1,2026-02-17,2
4706,1,2026-02-17,8
4707,1,2026-02-17,4
4708,1,2026-02-17,4
4709,1,2026-02-17,4
4710,1,2026-02-17,3
4711,1,2026-02-17,3
4712,1,2026-02-17,7
4713,1,2026-02-17,4
4714,1,2026-02-17,2
4715,1,2026-02-17,6
4716,1,2026-02-17,5
4717,1,2026-02-17,8
4718,1,2026-02-18,8
4719,1,2026-02-18,7
4720,1,2026-02-18,2
4721,1,2026-02-18,3
4722,1,2026-02-18,2
4723,1,2026-02-18,2
4724,1,2026-02-18,2
4725,1,2026-02-18,3
4726,1,2026-02-18,8
4727,1,2026-02-18,3
4728,1,2026-02-18,3
4729,1,2026-02-18,8
4730,1,2026-02-18,2
4731,1,2026-02-18,2
4732,1,2026-02-18,6
4733,1,2026-02-18,8
4734,1,2026-02-18,4
4735,1,2026-02-18,6
4736,1,2026-02-18,7
4737,1,2026-02-18,6
4738,1,2026-02-18,8
4739,1,2026-02-18,2
4740,1,2026-02-18,7
4741,1,2026-02-18,8
4742,1,2026-02-18,3
4743,1,2026-02-18,8
4744,1,2026-02-18,6
4745,1,2026-02-18,6
4746,1,2026-02-18,7
4747,1,2026-02-18,6
4748,1,2026-02-18,2
4749,1,2026-02-18,2
4750,1,2026-02-18,4
4751,1,2026-02-18,4
4752,1,2026-02-18,7
4753,1,2026-02-18,4
4754,1,2026-02-18,4
4755,1,2026-02-18,3
4756,1,2026-02-18,6
4757,1,2026-02-18,6
4758,1,2026-02-18,4
4759,1,2026-02-18,4
4760,1,2026-02-18,8
4761,1,2026-02-18,6
4762,1,2026-02-18,2
4763,1,2026-02-18,4
4764,1,2026-02-18,7
4765,1,2026-02-18,8
4766,1,2026-02-18,4
4767,1,2026-02-18,7
4768,1,2026-02-18,7
4769,1,2026-02-18,3
4770,1,2026-02-18,7
4771,1,2026-02-18,7
4772,1,2026-02-18,3
4773,1,2026-02-18,7
4774,1,2026-02-18,8
4775,1,2026-02-18,3
4776,1,2026-02-18,5
4777,1,2026-02-18,5
4778,1,2026-02-18,7
4779,1,2026-02-18,2
4780,1,2026-02-18,3
4781,1,2026-02-18,8
4782,1,2026-02-18,6
4783,1,2026-02-18,6
4784,1,2026-02-18,3
4785,1,2026-02-18,4
4786,1,2026-02-18,2
4787,1,2026-02-18,4
4788,1,2026-02-18,3
4789,1,2026-02-18,8
4790,1,2026-02-18,6
4791,1,2026-02-18,8
4792,1,2026-02-18,5
4793,1,2026-02-18,3
4794,1,2026-02-18,6
4795,1,2026-02-18,2
4796,1,2026-02-18,3
4797,1,2026-02-18,7
4798,1,2026-02-18,3
4799,1,2026-02-18,6
4800,1,2026-02-18,2
4801,1,2026-02-18,7
4802,1,2026-02-18,3
4803,1,2026-02-18,3
4804,1,2026-02-18,8
4805,1,2026-02-19,4
4806,1,2026-02-19,2
4807,1,2026-02-19,5
4808,1,2026-02-19,7
4809,1,2026-02-19,6
4810,1,2026-02-19,3
4811,1,2026-02-19,8
4812,1,2026-02-19,6
4813,1,2026-02-19,3
4814,1,2026-02-19,6
4815,1,2026-02-19,4
4816,1,2026-02-19,5
4817,1,2026-02-19,2
4818,1,2026-02-19,4
4819,1,2026-02-19,5
4820,1,2026-02-19,7
4821,1,2026-02-19,3
4822,1,2026-02-19,4
4823,1,2026-02-19,3
4824,1,2026-02-19,2
4825,1,2026-02-19,7
4826,1,2026-02-19,3
4827,1,2026-02-19,6
4828,1,2026-02-19,7
4829,1,2026-02-19,7
4830,1,2026-02-19,3
4831,1,2026-02-19,8
4832,1,2026-02-19,7
4833,1,2026-02-19,2
4834,1,2026-02-19,4
4835,1,2026-02-19,3
4836,1,2026-02-19,7
4837,1,2026-02-19,7
4838,1,2026-02-19,3
4839,1,2026-02-19,5
4840,1,2026-02-19,7
4841,1,2026-02-19,8
4842,1,2026-02-19,8
4843,1,2026-02-19,3
4844,1,2026-02-19,3
4845,1,2026-02-19,3
4846,1,2026-02-19,8
4847,1,2026-02-19,4
4848,1,2026-02-19,8
4849,1,2026-02-19,6
4850,1,2026-02-19,5
4851,1,2026-02-19,2
4852,1,2026-02-19,7
4853,1,2026-02-19,6
4854,1,2026-02-19,2
4855,1,2026-02-19,6
4856,1,2026-02-19,6
4857,1,2026-02-19,2
4858,1,2026-02-19,3
4859,1,2026-02-19,4
4860,1,2026-02-19,3
4861,1,2026-02-19,2
4862,1,2026-02-19,4
4863,1,2026-02-19,5
4864,1,2026-02-19,2
4865,1,2026-02-19,7
4866,1,2026-02-19,3
4867,1,2026-02-19,6
4868,1,2026-02-19,6
4869,1,2026-02-19,4
4870,1,2026-02-19,5
4871,1,2026-02-19,6
4872,1,2026-02-19,4
4873,1,2026-02-19,3
4874,1,2026-02-19,4
4875,1,2026-02-19,4
4876,1,2026-02-19,5
4877,1,2026-02-19,7
4878,1,2026-02-19,6
4879,1,2026-02-19,5
4880,1,2026-02-19,7
4881,1,2026-02-19,3
4882,1,2026-02-19,7
4883,1,2026-02-19,2
4884,1,2026-02-19,2
4885,1,2026-02-19,5
4886,1,2026-02-19,6
4887,1,2026-02-19,4
4888,1,2026-02-19,6
4889,1,2026-02-19,3
4890,1,2026-02-19,3
4891,1,2026-02-19,4
4892,1,2026-02-19,3
4893,1,2026-02-19,2
4894,1,2026-02-19,3
4895,1,2026-02-19,5
4896,1,2026-02-19,3
4897,1,2026-02-19,5
4898,1,2026-02-19,5
4899,1,2026-02-19,4
4900,1,2026-02-19,8
4901,1,2026-02-19,6
4902,1,2026-02-19,6
4903,1,2026-02-20,5
4904,1,2026-02-20,6
4905,1,2026-02-20,4
4906,1,2026-02-20,7
4907,1,2026-02-20,7
4908,1,2026-02-20,2
4909,1,2026-02-20,6
4910,1,2026-02-20,7
4911,1,2026-02-20,5
4912,1,2026-02-20,3
4913,1,2026-02-20,4
4914,1,2026-02-20,7
4915,1,2026-02-20,6
4916,1,2026-02-20,4
4917,1,2026-02-20,4
4918,1,2026-02-20,6
4919,1,2026-02-20,6
4920,1,2026-02-20,8
4921,1,2026-02-20,8
4922,1,2026-02-20,7
4923,1,2026-02-20,3
4924,1,2026-02-20,4
4925,1,2026-02-20,2
4926,1,2026-02-20,8
4927,1,2026-02-20,8
4928,1,2026-02-20,5
4929,1,2026-02-20,8
4930,1,2026-02-20,4
4931,1,2026-02-20,8
4932,1,2026-02-20,7
4933,1,2026-02-20,2
4934,1,2026-02-20,8
4935,1,2026-02-20,4
4936,1,2026-02-20,7
4937,1,2026-02-20,5
4938,1,2026-02-20,5
4939,1,2026-02-20,6
4940,1,2026-02-20,5
4941,1,2026-02-20,2
4942,1,2026-02-20,5
4943,1,2026-02-20,8
4944,1,2026-02-20,5
4945,1,2026-02-20,8
4946,1,2026-02-20,8
4947,1,2026-02-20,4
4948,1,2026-02-20,4
4949,1,2026-02-20,5
4950,1,2026-02-20,3
4951,1,2026-02-20,5
4952,1,2026-02-20,7
4953,1,2026-02-20,3
4954,1,2026-02-20,7
4955,1,2026-02-20,2
4956,1,2026-02-20,7
4957,1,2026-02-20,6
4958,1,2026-02-20,5
4959,1,2026-02-20,5
4960,1,2026-02-20,5
4961,1,2026-02-20,8
4962,1,2026-02-20,4
4963,1,2026-02-20,3
4964,1,2026-02-20,7
4965,1,2026-02-20,8
4966,1,2026-02-20,7
4967,1,2026-02-20,3
4968,1,2026-02-20,4
4969,1,2026-02-20,8
4970,1,2026-02-20,4
4971,1,2026-02-20,3
4972,1,2026-02-20,4
4973,1,2026-02-20,5
4974,1,2026-02-20,5
4975,1,2026-02-20,6
4976,1,2026-02-20,6
4977,1,2026-02-20,6
4978,1,2026-02-20,5
4979,1,2026-02-20,8
4980,1,2026-02-20,8
4981,1,2026-02-20,2
4982,1,2026-02-20,7
4983,1,2026-02-20,5
4984,1,2026-02-20,2
4985,1,2026-02-20,8
4986,1,2026-02-20,7
4987,1,2026-02-20,7
4988,1,2026-02-20,2
4989,1,2026-02-20,4
4990,1,2026-02-20,8
4991,1,2026-02-20,2
4992,1,2026-02-20,3
4993,1,2026-02-20,6
4994,1,2026-02-20,6
4995,1,2026-02-20,3
4996,1,2026-02-20,7
4997,1,2026-02-20,4
4998,1,2026-02-20,3
4999,1,2026-02-20,4
5000,1,2026-02-20,3
5001,1,2026-02-20,7
5002,1,2026-02-20,6
5003,1,2026-02-20,7
5004,1,2026-02-20,3
5005,1,2026-02-20,3
5006,1,2026-02-20,3
5007,1,2026-02-20,7
5008,1,2026-02-20,3
5009,1,2026-02-20,3
5010,1,2026-02-20,7
5011,1,2026-02-20,8
5012,1,2026-02-20,2
5013,1,2026-02-20,7
5014,1,2026-02-20,4
5015,1,2026-02-20,7
5016,1,2026-02-21,3
5017,1,2026-02-21,2
5018,1,2026-02-21,3
5019,1,2026-02-21,3
5020,1,2026-02-21,3
5021,1,2026-02-21,4
5022,1,2026-02-21,6
5023,1,2026-02-21,2
5024,1,2026-02-21,3
5025,1,2026-02-21,8
5026,1,2026-02-21,3
5027,1,2026-02-21,8
5028,1,2026-02-21,4
5029,1,2026-02-21,5
5030,1,2026-02-21,5
5031,1,2026-02-21,2
5032,1,2026-02-21,2
5033,1,2026-02-21,2
5034,1,2026-02-21,8
5035,1,2026-02-21,7
5036,1,2026-02-21,4
5037,1,2026-02-21,2
5038,1,2026-02-21,6
5039,1,2026-02-21,2
5040,1,2026-02-21,6
5041,1,2026-02-21,8
5042,1,2026-02-21,5
5043,1,2026-02-21,3
5044,1,2026-02-21,3
5045,1,2026-02-21,7
5046,1,2026-02-21,7
5047,1,2026-02-21,3
5048,1,2026-02-21,2
5049,1,2026-02-21,4
5050,1,2026-02-21,4
5051,1,2026-02-21,6
5052,1,2026-02-21,4
5053,1,2026-02-21,4
5054,1,2026-02-21,3
5055,1,2026-02-21,2
5056,1,2026-02-21,8
5057,1,2026-02-21,5
5058,1,2026-02-21,2
5059,1,2026-02-21,2
5060,1,2026-02-21,6
5061,1,2026-02-21,7
5062,1,2026-02-21,3
5063,1,2026-02-21,6
5064,1,2026-02-21,6
5065,1,2026-02-21,6
5066,1,2026-02-21,6
5067,1,2026-02-21,5
5068,1,2026-02-21,5
5069,1,2026-02-21,5
5070,1,2026-02-21,3
5071,1,2026-02-21,3
5072,1,2026-02-21,2
5073,1,2026-02-21,7
5074,1,2026-02-21,4
5075,1,2026-02-21,3
5076,1,2026-02-21,2
5077,1,2026-02-21,3
5078,1,2026-02-21,8
5079,1,2026-02-21,3
5080,1,2026-02-21,2
5081,1,2026-02-21,3
5082,1,2026-02-21,7
5083,1,2026-02-21,2
5084,1,2026-02-21,2
5085,1,2026-02-21,6
5086,1,2026-02-21,3
5087,1,2026-02-21,8
5088,1,2026-02-21,6
5089,1,2026-02-21,4
5090,1,2026-02-21,6
5091,1,2026-02-21,7
5092,1,2026-02-21,3
5093,1,2026-02-21,5
5094,1,2026-02-21,4
5095,1,2026-02-21,3
5096,1,2026-02-21,4
5097,1,2026-02-21,6
5098,1,2026-02-21,2
5099,1,2026-02-21,3
5100,1,2026-02-21,2
5101,1,2026-02-21,7
5102,1,2026-02-21,6
5103,1,2026-02-21,2
5104,1,2026-02-21,7
5105,1,2026-02-21,8
5106,1,2026-02-21,3
5107,1,2026-02-21,4
5108,1,2026-02-21,4
5109,1,2026-02-21,3
5110,1,2026-02-21,7
5111,1,2026-02-21,5
5112,1,2026-02-21,4
5113,1,2026-02-21,3
5114,1,2026-02-21,3
5115,1,2026-02-21,2
5116,1,2026-02-21,8
5117,1,2026-02-21,7
5118,1,2026-02-21,3
5119,1,2026-02-21,4
5120,1,2026-02-21,5
5121,1,2026-02-21,7
5122,1,2026-02-21,4
5123,1,2026-02-21,7
5124,1,2026-02-21,5
5125,1,2026-02-21,8
5126,1,2026-02-21,7
5127,1,2026-02-21,7
5128,1,2026-02-21,4
5129,1,2026-02-21,8
5130,1,2026-02-21,4
5131,1,2026-02-21,5
5132,1,2026-02-21,6
5133,1,2026-02-21,6
5134,1,2026-02-21,5
5135,1,2026-02-21,2
5136,1,2026-02-21,2
5137,1,2026-02-21,3
5138,1,2026-02-21,2
5139,1,2026-02-21,5
5140,1,2026-02-21,5
5141,1,2026-02-21,5
5142,1,2026-02-21,8
5143,1,2026-02-21,7
5144,1,2026-02-21,5
5145,1,2026-02-21,7
5146,1,2026-02-21,2
5147,1,2026-02-21,3
5148,1,2026-02-21,6
5149,1,2026-02-21,2
5150,1,2026-02-22,7
5151,1,2026-02-22,2
5152,1,2026-02-22,6
5153,1,2026-02-22,7
5154,1,2026-02-22,7
5155,1,2026-02-22,8
5156,1,2026-02-22,3
5157,1,2026-02-22,7
5158,1,2026-02-22,8
5159,1,2026-02-22,8
5160,1,2026-02-22,8
5161,1,2026-02-22,5
5162,1,2026-02-22,2
5163,1,2026-02-22,4
5164,1,2026-02-22,5
5165,1,2026-02-22,8
5166,1,2026-02-22,3
5167,1,2026-02-22,5
5168,1,2026-02-22,2
5169,1,2026-02-22,2
5170,1,2026-02-22,6
5171,1,2026-02-22,5
5172,1,2026-02-22,2
5173,1,2026-02-22,7
5174,1,2026-02-22,2
5175,1,2026-02-22,8
5176,1,2026-02-22,6
5177,1,2026-02-22,7
5178,1,2026-02-22,7
5179,1,2026-02-22,6
5180,1,2026-02-22,3
5181,1,2026-02-22,4
5182,1,2026-02-22,8
5183,1,2026-02-22,8
5184,1,2026-02-22,8
5185,1,2026-02-22,6
5186,1,2026-02-22,2
5187,1,2026-02-22,5
5188,1,2026-02-22,2
5189,1,2026-02-22,8
5190,1,2026-02-22,2
5191,1,2026-02-22,4
5192,1,2026-02-22,6
5193,1,2026-02-22,4
5194,1,2026-02-22,5
5195,1,2026-02-22,7
5196,1,2026-02-22,7
5197,1,2026-02-22,2
5198,1,2026-02-22,2
5199,1,2026-02-22,3
5200,1,2026-02-22,6
5201,1,2026-02-22,6
5202,1,2026-02-22,6
5203,1,2026-02-22,5
5204,1,2026-02-22,2
5205,1,2026-02-22,2
5206,1,2026-02-22,8
5207,1,2026-02-22,5
5208,1,2026-02-22,6
5209,1,2026-02-22,2
5210,1,2026-02-22,5
5211,1,2026-02-22,2
5212,1,2026-02-22,7
5213,1,2026-02-22,6
5214,1,2026-02-22,4
5215,1,2026-02-22,6
5216,1,2026-02-22,7
5217,1,2026-02-22,3
5218,1,2026-02-22,6
5219,1,2026-02-22,5
5220,1,2026-02-22,5
5221,1,2026-02-22,3
5222,1,2026-02-22,7
5223,1,2026-02-22,4
5224,1,2026-02-22,3
5225,1,2026-02-22,6
5226,1,2026-02-22,8
5227,1,2026-02-22,4
5228,1,2026-02-22,4
5229,1,2026-02-22,3
5230,1,2026-02-22,2
5231,1,2026-02-22,8
5232,1,2026-02-22,2
5233,1,2026-02-22,8
5234,1,2026-02-22,4
5235,1,2026-02-22,4
5236,1,2026-02-22,5
5237,1,2026-02-22,2
5238,1,2026-02-22,4
5239,1,2026-02-22,2
5240,1,2026-02-22,3
5241,1,2026-02-22,3
5242,1,2026-02-22,3
5243,1,2026-02-22,5
5244,1,2026-02-22,3
5245,1,2026-02-22,8
5246,1,2026-02-22,5
5247,1,2026-02-22,4
5248,1,2026-02-22,3
5249,1,2026-02-22,3
5250,1,2026-02-22,3
5251,1,2026-02-22,6
5252,1,2026-02-22,5
5253,1,2026-02-22,4
5254,1,2026-02-22,7
5255,1,2026-02-22,8
5256,1,2026-02-22,2
5257,1,2026-02-22,7
5258,1,2026-02-22,2
5259,1,2026-02-22,2
5260,1,2026-02-23,5
5261,1,2026-02-23,8
5262,1,2026-02-23,6
5263,1,2026-02-23,6
5264,1,2026-02-23,5
5265,1,2026-02-23,3
5266,1,2026-02-23,6
5267,1,2026-02-23,2
5268,1,2026-02-23,8
5269,1,2026-02-23,2
5270,1,2026-02-23,7
5271,1,2026-02-23,3
5272,1,2026-02-23,4
5273,1,2026-02-23,8
5274,1,2026-02-23,8
5275,1,2026-02-23,2
5276,1,2026-02-23,5
5277,1,2026-02-23,6
5278,1,2026-02-23,6
5279,1,2026-02-23,5
5280,1,2026-02-23,8
5281,1,2026-02-23,8
5282,1,2026-02-23,4
5283,1,2026-02-23,6
5284,1,2026-02-23,5
5285,1,2026-02-23,6
5286,1,2026-02-23,3
5287,1,2026-02-23,7
5288,1,2026-02-23,6
5289,1,2026-02-23,8
5290,1,2026-02-23,3
5291,1,2026-02-23,5
5292,1,2026-02-23,3
5293,1,2026-02-23,5
5294,1,2026-02-23,4
5295,1,2026-02-23,7
5296,1,2026-02-23,3
5297,1,2026-02-23,8
5298,1,2026-02-23,2
5299,1,2026-02-23,4
5300,1,2026-02-23,8
5301,1,2026-02-23,5
5302,1,2026-02-23,8
5303,1,2026-02-23,2
5304,1,2026-02-23,2
5305,1,2026-02-23,3
5306,1,2026-02-23,5
5307,1,2026-02-23,3
5308,1,2026-02-23,7
5309,1,2026-02-23,6
5310,1,2026-02-23,8
5311,1,2026-02-23,7
5312,1,2026-02-23,5
5313,1,2026-02-23,6
5314,1,2026-02-23,7
5315,1,2026-02-23,5
5316,1,2026-02-23,4
5317,1,2026-02-23,3
5318,1,2026-02-23,8
5319,1,2026-02-23,6
5320,1,2026-02-23,5
5321,1,2026-02-23,5
5322,1,2026-02-23,3
5323,1,2026-02-23,3
5324,1,2026-02-23,5
5325,1,2026-02-23,8
5326,1,2026-02-23,3
5327,1,2026-02-23,4
5328,1,2026-02-23,4
5329,1,2026-02-23,3
5330,1,2026-02-23,5
5331,1,2026-02-23,5
5332,1,2026-02-23,5
5333,1,2026-02-23,3
5334,1,2026-02-23,6
5335,1,2026-02-23,7
5336,1,2026-02-23,5
5337,1,2026-02-23,7
5338,1,2026-02-23,6
5339,1,2026-02-24,4
5340,1,2026-02-24,6
5341,1,2026-02-24,6
5342,1,2026-02-24,7
5343,1,2026-02-24,3
5344,1,2026-02-24,5
5345,1,2026-02-24,5
5346,1,2026-02-24,7
5347,1,2026-02-24,4
5348,1,2026-02-24,2
5349,1,2026-02-24,5
5350,1,2026-02-24,3
5351,1,2026-02-24,4
5352,1,2026-02-24,2
5353,1,2026-02-24,7
5354,1,2026-02-24,7
5355,1,2026-02-24,7
5356,1,2026-02-24,7
5357,1,2026-02-24,3
5358,1,2026-02-24,8
5359,1,2026-02-24,2
5360,1,2026-02-24,6
5361,1,2026-02-24,8
5362,1,2026-02-24,2
5363,1,2026-02-24,6
5364,1,2026-02-24,6
5365,1,2026-02-24,2
5366,1,2026-02-24,7
5367,1,2026-02-24,6
5368,1,2026-02-24,5
5369,1,2026-02-24,7
5370,1,2026-02-24,2
5371,1,2026-02-24,3
5372,1,2026-02-24,4
5373,1,2026-02-24,2
5374,1,2026-02-24,6
5375,1,2026-02-24,5
5376,1,2026-02-24,4
5377,1,2026-02-24,6
5378,1,2026-02-24,8
5379,1,2026-02-24,7
5380,1,2026-02-24,4
5381,1,2026-02-24,7
5382,1,2026-02-24,8
5383,1,2026-02-24,3
5384,1,2026-02-24,4
5385,1,2026-02-24,6
5386,1,2026-02-24,5
5387,1,2026-02-24,4
5388,1,2026-02-24,5
5389,1,2026-02-24,7
5390,1,2026-02-24,4
5391,1,2026-02-24,7
5392,1,2026-02-24,4
5393,1,2026-02-24,4
5394,1,2026-02-24,2
5395,1,2026-02-24,3
5396,1,2026-02-24,2
5397,1,2026-02-24,2
5398,1,2026-02-24,3
5399,1,2026-02-24,8
5400,1,2026-02-24,4
5401,1,2026-02-24,6
5402,1,2026-02-24,4
5403,1,2026-02-24,3
5404,1,2026-02-24,3
5405,1,2026-02-24,5
5406,1,2026-02-24,3
5407,1,2026-02-24,5
5408,1,2026-02-24,7
5409,1,2026-02-24,7
5410,1,2026-02-24,8
5411,1,2026-02-24,4
5412,1,2026-02-24,7
5413,1,2026-02-24,8
5414,1,2026-02-24,6
5415,1,2026-02-24,7
5416,1,2026-02-24,8
5417,1,2026-02-24,4
5418,1,2026-02-24,3
5419,1,2026-02-24,7
5420,1,2026-02-24,6
5421,1,2026-02-24,7
5422,1,2026-02-24,6
5423,1,2026-02-24,4
5424,1,2026-02-24,7
5425,1,2026-02-24,4
5426,1,2026-02-25,8
5427,1,2026-02-25,2
5428,1,2026-02-25,2
5429,1,2026-02-25,4
5430,1,2026-02-25,2
5431,1,2026-02-25,7
5432,1,2026-02-25,8
5433,1,2026-02-25,5
5434,1,2026-02-25,3
5435,1,2026-02-25,3
5436,1,2026-02-25,2
5437,1,2026-02-25,2
5438,1,2026-02-25,8
5439,1,2026-02-25,7
5440,1,2026-02-25,6
5441,1,2026-02-25,6
5442,1,2026-02-25,8
5443,1,2026-02-25,6
5444,1,2026-02-25,4
5445,1,2026-02-25,5
5446,1,2026-02-25,7
5447,1,2026-02-25,7
5448,1,2026-02-25,2
5449,1,2026-02-25,8
5450,1,2026-02-25,5
5451,1,2026-02-25,2
5452,1,2026-02-25,7
5453,1,2026-02-25,4
5454,1,2026-02-25,8
5455,1,2026-02-25,3
5456,1,2026-02-25,5
5457,1,2026-02-25,6
5458,1,2026-02-25,5
5459,1,2026-02-25,7
5460,1,2026-02-25,8
5461,1,2026-02-25,2
5462,1,2026-02-25,3
5463,1,2026-02-25,5
5464,1,2026-02-25,3
5465,1,2026-02-25,3
5466,1,2026-02-25,2
5467,1,2026-02-25,4
5468,1,2026-02-25,6
5469,1,2026-02-25,3
5470,1,2026-02-25,2
5471,1,2026-02-25,3
5472,1,2026-02-25,3
5473,1,2026-02-25,2
5474,1,2026-02-25,4
5475,1,2026-02-25,3
5476,1,2026-02-25,2
5477,1,2026-02-25,6
5478,1,2026-02-25,8
5479,1,2026-02-25,4
5480,1,2026-02-25,5
5481,1,2026-02-25,4
5482,1,2026-02-25,5
5483,1,2026-02-25,7
5484,1,2026-02-25,8
5485,1,2026-02-25,2
5486,1,2026-02-25,4
5487,1,2026-02-25,3
5488,1,2026-02-25,6
5489,1,2026-02-25,3
5490,1,2026-02-25,5
5491,1,2026-02-25,2
5492,1,2026-02-25,3
5493,1,2026-02-25,5
5494,1,2026-02-25,2
5495,1,2026-02-25,3
5496,1,2026-02-25,2
5497,1,2026-02-25,2
5498,1,2026-02-25,5
5499,1,2026-02-25,5
5500,1,2026-02-25,3
5501,1,2026-02-25,4
5502,1,2026-02-25,6
5503,1,2026-02-25,6
5504,1,2026-02-25,5
5505,1,2026-02-25,2
5506,1,2026-02-25,3
5507,1,2026-02-26,2
5508,1,2026-02-26,5
5509,1,2026-02-26,7
5510,1,2026-02-26,8
5511,1,2026-02-26,4
5512,1,2026-02-26,5
5513,1,2026-02-26,2
5514,1,2026-02-26,4
5515,1,2026-02-26,8
5516,1,2026-02-26,8
5517,1,2026-02-26,7
5518,1,2026-02-26,4
5519,1,2026-02-26,7
5520,1,2026-02-26,7
5521,1,2026-02-26,4
5522,1,2026-02-26,7
5523,1,2026-02-26,8
5524,1,2026-02-26,2
5525,1,2026-02-26,7
5526,1,2026-02-26,7
5527,1,2026-02-26,3
5528,1,2026-02-26,4
5529,1,2026-02-26,7
5530,1,2026-02-26,6
5531,1,2026-02-26,6
5532,1,2026-02-26,3
5533,1,2026-02-26,7
5534,1,2026-02-26,8
5535,1,2026-02-26,3
5536,1,2026-02-26,6
5537,1,2026-02-26,2
5538,1,2026-02-26,2
5539,1,2026-02-26,8
5540,1,2026-02-26,5
5541,1,2026-02-26,8
5542,1,2026-02-26,4
5543,1,2026-02-26,8
5544,1,2026-02-26,6
5545,1,2026-02-26,7
5546,1,2026-02-26,8
5547,1,2026-02-26,4
5548,1,2026-02-26,3
5549,1,2026-02-26,4
5550,1,2026-02-26,7
5551,1,2026-02-26,4
5552,1,2026-02-26,3
5553,1,2026-02-26,4
5554,1,2026-02-26,7
5555,1,2026-02-26,5
5556,1,2026-02-26,7
5557,1,2026-02-26,2
5558,1,2026-02-26,8
5559,1,2026-02-26,2
5560,1,2026-02-26,6
5561,1,2026-02-26,4
5562,1,2026-02-26,2
5563,1,2026-02-26,8
5564,1,2026-02-26,2
5565,1,2026-02-26,7
5566,1,2026-02-26,3
5567,1,2026-02-26,4
5568,1,2026-02-26,6
5569,1,2026-02-26,6
5570,1,2026-02-26,4
5571,1,2026-02-26,6
5572,1,2026-02-26,6
5573,1,2026-02-26,5
5574,1,2026-02-26,2
5575,1,2026-02-26,5
5576,1,2026-02-26,8
5577,1,2026-02-26,3
5578,1,2026-02-26,7
5579,1,2026-02-26,3
5580,1,2026-02-26,4
5581,1,2026-02-26,8
5582,1,2026-02-26,2
5583,1,2026-02-26,5
5584,1,2026-02-26,7
5585,1,2026-02-26,8
5586,1,2026-02-26,8
5587,1,2026-02-26,2
5588,1,2026-02-26,4
5589,1,2026-02-26,3
5590,1,2026-02-26,2
5591,1,2026-02-26,3
5592,1,2026-02-26,2
5593,1,2026-02-27,8
5594,1,2026-02-27,8
5595,1,2026-02-27,3
5596,1,2026-02-27,6
5597,1,2026-02-27,3
5598,1,2026-02-27,3
5599,1,2026-02-27,6
5600,1,2026-02-27,7
5601,1,2026-02-27,8
5602,1,2026-02-27,5
5603,1,2026-02-27,4
5604,1,2026-02-27,2
5605,1,2026-02-27,7
5606,1,2026-02-27,2
5607,1,2026-02-27,8
5608,1,2026-02-27,8
5609,1,2026-02-27,4
5610,1,2026-02-27,6
5611,1,2026-02-27,2
5612,1,2026-02-27,8
5613,1,2026-02-27,2
5614,1,2026-02-27,5
5615,1,2026-02-27,2
5616,1,2026-02-27,5
5617,1,2026-02-27,7
5618,1,2026-02-27,3
5619,1,2026-02-27,8
5620,1,2026-02-27,8
5621,1,2026-02-27,4
5622,1,2026-02-27,8
5623,1,2026-02-27,4
5624,1,2026-02-27,6
5625,1,2026-02-27,6
5626,1,2026-02-27,5
5627,1,2026-02-27,5
5628,1,2026-02-27,7
5629,1,2026-02-27,7
5630,1,2026-02-27,2
5631,1,2026-02-27,3
5632,1,2026-02-27,8
5633,1,2026-02-27,5
5634,1,2026-02-27,8
5635,1,2026-02-27,8
5636,1,2026-02-27,7
5637,1,2026-02-27,3
5638,1,2026-02-27,8
5639,1,2026-02-27,2
5640,1,2026-02-27,5
5641,1,2026-02-27,8
5642,1,2026-02-27,7
5643,1,2026-02-27,2
5644,1,2026-02-27,2
5645,1,2026-02-27,8
5646,1,2026-02-27,4
5647,1,2026-02-27,8
5648,1,2026-02-27,3
5649,1,2026-02-27,6
5650,1,2026-02-27,7
5651,1,2026-02-27,7
5652,1,2026-02-27,2
5653,1,2026-02-27,5
5654,1,2026-02-27,2
5655,1,2026-02-27,7
5656,1,2026-02-27,5
5657,1,2026-02-27,7
5658,1,2026-02-27,3
5659,1,2026-02-27,7
5660,1,2026-02-27,8
5661,1,2026-02-27,6
5662,1,2026-02-27,8
5663,1,2026-02-27,2
5664,1,2026-02-27,4
5665,1,2026-02-27,3
5666,1,2026-02-27,5
5667,1,2026-02-27,5
5668,1,2026-02-27,2
5669,1,2026-02-27,7
5670,1,2026-02-27,8
5671,1,2026-02-27,4
5672,1,2026-02-27,4
5673,1,2026-02-27,4
5674,1,2026-02-27,5
5675,1,2026-02-27,4
5676,1,2026-02-27,7
5677,1,2026-02-27,8
5678,1,2026-02-27,6
5679,1,2026-02-27,5
5680,1,2026-02-27,6
5681,1,2026-02-27,4
5682,1,2026-02-27,4
5683,1,2026-02-27,2
5684,1,2026-02-27,3
5685,1,2026-02-27,5
5686,1,2026-02-27,3
5687,1,2026-02-27,4
5688,1,2026-02-27,2
5689,1,2026-02-27,8
5690,1,2026-02-27,8
5691,1,2026-02-27,2
5692,1,2026-02-27,2
5693,1,2026-02-27,7
5694,1,2026-02-27,7
5695,1,2026-02-27,5
5696,1,2026-02-27,3
5697,1,2026-02-27,7
5698,1,2026-02-27,5
5699,1,2026-02-27,8
5700,1,2026-02-27,5
5701,1,2026-02-27,4
5702,1,2026-02-27,5
5703,1,2026-02-27,4
5704,1,2026-02-27,6
5705,1,2026-02-27,6
5706,1,2026-02-27,3
5707,1,2026-02-27,4
5708,1,2026-02-27,3
5709,1,2026-02-27,4
5710,1,2026-02-27,3
5711,1,2026-02-27,4
5712,1,2026-02-27,6
5713,1,2026-02-27,2
5714,1,2026-02-27,5
5715,1,2026-02-28,5
5716,1,2026-02-28,8
5717,1,2026-02-28,6
5718,1,2026-02-28,3
5719,1,2026-02-28,6
5720,1,2026-02-28,3
5721,1,2026-02-28,4
5722,1,2026-02-28,5
5723,1,2026-02-28,6
5724,1,2026-02-28,8
5725,1,2026-02-28,6
5726,1,2026-02-28,4
5727,1,2026-02-28,5
5728,1,2026-02-28,5
5729,1,2026-02-28,2
5730,1,2026-02-28,8
5731,1,2026-02-28,7
5732,1,2026-02-28,5
5733,1,2026-02-28,5
5734,1,2026-02-28,8
5735,1,2026-02-28,8
5736,1,2026-02-28,5
5737,1,2026-02-28,2
5738,1,2026-02-28,6
5739,1,2026-02-28,4
5740,1,2026-02-28,6
5741,1,2026-02-28,2
5742,1,2026-02-28,2
5743,1,2026-02-28,5
5744,1,2026-02-28,8
5745,1,2026-02-28,3
5746,1,2026-02-28,5
5747,1,2026-02-28,8
5748,1,2026-02-28,8
5749,1,2026-02-28,2
5750,1,2026-02-28,6
5751,1,2026-02-28,7
5752,1,2026-02-28,5
5753,1,2026-02-28,4
5754,1,2026-02-28,6
5755,1,2026-02-28,6
5756,1,2026-02-28,6
5757,1,2026-02-28,6
5758,1,2026-02-28,5
5759,1,2026-02-28,2
5760,1,2026-02-28,7
5761,1,2026-02-28,2
5762,1,2026-02-28,8
5763,1,2026-02-28,8
5764,1,2026-02-28,7
5765,1,2026-02-28,8
5766,1,2026-02-28,6
5767,1,2026-02-28,6
5768,1,2026-02-28,3
5769,1,2026-02-28,4
5770,1,2026-02-28,5
5771,1,2026-02-28,8
5772,1,2026-02-28,4
5773,1,2026-02-28,2
5774,1,2026-02-28,6
5775,1,2026-02-28,3
5776,1,2026-02-28,2
5777,1,2026-02-28,2
5778,1,2026-02-28,7
5779,1,2026-02-28,5
5780,1,2026-02-28,5
5781,1,2026-02-28,4
5782,1,2026-02-28,4
5783,1,2026-02-28,5
5784,1,2026-02-28,3
5785,1,2026-02-28,2
5786,1,2026-02-28,5
5787,1,2026-02-28,7
5788,1,2026-02-28,7
5789,1,2026-02-28,5
5790,1,2026-02-28,3
5791,1,2026-02-28,8
5792,1,2026-02-28,3
5793,1,2026-02-28,6
5794,1,2026-02-28,7
5795,1,2026-02-28,2
5796,1,2026-02-28,7
5797,1,2026-02-28,6
5798,1,2026-02-28,2
5799,1,2026-02-28,7
5800,1,2026-02-28,8
5801,1,2026-02-28,6
5802,1,2026-02-28,2
5803,1,2026-02-28,3
5804,1,2026-02-28,8
5805,1,2026-02-28,4
5806,1,2026-02-28,6
5807,1,2026-02-28,7
5808,1,2026-02-28,5
5809,1,2026-02-28,3
5810,1,2026-02-28,2
5811,1,2026-02-28,8
5812,1,2026-02-28,7
5813,1,2026-02-28,4
5814,1,2026-02-28,5
5815,1,2026-02-28,3
5816,1,2026-02-28,8
5817,1,2026-02-28,4
5818,1,2026-02-28,4
5819,1,2026-02-28,4
5820,1,2026-02-28,8
5821,1,2026-02-28,4
5822,1,2026-02-28,8
5823,1,2026-02-28,5
5824,1,2026-02-28,8
5825,1,2026-02-28,3
5826,1,2026-02-28,2
5827,1,2026-02-28,5
5828,1,2026-02-28,2
5829,1,2026-02-28,3
5830,1,2026-02-28,5
5831,1,2026-02-28,6
5832,1,2026-03-01,4
5833,1,2026-03-01,8
5834,1,2026-03-01,4
5835,1,2026-03-01,6
5836,1,2026-03-01,8
5837,1,2026-03-01,2
5838,1,2026-03-01,3
5839,1,2026-03-01,3
5840,1,2026-03-01,3
5841,1,2026-03-01,2
5842,1,2026-03-01,7
5843,1,2026-03-01,3
5844,1,2026-03-01,6
5845,1,2026-03-01,2
5846,1,2026-03-01,5
5847,1,2026-03-01,7
5848,1,2026-03-01,7
5849,1,2026-03-01,2
5850,1,2026-03-01,2
5851,1,2026-03-01,7
5852,1,2026-03-01,2
5853,1,2026-03-01,4
5854,1,2026-03-01,4
5855,1,2026-03-01,4
5856,1,2026-03-01,8
5857,1,2026-03-01,2
5858,1,2026-03-01,5
5859,1,2026-03-01,4
5860,1,2026-03-01,4
5861,1,2026-03-01,2
5862,1,2026-03-01,7
5863,1,2026-03-01,4
5864,1,2026-03-01,4
5865,1,2026-03-01,7
5866,1,2026-03-01,8
5867,1,2026-03-01,5
5868,1,2026-03-01,4
5869,1,2026-03-01,7
5870,1,2026-03-01,2
5871,1,2026-03-01,3
5872,1,2026-03-01,3
5873,1,2026-03-01,7
5874,1,2026-03-01,4
5875,1,2026-03-01,3
5876,1,2026-03-01,6
5877,1,2026-03-01,8
5878,1,2026-03-01,4
5879,1,2026-03-01,3
5880,1,2026-03-01,2
5881,1,2026-03-01,4
5882,1,2026-03-01,8
5883,1,2026-03-01,5
5884,1,2026-03-01,3
5885,1,2026-03-01,8
5886,1,2026-03-01,6
5887,1,2026-03-01,6
5888,1,2026-03-01,4
5889,1,2026-03-01,2
5890,1,2026-03-01,2
5891,1,2026-03-01,3
5892,1,2026-03-01,3
5893,1,2026-03-01,7
5894,1,2026-03-01,8
5895,1,2026-03-01,6
5896,1,2026-03-01,4
5897,1,2026-03-01,6
5898,1,2026-03-01,3
5899,1,2026-03-01,4
5900,1,2026-03-01,8
5901,1,2026-03-01,5
5902,1,2026-03-01,8
5903,1,2026-03-01,6
5904,1,2026-03-01,4
5905,1,2026-03-01,7
5906,1,2026-03-01,3
5907,1,2026-03-01,7
5908,1,2026-03-01,8
5909,1,2026-03-01,2
5910,1,2026-03-01,7
5911,1,2026-03-01,5
5912,1,2026-03-01,7
5913,1,2026-03-01,5
5914,1,2026-03-01,7
5915,1,2026-03-01,3
5916,1,2026-03-01,6
5917,1,2026-03-01,6
5918,1,2026-03-01,2
5919,1,2026-03-01,3
5920,1,2026-03-01,5
5921,1,2026-03-01,6
5922,1,2026-03-01,2
5923,1,2026-03-01,8
5924,1,2026-03-01,5
5925,1,2026-03-01,3
5926,1,2026-03-01,3
5927,1,2026-03-01,4
5928,1,2026-03-01,3
5929,1,2026-03-01,5
5930,1,2026-03-01,8
5931,1,2026-03-01,2
5932,1,2026-03-01,7
5933,1,2026-03-01,6
5934,1,2026-03-01,7
5935,1,2026-03-01,2
5936,1,2026-03-01,7
5937,1,2026-03-01,3
5938,1,2026-03-02,5
5939,1,2026-03-02,5
5940,1,2026-03-02,7
5941,1,2026-03-02,6
5942,1,2026-03-02,8
5943,1,2026-03-02,8
5944,1,2026-03-02,7
5945,1,2026-03-02,2
5946,1,2026-03-02,3
5947,1,2026-03-02,4
5948,1,2026-03-02,6
5949,1,2026-03-02,5
5950,1,2026-03-02,6
5951,1,2026-03-02,2
5952,1,2026-03-02,4
5953,1,2026-03-02,6
5954,1,2026-03-02,6
5955,1,2026-03-02,6
5956,1,2026-03-02,7
5957,1,2026-03-02,5
5958,1,2026-03-02,4
5959,1,2026-03-02,4
5960,1,2026-03-02,2
5961,1,2026-03-02,8
5962,1,2026-03-02,8
5963,1,2026-03-02,3
5964,1,2026-03-02,6
5965,1,2026-03-02,2
5966,1,2026-03-02,6
5967,1,2026-03-02,2
5968,1,2026-03-02,3
5969,1,2026-03-02,2
5970,1,2026-03-02,5
5971,1,2026-03-02,8
5972,1,2026-03-02,8
5973,1,2026-03-02,6
5974,1,2026-03-02,2
5975,1,2026-03-02,4
5976,1,2026-03-02,3
5977,1,2026-03-02,7
5978,1,2026-03-02,3
5979,1,2026-03-02,2
5980,1,2026-03-02,7
5981,1,2026-03-02,2
5982,1,2026-03-02,4
5983,1,2026-03-02,3
5984,1,2026-03-02,8
5985,1,2026-03-02,7
5986,1,2026-03-02,3
5987,1,2026-03-02,3
5988,1,2026-03-02,2
5989,1,2026-03-02,2
5990,1,2026-03-02,8
5991,1,2026-03-02,2
5992,1,2026-03-02,5
5993,1,2026-03-02,8
5994,1,2026-03-02,3
5995,1,2026-03-02,3
5996,1,2026-03-02,4
5997,1,2026-03-02,8
5998,1,2026-03-02,5
5999,1,2026-03-02,7
6000,1,2026-03-02,2
6001,1,2026-03-02,7
6002,1,2026-03-02,3
6003,1,2026-03-02,8
6004,1,2026-03-02,5
6005,1,2026-03-02,5
6006,1,2026-03-02,6
6007,1,2026-03-02,4
6008,1,2026-03-02,3
6009,1,2026-03-02,4
6010,1,2026-03-02,8
6011,1,2026-03-02,3
6012,1,2026-03-02,4
6013,1,2026-03-02,7
6014,1,2026-03-02,4
6015,1,2026-03-03,2
6016,1,2026-03-03,7
6017,1,2026-03-03,7
6018,1,2026-03-03,5
6019,1,2026-03-03,2
6020,1,2026-03-03,5
6021,1,2026-03-03,4
6022,1,2026-03-03,3
6023,1,2026-03-03,2
6024,1,2026-03-03,3
6025,1,2026-03-03,8
6026,1,2026-03-03,3
6027,1,2026-03-03,5
6028,1,2026-03-03,3
6029,1,2026-03-03,6
6030,1,2026-03-03,8
6031,1,2026-03-03,7
6032,1,2026-03-03,2
6033,1,2026-03-03,6
6034,1,2026-03-03,3
6035,1,2026-03-03,4
6036,1,2026-03-03,6
6037,1,2026-03-03,7
6038,1,2026-03-03,4
6039,1,2026-03-03,5
6040,1,2026-03-03,4
6041,1,2026-03-03,2
6042,1,2026-03-03,7
6043,1,2026-03-03,6
6044,1,2026-03-03,6
6045,1,2026-03-03,2
6046,1,2026-03-03,3
6047,1,2026-03-03,3
6048,1,2026-03-03,7
6049,1,2026-03-03,3
6050,1,2026-03-03,7
6051,1,2026-03-03,8
6052,1,2026-03-03,8
6053,1,2026-03-03,6
6054,1,2026-03-03,3
6055,1,2026-03-03,4
6056,1,2026-03-03,6
6057,1,2026-03-03,8
6058,1,2026-03-03,6
6059,1,2026-03-03,6
6060,1,2026-03-03,8
6061,1,2026-03-03,7
6062,1,2026-03-03,8
6063,1,2026-03-03,7
6064,1,2026-03-03,4
6065,1,2026-03-03,7
6066,1,2026-03-03,8
6067,1,2026-03-03,3
6068,1,2026-03-03,8
6069,1,2026-03-03,2
6070,1,2026-03-03,8
6071,1,2026-03-03,6
6072,1,2026-03-03,6
6073,1,2026-03-03,6
6074,1,2026-03-03,4
6075,1,2026-03-03,8
6076,1,2026-03-03,4
6077,1,2026-03-03,7
6078,1,2026-03-03,3
6079,1,2026-03-03,4
6080,1,2026-03-03,4
6081,1,2026-03-03,3
6082,1,2026-03-03,2
6083,1,2026-03-03,3
6084,1,2026-03-03,4
6085,1,2026-03-03,2
6086,1,2026-03-03,6
6087,1,2026-03-03,5
6088,1,2026-03-03,8
6089,1,2026-03-03,3
6090,1,2026-03-03,8
6091,1,2026-03-03,8
6092,1,2026-03-03,2
6093,1,2026-03-03,7
6094,1,2026-03-03,2
6095,1,2026-03-03,7
6096,1,2026-03-03,2
6097,1,2026-03-03,5
6098,1,2026-03-03,5
6099,1,2026-03-03,8
6100,1,2026-03-03,4
6101,1,2026-03-03,3
6102,1,2026-03-03,6
6103,1,2026-03-04,4
6104,1,2026-03-04,6
6105,1,2026-03-04,8
6106,1,2026-03-04,4
6107,1,2026-03-04,7
6108,1,2026-03-04,4
6109,1,2026-03-04,5
6110,1,2026-03-04,4
6111,1,2026-03-04,6
6112,1,2026-03-04,4
6113,1,2026-03-04,2
6114,1,2026-03-04,5
6115,1,2026-03-04,7
6116,1,2026-03-04,3
6117,1,2026-03-04,2
6118,1,2026-03-04,6
6119,1,2026-03-04,5
6120,1,2026-03-04,2
6121,1,2026-03-04,4
6122,1,2026-03-04,6
6123,1,2026-03-04,4
6124,1,2026-03-04,7
6125,1,2026-03-04,8
6126,1,2026-03-04,6
6127,1,2026-03-04,5
6128,1,2026-03-04,6
6129,1,2026-03-04,2
6130,1,2026-03-04,5
6131,1,2026-03-04,7
6132,1,2026-03-04,2
6133,1,2026-03-04,7
6134,1,2026-03-04,7
6135,1,2026-03-04,3
6136,1,2026-03-04,6
6137,1,2026-03-04,5
6138,1,2026-03-04,7
6139,1,2026-03-04,8
6140,1,2026-03-04,6
6141,1,2026-03-04,7
6142,1,2026-03-04,2
6143,1,2026-03-04,6
6144,1,2026-03-04,4
6145,1,2026-03-04,2
6146,1,2026-03-04,8
6147,1,2026-03-04,7
6148,1,2026-03-04,3
6149,1,2026-03-04,2
6150,1,2026-03-04,5
6151,1,2026-03-04,8
6152,1,2026-03-04,8
6153,1,2026-03-04,2
6154,1,2026-03-04,8
6155,1,2026-03-04,6
6156,1,2026-03-04,6
6157,1,2026-03-04,6
6158,1,2026-03-04,8
6159,1,2026-03-04,8
6160,1,2026-03-04,3
6161,1,2026-03-04,4
6162,1,2026-03-04,3
6163,1,2026-03-04,6
6164,1,2026-03-04,2
6165,1,2026-03-04,2
6166,1,2026-03-04,2
6167,1,2026-03-04,6
6168,1,2026-03-04,5
6169,1,2026-03-04,5
6170,1,2026-03-04,3
6171,1,2026-03-04,3
6172,1,2026-03-04,5
6173,1,2026-03-04,7
6174,1,2026-03-04,6
6175,1,2026-03-04,3
6176,1,2026-03-04,6
6177,1,2026-03-04,2
6178,1,2026-03-04,8
6179,1,2026-03-04,2
6180,1,2026-03-04,5
6181,1,2026-03-04,5
6182,1,2026-03-04,4
6183,1,2026-03-04,4
6184,1,2026-03-04,3
6185,1,2026-03-04,6
6186,1,2026-03-04,3
6187,1,2026-03-04,4
6188,1,2026-03-04,7
6189,1,2026-03-04,2
6190,1,2026-03-04,6
6191,1,2026-03-04,2
6192,1,2026-03-04,7
6193,1,2026-03-04,8
6194,1,2026-03-04,4
6195,1,2026-03-05,3
6196,1,2026-03-05,5
6197,1,2026-03-05,2
6198,1,2026-03-05,5
6199,1,2026-03-05,3
6200,1,2026-03-05,6
6201,1,2026-03-05,4
6202,1,2026-03-05,2
6203,1,2026-03-05,3
6204,1,2026-03-05,7
6205,1,2026-03-05,7
6206,1,2026-03-05,6
6207,1,2026-03-05,8
6208,1,2026-03-05,6
6209,1,2026-03-05,8
6210,1,2026-03-05,6
6211,1,2026-03-05,4
6212,1,2026-03-05,2
6213,1,2026-03-05,7
6214,1,2026-03-05,6
6215,1,2026-03-05,6
6216,1,2026-03-05,2
6217,1,2026-03-05,2
6218,1,2026-03-05,8
6219,1,2026-03-05,8
6220,1,2026-03-05,8
6221,1,2026-03-05,6
6222,1,2026-03-05,8
6223,1,2026-03-05,4
6224,1,2026-03-05,2
6225,1,2026-03-05,2
6226,1,2026-03-05,6
6227,1,2026-03-05,5
6228,1,2026-03-05,2
6229,1,2026-03-05,2
6230,1,2026-03-05,8
6231,1,2026-03-05,7
6232,1,2026-03-05,2
6233,1,2026-03-05,5
6234,1,2026-03-05,5
6235,1,2026-03-05,3
6236,1,2026-03-05,2
6237,1,2026-03-05,8
6238,1,2026-03-05,2
6239,1,2026-03-05,2
6240,1,2026-03-05,8
6241,1,2026-03-05,8
6242,1,2026-03-05,6
6243,1,2026-03-05,8
6244,1,2026-03-05,4
6245,1,2026-03-05,5
6246,1,2026-03-05,5
6247,1,2026-03-05,7
6248,1,2026-03-05,2
6249,1,2026-03-05,5
6250,1,2026-03-05,8
6251,1,2026-03-05,6
6252,1,2026-03-05,8
6253,1,2026-03-05,3
6254,1,2026-03-05,3
6255,1,2026-03-05,3
6256,1,2026-03-05,3
6257,1,2026-03-05,8
6258,1,2026-03-05,7
6259,1,2026-03-05,4
6260,1,2026-03-05,8
6261,1,2026-03-05,5
6262,1,2026-03-05,3
6263,1,2026-03-05,4
6264,1,2026-03-05,6
6265,1,2026-03-05,6
6266,1,2026-03-05,2
6267,1,2026-03-05,8
6268,1,2026-03-05,5
6269,1,2026-03-05,2
6270,1,2026-03-05,5
6271,1,2026-03-05,4
6272,1,2026-03-05,5
6273,1,2026-03-05,6
6274,1,2026-03-05,3
6275,1,2026-03-05,3
6276,1,2026-03-05,7
6277,1,2026-03-05,4
6278,1,2026-03-05,2
6279,1,2026-03-05,4
6280,1,2026-03-05,5
6281,1,2026-03-05,8
6282,1,2026-03-05,2
6283,1,2026-03-05,2
6284,1,2026-03-06,6
6285,1,2026-03-06,3
6286,1,2026-03-06,3
6287,1,2026-03-06,2
6288,1,2026-03-06,8
6289,1,2026-03-06,8
6290,1,2026-03-06,8
6291,1,2026-03-06,3
6292,1,2026-03-06,7
6293,1,2026-03-06,2
6294,1,2026-03-06,4
6295,1,2026-03-06,7
6296,1,2026-03-06,6
6297,1,2026-03-06,3
6298,1,2026-03-06,6
6299,1,2026-03-06,6
6300,1,2026-03-06,3
6301,1,2026-03-06,5
6302,1,2026-03-06,8
6303,1,2026-03-06,7
6304,1,2026-03-06,7
6305,1,2026-03-06,8
6306,1,2026-03-06,7
6307,1,2026-03-06,8
6308,1,2026-03-06,8
6309,1,2026-03-06,6
6310,1,2026-03-06,3
6311,1,2026-03-06,2
6312,1,2026-03-06,2
6313,1,2026-03-06,3
6314,1,2026-03-06,2
6315,1,2026-03-06,8
6316,1,2026-03-06,4
6317,1,2026-03-06,2
6318,1,2026-03-06,7
6319,1,2026-03-06,2
6320,1,2026-03-06,5
6321,1,2026-03-06,8
6322,1,2026-03-06,4
6323,1,2026-03-06,7
6324,1,2026-03-06,5
6325,1,2026-03-06,6
6326,1,2026-03-06,2
6327,1,2026-03-06,5
6328,1,2026-03-06,6
6329,1,2026-03-06,2
6330,1,2026-03-06,4
6331,1,2026-03-06,3
6332,1,2026-03-06,3
6333,1,2026-03-06,5
6334,1,2026-03-06,3
6335,1,2026-03-06,2
6336,1,2026-03-06,3
6337,1,2026-03-06,4
6338,1,2026-03-06,2
6339,1,2026-03-06,7
6340,1,2026-03-06,5
6341,1,2026-03-06,7
6342,1,2026-03-06,3
6343,1,2026-03-06,2
6344,1,2026-03-06,7
6345,1,2026-03-06,3
6346,1,2026-03-06,7
6347,1,2026-03-06,5
6348,1,2026-03-06,5
6349,1,2026-03-06,6
6350,1,2026-03-06,4
6351,1,2026-03-06,8
6352,1,2026-03-06,2
6353,1,2026-03-06,3
6354,1,2026-03-06,7
6355,1,2026-03-06,7
6356,1,2026-03-06,2
6357,1,2026-03-06,4
6358,1,2026-03-06,3
6359,1,2026-03-06,8
6360,1,2026-03-06,2
6361,1,2026-03-06,7
6362,1,2026-03-06,8
6363,1,2026-03-06,5
6364,1,2026-03-06,6
6365,1,2026-03-06,5
6366,1,2026-03-06,3
6367,1,2026-03-06,7
6368,1,2026-03-06,3
6369,1,2026-03-06,3
6370,1,2026-03-06,8
6371,1,2026-03-06,2
6372,1,2026-03-06,3
6373,1,2026-03-06,7
6374,1,2026-03-06,7
6375,1,2026-03-06,7
6376,1,2026-03-06,3
6377,1,2026-03-06,8
6378,1,2026-03-06,2
6379,1,2026-03-06,2
6380,1,2026-03-06,2
6381,1,2026-03-06,4
6382,1,2026-03-06,4
6383,1,2026-03-06,6
6384,1,2026-03-06,8
6385,1,2026-03-06,7
6386,1,2026-03-06,8
6387,1,2026-03-06,6
6388,1,2026-03-06,6
6389,1,2026-03-06,5
6390,1,2026-03-06,8
6391,1,2026-03-06,6
6392,1,2026-03-06,7
6393,1,2026-03-06,5
6394,1,2026-03-06,6
6395,1,2026-03-06,7
6396,1,2026-03-06,8
6397,1,2026-03-06,2
6398,1,2026-03-06,6
6399,1,2026-03-07,7
6400,1,2026-03-07,6
6401,1,2026-03-07,7
6402,1,2026-03-07,8
6403,1,2026-03-07,5
6404,1,2026-03-07,6
6405,1,2026-03-07,2
6406,1,2026-03-07,2
6407,1,2026-03-07,8
6408,1,2026-03-07,7
6409,1,2026-03-07,5
6410,1,2026-03-07,8
6411,1,2026-03-07,3
6412,1,2026-03-07,4
6413,1,2026-03-07,5
6414,1,2026-03-07,8
6415,1,2026-03-07,3
6416,1,2026-03-07,6
6417,1,2026-03-07,5
6418,1,2026-03-07,8
6419,1,2026-03-07,8
6420,1,2026-03-07,2
6421,1,2026-03-07,3
6422,1,2026-03-07,3
6423,1,2026-03-07,8
6424,1,2026-03-07,2
6425,1,2026-03-07,3
6426,1,2026-03-07,2
6427,1,2026-03-07,7
6428,1,2026-03-07,7
6429,1,2026-03-07,4
6430,1,2026-03-07,4
6431,1,2026-03-07,2
6432,1,2026-03-07,6
6433,1,2026-03-07,8
6434,1,2026-03-07,4
6435,1,2026-03-07,2
6436,1,2026-03-07,4
6437,1,2026-03-07,4
6438,1,2026-03-07,6
6439,1,2026-03-07,2
6440,1,2026-03-07,5
6441,1,2026-03-07,8
6442,1,2026-03-07,7
6443,1,2026-03-07,4
6444,1,2026-03-07,5
6445,1,2026-03-07,7
6446,1,2026-03-07,4
6447,1,2026-03-07,6
6448,1,2026-03-07,7
6449,1,2026-03-07,7
6450,1,2026-03-07,3
6451,1,2026-03-07,7
6452,1,2026-03-07,2
6453,1,2026-03-07,3
6454,1,2026-03-07,3
6455,1,2026-03-07,3
6456,1,2026-03-07,8
6457,1,2026-03-07,5
6458,1,2026-03-07,7
6459,1,2026-03-07,5
6460,1,2026-03-07,3
6461,1,2026-03-07,2
6462,1,2026-03-07,2
6463,1,2026-03-07,2
6464,1,2026-03-07,5
6465,1,2026-03-07,8
6466,1,2026-03-07,7
6467,1,2026-03-07,6
6468,1,2026-03-07,8
6469,1,2026-03-07,5
6470,1,2026-03-07,6
6471,1,2026-03-07,7
6472,1,2026-03-07,3
6473,1,2026-03-07,6
6474,1,2026-03-07,7
6475,1,2026-03-07,7
6476,1,2026-03-07,2
6477,1,2026-03-07,5
6478,1,2026-03-07,4
6479,1,2026-03-07,6
6480,1,2026-03-07,5
6481,1,2026-03-07,5
6482,1,2026-03-07,7
6483,1,2026-03-07,6
6484,1,2026-03-07,5
6485,1,2026-03-07,8
6486,1,2026-03-07,4
6487,1,2026-03-07,6
6488,1,2026-03-07,8
6489,1,2026-03-07,4
6490,1,2026-03-07,7
6491,1,2026-03-07,7
6492,1,2026-03-07,6
6493,1,2026-03-07,6
6494,1,2026-03-07,2
6495,1,2026-03-07,2
6496,1,2026-03-07,5
6497,1,2026-03-07,5
6498,1,2026-03-07,3
6499,1,2026-03-07,5
6500,1,2026-03-07,4
6501,1,2026-03-07,2
6502,1,2026-03-07,6
6503,1,2026-03-07,5
6504,1,2026-03-07,4
6505,1,2026-03-07,2
6506,1,2026-03-07,3
6507,1,2026-03-07,6
6508,1,2026-03-07,2
6509,1,2026-03-07,4
6510,1,2026-03-07,7
6511,1,2026-03-07,5
6512,1,2026-03-07,3
6513,1,2026-03-07,5
6514,1,2026-03-07,7
6515,1,2026-03-07,7
6516,1,2026-03-07,3
6517,1,2026-03-07,7
6518,1,2026-03-07,2
6519,1,2026-03-07,5
6520,1,2026-03-07,8
6521,1,2026-03-07,6
6522,1,2026-03-07,3
6523,1,2026-03-07,6
6524,1,2026-03-07,4
6525,1,2026-03-07,2
6526,1,2026-03-07,5
6527,1,2026-03-07,5
6528,1,2026-03-08,5
6529,1,2026-03-08,2
6530,1,2026-03-08,5
6531,1,2026-03-08,3
6532,1,2026-03-08,8
6533,1,2026-03-08,6
6534,1,2026-03-08,2
6535,1,2026-03-08,8
6536,1,2026-03-08,2
6537,1,2026-03-08,5
6538,1,2026-03-08,3
6539,1,2026-03-08,3
6540,1,2026-03-08,3
6541,1,2026-03-08,8
6542,1,2026-03-08,3
6543,1,2026-03-08,6
6544,1,2026-03-08,7
6545,1,2026-03-08,4
6546,1,2026-03-08,3
6547,1,2026-03-08,7
6548,1,2026-03-08,4
6549,1,2026-03-08,4
6550,1,2026-03-08,8
6551,1,2026-03-08,3
6552,1,2026-03-08,7
6553,1,2026-03-08,6
6554,1,2026-03-08,3
6555,1,2026-03-08,8
6556,1,2026-03-08,4
6557,1,2026-03-08,8
6558,1,2026-03-08,7
6559,1,2026-03-08,7
6560,1,2026-03-08,3
6561,1,2026-03-08,6
6562,1,2026-03-08,7
6563,1,2026-03-08,3
6564,1,2026-03-08,6
6565,1,2026-03-08,8
6566,1,2026-03-08,3
6567,1,2026-03-08,7
6568,1,2026-03-08,6
6569,1,2026-03-08,5
6570,1,2026-03-08,6
6571,1,2026-03-08,6
6572,1,2026-03-08,3
6573,1,2026-03-08,8
6574,1,2026-03-08,6
6575,1,2026-03-08,6
6576,1,2026-03-08,7
6577,1,2026-03-08,2
6578,1,2026-03-08,6
6579,1,2026-03-08,6
6580,1,2026-03-08,8
6581,1,2026-03-08,5
6582,1,2026-03-08,5
6583,1,2026-03-08,5
6584,1,2026-03-08,7
6585,1,2026-03-08,4
6586,1,2026-03-08,7
6587,1,2026-03-08,4
6588,1,2026-03-08,8
6589,1,2026-03-08,3
6590,1,2026-03-08,5
6591,1,2026-03-08,5
6592,1,2026-03-08,5
6593,1,2026-03-08,8
6594,1,2026-03-08,5
6595,1,2026-03-08,3
6596,1,2026-03-08,4
6597,1,2026-03-08,2
6598,1,2026-03-08,2
6599,1,2026-03-08,3
6600,1,2026-03-08,3
6601,1,2026-03-08,8
6602,1,2026-03-08,3
6603,1,2026-03-08,3
6604,1,2026-03-08,4
6605,1,2026-03-08,2
6606,1,2026-03-08,5
6607,1,2026-03-08,3
6608,1,2026-03-08,8
6609,1,2026-03-08,5
6610,1,2026-03-08,2
6611,1,2026-03-08,7
6612,1,2026-03-08,5
6613,1,2026-03-08,7
6614,1,2026-03-08,7
6615,1,2026-03-08,2
6616,1,2026-03-08,6
6617,1,2026-03-08,6
6618,1,2026-03-08,8
6619,1,2026-03-08,3
6620,1,2026-03-08,5
6621,1,2026-03-08,7
6622,1,2026-03-08,6
6623,1,2026-03-08,8
6624,1,2026-03-08,7
6625,1,2026-03-08,6
6626,1,2026-03-08,8
6627,1,2026-03-08,6
6628,1,2026-03-08,2
6629,1,2026-03-08,8
6630,1,2026-03-08,6
6631,1,2026-03-08,4
6632,1,2026-03-08,3
6633,1,2026-03-08,2
6634,1,2026-03-08,3
6635,1,2026-03-08,8
6636,1,2026-03-08,5
6637,1,2026-03-08,7
6638,1,2026-03-08,5
6639,1,2026-03-08,7
6640,1,2026-03-08,6
6641,1,2026-03-08,8
6642,1,2026-03-08,2
6643,1,2026-03-08,2
6644,1,2026-03-08,6
6645,1,2026-03-08,3
6646,1,2026-03-08,7
6647,1,2026-03-08,2
6648,1,2026-03-08,4
6649,1,2026-03-08,8
6650,1,2026-03-08,3
6651,1,2026-03-08,3
6652,1,2026-03-08,4
6653,1,2026-03-08,8
6654,1,2026-03-08,2
6655,1,2026-03-08,4
6656,1,2026-03-08,8
6657,1,2026-03-08,8
6658,1,2026-03-08,6
6659,1,2026-03-08,8
6660,1,2026-03-08,6
6661,1,2026-03-08,8
6662,1,2026-03-09,8
6663,1,2026-03-09,7
6664,1,2026-03-09,6
6665,1,2026-03-09,2
6666,1,2026-03-09,6
6667,1,2026-03-09,3
6668,1,2026-03-09,3
6669,1,2026-03-09,3
6670,1,2026-03-09,3
6671,1,2026-03-09,3
6672,1,2026-03-09,3
6673,1,2026-03-09,8
6674,1,2026-03-09,6
6675,1,2026-03-09,3
6676,1,2026-03-09,5
6677,1,2026-03-09,3
6678,1,2026-03-09,3
6679,1,2026-03-09,6
6680,1,2026-03-09,2
6681,1,2026-03-09,7
6682,1,2026-03-09,3
6683,1,2026-03-09,8
6684,1,2026-03-09,8
6685,1,2026-03-09,7
6686,1,2026-03-09,7
6687,1,2026-03-09,6
6688,1,2026-03-09,5
6689,1,2026-03-09,7
6690,1,2026-03-09,8
6691,1,2026-03-09,4
6692,1,2026-03-09,5
6693,1,2026-03-09,5
6694,1,2026-03-09,6
6695,1,2026-03-09,6
6696,1,2026-03-09,4
6697,1,2026-03-09,4
6698,1,2026-03-09,4
6699,1,2026-03-09,6
6700,1,2026-03-09,8
6701,1,2026-03-09,8
6702,1,2026-03-09,8
6703,1,2026-03-09,5
6704,1,2026-03-09,4
6705,1,2026-03-09,5
6706,1,2026-03-09,8
6707,1,2026-03-09,6
6708,1,2026-03-09,8
6709,1,2026-03-09,6
6710,1,2026-03-09,6
6711,1,2026-03-09,6
6712,1,2026-03-09,7
6713,1,2026-03-09,2
6714,1,2026-03-09,3
6715,1,2026-03-09,3
6716,1,2026-03-09,6
6717,1,2026-03-09,3
6718,1,2026-03-09,7
6719,1,2026-03-09,4
6720,1,2026-03-09,3
6721,1,2026-03-09,6
6722,1,2026-03-09,5
6723,1,2026-03-09,2
6724,1,2026-03-09,2
6725,1,2026-03-09,2
6726,1,2026-03-09,6
6727,1,2026-03-09,6
6728,1,2026-03-09,2
6729,1,2026-03-09,7
6730,1,2026-03-09,5
6731,1,2026-03-09,8
6732,1,2026-03-09,6
6733,1,2026-03-09,4
6734,1,2026-03-09,4
6735,1,2026-03-09,8
6736,1,2026-03-09,6
6737,1,2026-03-09,4
6738,1,2026-03-09,7
6739,1,2026-03-09,5
6740,1,2026-03-09,7
6741,1,2026-03-09,7
6742,1,2026-03-09,6
6743,1,2026-03-09,3
6744,1,2026-03-09,6
6745,1,2026-03-09,2
6746,1,2026-03-09,2
6747,1,2026-03-09,4
6748,1,2026-03-09,6
6749,1,2026-03-09,4
6750,1,2026-03-09,7
6751,1,2026-03-09,2
6752,1,2026-03-09,5
6753,1,2026-03-10,5
6754,1,2026-03-10,6
6755,1,2026-03-10,3
6756,1,2026-03-10,4
6757,1,2026-03-10,8
6758,1,2026-03-10,4
6759,1,2026-03-10,6
6760,1,2026-03-10,7
6761,1,2026-03-10,8
6762,1,2026-03-10,8
6763,1,2026-03-10,5
6764,1,2026-03-10,3
6765,1,2026-03-10,6
6766,1,2026-03-10,8
6767,1,2026-03-10,5
6768,1,2026-03-10,2
6769,1,2026-03-10,5
6770,1,2026-03-10,3
6771,1,2026-03-10,8
6772,1,2026-03-10,6
6773,1,2026-03-10,8
6774,1,2026-03-10,4
6775,1,2026-03-10,6
6776,1,2026-03-10,7
6777,1,2026-03-10,3
6778,1,2026-03-10,6
6779,1,2026-03-10,6
6780,1,2026-03-10,8
6781,1,2026-03-10,8
6782,1,2026-03-10,4
6783,1,2026-03-10,8
6784,1,2026-03-10,5
6785,1,2026-03-10,7
6786,1,2026-03-10,8
6787,1,2026-03-10,2
6788,1,2026-03-10,4
6789,1,2026-03-10,2
6790,1,2026-03-10,6
6791,1,2026-03-10,5
6792,1,2026-03-10,2
6793,1,2026-03-10,6
6794,1,2026-03-10,7
6795,1,2026-03-10,2
6796,1,2026-03-10,2
6797,1,2026-03-10,2
6798,1,2026-03-10,5
6799,1,2026-03-10,7
6800,1,2026-03-10,7
6801,1,2026-03-10,3
6802,1,2026-03-10,8
6803,1,2026-03-10,4
6804,1,2026-03-10,6
6805,1,2026-03-10,7
6806,1,2026-03-10,2
6807,1,2026-03-10,4
6808,1,2026-03-10,8
6809,1,2026-03-10,3
6810,1,2026-03-10,8
6811,1,2026-03-10,3
6812,1,2026-03-10,2
6813,1,2026-03-10,8
6814,1,2026-03-10,5
6815,1,2026-03-10,7
6816,1,2026-03-10,3
6817,1,2026-03-10,5
6818,1,2026-03-10,4
6819,1,2026-03-10,8
6820,1,2026-03-10,2
6821,1,2026-03-10,3
6822,1,2026-03-10,3
6823,1,2026-03-10,7
6824,1,2026-03-10,3
6825,1,2026-03-10,7
6826,1,2026-03-10,6
6827,1,2026-03-10,8
6828,1,2026-03-10,6
6829,1,2026-03-10,5
6830,1,2026-03-10,6
6831,1,2026-03-10,4
6832,1,2026-03-10,3
6833,1,2026-03-10,7
6834,1,2026-03-10,2
6835,1,2026-03-10,7
6836,1,2026-03-10,5
6837,1,2026-03-10,5
6838,1,2026-03-10,3
6839,1,2026-03-10,5
6840,1,2026-03-10,5
6841,1,2026-03-10,7
6842,1,2026-03-10,3
6843,1,2026-03-11,7
6844,1,2026-03-11,6
6845,1,2026-03-11,8
6846,1,2026-03-11,4
6847,1,2026-03-11,4
6848,1,2026-03-11,2
6849,1,2026-03-11,6
6850,1,2026-03-11,4
6851,1,2026-03-11,4
6852,1,2026-03-11,4
6853,1,2026-03-11,7
6854,1,2026-03-11,6
6855,1,2026-03-11,7
6856,1,2026-03-11,6
6857,1,2026-03-11,2
6858,1,2026-03-11,8
6859,1,2026-03-11,5
6860,1,2026-03-11,4
6861,1,2026-03-11,6
6862,1,2026-03-11,2
6863,1,2026-03-11,6
6864,1,2026-03-11,4
6865,1,2026-03-11,7
6866,1,2026-03-11,7
6867,1,2026-03-11,7
6868,1,2026-03-11,3
6869,1,2026-03-11,4
6870,1,2026-03-11,7
6871,1,2026-03-11,5
6872,1,2026-03-11,3
6873,1,2026-03-11,6
6874,1,2026-03-11,5
6875,1,2026-03-11,3
6876,1,2026-03-11,3
6877,1,2026-03-11,2
6878,1,2026-03-11,7
6879,1,2026-03-11,5
6880,1,2026-03-11,6
6881,1,2026-03-11,7
6882,1,2026-03-11,4
6883,1,2026-03-11,6
6884,1,2026-03-11,7
6885,1,2026-03-11,6
6886,1,2026-03-11,3
6887,1,2026-03-11,7
6888,1,2026-03-11,4
6889,1,2026-03-11,6
6890,1,2026-03-11,5
6891,1,2026-03-11,4
6892,1,2026-03-11,6
6893,1,2026-03-11,4
6894,1,2026-03-11,8
6895,1,2026-03-11,4
6896,1,2026-03-11,8
6897,1,2026-03-11,4
6898,1,2026-03-11,5
6899,1,2026-03-11,2
6900,1,2026-03-11,2
6901,1,2026-03-11,5
6902,1,2026-03-11,3
6903,1,2026-03-11,3
6904,1,2026-03-11,8
6905,1,2026-03-11,3
6906,1,2026-03-11,2
6907,1,2026-03-11,2
6908,1,2026-03-11,3
6909,1,2026-03-11,8
6910,1,2026-03-11,7
6911,1,2026-03-11,8
6912,1,2026-03-11,3
6913,1,2026-03-11,7
6914,1,2026-03-11,4
6915,1,2026-03-11,8
6916,1,2026-03-11,7
6917,1,2026-03-11,2
6918,1,2026-03-11,5
6919,1,2026-03-11,7
6920,1,2026-03-11,2
6921,1,2026-03-11,5
6922,1,2026-03-11,7
6923,1,2026-03-11,7
6924,1,2026-03-11,7
6925,1,2026-03-11,4
6926,1,2026-03-11,6
6927,1,2026-03-11,5
6928,1,2026-03-11,7
6929,1,2026-03-11,5
6930,1,2026-03-11,6
6931,1,2026-03-11,6
6932,1,2026-03-11,6
6933,1,2026-03-11,4
6934,1,2026-03-12,6
6935,1,2026-03-12,4
6936,1,2026-03-12,5
6937,1,2026-03-12,6
6938,1,2026-03-12,5
6939,1,2026-03-12,6
6940,1,2026-03-12,7
6941,1,2026-03-12,5
6942,1,2026-03-12,4
6943,1,2026-03-12,4
6944,1,2026-03-12,6
6945,1,2026-03-12,6
6946,1,2026-03-12,7
6947,1,2026-03-12,8
6948,1,2026-03-12,7
6949,1,2026-03-12,3
6950,1,2026-03-12,8
6951,1,2026-03-12,6
6952,1,2026-03-12,5
6953,1,2026-03-12,3
6954,1,2026-03-12,7
6955,1,2026-03-12,5
6956,1,2026-03-12,4
6957,1,2026-03-12,6
6958,1,2026-03-12,7
6959,1,2026-03-12,2
6960,1,2026-03-12,4
6961,1,2026-03-12,4
6962,1,2026-03-12,7
6963,1,2026-03-12,4
6964,1,2026-03-12,5
6965,1,2026-03-12,2
6966,1,2026-03-12,3
6967,1,2026-03-12,2
6968,1,2026-03-12,5
6969,1,2026-03-12,8
6970,1,2026-03-12,8
6971,1,2026-03-12,5
6972,1,2026-03-12,8
6973,1,2026-03-12,3
6974,1,2026-03-12,2
6975,1,2026-03-12,3
6976,1,2026-03-12,8
6977,1,2026-03-12,7
6978,1,2026-03-12,8
6979,1,2026-03-12,4
6980,1,2026-03-12,5
6981,1,2026-03-12,5
6982,1,2026-03-12,4
6983,1,2026-03-12,3
6984,1,2026-03-12,7
6985,1,2026-03-12,5
6986,1,2026-03-12,6
6987,1,2026-03-12,7
6988,1,2026-03-12,3
6989,1,2026-03-12,4
6990,1,2026-03-12,7
6991,1,2026-03-12,4
6992,1,2026-03-12,4
6993,1,2026-03-12,8
6994,1,2026-03-12,3
6995,1,2026-03-12,4
6996,1,2026-03-12,5
6997,1,2026-03-12,3
6998,1,2026-03-12,5
6999,1,2026-03-12,4
7000,1,2026-03-12,8
7001,1,2026-03-12,3
7002,1,2026-03-12,7
7003,1,2026-03-12,4
7004,1,2026-03-12,5
7005,1,2026-03-12,3
7006,1,2026-03-12,3
7007,1,2026-03-12,8
7008,1,2026-03-12,3
7009,1,2026-03-12,7
7010,1,2026-03-12,6
7011,1,2026-03-12,7
7012,1,2026-03-12,4
7013,1,2026-03-12,3
7014,1,2026-03-12,4
7015,1,2026-03-12,2
7016,1,2026-03-12,3
7017,1,2026-03-12,6
7018,1,2026-03-12,6
7019,1,2026-03-12,3
7020,1,2026-03-12,5
7021,1,2026-03-12,3
7022,1,2026-03-12,3
7023,1,2026-03-12,6
7024,1,2026-03-12,5
7025,1,2026-03-12,2
7026,1,2026-03-12,7
7027,1,2026-03-12,8
7028,1,2026-03-12,6
7029,1,2026-03-12,2
7030,1,2026-03-12,6
7031,1,2026-03-12,6
7032,1,2026-03-12,7
7033,1,2026-03-12,2
7034,1,2026-03-12,8
7035,1,2026-03-12,3
7036,1,2026-03-12,5
7037,1,2026-03-12,8
7038,1,2026-03-13,5
7039,1,2026-03-13,8
7040,1,2026-03-13,4
7041,1,2026-03-13,7
7042,1,2026-03-13,5
7043,1,2026-03-13,6
7044,1,2026-03-13,5
7045,1,2026-03-13,7
7046,1,2026-03-13,2
7047,1,2026-03-13,5
7048,1,2026-03-13,5
7049,1,2026-03-13,3
7050,1,2026-03-13,4
7051,1,2026-03-13,5
7052,1,2026-03-13,2
7053,1,2026-03-13,4
7054,1,2026-03-13,2
7055,1,2026-03-13,4
7056,1,2026-03-13,8
7057,1,2026-03-13,7
7058,1,2026-03-13,8
7059,1,2026-03-13,7
7060,1,2026-03-13,4
7061,1,2026-03-13,3
7062,1,2026-03-13,8
7063,1,2026-03-13,7
7064,1,2026-03-13,2
7065,1,2026-03-13,3
7066,1,2026-03-13,6
7067,1,2026-03-13,2
7068,1,2026-03-13,2
7069,1,2026-03-13,4
7070,1,2026-03-13,3
7071,1,2026-03-13,5
7072,1,2026-03-13,5
7073,1,2026-03-13,2
7074,1,2026-03-13,6
7075,1,2026-03-13,8
7076,1,2026-03-13,4
7077,1,2026-03-13,7
7078,1,2026-03-13,5
7079,1,2026-03-13,5
7080,1,2026-03-13,5
7081,1,2026-03-13,8
7082,1,2026-03-13,5
7083,1,2026-03-13,6
7084,1,2026-03-13,7
7085,1,2026-03-13,3
7086,1,2026-03-13,8
7087,1,2026-03-13,3
7088,1,2026-03-13,5
7089,1,2026-03-13,8
7090,1,2026-03-13,7
7091,1,2026-03-13,6
7092,1,2026-03-13,8
7093,1,2026-03-13,2
7094,1,2026-03-13,6
7095,1,2026-03-13,8
7096,1,2026-03-13,8
7097,1,2026-03-13,3
7098,1,2026-03-13,7
7099,1,2026-03-13,7
7100,1,2026-03-13,8
7101,1,2026-03-13,5
7102,1,2026-03-13,3
7103,1,2026-03-13,6
7104,1,2026-03-13,5
7105,1,2026-03-13,4
7106,1,2026-03-13,8
7107,1,2026-03-13,7
7108,1,2026-03-13,4
7109,1,2026-03-13,3
7110,1,2026-03-13,2
7111,1,2026-03-13,7
7112,1,2026-03-13,2
7113,1,2026-03-13,2
7114,1,2026-03-13,4
7115,1,2026-03-13,2
7116,1,2026-03-13,5
7117,1,2026-03-13,6
7118,1,2026-03-13,4
7119,1,2026-03-13,6
7120,1,2026-03-13,3
7121,1,2026-03-13,2
7122,1,2026-03-13,5
7123,1,2026-03-13,6
7124,1,2026-03-13,4
7125,1,2026-03-13,7
7126,1,2026-03-13,2
7127,1,2026-03-13,5
7128,1,2026-03-13,2
7129,1,2026-03-13,3
7130,1,2026-03-13,4
7131,1,2026-03-13,4
7132,1,2026-03-13,6
7133,1,2026-03-13,6
7134,1,2026-03-13,8
7135,1,2026-03-13,3
7136,1,2026-03-13,5
7137,1,2026-03-13,4
7138,1,2026-03-13,8
7139,1,2026-03-13,2
7140,1,2026-03-13,6
7141,1,2026-03-13,3
7142,1,2026-03-13,8
7143,1,2026-03-13,2
7144,1,2026-03-13,8
7145,1,2026-03-14,3
7146,1,2026-03-14,6
7147,1,2026-03-14,4
7148,1,2026-03-14,7
7149,1,2026-03-14,5
7150,1,2026-03-14,2
7151,1,2026-03-14,3
7152,1,2026-03-14,4
7153,1,2026-03-14,7
7154,1,2026-03-14,8
7155,1,2026-03-14,2
7156,1,2026-03-14,7
7157,1,2026-03-14,5
7158,1,2026-03-14,3
7159,1,2026-03-14,6
7160,1,2026-03-14,7
7161,1,2026-03-14,5
7162,1,2026-03-14,5
7163,1,2026-03-14,8
7164,1,2026-03-14,3
7165,1,2026-03-14,7
7166,1,2026-03-14,3
7167,1,2026-03-14,4
7168,1,2026-03-14,3
7169,1,2026-03-14,2
7170,1,2026-03-14,7
7171,1,2026-03-14,5
7172,1,2026-03-14,5
7173,1,2026-03-14,4
7174,1,2026-03-14,4
7175,1,2026-03-14,3
7176,1,2026-03-14,4
7177,1,2026-03-14,3
7178,1,2026-03-14,2
7179,1,2026-03-14,8
7180,1,2026-03-14,4
7181,1,2026-03-14,7
7182,1,2026-03-14,8
7183,1,2026-03-14,2
7184,1,2026-03-14,3
7185,1,2026-03-14,3
7186,1,2026-03-14,5
7187,1,2026-03-14,5
7188,1,2026-03-14,6
7189,1,2026-03-14,3
7190,1,2026-03-14,3
7191,1,2026-03-14,6
7192,1,2026-03-14,2
7193,1,2026-03-14,6
7194,1,2026-03-14,2
7195,1,2026-03-14,2
7196,1,2026-03-14,8
7197,1,2026-03-14,4
7198,1,2026-03-14,4
7199,1,2026-03-14,3
7200,1,2026-03-14,4
7201,1,2026-03-14,4
7202,1,2026-03-14,7
7203,1,2026-03-14,4
7204,1,2026-03-14,5
7205,1,2026-03-14,6
7206,1,2026-03-14,2
7207,1,2026-03-14,3
7208,1,2026-03-14,3
7209,1,2026-03-14,8
7210,1,2026-03-14,3
7211,1,2026-03-14,7
7212,1,2026-03-14,3
7213,1,2026-03-14,7
7214,1,2026-03-14,6
7215,1,2026-03-14,8
7216,1,2026-03-14,7
7217,1,2026-03-14,8
7218,1,2026-03-14,7
7219,1,2026-03-14,6
7220,1,2026-03-14,5
7221,1,2026-03-14,5
7222,1,2026-03-14,5
7223,1,2026-03-14,8
7224,1,2026-03-14,6
7225,1,2026-03-14,7
7226,1,2026-03-14,5
7227,1,2026-03-14,8
7228,1,2026-03-14,2
7229,1,2026-03-14,3
7230,1,2026-03-14,6
7231,1,2026-03-14,7
7232,1,2026-03-14,2
7233,1,2026-03-14,7
7234,1,2026-03-14,3
7235,1,2026-03-14,7
7236,1,2026-03-14,8
7237,1,2026-03-14,2
7238,1,2026-03-14,8
7239,1,2026-03-14,8
7240,1,2026-03-14,8
7241,1,2026-03-14,5
7242,1,2026-03-14,4
7243,1,2026-03-14,3
7244,1,2026-03-14,2
7245,1,2026-03-14,6
7246,1,2026-03-14,5
7247,1,2026-03-14,5
7248,1,2026-03-14,3
7249,1,2026-03-14,5
7250,1,2026-03-14,7
7251,1,2026-03-14,5
7252,1,2026-03-14,5
7253,1,2026-03-14,6
7254,1,2026-03-15,3
7255,1,2026-03-15,6
7256,1,2026-03-15,2
7257,1,2026-03-15,8
7258,1,2026-03-15,8
7259,1,2026-03-15,3
7260,1,2026-03-15,2
7261,1,2026-03-15,3
7262,1,2026-03-15,7
7263,1,2026-03-15,8
7264,1,2026-03-15,8
7265,1,2026-03-15,2
7266,1,2026-03-15,5
7267,1,2026-03-15,4
7268,1,2026-03-15,7
7269,1,2026-03-15,7
7270,1,2026-03-15,5
7271,1,2026-03-15,6
7272,1,2026-03-15,5
7273,1,2026-03-15,4
7274,1,2026-03-15,2
7275,1,2026-03-15,2
7276,1,2026-03-15,2
7277,1,2026-03-15,2
7278,1,2026-03-15,4
7279,1,2026-03-15,4
7280,1,2026-03-15,3
7281,1,2026-03-15,7
7282,1,2026-03-15,5
7283,1,2026-03-15,8
7284,1,2026-03-15,7
7285,1,2026-03-15,5
7286,1,2026-03-15,7
7287,1,2026-03-15,5
7288,1,2026-03-15,5
7289,1,2026-03-15,4
7290,1,2026-03-15,7
7291,1,2026-03-15,6
7292,1,2026-03-15,6
7293,1,2026-03-15,3
7294,1,2026-03-15,6
7295,1,2026-03-15,8
7296,1,2026-03-15,6
7297,1,2026-03-15,2
7298,1,2026-03-15,3
7299,1,2026-03-15,3
7300,1,2026-03-15,2
7301,1,2026-03-15,8
7302,1,2026-03-15,4
7303,1,2026-03-15,5
7304,1,2026-03-15,3
7305,1,2026-03-15,5
7306,1,2026-03-15,7
7307,1,2026-03-15,5
7308,1,2026-03-15,7
7309,1,2026-03-15,7
7310,1,2026-03-15,4
7311,1,2026-03-15,4
7312,1,2026-03-15,3
7313,1,2026-03-15,7
7314,1,2026-03-15,8
7315,1,2026-03-15,2
7316,1,2026-03-15,7
7317,1,2026-03-15,6
7318,1,2026-03-15,6
7319,1,2026-03-15,5
7320,1,2026-03-15,5
7321,1,2026-03-15,5
7322,1,2026-03-15,4
7323,1,2026-03-15,8
7324,1,2026-03-15,8
7325,1,2026-03-15,8
7326,1,2026-03-15,2
7327,1,2026-03-15,5
7328,1,2026-03-15,6
7329,1,2026-03-15,4
7330,1,2026-03-15,2
7331,1,2026-03-15,2
7332,1,2026-03-15,6
7333,1,2026-03-15,6
7334,1,2026-03-15,5
7335,1,2026-03-15,5
7336,1,2026-03-15,6
7337,1,2026-03-15,4
7338,1,2026-03-15,3
7339,1,2026-03-15,3
7340,1,2026-03-15,6
7341,1,2026-03-15,8
7342,1,2026-03-15,8
7343,1,2026-03-15,7
7344,1,2026-03-15,7
7345,1,2026-03-15,6
7346,1,2026-03-15,4
7347,1,2026-03-15,5
7348,1,2026-03-15,2
7349,1,2026-03-15,4
7350,1,2026-03-15,5
7351,1,2026-03-15,7
7352,1,2026-03-15,6
7353,1,2026-03-15,5
7354,1,2026-03-15,7
7355,1,2026-03-15,4
7356,1,2026-03-15,4
7357,1,2026-03-15,7
7358,1,2026-03-15,5
7359,1,2026-03-15,3
7360,1,2026-03-15,6
7361,1,2026-03-15,5
7362,1,2026-03-15,7
7363,1,2026-03-15,2
7364,1,2026-03-15,8
7365,1,2026-03-15,4
7366,1,2026-03-15,2
7367,1,2026-03-15,8
7368,1,2026-03-15,4
7369,1,2026-03-16,3
7370,1,2026-03-16,7
7371,1,2026-03-16,7
7372,1,2026-03-16,2
7373,1,2026-03-16,8
7374,1,2026-03-16,7
7375,1,2026-03-16,3
7376,1,2026-03-16,5
7377,1,2026-03-16,6
7378,1,2026-03-16,2
7379,1,2026-03-16,5
7380,1,2026-03-16,6
7381,1,2026-03-16,5
7382,1,2026-03-16,6
7383,1,2026-03-16,7
7384,1,2026-03-16,2
7385,1,2026-03-16,8
7386,1,2026-03-16,2
7387,1,2026-03-16,4
7388,1,2026-03-16,8
7389,1,2026-03-16,3
7390,1,2026-03-16,3
7391,1,2026-03-16,7
7392,1,2026-03-16,5
7393,1,2026-03-16,7
7394,1,2026-03-16,4
7395,1,2026-03-16,6
7396,1,2026-03-16,3
7397,1,2026-03-16,4
7398,1,2026-03-16,5
7399,1,2026-03-16,6
7400,1,2026-03-16,6
7401,1,2026-03-16,7
7402,1,2026-03-16,6
7403,1,2026-03-16,4
7404,1,2026-03-16,5
7405,1,2026-03-16,5
7406,1,2026-03-16,7
7407,1,2026-03-16,5
7408,1,2026-03-16,6
7409,1,2026-03-16,2
7410,1,2026-03-16,8
7411,1,2026-03-16,7
7412,1,2026-03-16,7
7413,1,2026-03-16,5
7414,1,2026-03-16,6
7415,1,2026-03-16,4
7416,1,2026-03-16,4
7417,1,2026-03-16,3
7418,1,2026-03-16,2
7419,1,2026-03-16,6
7420,1,2026-03-16,5
7421,1,2026-03-16,5
7422,1,2026-03-16,7
7423,1,2026-03-16,5
7424,1,2026-03-16,5
7425,1,2026-03-16,8
7426,1,2026-03-16,2
7427,1,2026-03-16,8
7428,1,2026-03-16,3
7429,1,2026-03-16,2
7430,1,2026-03-16,7
7431,1,2026-03-16,4
7432,1,2026-03-16,4
7433,1,2026-03-16,3
7434,1,2026-03-16,7
7435,1,2026-03-16,2
7436,1,2026-03-16,7
7437,1,2026-03-16,8
7438,1,2026-03-16,8
7439,1,2026-03-16,4
7440,1,2026-03-16,4
7441,1,2026-03-16,5
7442,1,2026-03-16,4
7443,1,2026-03-16,8
7444,1,2026-03-16,5
7445,1,2026-03-16,5
7446,1,2026-03-16,3
7447,1,2026-03-16,5
7448,1,2026-03-16,6
7449,1,2026-03-16,5
7450,1,2026-03-16,3
7451,1,2026-03-16,6
7452,1,2026-03-17,4
7453,1,2026-03-17,4
7454,1,2026-03-17,5
7455,1,2026-03-17,4
7456,1,2026-03-17,2
7457,1,2026-03-17,6
7458,1,2026-03-17,3
7459,1,2026-03-17,5
7460,1,2026-03-17,4
7461,1,2026-03-17,6
7462,1,2026-03-17,7
7463,1,2026-03-17,2
7464,1,2026-03-17,2
7465,1,2026-03-17,2
7466,1,2026-03-17,5
7467,1,2026-03-17,6
7468,1,2026-03-17,5
7469,1,2026-03-17,8
7470,1,2026-03-17,3
7471,1,2026-03-17,6
7472,1,2026-03-17,7
7473,1,2026-03-17,3
7474,1,2026-03-17,6
7475,1,2026-03-17,4
7476,1,2026-03-17,2
7477,1,2026-03-17,7
7478,1,2026-03-17,5
7479,1,2026-03-17,8
7480,1,2026-03-17,6
7481,1,2026-03-17,8
7482,1,2026-03-17,8
7483,1,2026-03-17,6
7484,1,2026-03-17,5
7485,1,2026-03-17,2
7486,1,2026-03-17,5
7487,1,2026-03-17,6
7488,1,2026-03-17,8
7489,1,2026-03-17,8
7490,1,2026-03-17,3
7491,1,2026-03-17,7
7492,1,2026-03-17,5
7493,1,2026-03-17,3
7494,1,2026-03-17,6
7495,1,2026-03-17,2
7496,1,2026-03-17,7
7497,1,2026-03-17,4
7498,1,2026-03-17,5
7499,1,2026-03-17,4
7500,1,2026-03-17,3
7501,1,2026-03-17,5
7502,1,2026-03-17,6
7503,1,2026-03-17,3
7504,1,2026-03-17,8
7505,1,2026-03-17,2
7506,1,2026-03-17,2
7507,1,2026-03-17,7
7508,1,2026-03-17,2
7509,1,2026-03-17,2
7510,1,2026-03-17,6
7511,1,2026-03-17,2
7512,1,2026-03-17,2
7513,1,2026-03-17,4
7514,1,2026-03-17,4
7515,1,2026-03-17,2
7516,1,2026-03-17,4
7517,1,2026-03-17,4
7518,1,2026-03-17,3
7519,1,2026-03-17,4
7520,1,2026-03-17,2
7521,1,2026-03-17,4
7522,1,2026-03-17,7
7523,1,2026-03-17,5
7524,1,2026-03-17,7
7525,1,2026-03-17,6
7526,1,2026-03-17,4
7527,1,2026-03-17,2
7528,1,2026-03-17,8
7529,1,2026-03-17,8
7530,1,2026-03-17,2
7531,1,2026-03-17,4
7532,1,2026-03-17,6
7533,1,2026-03-17,4
7534,1,2026-03-17,3
7535,1,2026-03-17,5
7536,1,2026-03-17,7
7537,1,2026-03-17,5
7538,1,2026-03-17,7
7539,1,2026-03-17,5
7540,1,2026-03-17,6
7541,1,2026-03-18,6
7542,1,2026-03-18,8
7543,1,2026-03-18,2
7544,1,2026-03-18,5
7545,1,2026-03-18,2
7546,1,2026-03-18,3
7547,1,2026-03-18,7
7548,1,2026-03-18,4
7549,1,2026-03-18,8
7550,1,2026-03-18,5
7551,1,2026-03-18,8
7552,1,2026-03-18,8
7553,1,2026-03-18,6
7554,1,2026-03-18,8
7555,1,2026-03-18,3
7556,1,2026-03-18,3
7557,1,2026-03-18,4
7558,1,2026-03-18,7
7559,1,2026-03-18,4
7560,1,2026-03-18,4
7561,1,2026-03-18,5
7562,1,2026-03-18,7
7563,1,2026-03-18,4
7564,1,2026-03-18,6
7565,1,2026-03-18,3
7566,1,2026-03-18,6
7567,1,2026-03-18,6
7568,1,2026-03-18,7
7569,1,2026-03-18,4
7570,1,2026-03-18,3
7571,1,2026-03-18,6
7572,1,2026-03-18,4
7573,1,2026-03-18,3
7574,1,2026-03-18,6
7575,1,2026-03-18,8
7576,1,2026-03-18,4
7577,1,2026-03-18,8
7578,1,2026-03-18,7
7579,1,2026-03-18,6
7580,1,2026-03-18,8
7581,1,2026-03-18,5
7582,1,2026-03-18,3
7583,1,2026-03-18,3
7584,1,2026-03-18,8
7585,1,2026-03-18,6
7586,1,2026-03-18,6
7587,1,2026-03-18,5
7588,1,2026-03-18,4
7589,1,2026-03-18,3
7590,1,2026-03-18,8
7591,1,2026-03-18,5
7592,1,2026-03-18,2
7593,1,2026-03-18,7
7594,1,2026-03-18,7
7595,1,2026-03-18,7
7596,1,2026-03-18,6
7597,1,2026-03-18,2
7598,1,2026-03-18,5
7599,1,2026-03-18,5
7600,1,2026-03-18,6
7601,1,2026-03-18,7
7602,1,2026-03-18,5
7603,1,2026-03-18,3
7604,1,2026-03-18,6
7605,1,2026-03-18,8
7606,1,2026-03-18,5
7607,1,2026-03-18,7
7608,1,2026-03-18,7
7609,1,2026-03-18,3
7610,1,2026-03-18,4
7611,1,2026-03-18,6
7612,1,2026-03-18,8
7613,1,2026-03-18,6
7614,1,2026-03-18,5
7615,1,2026-03-18,5
7616,1,2026-03-18,3
7617,1,2026-03-18,7
7618,1,2026-03-18,2
7619,1,2026-03-18,2
7620,1,2026-03-18,4
7621,1,2026-03-18,7
7622,1,2026-03-18,2
7623,1,2026-03-18,3
7624,1,2026-03-18,3
7625,1,2026-03-18,7
7626,1,2026-03-18,8
7627,1,2026-03-18,4
7628,1,2026-03-18,8
7629,1,2026-03-18,3
7630,1,2026-03-18,7
7631,1,2026-03-18,7
7632,1,2026-03-18,3
7633,1,2026-03-19,3
7634,1,2026-03-19,4
7635,1,2026-03-19,5
7636,1,2026-03-19,8
7637,1,2026-03-19,6
7638,1,2026-03-19,6
7639,1,2026-03-19,3
7640,1,2026-03-19,6
7641,1,2026-03-19,2
7642,1,2026-03-19,4
7643,1,2026-03-19,6
7644,1,2026-03-19,4
7645,1,2026-03-19,2
7646,1,2026-03-19,5
7647,1,2026-03-19,3
7648,1,2026-03-19,3
7649,1,2026-03-19,4
7650,1,2026-03-19,6
7651,1,2026-03-19,2
7652,1,2026-03-19,7
7653,1,2026-03-19,8
7654,1,2026-03-19,4
7655,1,2026-03-19,7
7656,1,2026-03-19,3
7657,1,2026-03-19,4
7658,1,2026-03-19,3
7659,1,2026-03-19,6
7660,1,2026-03-19,7
7661,1,2026-03-19,3
7662,1,2026-03-19,2
7663,1,2026-03-19,3
7664,1,2026-03-19,3
7665,1,2026-03-19,7
7666,1,2026-03-19,6
7667,1,2026-03-19,3
7668,1,2026-03-19,8
7669,1,2026-03-19,6
7670,1,2026-03-19,2
7671,1,2026-03-19,4
7672,1,2026-03-19,5
7673,1,2026-03-19,6
7674,1,2026-03-19,3
7675,1,2026-03-19,8
7676,1,2026-03-19,4
7677,1,2026-03-19,7
7678,1,2026-03-19,7
7679,1,2026-03-19,2
7680,1,2026-03-19,6
7681,1,2026-03-19,6
7682,1,2026-03-19,4
7683,1,2026-03-19,7
7684,1,2026-03-19,6
7685,1,2026-03-19,7
7686,1,2026-03-19,3
7687,1,2026-03-19,4
7688,1,2026-03-19,7
7689,1,2026-03-19,3
7690,1,2026-03-19,4
7691,1,2026-03-19,7
7692,1,2026-03-19,7
7693,1,2026-03-19,3
7694,1,2026-03-19,2
7695,1,2026-03-19,3
7696,1,2026-03-19,8
7697,1,2026-03-19,8
7698,1,2026-03-19,4
7699,1,2026-03-19,2
7700,1,2026-03-19,7
7701,1,2026-03-19,7
7702,1,2026-03-19,5
7703,1,2026-03-19,5
7704,1,2026-03-19,6
7705,1,2026-03-19,8
7706,1,2026-03-19,5
7707,1,2026-03-19,4
7708,1,2026-03-19,4
7709,1,2026-03-19,8
7710,1,2026-03-19,2
7711,1,2026-03-19,3
7712,1,2026-03-19,6
7713,1,2026-03-19,7
7714,1,2026-03-19,7
7715,1,2026-03-19,6
7716,1,2026-03-19,3
7717,1,2026-03-19,2
7718,1,2026-03-19,6
7719,1,2026-03-19,6
7720,1,2026-03-19,4
7721,1,2026-03-19,4
7722,1,2026-03-19,4
7723,1,2026-03-19,3
7724,1,2026-03-19,5
7725,1,2026-03-19,7
7726,1,2026-03-19,5
7727,1,2026-03-19,2
7728,1,2026-03-19,3
7729,1,2026-03-19,4
7730,1,2026-03-19,6
7731,1,2026-03-19,7
7732,1,2026-03-19,7
7733,1,2026-03-19,5
7734,1,2026-03-19,5
7735,1,2026-03-19,3
7736,1,2026-03-20,4
7737,1,2026-03-20,2
7738,1,2026-03-20,8
7739,1,2026-03-20,4
7740,1,2026-03-20,6
7741,1,2026-03-20,4
7742,1,2026-03-20,2
7743,1,2026-03-20,7
7744,1,2026-03-20,4
7745,1,2026-03-20,4
7746,1,2026-03-20,5
7747,1,2026-03-20,5
7748,1,2026-03-20,8
7749,1,2026-03-20,8
7750,1,2026-03-20,8
7751,1,2026-03-20,5
7752,1,2026-03-20,8
7753,1,2026-03-20,3
7754,1,2026-03-20,7
7755,1,2026-03-20,2
7756,1,2026-03-20,3
7757,1,2026-03-20,8
7758,1,2026-03-20,7
7759,1,2026-03-20,3
7760,1,2026-03-20,3
7761,1,2026-03-20,3
7762,1,2026-03-20,3
7763,1,2026-03-20,2
7764,1,2026-03-20,2
7765,1,2026-03-20,5
7766,1,2026-03-20,7
7767,1,2026-03-20,5
7768,1,2026-03-20,2
7769,1,2026-03-20,7
7770,1,2026-03-20,8
7771,1,2026-03-20,2
7772,1,2026-03-20,7
7773,1,2026-03-20,4
7774,1,2026-03-20,8
7775,1,2026-03-20,3
7776,1,2026-03-20,7
7777,1,2026-03-20,2
7778,1,2026-03-20,3
7779,1,2026-03-20,6
7780,1,2026-03-20,6
7781,1,2026-03-20,6
7782,1,2026-03-20,3
7783,1,2026-03-20,8
7784,1,2026-03-20,3
7785,1,2026-03-20,4
7786,1,2026-03-20,5
7787,1,2026-03-20,6
7788,1,2026-03-20,4
7789,1,2026-03-20,4
7790,1,2026-03-20,4
7791,1,2026-03-20,5
7792,1,2026-03-20,4
7793,1,2026-03-20,8
7794,1,2026-03-20,4
7795,1,2026-03-20,2
7796,1,2026-03-20,4
7797,1,2026-03-20,7
7798,1,2026-03-20,8
7799,1,2026-03-20,4
7800,1,2026-03-20,6
7801,1,2026-03-20,4
7802,1,2026-03-20,4
7803,1,2026-03-20,4
7804,1,2026-03-20,4
7805,1,2026-03-20,4
7806,1,2026-03-20,4
7807,1,2026-03-20,4
7808,1,2026-03-20,8
7809,1,2026-03-20,6
7810,1,2026-03-20,4
7811,1,2026-03-20,4
7812,1,2026-03-20,4
7813,1,2026-03-20,3
7814,1,2026-03-20,2
7815,1,2026-03-20,3
7816,1,2026-03-20,7
7817,1,2026-03-20,2
7818,1,2026-03-20,6
7819,1,2026-03-20,6
7820,1,2026-03-20,2
7821,1,2026-03-20,2
7822,1,2026-03-20,6
7823,1,2026-03-20,3
7824,1,2026-03-20,6
7825,1,2026-03-20,7
7826,1,2026-03-20,2
7827,1,2026-03-20,8
7828,1,2026-03-20,7
7829,1,2026-03-20,2
7830,1,2026-03-20,6
7831,1,2026-03-20,8
7832,1,2026-03-20,4
7833,1,2026-03-20,4
7834,1,2026-03-20,5
7835,1,2026-03-20,2
7836,1,2026-03-20,5
7837,1,2026-03-20,4
7838,1,2026-03-20,6
7839,1,2026-03-20,7
7840,1,2026-03-20,5
7841,1,2026-03-20,5
7842,1,2026-03-20,6
7843,1,2026-03-20,6
7844,1,2026-03-20,7
7845,1,2026-03-20,4
7846,1,2026-03-20,3
7847,1,2026-03-20,4
7848,1,2026-03-20,2
7849,1,2026-03-20,7
7850,1,2026-03-20,4
7851,1,2026-03-20,5
7852,1,2026-03-20,8
7853,1,2026-03-20,4
7854,1,2026-03-20,7
7855,1,2026-03-20,8
7856,1,2026-03-21,8
7857,1,2026-03-21,7
7858,1,2026-03-21,7
7859,1,2026-03-21,5
7860,1,2026-03-21,6
7861,1,2026-03-21,2
7862,1,2026-03-21,8
7863,1,2026-03-21,6
7864,1,2026-03-21,4
7865,1,2026-03-21,6
7866,1,2026-03-21,4
7867,1,2026-03-21,3
7868,1,2026-03-21,5
7869,1,2026-03-21,7
7870,1,2026-03-21,2
7871,1,2026-03-21,4
7872,1,2026-03-21,4
7873,1,2026-03-21,8
7874,1,2026-03-21,6
7875,1,2026-03-21,7
7876,1,2026-03-21,2
7877,1,2026-03-21,5
7878,1,2026-03-21,6
7879,1,2026-03-21,6
7880,1,2026-03-21,4
7881,1,2026-03-21,4
7882,1,2026-03-21,6
7883,1,2026-03-21,7
7884,1,2026-03-21,6
7885,1,2026-03-21,6
7886,1,2026-03-21,3
7887,1,2026-03-21,2
7888,1,2026-03-21,7
7889,1,2026-03-21,4
7890,1,2026-03-21,5
7891,1,2026-03-21,2
7892,1,2026-03-21,5
7893,1,2026-03-21,4
7894,1,2026-03-21,7
7895,1,2026-03-21,2
7896,1,2026-03-21,8
7897,1,2026-03-21,2
7898,1,2026-03-21,3
7899,1,2026-03-21,5
7900,1,2026-03-21,4
7901,1,2026-03-21,7
7902,1,2026-03-21,5
7903,1,2026-03-21,2
7904,1,2026-03-21,5
7905,1,2026-03-21,4
7906,1,2026-03-21,4
7907,1,2026-03-21,3
7908,1,2026-03-21,7
7909,1,2026-03-21,5
7910,1,2026-03-21,5
7911,1,2026-03-21,4
7912,1,2026-03-21,3
7913,1,2026-03-21,2
7914,1,2026-03-21,6
7915,1,2026-03-21,4
7916,1,2026-03-21,5
7917,1,2026-03-21,6
7918,1,2026-03-21,8
7919,1,2026-03-21,8
7920,1,2026-03-21,5
7921,1,2026-03-21,5
7922,1,2026-03-21,6
7923,1,2026-03-21,8
7924,1,2026-03-21,6
7925,1,2026-03-21,8
7926,1,2026-03-21,5
7927,1,2026-03-21,3
7928,1,2026-03-21,6
7929,1,2026-03-21,4
7930,1,2026-03-21,7
7931,1,2026-03-21,3
7932,1,2026-03-21,7
7933,1,2026-03-21,2
7934,1,2026-03-21,6
7935,1,2026-03-21,3
7936,1,2026-03-21,5
7937,1,2026-03-21,5
7938,1,2026-03-21,5
7939,1,2026-03-21,8
7940,1,2026-03-21,3
7941,1,2026-03-21,6
7942,1,2026-03-21,7
7943,1,2026-03-21,7
7944,1,2026-03-21,2
7945,1,2026-03-21,4
7946,1,2026-03-21,6
7947,1,2026-03-21,7
7948,1,2026-03-21,8
7949,1,2026-03-21,6
7950,1,2026-03-21,2
7951,1,2026-03-21,5
7952,1,2026-03-21,7
7953,1,2026-03-21,6
7954,1,2026-03-21,8
7955,1,2026-03-21,7
7956,1,2026-03-21,8
7957,1,2026-03-21,8
7958,1,2026-03-21,5
7959,1,2026-03-21,6
7960,1,2026-03-21,4
7961,1,2026-03-21,2
7962,1,2026-03-21,4
7963,1,2026-03-21,4
7964,1,2026-03-21,6
7965,1,2026-03-21,5
7966,1,2026-03-21,5
7967,1,2026-03-21,8
7968,1,2026-03-21,7
7969,1,2026-03-21,2
7970,1,2026-03-21,8
7971,1,2026-03-21,7
7972,1,2026-03-21,8
7973,1,2026-03-21,6
7974,1,2026-03-21,4
7975,1,2026-03-21,5
7976,1,2026-03-22,8
7977,1,2026-03-22,2
7978,1,2026-03-22,7
7979,1,2026-03-22,6
7980,1,2026-03-22,8
7981,1,2026-03-22,5
7982,1,2026-03-22,3
7983,1,2026-03-22,4
7984,1,2026-03-22,2
7985,1,2026-03-22,8
7986,1,2026-03-22,4
7987,1,2026-03-22,7
7988,1,2026-03-22,5
7989,1,2026-03-22,4
7990,1,2026-03-22,4
7991,1,2026-03-22,3
7992,1,2026-03-22,7
7993,1,2026-03-22,8
7994,1,2026-03-22,3
7995,1,2026-03-22,5
7996,1,2026-03-22,6
7997,1,2026-03-22,6
7998,1,2026-03-22,7
7999,1,2026-03-22,7
8000,1,2026-03-22,7
8001,1,2026-03-22,2
8002,1,2026-03-22,8
8003,1,2026-03-22,6
8004,1,2026-03-22,8
8005,1,2026-03-22,5
8006,1,2026-03-22,7
8007,1,2026-03-22,8
8008,1,2026-03-22,2
8009,1,2026-03-22,2
8010,1,2026-03-22,7
8011,1,2026-03-22,8
8012,1,2026-03-22,3
8013,1,2026-03-22,2
8014,1,2026-03-22,5
8015,1,2026-03-22,2
8016,1,2026-03-22,5
8017,1,2026-03-22,6
8018,1,2026-03-22,5
8019,1,2026-03-22,3
8020,1,2026-03-22,7
8021,1,2026-03-22,4
8022,1,2026-03-22,2
8023,1,2026-03-22,4
8024,1,2026-03-22,6
8025,1,2026-03-22,8
8026,1,2026-03-22,2
8027,1,2026-03-22,3
8028,1,2026-03-22,5
8029,1,2026-03-22,7
8030,1,2026-03-22,7
8031,1,2026-03-22,5
8032,1,2026-03-22,2
8033,1,2026-03-22,7
8034,1,2026-03-22,6
8035,1,2026-03-22,7
8036,1,2026-03-22,8
8037,1,2026-03-22,3
8038,1,2026-03-22,2
8039,1,2026-03-22,8
8040,1,2026-03-22,8
8041,1,2026-03-22,7
8042,1,2026-03-22,2
8043,1,2026-03-22,5
8044,1,2026-03-22,8
8045,1,2026-03-22,8
8046,1,2026-03-22,4
8047,1,2026-03-22,6
8048,1,2026-03-22,4
8049,1,2026-03-22,5
8050,1,2026-03-22,4
8051,1,2026-03-22,7
8052,1,2026-03-22,2
8053,1,2026-03-22,8
8054,1,2026-03-22,3
8055,1,2026-03-22,7
8056,1,2026-03-22,8
8057,1,2026-03-22,6
8058,1,2026-03-22,3
8059,1,2026-03-22,4
8060,1,2026-03-22,3
8061,1,2026-03-22,3
8062,1,2026-03-22,5
8063,1,2026-03-22,4
8064,1,2026-03-22,6
8065,1,2026-03-22,5
8066,1,2026-03-22,3
8067,1,2026-03-22,5
8068,1,2026-03-22,4
8069,1,2026-03-22,2
8070,1,2026-03-22,6
8071,1,2026-03-22,2
8072,1,2026-03-22,4
8073,1,2026-03-22,8
8074,1,2026-03-22,4
8075,1,2026-03-22,3
8076,1,2026-03-22,5
8077,1,2026-03-22,6
8078,1,2026-03-22,3
8079,1,2026-03-22,7
8080,1,2026-03-22,6
8081,1,2026-03-22,6
8082,1,2026-03-22,8
8083,1,2026-03-22,5
8084,1,2026-03-22,4
8085,1,2026-03-22,8
8086,1,2026-03-22,6
8087,1,2026-03-22,3
8088,1,2026-03-22,3
8089,1,2026-03-22,5
8090,1,2026-03-22,7
8091,1,2026-03-23,5
8092,1,2026-03-23,6
8093,1,2026-03-23,2
8094,1,2026-03-23,7
8095,1,2026-03-23,6
8096,1,2026-03-23,8
8097,1,2026-03-23,3
8098,1,2026-03-23,6
8099,1,2026-03-23,7
8100,1,2026-03-23,5
8101,1,2026-03-23,4
8102,1,2026-03-23,3
8103,1,2026-03-23,5
8104,1,2026-03-23,5
8105,1,2026-03-23,5
8106,1,2026-03-23,4
8107,1,2026-03-23,7
8108,1,2026-03-23,2
8109,1,2026-03-23,8
8110,1,2026-03-23,5
8111,1,2026-03-23,8
8112,1,2026-03-23,8
8113,1,2026-03-23,7
8114,1,2026-03-23,6
8115,1,2026-03-23,4
8116,1,2026-03-23,2
8117,1,2026-03-23,8
8118,1,2026-03-23,8
8119,1,2026-03-23,4
8120,1,2026-03-23,5
8121,1,2026-03-23,2
8122,1,2026-03-23,2
8123,1,2026-03-23,5
8124,1,2026-03-23,7
8125,1,2026-03-23,4
8126,1,2026-03-23,7
8127,1,2026-03-23,7
8128,1,2026-03-23,6
8129,1,2026-03-23,6
8130,1,2026-03-23,6
8131,1,2026-03-23,8
8132,1,2026-03-23,6
8133,1,2026-03-23,5
8134,1,2026-03-23,5
8135,1,2026-03-23,6
8136,1,2026-03-23,7
8137,1,2026-03-23,6
8138,1,2026-03-23,7
8139,1,2026-03-23,7
8140,1,2026-03-23,6
8141,1,2026-03-23,3
8142,1,2026-03-23,8
8143,1,2026-03-23,4
8144,1,2026-03-23,8
8145,1,2026-03-23,7
8146,1,2026-03-23,7
8147,1,2026-03-23,8
8148,1,2026-03-23,7
8149,1,2026-03-23,2
8150,1,2026-03-23,5
8151,1,2026-03-23,2
8152,1,2026-03-23,8
8153,1,2026-03-23,8
8154,1,2026-03-23,5
8155,1,2026-03-23,8
8156,1,2026-03-23,3
8157,1,2026-03-23,5
8158,1,2026-03-23,4
8159,1,2026-03-23,8
8160,1,2026-03-23,4
8161,1,2026-03-23,6
8162,1,2026-03-23,4
8163,1,2026-03-23,4
8164,1,2026-03-23,8
8165,1,2026-03-23,4
8166,1,2026-03-23,7
8167,1,2026-03-23,4
8168,1,2026-03-23,3
8169,1,2026-03-23,6
8170,1,2026-03-23,4
8171,1,2026-03-23,3
8172,1,2026-03-23,7
8173,1,2026-03-23,3
8174,1,2026-03-23,7
8175,1,2026-03-23,8
8176,1,2026-03-23,8
8177,1,2026-03-23,2
8178,1,2026-03-23,8
8179,1,2026-03-23,5
8180,1,2026-03-23,8
8181,1,2026-03-23,4
8182,1,2026-03-23,5
8183,1,2026-03-23,7
8184,1,2026-03-23,7
8185,1,2026-03-23,7
8186,1,2026-03-23,3
8187,1,2026-03-23,3
8188,1,2026-03-23,8
8189,1,2026-03-23,5
8190,1,2026-03-24,8
8191,1,2026-03-24,5
8192,1,2026-03-24,6
8193,1,2026-03-24,5
8194,1,2026-03-24,4
8195,1,2026-03-24,5
8196,1,2026-03-24,2
8197,1,2026-03-24,2
8198,1,2026-03-24,4
8199,1,2026-03-24,2
8200,1,2026-03-24,8
8201,1,2026-03-24,5
8202,1,2026-03-24,8
8203,1,2026-03-24,2
8204,1,2026-03-24,3
8205,1,2026-03-24,3
8206,1,2026-03-24,3
8207,1,2026-03-24,7
8208,1,2026-03-24,3
8209,1,2026-03-24,6
8210,1,2026-03-24,5
8211,1,2026-03-24,2
8212,1,2026-03-24,5
8213,1,2026-03-24,2
8214,1,2026-03-24,7
8215,1,2026-03-24,3
8216,1,2026-03-24,7
8217,1,2026-03-24,4
8218,1,2026-03-24,2
8219,1,2026-03-24,2
8220,1,2026-03-24,5
8221,1,2026-03-24,7
8222,1,2026-03-24,5
8223,1,2026-03-24,6
8224,1,2026-03-24,5
8225,1,2026-03-24,6
8226,1,2026-03-24,6
8227,1,2026-03-24,8
8228,1,2026-03-24,2
8229,1,2026-03-24,6
8230,1,2026-03-24,3
8231,1,2026-03-24,2
8232,1,2026-03-24,8
8233,1,2026-03-24,4
8234,1,2026-03-24,5
8235,1,2026-03-24,8
8236,1,2026-03-24,8
8237,1,2026-03-24,6
8238,1,2026-03-24,4
8239,1,2026-03-24,3
8240,1,2026-03-24,2
8241,1,2026-03-24,3
8242,1,2026-03-24,6
8243,1,2026-03-24,2
8244,1,2026-03-24,8
8245,1,2026-03-24,5
8246,1,2026-03-24,7
8247,1,2026-03-24,4
8248,1,2026-03-24,7
8249,1,2026-03-24,6
8250,1,2026-03-24,8
8251,1,2026-03-24,7
8252,1,2026-03-24,2
8253,1,2026-03-24,7
8254,1,2026-03-24,6
8255,1,2026-03-24,2
8256,1,2026-03-24,3
8257,1,2026-03-24,7
8258,1,2026-03-24,3
8259,1,2026-03-24,4
8260,1,2026-03-24,7
8261,1,2026-03-24,8
8262,1,2026-03-24,5
8263,1,2026-03-24,3
8264,1,2026-03-24,6
8265,1,2026-03-24,8
8266,1,2026-03-24,5
8267,1,2026-03-24,4
8268,1,2026-03-24,7
8269,1,2026-03-24,7
8270,1,2026-03-24,8
8271,1,2026-03-24,5
8272,1,2026-03-24,6
8273,1,2026-03-24,3
8274,1,2026-03-24,2
8275,1,2026-03-24,7
8276,1,2026-03-24,3
8277,1,2026-03-24,8
8278,1,2026-03-24,8
8279,1,2026-03-25,2
8280,1,2026-03-25,7
8281,1,2026-03-25,4
8282,1,2026-03-25,7
8283,1,2026-03-25,7
8284,1,2026-03-25,3
8285,1,2026-03-25,2
8286,1,2026-03-25,7
8287,1,2026-03-25,3
8288,1,2026-03-25,2
8289,1,2026-03-25,6
8290,1,2026-03-25,6
8291,1,2026-03-25,7
8292,1,2026-03-25,4
8293,1,2026-03-25,6
8294,1,2026-03-25,6
8295,1,2026-03-25,8
8296,1,2026-03-25,7
8297,1,2026-03-25,5
8298,1,2026-03-25,6
8299,1,2026-03-25,2
8300,1,2026-03-25,2
8301,1,2026-03-25,3
8302,1,2026-03-25,8
8303,1,2026-03-25,2
8304,1,2026-03-25,3
8305,1,2026-03-25,5
8306,1,2026-03-25,4
8307,1,2026-03-25,4
8308,1,2026-03-25,3
8309,1,2026-03-25,2
8310,1,2026-03-25,2
8311,1,2026-03-25,8
8312,1,2026-03-25,4
8313,1,2026-03-25,2
8314,1,2026-03-25,3
8315,1,2026-03-25,7
8316,1,2026-03-25,7
8317,1,2026-03-25,4
8318,1,2026-03-25,6
8319,1,2026-03-25,8
8320,1,2026-03-25,6
8321,1,2026-03-25,4
8322,1,2026-03-25,7
8323,1,2026-03-25,6
8324,1,2026-03-25,8
8325,1,2026-03-25,3
8326,1,2026-03-25,4
8327,1,2026-03-25,3
8328,1,2026-03-25,8
8329,1,2026-03-25,5
8330,1,2026-03-25,3
8331,1,2026-03-25,6
8332,1,2026-03-25,3
8333,1,2026-03-25,4
8334,1,2026-03-25,4
8335,1,2026-03-25,4
8336,1,2026-03-25,3
8337,1,2026-03-25,2
8338,1,2026-03-25,7
8339,1,2026-03-25,2
8340,1,2026-03-25,7
8341,1,2026-03-25,3
8342,1,2026-03-25,8
8343,1,2026-03-25,6
8344,1,2026-03-25,8
8345,1,2026-03-25,2
8346,1,2026-03-25,8
8347,1,2026-03-25,4
8348,1,2026-03-25,4
8349,1,2026-03-25,3
8350,1,2026-03-25,6
8351,1,2026-03-25,7
8352,1,2026-03-25,8
8353,1,2026-03-25,6
8354,1,2026-03-25,4
8355,1,2026-03-25,5
8356,1,2026-03-25,5
8357,1,2026-03-25,6
8358,1,2026-03-25,6
8359,1,2026-03-25,2
8360,1,2026-03-25,8
8361,1,2026-03-25,8
8362,1,2026-03-25,2
8363,1,2026-03-25,7
8364,1,2026-03-25,4
8365,1,2026-03-25,6
8366,1,2026-03-25,4
8367,1,2026-03-26,3
8368,1,2026-03-26,3
8369,1,2026-03-26,4
8370,1,2026-03-26,6
8371,1,2026-03-26,3
8372,1,2026-03-26,3
8373,1,2026-03-26,6
8374,1,2026-03-26,2
8375,1,2026-03-26,7
8376,1,2026-03-26,2
8377,1,2026-03-26,5
8378,1,2026-03-26,8
8379,1,2026-03-26,4
8380,1,2026-03-26,7
8381,1,2026-03-26,3
8382,1,2026-03-26,4
8383,1,2026-03-26,5
8384,1,2026-03-26,2
8385,1,2026-03-26,2
8386,1,2026-03-26,5
8387,1,2026-03-26,6
8388,1,2026-03-26,8
8389,1,2026-03-26,6
8390,1,2026-03-26,5
8391,1,2026-03-26,2
8392,1,2026-03-26,3
8393,1,2026-03-26,4
8394,1,2026-03-26,6
8395,1,2026-03-26,3
8396,1,2026-03-26,8
8397,1,2026-03-26,7
8398,1,2026-03-26,8
8399,1,2026-03-26,3
8400,1,2026-03-26,5
8401,1,2026-03-26,5
8402,1,2026-03-26,7
8403,1,2026-03-26,7
8404,1,2026-03-26,5
8405,1,2026-03-26,2
8406,1,2026-03-26,5
8407,1,2026-03-26,6
8408,1,2026-03-26,7
8409,1,2026-03-26,6
8410,1,2026-03-26,4
8411,1,2026-03-26,2
8412,1,2026-03-26,2
8413,1,2026-03-26,8
8414,1,2026-03-26,5
8415,1,2026-03-26,3
8416,1,2026-03-26,6
8417,1,2026-03-26,2
8418,1,2026-03-26,8
8419,1,2026-03-26,5
8420,1,2026-03-26,5
8421,1,2026-03-26,7
8422,1,2026-03-26,2
8423,1,2026-03-26,3
8424,1,2026-03-26,2
8425,1,2026-03-26,4
8426,1,2026-03-26,7
8427,1,2026-03-26,7
8428,1,2026-03-26,4
8429,1,2026-03-26,6
8430,1,2026-03-26,8
8431,1,2026-03-26,2
8432,1,2026-03-26,6
8433,1,2026-03-26,2
8434,1,2026-03-26,6
8435,1,2026-03-26,2
8436,1,2026-03-26,2
8437,1,2026-03-26,5
8438,1,2026-03-26,6
8439,1,2026-03-26,3
8440,1,2026-03-26,3
8441,1,2026-03-26,8
8442,1,2026-03-26,4
8443,1,2026-03-26,5
8444,1,2026-03-26,3
8445,1,2026-03-26,6
8446,1,2026-03-26,8
8447,1,2026-03-26,2
8448,1,2026-03-26,3
8449,1,2026-03-26,4
8450,1,2026-03-26,4
8451,1,2026-03-26,7
8452,1,2026-03-26,7
8453,1,2026-03-26,2
8454,1,2026-03-26,4
8455,1,2026-03-26,5
8456,1,2026-03-26,6
8457,1,2026-03-26,8
8458,1,2026-03-26,8
8459,1,2026-03-26,7
8460,1,2026-03-26,7
8461,1,2026-03-26,4
8462,1,2026-03-26,7
8463,1,2026-03-27,8
8464,1,2026-03-27,8
8465,1,2026-03-27,5
8466,1,2026-03-27,4
8467,1,2026-03-27,4
8468,1,2026-03-27,2
8469,1,2026-03-27,6
8470,1,2026-03-27,6
8471,1,2026-03-27,2
8472,1,2026-03-27,6
8473,1,2026-03-27,6
8474,1,2026-03-27,2
8475,1,2026-03-27,6
8476,1,2026-03-27,7
8477,1,2026-03-27,6
8478,1,2026-03-27,7
8479,1,2026-03-27,4
8480,1,2026-03-27,8
8481,1,2026-03-27,5
8482,1,2026-03-27,6
8483,1,2026-03-27,5
8484,1,2026-03-27,2
8485,1,2026-03-27,3
8486,1,2026-03-27,7
8487,1,2026-03-27,6
8488,1,2026-03-27,5
8489,1,2026-03-27,8
8490,1,2026-03-27,8
8491,1,2026-03-27,6
8492,1,2026-03-27,7
8493,1,2026-03-27,4
8494,1,2026-03-27,7
8495,1,2026-03-27,5
8496,1,2026-03-27,3
8497,1,2026-03-27,3
8498,1,2026-03-27,4
8499,1,2026-03-27,7
8500,1,2026-03-27,8
8501,1,2026-03-27,2
8502,1,2026-03-27,2
8503,1,2026-03-27,7
8504,1,2026-03-27,2
8505,1,2026-03-27,2
8506,1,2026-03-27,2
8507,1,2026-03-27,4
8508,1,2026-03-27,4
8509,1,2026-03-27,6
8510,1,2026-03-27,7
8511,1,2026-03-27,5
8512,1,2026-03-27,8
8513,1,2026-03-27,8
8514,1,2026-03-27,2
8515,1,2026-03-27,6
8516,1,2026-03-27,6
8517,1,2026-03-27,4
8518,1,2026-03-27,7
8519,1,2026-03-27,2
8520,1,2026-03-27,2
8521,1,2026-03-27,6
8522,1,2026-03-27,6
8523,1,2026-03-27,2
8524,1,2026-03-27,8
8525,1,2026-03-27,7
8526,1,2026-03-27,5
8527,1,2026-03-27,4
8528,1,2026-03-27,7
8529,1,2026-03-27,5
8530,1,2026-03-27,4
8531,1,2026-03-27,8
8532,1,2026-03-27,7
8533,1,2026-03-27,3
8534,1,2026-03-27,8
8535,1,2026-03-27,4
8536,1,2026-03-27,2
8537,1,2026-03-27,3
8538,1,2026-03-27,5
8539,1,2026-03-27,6
8540,1,2026-03-27,4
8541,1,2026-03-27,2
8542,1,2026-03-27,2
8543,1,2026-03-27,3
8544,1,2026-03-27,5
8545,1,2026-03-27,4
8546,1,2026-03-27,8
8547,1,2026-03-27,3
8548,1,2026-03-27,7
8549,1,2026-03-27,2
8550,1,2026-03-27,3
8551,1,2026-03-27,2
8552,1,2026-03-27,8
8553,1,2026-03-27,2
8554,1,2026-03-27,2
8555,1,2026-03-27,2
8556,1,2026-03-27,4
8557,1,2026-03-27,8
8558,1,2026-03-27,2
8559,1,2026-03-27,4
8560,1,2026-03-27,3
8561,1,2026-03-27,7
8562,1,2026-03-27,3
8563,1,2026-03-27,4
8564,1,2026-03-27,5
8565,1,2026-03-27,3
8566,1,2026-03-27,2
8567,1,2026-03-27,3
8568,1,2026-03-27,3
8569,1,2026-03-27,2
8570,1,2026-03-27,8
8571,1,2026-03-27,4
8572,1,2026-03-27,7
8573,1,2026-03-27,5
8574,1,2026-03-27,2
8575,1,2026-03-27,6
8576,1,2026-03-27,6
8577,1,2026-03-27,2
8578,1,2026-03-27,5
8579,1,2026-03-27,7
8580,1,2026-03-27,3
8581,1,2026-03-27,7
8582,1,2026-03-27,7
8583,1,2026-03-27,4
8584,1,2026-03-27,8
8585,1,2026-03-27,4
8586,1,2026-03-27,8
8587,1,2026-03-27,8
8588,1,2026-03-27,8
8589,1,2026-03-27,7
8590,1,2026-03-27,2
8591,1,2026-03-27,4
8592,1,2026-03-27,6
8593,1,2026-03-28,6
8594,1,2026-03-28,2
8595,1,2026-03-28,6
8596,1,2026-03-28,4
8597,1,2026-03-28,7
8598,1,2026-03-28,4
8599,1,2026-03-28,5
8600,1,2026-03-28,2
8601,1,2026-03-28,6
8602,1,2026-03-28,2
8603,1,2026-03-28,2
8604,1,2026-03-28,3
8605,1,2026-03-28,4
8606,1,2026-03-28,2
8607,1,2026-03-28,6
8608,1,2026-03-28,4
8609,1,2026-03-28,7
8610,1,2026-03-28,7
8611,1,2026-03-28,6
8612,1,2026-03-28,3
8613,1,2026-03-28,5
8614,1,2026-03-28,4
8615,1,2026-03-28,8
8616,1,2026-03-28,4
8617,1,2026-03-28,8
8618,1,2026-03-28,5
8619,1,2026-03-28,5
8620,1,2026-03-28,2
8621,1,2026-03-28,4
8622,1,2026-03-28,8
8623,1,2026-03-28,3
8624,1,2026-03-28,7
8625,1,2026-03-28,4
8626,1,2026-03-28,8
8627,1,2026-03-28,7
8628,1,2026-03-28,8
8629,1,2026-03-28,2
8630,1,2026-03-28,8
8631,1,2026-03-28,8
8632,1,2026-03-28,2
8633,1,2026-03-28,2
8634,1,2026-03-28,5
8635,1,2026-03-28,3
8636,1,2026-03-28,8
8637,1,2026-03-28,2
8638,1,2026-03-28,8
8639,1,2026-03-28,6
8640,1,2026-03-28,2
8641,1,2026-03-28,5
8642,1,2026-03-28,5
8643,1,2026-03-28,7
8644,1,2026-03-28,3
8645,1,2026-03-28,6
8646,1,2026-03-28,8
8647,1,2026-03-28,8
8648,1,2026-03-28,3
8649,1,2026-03-28,8
8650,1,2026-03-28,4
8651,1,2026-03-28,3
8652,1,2026-03-28,5
8653,1,2026-03-28,4
8654,1,2026-03-28,3
8655,1,2026-03-28,5
8656,1,2026-03-28,8
8657,1,2026-03-28,7
8658,1,2026-03-28,2
8659,1,2026-03-28,7
8660,1,2026-03-28,2
8661,1,2026-03-28,7
8662,1,2026-03-28,6
8663,1,2026-03-28,6
8664,1,2026-03-28,5
8665,1,2026-03-28,7
8666,1,2026-03-28,4
8667,1,2026-03-28,5
8668,1,2026-03-28,7
8669,1,2026-03-28,4
8670,1,2026-03-28,4
8671,1,2026-03-28,5
8672,1,2026-03-28,7
8673,1,2026-03-28,5
8674,1,2026-03-28,2
8675,1,2026-03-28,4
8676,1,2026-03-28,6
8677,1,2026-03-28,7
8678,1,2026-03-28,4
8679,1,2026-03-28,2
8680,1,2026-03-28,2
8681,1,2026-03-28,4
8682,1,2026-03-28,2
8683,1,2026-03-28,2
8684,1,2026-03-28,7
8685,1,2026-03-28,6
8686,1,2026-03-28,6
8687,1,2026-03-28,8
8688,1,2026-03-28,8
8689,1,2026-03-28,6
8690,1,2026-03-28,2
8691,1,2026-03-28,2
8692,1,2026-03-28,4
8693,1,2026-03-28,4
8694,1,2026-03-28,4
8695,1,2026-03-28,4
8696,1,2026-03-29,4
8697,1,2026-03-29,5
8698,1,2026-03-29,6
8699,1,2026-03-29,5
8700,1,2026-03-29,3
8701,1,2026-03-29,3
8702,1,2026-03-29,3
8703,1,2026-03-29,6
8704,1,2026-03-29,7
8705,1,2026-03-29,6
8706,1,2026-03-29,5
8707,1,2026-03-29,2
8708,1,2026-03-29,7
8709,1,2026-03-29,2
8710,1,2026-03-29,4
8711,1,2026-03-29,5
8712,1,2026-03-29,7
8713,1,2026-03-29,5
8714,1,2026-03-29,8
8715,1,2026-03-29,2
8716,1,2026-03-29,6
8717,1,2026-03-29,8
8718,1,2026-03-29,3
8719,1,2026-03-29,6
8720,1,2026-03-29,7
8721,1,2026-03-29,8
8722,1,2026-03-29,5
8723,1,2026-03-29,7
8724,1,2026-03-29,3
8725,1,2026-03-29,4
8726,1,2026-03-29,2
8727,1,2026-03-29,3
8728,1,2026-03-29,2
8729,1,2026-03-29,4
8730,1,2026-03-29,2
8731,1,2026-03-29,5
8732,1,2026-03-29,6
8733,1,2026-03-29,3
8734,1,2026-03-29,5
8735,1,2026-03-29,7
8736,1,2026-03-29,4
8737,1,2026-03-29,5
8738,1,2026-03-29,3
8739,1,2026-03-29,4
8740,1,2026-03-29,2
8741,1,2026-03-29,7
8742,1,2026-03-29,3
8743,1,2026-03-29,2
8744,1,2026-03-29,7
8745,1,2026-03-29,7
8746,1,2026-03-29,4
8747,1,2026-03-29,8
8748,1,2026-03-29,4
8749,1,2026-03-29,2
8750,1,2026-03-29,5
8751,1,2026-03-29,7
8752,1,2026-03-29,2
8753,1,2026-03-29,3
8754,1,2026-03-29,3
8755,1,2026-03-29,3
8756,1,2026-03-29,6
8757,1,2026-03-29,2
8758,1,2026-03-29,5
8759,1,2026-03-29,3
8760,1,2026-03-29,6
8761,1,2026-03-29,6
8762,1,2026-03-29,5
8763,1,2026-03-29,4
8764,1,2026-03-29,5
8765,1,2026-03-29,7
8766,1,2026-03-29,7
8767,1,2026-03-29,4
8768,1,2026-03-29,6
8769,1,2026-03-29,3
8770,1,2026-03-29,4
8771,1,2026-03-29,6
8772,1,2026-03-29,2
8773,1,2026-03-29,8
8774,1,2026-03-29,5
8775,1,2026-03-29,8
8776,1,2026-03-29,2
8777,1,2026-03-29,2
8778,1,2026-03-29,7
8779,1,2026-03-29,5
8780,1,2026-03-29,2
8781,1,2026-03-29,6
8782,1,2026-03-29,3
8783,1,2026-03-29,7
8784,1,2026-03-29,8
8785,1,2026-03-29,3
8786,1,2026-03-29,7
8787,1,2026-03-29,2
8788,1,2026-03-29,8
8789,1,2026-03-29,2
8790,1,2026-03-29,2
8791,1,2026-03-29,6
8792,1,2026-03-29,7
8793,1,2026-03-29,3
8794,1,2026-03-29,2
8795,1,2026-03-29,8
8796,1,2026-03-29,7
8797,1,2026-03-29,6
8798,1,2026-03-29,6
8799,1,2026-03-29,5
8800,1,2026-03-29,8
8801,1,2026-03-29,7
8802,1,2026-03-29,2
8803,1,2026-03-29,2
8804,1,2026-03-29,8
8805,1,2026-03-29,2
8806,1,2026-03-29,5
8807,1,2026-03-29,2
8808,1,2026-03-29,4
8809,1,2026-03-29,7
8810,1,2026-03-29,5
8811,1,2026-03-29,8
8812,1,2026-03-29,4
8813,1,2026-03-29,5
8814,1,2026-03-29,5
8815,1,2026-03-29,8
8816,1,2026-03-29,2
8817,1,2026-03-29,5
8818,1,2026-03-29,3
8819,1,2026-03-30,7
8820,1,2026-03-30,3
8821,1,2026-03-30,6
8822,1,2026-03-30,6
8823,1,2026-03-30,5
8824,1,2026-03-30,8
8825,1,2026-03-30,5
8826,1,2026-03-30,6
8827,1,2026-03-30,3
8828,1,2026-03-30,6
8829,1,2026-03-30,2
8830,1,2026-03-30,5
8831,1,2026-03-30,2
8832,1,2026-03-30,7
8833,1,2026-03-30,4
8834,1,2026-03-30,6
8835,1,2026-03-30,4
8836,1,2026-03-30,2
8837,1,2026-03-30,6
8838,1,2026-03-30,2
8839,1,2026-03-30,2
8840,1,2026-03-30,5
8841,1,2026-03-30,2
8842,1,2026-03-30,4
8843,1,2026-03-30,7
8844,1,2026-03-30,4
8845,1,2026-03-30,7
8846,1,2026-03-30,4
8847,1,2026-03-30,5
8848,1,2026-03-30,2
8849,1,2026-03-30,4
8850,1,2026-03-30,6
8851,1,2026-03-30,2
8852,1,2026-03-30,6
8853,1,2026-03-30,2
8854,1,2026-03-30,4
8855,1,2026-03-30,8
8856,1,2026-03-30,6
8857,1,2026-03-30,5
8858,1,2026-03-30,5
8859,1,2026-03-30,2
8860,1,2026-03-30,2
8861,1,2026-03-30,4
8862,1,2026-03-30,7
8863,1,2026-03-30,2
8864,1,2026-03-30,2
8865,1,2026-03-30,5
8866,1,2026-03-30,6
8867,1,2026-03-30,4
8868,1,2026-03-30,3
8869,1,2026-03-30,2
8870,1,2026-03-30,6
8871,1,2026-03-30,4
8872,1,2026-03-30,3
8873,1,2026-03-30,6
8874,1,2026-03-30,5
8875,1,2026-03-30,3
8876,1,2026-03-30,5
8877,1,2026-03-30,4
8878,1,2026-03-30,6
8879,1,2026-03-30,6
8880,1,2026-03-30,8
8881,1,2026-03-30,3
8882,1,2026-03-30,3
8883,1,2026-03-30,8
8884,1,2026-03-30,5
8885,1,2026-03-30,2
8886,1,2026-03-30,3
8887,1,2026-03-30,8
8888,1,2026-03-30,5
8889,1,2026-03-30,7
8890,1,2026-03-30,3
8891,1,2026-03-30,8
8892,1,2026-03-30,7
8893,1,2026-03-30,7
8894,1,2026-03-30,2
8895,1,2026-03-30,4
8896,1,2026-03-30,2
8897,1,2026-03-30,2
8898,1,2026-03-30,5
8899,1,2026-03-30,2
8900,1,2026-03-30,7
8901,1,2026-03-30,4
8902,1,2026-03-30,4
8903,1,2026-03-31,2
8904,1,2026-03-31,5
8905,1,2026-03-31,6
8906,1,2026-03-31,4
8907,1,2026-03-31,5
8908,1,2026-03-31,2
8909,1,2026-03-31,8
8910,1,2026-03-31,5
8911,1,2026-03-31,3
8912,1,2026-03-31,6
8913,1,2026-03-31,7
8914,1,2026-03-31,3
8915,1,2026-03-31,2
8916,1,2026-03-31,2
8917,1,2026-03-31,2
8918,1,2026-03-31,8
8919,1,2026-03-31,3
8920,1,2026-03-31,7
8921,1,2026-03-31,2
8922,1,2026-03-31,6
8923,1,2026-03-31,7
8924,1,2026-03-31,5
8925,1,2026-03-31,4
8926,1,2026-03-31,7
8927,1,2026-03-31,6
8928,1,2026-03-31,8
8929,1,2026-03-31,3
8930,1,2026-03-31,8
8931,1,2026-03-31,8
8932,1,2026-03-31,3
8933,1,2026-03-31,7
8934,1,2026-03-31,4
8935,1,2026-03-31,5
8936,1,2026-03-31,8
8937,1,2026-03-31,2
8938,1,2026-03-31,6
8939,1,2026-03-31,6
8940,1,2026-03-31,8
8941,1,2026-03-31,8
8942,1,2026-03-31,4
8943,1,2026-03-31,2
8944,1,2026-03-31,3
8945,1,2026-03-31,5
8946,1,2026-03-31,2
8947,1,2026-03-31,7
8948,1,2026-03-31,6
8949,1,2026-03-31,5
8950,1,2026-03-31,7
8951,1,2026-03-31,4
8952,1,2026-03-31,4
8953,1,2026-03-31,8
8954,1,2026-03-31,7
8955,1,2026-03-31,2
8956,1,2026-03-31,8
8957,1,2026-03-31,5
8958,1,2026-03-31,3
8959,1,2026-03-31,2
8960,1,2026-03-31,2
8961,1,2026-03-31,2
8962,1,2026-03-31,5
8963,1,2026-03-31,4
8964,1,2026-03-31,5
8965,1,2026-03-31,4
8966,1,2026-03-31,3
8967,1,2026-03-31,6
8968,1,2026-03-31,7
8969,1,2026-03-31,5
8970,1,2026-03-31,3
8971,1,2026-03-31,4
8972,1,2026-03-31,5
8973,1,2026-03-31,3
8974,1,2026-03-31,2
8975,1,2026-03-31,4
8976,1,2026-03-31,7
8977,1,2026-03-31,6
8978,1,2026-03-31,6
8979,1,2026-03-31,7
8980,1,2026-03-31,6
8981,1,2026-03-31,6
8982,1,2026-03-31,6
8983,1,2026-03-31,7
8984,1,2026-03-31,5
8985,1,2026-03-31,7
8986,1,2026-03-31,2
8987,1,2026-03-31,8
8988,1,2026-03-31,8
8989,1,2026-03-31,2
8990,1,2026-03-31,2
8991,1,2026-03-31,8
8992,1,2026-03-31,4
8993,1,2026-03-31,3
8994,1,2026-03-31,2
8995,1,2026-03-31,4
8996,1,2026-04-01,3
8997,1,2026-04-01,6
8998,1,2026-04-01,8
8999,1,2026-04-01,7
9000,1,2026-04-01,7
9001,1,2026-04-01,8
9002,1,2026-04-01,8
9003,1,2026-04-01,8
9004,1,2026-04-01,4
9005,1,2026-04-01,7
9006,1,2026-04-01,4
9007,1,2026-04-01,7
9008,1,2026-04-01,6
9009,1,2026-04-01,7
9010,1,2026-04-01,4
9011,1,2026-04-01,8
9012,1,2026-04-01,5
9013,1,2026-04-01,3
9014,1,2026-04-01,6
9015,1,2026-04-01,7
9016,1,2026-04-01,2
9017,1,2026-04-01,8
9018,1,2026-04-01,4
9019,1,2026-04-01,2
9020,1,2026-04-01,6
9021,1,2026-04-01,7
9022,1,2026-04-01,7
9023,1,2026-04-01,8
9024,1,2026-04-01,6
9025,1,2026-04-01,3
9026,1,2026-04-01,2
9027,1,2026-04-01,4
9028,1,2026-04-01,5
9029,1,2026-04-01,6
9030,1,2026-04-01,5
9031,1,2026-04-01,3
9032,1,2026-04-01,3
9033,1,2026-04-01,3
9034,1,2026-04-01,6
9035,1,2026-04-01,2
9036,1,2026-04-01,4
9037,1,2026-04-01,3
9038,1,2026-04-01,6
9039,1,2026-04-01,6
9040,1,2026-04-01,7
9041,1,2026-04-01,6
9042,1,2026-04-01,6
9043,1,2026-04-01,4
9044,1,2026-04-01,4
9045,1,2026-04-01,7
9046,1,2026-04-01,6
9047,1,2026-04-01,5
9048,1,2026-04-01,4
9049,1,2026-04-01,5
9050,1,2026-04-01,5
9051,1,2026-04-01,7
9052,1,2026-04-01,5
9053,1,2026-04-01,2
9054,1,2026-04-01,2
9055,1,2026-04-01,3
9056,1,2026-04-01,6
9057,1,2026-04-01,6
9058,1,2026-04-01,5
9059,1,2026-04-01,3
9060,1,2026-04-01,5
9061,1,2026-04-01,7
9062,1,2026-04-01,3
9063,1,2026-04-01,2
9064,1,2026-04-01,2
9065,1,2026-04-01,6
9066,1,2026-04-01,6
9067,1,2026-04-01,6
9068,1,2026-04-01,3
9069,1,2026-04-01,8
9070,1,2026-04-01,5
9071,1,2026-04-01,6
9072,1,2026-04-01,3
9073,1,2026-04-01,8
9074,1,2026-04-01,2
9075,1,2026-04-01,3
9076,1,2026-04-01,4
9077,1,2026-04-01,4
9078,1,2026-04-01,7
9079,1,2026-04-01,7
9080,1,2026-04-01,3
9081,1,2026-04-01,2
9082,1,2026-04-01,7
9083,1,2026-04-01,3
9084,1,2026-04-01,5
9085,1,2026-04-01,6
9086,1,2026-04-01,6
9087,1,2026-04-01,8
9088,1,2026-04-01,3
9089,1,2026-04-01,2
9090,1,2026-04-01,8
9091,1,2026-04-01,2
9092,1,2026-04-01,3
9093,1,2026-04-01,2
9094,1,2026-04-01,8
9095,1,2026-04-01,2
9096,1,2026-04-01,5
9097,1,2026-04-01,2
9098,1,2026-04-01,3
9099,1,2026-04-01,7
9100,1,2026-04-01,6
9101,1,2026-04-01,4
9102,1,2026-04-02,4
9103,1,2026-04-02,8
9104,1,2026-04-02,2
9105,1,2026-04-02,7
9106,1,2026-04-02,4
9107,1,2026-04-02,7
9108,1,2026-04-02,2
9109,1,2026-04-02,3
9110,1,2026-04-02,5
9111,1,2026-04-02,6
9112,1,2026-04-02,6
9113,1,2026-04-02,7
9114,1,2026-04-02,4
9115,1,2026-04-02,3
9116,1,2026-04-02,3
9117,1,2026-04-02,4
9118,1,2026-04-02,2
9119,1,2026-04-02,5
9120,1,2026-04-02,3
9121,1,2026-04-02,7
9122,1,2026-04-02,5
9123,1,2026-04-02,5
9124,1,2026-04-02,3
9125,1,2026-04-02,4
9126,1,2026-04-02,4
9127,1,2026-04-02,8
9128,1,2026-04-02,7
9129,1,2026-04-02,6
9130,1,2026-04-02,7
9131,1,2026-04-02,2
9132,1,2026-04-02,3
9133,1,2026-04-02,4
9134,1,2026-04-02,7
9135,1,2026-04-02,7
9136,1,2026-04-02,7
9137,1,2026-04-02,6
9138,1,2026-04-02,7
9139,1,2026-04-02,6
9140,1,2026-04-02,5
9141,1,2026-04-02,3
9142,1,2026-04-02,6
9143,1,2026-04-02,6
9144,1,2026-04-02,7
9145,1,2026-04-02,8
9146,1,2026-04-02,8
9147,1,2026-04-02,7
9148,1,2026-04-02,6
9149,1,2026-04-02,7
9150,1,2026-04-02,3
9151,1,2026-04-02,5
9152,1,2026-04-02,3
9153,1,2026-04-02,7
9154,1,2026-04-02,4
9155,1,2026-04-02,5
9156,1,2026-04-02,4
9157,1,2026-04-02,5
9158,1,2026-04-02,5
9159,1,2026-04-02,7
9160,1,2026-04-02,4
9161,1,2026-04-02,5
9162,1,2026-04-02,3
9163,1,2026-04-02,4
9164,1,2026-04-02,5
9165,1,2026-04-02,3
9166,1,2026-04-02,4
9167,1,2026-04-02,5
9168,1,2026-04-02,2
9169,1,2026-04-02,5
9170,1,2026-04-02,2
9171,1,2026-04-02,4
9172,1,2026-04-02,6
9173,1,2026-04-02,5
9174,1,2026-04-02,8
9175,1,2026-04-02,8
9176,1,2026-04-02,4
9177,1,2026-04-02,8
9178,1,2026-04-02,3
9179,1,2026-04-02,2
9180,1,2026-04-02,8
9181,1,2026-04-02,4
9182,1,2026-04-02,6
9183,1,2026-04-02,2
9184,1,2026-04-02,4
9185,1,2026-04-02,4
9186,1,2026-04-02,2
9187,1,2026-04-02,5
9188,1,2026-04-02,8
9189,1,2026-04-02,2
9190,1,2026-04-02,4
9191,1,2026-04-02,3
9192,1,2026-04-02,6
9193,1,2026-04-02,6
9194,1,2026-04-02,3
9195,1,2026-04-02,4
9196,1,2026-04-02,8
9197,1,2026-04-02,7
9198,1,2026-04-02,5
9199,1,2026-04-02,2
9200,1,2026-04-02,2
9201,1,2026-04-02,4
9202,1,2026-04-02,5
9203,1,2026-04-02,4
9204,1,2026-04-02,5
9205,1,2026-04-02,8
9206,1,2026-04-02,3
9207,1,2026-04-02,7
9208,1,2026-04-02,3
9209,1,2026-04-02,5
9210,1,2026-04-02,8
9211,1,2026-04-02,8
9212,1,2026-04-02,5
9213,1,2026-04-02,4
9214,1,2026-04-02,5
9215,1,2026-04-02,2
9216,1,2026-04-02,8
9217,1,2026-04-02,6
9218,1,2026-04-02,2
9219,1,2026-04-02,6
9220,1,2026-04-02,2
9221,1,2026-04-02,4
9222,1,2026-04-02,4
9223,1,2026-04-02,7
9224,1,2026-04-02,8
9225,1,2026-04-02,7
9226,1,2026-04-02,2
9227,1,2026-04-02,3
9228,1,2026-04-02,5
9229,1,2026-04-02,2
9230,1,2026-04-02,4
9231,1,2026-04-02,8
9232,1,2026-04-02,2
9233,1,2026-04-02,8
9234,1,2026-04-02,2
9235,1,2026-04-02,4
9236,1,2026-04-02,7
9237,1,2026-04-02,8
9238,1,2026-04-02,5
9239,1,2026-04-02,3
9240,1,2026-04-02,3
9241,1,2026-04-02,6
9242,1,2026-04-02,8
9243,1,2026-04-02,6
9244,1,2026-04-02,5
9245,1,2026-04-02,7
9246,1,2026-04-03,3
9247,1,2026-04-03,7
9248,1,2026-04-03,8
9249,1,2026-04-03,7
9250,1,2026-04-03,8
9251,1,2026-04-03,5
9252,1,2026-04-03,3
9253,1,2026-04-03,6
9254,1,2026-04-03,5
9255,1,2026-04-03,2
9256,1,2026-04-03,5
9257,1,2026-04-03,8
9258,1,2026-04-03,4
9259,1,2026-04-03,5
9260,1,2026-04-03,3
9261,1,2026-04-03,6
9262,1,2026-04-03,5
9263,1,2026-04-03,6
9264,1,2026-04-03,7
9265,1,2026-04-03,5
9266,1,2026-04-03,4
9267,1,2026-04-03,5
9268,1,2026-04-03,5
9269,1,2026-04-03,2
9270,1,2026-04-03,3
9271,1,2026-04-03,4
9272,1,2026-04-03,6
9273,1,2026-04-03,4
9274,1,2026-04-03,5
9275,1,2026-04-03,6
9276,1,2026-04-03,5
9277,1,2026-04-03,2
9278,1,2026-04-03,2
9279,1,2026-04-03,6
9280,1,2026-04-03,3
9281,1,2026-04-03,2
9282,1,2026-04-03,7
9283,1,2026-04-03,7
9284,1,2026-04-03,3
9285,1,2026-04-03,6
9286,1,2026-04-03,6
9287,1,2026-04-03,5
9288,1,2026-04-03,6
9289,1,2026-04-03,2
9290,1,2026-04-03,7
9291,1,2026-04-03,6
9292,1,2026-04-03,4
9293,1,2026-04-03,3
9294,1,2026-04-03,2
9295,1,2026-04-03,5
9296,1,2026-04-03,5
9297,1,2026-04-03,7
9298,1,2026-04-03,7
9299,1,2026-04-03,3
9300,1,2026-04-03,7
9301,1,2026-04-03,3
9302,1,2026-04-03,4
9303,1,2026-04-03,5
9304,1,2026-04-03,7
9305,1,2026-04-03,7
9306,1,2026-04-03,6
9307,1,2026-04-03,4
9308,1,2026-04-03,3
9309,1,2026-04-03,3
9310,1,2026-04-03,5
9311,1,2026-04-03,6
9312,1,2026-04-03,2
9313,1,2026-04-03,3
9314,1,2026-04-03,6
9315,1,2026-04-03,3
9316,1,2026-04-03,5
9317,1,2026-04-03,2
9318,1,2026-04-03,4
9319,1,2026-04-03,4
9320,1,2026-04-03,5
9321,1,2026-04-03,5
9322,1,2026-04-03,7
9323,1,2026-04-03,2
9324,1,2026-04-03,5
9325,1,2026-04-03,2
9326,1,2026-04-03,2
9327,1,2026-04-03,6
9328,1,2026-04-03,6
9329,1,2026-04-03,3
9330,1,2026-04-03,7
9331,1,2026-04-03,6
9332,1,2026-04-03,6
9333,1,2026-04-03,7
9334,1,2026-04-03,5
9335,1,2026-04-04,3
9336,1,2026-04-04,5
9337,1,2026-04-04,5
9338,1,2026-04-04,2
9339,1,2026-04-04,8
9340,1,2026-04-04,7
9341,1,2026-04-04,2
9342,1,2026-04-04,5
9343,1,2026-04-04,5
9344,1,2026-04-04,4
9345,1,2026-04-04,7
9346,1,2026-04-04,4
9347,1,2026-04-04,6
9348,1,2026-04-04,5
9349,1,2026-04-04,6
9350,1,2026-04-04,8
9351,1,2026-04-04,3
9352,1,2026-04-04,2
9353,1,2026-04-04,3
9354,1,2026-04-04,6
9355,1,2026-04-04,3
9356,1,2026-04-04,2
9357,1,2026-04-04,2
9358,1,2026-04-04,4
9359,1,2026-04-04,8
9360,1,2026-04-04,4
9361,1,2026-04-04,3
9362,1,2026-04-04,7
9363,1,2026-04-04,4
9364,1,2026-04-04,2
9365,1,2026-04-04,2
9366,1,2026-04-04,8
9367,1,2026-04-04,2
9368,1,2026-04-04,7
9369,1,2026-04-04,2
9370,1,2026-04-04,5
9371,1,2026-04-04,8
9372,1,2026-04-04,5
9373,1,2026-04-04,4
9374,1,2026-04-04,6
9375,1,2026-04-04,8
9376,1,2026-04-04,4
9377,1,2026-04-04,6
9378,1,2026-04-04,2
9379,1,2026-04-04,4
9380,1,2026-04-04,3
9381,1,2026-04-04,2
9382,1,2026-04-04,8
9383,1,2026-04-04,8
9384,1,2026-04-04,3
9385,1,2026-04-04,6
9386,1,2026-04-04,3
9387,1,2026-04-04,8
9388,1,2026-04-04,6
9389,1,2026-04-04,3
9390,1,2026-04-04,2
9391,1,2026-04-04,7
9392,1,2026-04-04,5
9393,1,2026-04-04,3
9394,1,2026-04-04,5
9395,1,2026-04-04,4
9396,1,2026-04-04,3
9397,1,2026-04-04,3
9398,1,2026-04-04,8
9399,1,2026-04-04,2
9400,1,2026-04-04,7
9401,1,2026-04-04,7
9402,1,2026-04-04,8
9403,1,2026-04-04,5
9404,1,2026-04-04,3
9405,1,2026-04-04,3
9406,1,2026-04-04,3
9407,1,2026-04-04,5
9408,1,2026-04-04,4
9409,1,2026-04-04,8
9410,1,2026-04-04,7
9411,1,2026-04-04,7
9412,1,2026-04-04,7
9413,1,2026-04-04,4
9414,1,2026-04-04,7
9415,1,2026-04-04,8
9416,1,2026-04-04,4
9417,1,2026-04-04,5
9418,1,2026-04-04,7
9419,1,2026-04-04,8
9420,1,2026-04-04,5
9421,1,2026-04-04,8
9422,1,2026-04-04,2
9423,1,2026-04-04,7
9424,1,2026-04-04,7
9425,1,2026-04-04,4
9426,1,2026-04-04,2
9427,1,2026-04-04,2
9428,1,2026-04-04,8
9429,1,2026-04-04,5
9430,1,2026-04-04,7
9431,1,2026-04-04,8
9432,1,2026-04-04,4
9433,1,2026-04-04,2
9434,1,2026-04-04,5
9435,1,2026-04-04,4
9436,1,2026-04-04,8
9437,1,2026-04-04,2
9438,1,2026-04-04,4
9439,1,2026-04-04,3
9440,1,2026-04-04,7
9441,1,2026-04-04,6
9442,1,2026-04-04,3
9443,1,2026-04-04,6
9444,1,2026-04-04,6
9445,1,2026-04-04,8
9446,1,2026-04-04,7
9447,1,2026-04-04,7
9448,1,2026-04-04,6
9449,1,2026-04-04,3
9450,1,2026-04-04,3
9451,1,2026-04-04,5
9452,1,2026-04-04,7
9453,1,2026-04-04,2
9454,1,2026-04-04,5
9455,1,2026-04-04,3
9456,1,2026-04-04,4
9457,1,2026-04-04,4
9458,1,2026-04-04,5
9459,1,2026-04-04,3
9460,1,2026-04-04,5
9461,1,2026-04-04,3
9462,1,2026-04-04,4
9463,1,2026-04-04,6
9464,1,2026-04-04,6
9465,1,2026-04-04,8
9466,1,2026-04-04,5
9467,1,2026-04-04,2
9468,1,2026-04-04,3
9469,1,2026-04-04,2
9470,1,2026-04-04,8
9471,1,2026-04-05,7
9472,1,2026-04-05,6
9473,1,2026-04-05,2
9474,1,2026-04-05,7
9475,1,2026-04-05,2
9476,1,2026-04-05,8
9477,1,2026-04-05,7
9478,1,2026-04-05,5
9479,1,2026-04-05,2
9480,1,2026-04-05,7
9481,1,2026-04-05,5
9482,1,2026-04-05,8
9483,1,2026-04-05,7
9484,1,2026-04-05,7
9485,1,2026-04-05,4
9486,1,2026-04-05,3
9487,1,2026-04-05,7
9488,1,2026-04-05,8
9489,1,2026-04-05,7
9490,1,2026-04-05,2
9491,1,2026-04-05,2
9492,1,2026-04-05,5
9493,1,2026-04-05,7
9494,1,2026-04-05,6
9495,1,2026-04-05,8
9496,1,2026-04-05,3
9497,1,2026-04-05,6
9498,1,2026-04-05,6
9499,1,2026-04-05,4
9500,1,2026-04-05,5
9501,1,2026-04-05,3
9502,1,2026-04-05,5
9503,1,2026-04-05,2
9504,1,2026-04-05,5
9505,1,2026-04-05,2
9506,1,2026-04-05,7
9507,1,2026-04-05,3
9508,1,2026-04-05,6
9509,1,2026-04-05,3
9510,1,2026-04-05,7
9511,1,2026-04-05,4
9512,1,2026-04-05,8
9513,1,2026-04-05,7
9514,1,2026-04-05,2
9515,1,2026-04-05,8
9516,1,2026-04-05,8
9517,1,2026-04-05,4
9518,1,2026-04-05,2
9519,1,2026-04-05,8
9520,1,2026-04-05,2
9521,1,2026-04-05,8
9522,1,2026-04-05,4
9523,1,2026-04-05,3
9524,1,2026-04-05,7
9525,1,2026-04-05,5
9526,1,2026-04-05,5
9527,1,2026-04-05,7
9528,1,2026-04-05,8
9529,1,2026-04-05,2
9530,1,2026-04-05,5
9531,1,2026-04-05,5
9532,1,2026-04-05,4
9533,1,2026-04-05,8
9534,1,2026-04-05,3
9535,1,2026-04-05,2
9536,1,2026-04-05,4
9537,1,2026-04-05,5
9538,1,2026-04-05,4
9539,1,2026-04-05,5
9540,1,2026-04-05,7
9541,1,2026-04-05,7
9542,1,2026-04-05,7
9543,1,2026-04-05,8
9544,1,2026-04-05,5
9545,1,2026-04-05,4
9546,1,2026-04-05,7
9547,1,2026-04-05,8
9548,1,2026-04-05,5
9549,1,2026-04-05,2
9550,1,2026-04-05,6
9551,1,2026-04-05,2
9552,1,2026-04-05,4
9553,1,2026-04-05,8
9554,1,2026-04-05,8
9555,1,2026-04-05,2
9556,1,2026-04-05,7
9557,1,2026-04-05,8
9558,1,2026-04-05,3
9559,1,2026-04-05,7
9560,1,2026-04-05,5
9561,1,2026-04-05,7
9562,1,2026-04-05,4
9563,1,2026-04-05,5
9564,1,2026-04-05,5
9565,1,2026-04-05,7
9566,1,2026-04-05,7
9567,1,2026-04-05,2
9568,1,2026-04-05,7
9569,1,2026-04-05,8
9570,1,2026-04-05,8
9571,1,2026-04-05,4
9572,1,2026-04-05,5
9573,1,2026-04-05,5
9574,1,2026-04-05,2
9575,1,2026-04-05,3
9576,1,2026-04-05,5
9577,1,2026-04-05,5
9578,1,2026-04-05,7
9579,1,2026-04-05,7
9580,1,2026-04-05,6
9581,1,2026-04-05,3
9582,1,2026-04-05,2
9583,1,2026-04-05,2
9584,1,2026-04-05,2
9585,1,2026-04-05,7
9586,1,2026-04-05,8
9587,1,2026-04-05,3
9588,1,2026-04-05,5
9589,1,2026-04-05,4
9590,1,2026-04-05,7
9591,1,2026-04-05,8
9592,1,2026-04-05,7
9593,1,2026-04-05,7
9594,1,2026-04-05,4
9595,1,2026-04-05,2
9596,1,2026-04-05,8
9597,1,2026-04-05,3
9598,1,2026-04-05,8
9599,1,2026-04-05,7
9600,1,2026-04-05,8
9601,1,2026-04-05,4
9602,1,2026-04-05,5
9603,1,2026-04-05,2
9604,1,2026-04-05,4
9605,1,2026-04-05,8
9606,1,2026-04-05,8
9607,1,2026-04-05,7
9608,1,2026-04-06,3
9609,1,2026-04-06,5
9610,1,2026-04-06,4
9611,1,2026-04-06,5
9612,1,2026-04-06,7
9613,1,2026-04-06,7
9614,1,2026-04-06,6
9615,1,2026-04-06,3
9616,1,2026-04-06,3
9617,1,2026-04-06,5
9618,1,2026-04-06,8
9619,1,2026-04-06,6
9620,1,2026-04-06,2
9621,1,2026-04-06,5
9622,1,2026-04-06,3
9623,1,2026-04-06,7
9624,1,2026-04-06,3
9625,1,2026-04-06,4
9626,1,2026-04-06,7
9627,1,2026-04-06,3
9628,1,2026-04-06,2
9629,1,2026-04-06,6
9630,1,2026-04-06,4
9631,1,2026-04-06,2
9632,1,2026-04-06,2
9633,1,2026-04-06,2
9634,1,2026-04-06,3
9635,1,2026-04-06,2
9636,1,2026-04-06,5
9637,1,2026-04-06,7
9638,1,2026-04-06,8
9639,1,2026-04-06,8
9640,1,2026-04-06,5
9641,1,2026-04-06,6
9642,1,2026-04-06,7
9643,1,2026-04-06,4
9644,1,2026-04-06,8
9645,1,2026-04-06,8
9646,1,2026-04-06,4
9647,1,2026-04-06,3
9648,1,2026-04-06,3
9649,1,2026-04-06,8
9650,1,2026-04-06,6
9651,1,2026-04-06,5
9652,1,2026-04-06,2
9653,1,2026-04-06,7
9654,1,2026-04-06,5
9655,1,2026-04-06,3
9656,1,2026-04-06,8
9657,1,2026-04-06,4
9658,1,2026-04-06,5
9659,1,2026-04-06,6
9660,1,2026-04-06,8
9661,1,2026-04-06,2
9662,1,2026-04-06,7
9663,1,2026-04-06,2
9664,1,2026-04-06,7
9665,1,2026-04-06,6
9666,1,2026-04-06,8
9667,1,2026-04-06,3
9668,1,2026-04-06,3
9669,1,2026-04-07,7
9670,1,2026-04-07,3
9671,1,2026-04-07,6
9672,1,2026-04-07,6
9673,1,2026-04-07,3
9674,1,2026-04-07,5
9675,1,2026-04-07,3
9676,1,2026-04-07,3
9677,1,2026-04-07,7
9678,1,2026-04-07,8
9679,1,2026-04-07,6
9680,1,2026-04-07,3
9681,1,2026-04-07,8
9682,1,2026-04-07,3
9683,1,2026-04-07,7
9684,1,2026-04-07,8
9685,1,2026-04-07,8
9686,1,2026-04-07,4
9687,1,2026-04-07,2
9688,1,2026-04-07,3
9689,1,2026-04-07,4
9690,1,2026-04-07,3
9691,1,2026-04-07,5
9692,1,2026-04-07,4
9693,1,2026-04-07,2
9694,1,2026-04-07,4
9695,1,2026-04-07,8
9696,1,2026-04-07,8
9697,1,2026-04-07,3
9698,1,2026-04-07,4
9699,1,2026-04-07,2
9700,1,2026-04-07,2
9701,1,2026-04-07,6
9702,1,2026-04-07,5
9703,1,2026-04-07,6
9704,1,2026-04-07,2
9705,1,2026-04-07,7
9706,1,2026-04-07,4
9707,1,2026-04-07,6
9708,1,2026-04-07,8
9709,1,2026-04-07,3
9710,1,2026-04-07,8
9711,1,2026-04-07,7
9712,1,2026-04-07,5
9713,1,2026-04-07,2
9714,1,2026-04-07,5
9715,1,2026-04-07,8
9716,1,2026-04-07,7
9717,1,2026-04-07,3
9718,1,2026-04-07,4
9719,1,2026-04-07,2
9720,1,2026-04-07,7
9721,1,2026-04-07,6
9722,1,2026-04-07,4
9723,1,2026-04-07,2
9724,1,2026-04-07,2
9725,1,2026-04-07,4
9726,1,2026-04-07,2
9727,1,2026-04-07,4
9728,1,2026-04-07,4
9729,1,2026-04-07,3
9730,1,2026-04-07,5
9731,1,2026-04-07,3
9732,1,2026-04-07,6
9733,1,2026-04-07,3
9734,1,2026-04-07,8
9735,1,2026-04-07,2
9736,1,2026-04-07,5
9737,1,2026-04-07,5
9738,1,2026-04-07,8
9739,1,2026-04-07,3
9740,1,2026-04-07,8
9741,1,2026-04-07,2
9742,1,2026-04-07,4
9743,1,2026-04-07,3
9744,1,2026-04-07,5
9745,1,2026-04-07,3
9746,1,2026-04-07,8
9747,1,2026-04-07,2
9748,1,2026-04-07,3
9749,1,2026-04-07,5
9750,1,2026-04-07,7
9751,1,2026-04-07,4
9752,1,2026-04-07,3
9753,1,2026-04-08,8
9754,1,2026-04-08,3
9755,1,2026-04-08,6
9756,1,2026-04-08,4
9757,1,2026-04-08,7
9758,1,2026-04-08,7
9759,1,2026-04-08,8
9760,1,2026-04-08,6
9761,1,2026-04-08,5
9762,1,2026-04-08,5
9763,1,2026-04-08,5
9764,1,2026-04-08,3
9765,1,2026-04-08,4
9766,1,2026-04-08,5
9767,1,2026-04-08,5
9768,1,2026-04-08,7
9769,1,2026-04-08,5
9770,1,2026-04-08,4
9771,1,2026-04-08,7
9772,1,2026-04-08,5
9773,1,2026-04-08,7
9774,1,2026-04-08,5
9775,1,2026-04-08,5
9776,1,2026-04-08,5
9777,1,2026-04-08,8
9778,1,2026-04-08,6
9779,1,2026-04-08,8
9780,1,2026-04-08,4
9781,1,2026-04-08,3
9782,1,2026-04-08,2
9783,1,2026-04-08,2
9784,1,2026-04-08,3
9785,1,2026-04-08,7
9786,1,2026-04-08,5
9787,1,2026-04-08,4
9788,1,2026-04-08,6
9789,1,2026-04-08,6
9790,1,2026-04-08,5
9791,1,2026-04-08,6
9792,1,2026-04-08,3
9793,1,2026-04-08,3
9794,1,2026-04-08,8
9795,1,2026-04-08,2
9796,1,2026-04-08,7
9797,1,2026-04-08,2
9798,1,2026-04-08,3
9799,1,2026-04-08,3
9800,1,2026-04-08,5
9801,1,2026-04-08,4
9802,1,2026-04-08,8
9803,1,2026-04-08,8
9804,1,2026-04-08,7
9805,1,2026-04-08,7
9806,1,2026-04-08,6
9807,1,2026-04-08,7
9808,1,2026-04-08,6
9809,1,2026-04-08,6
9810,1,2026-04-08,8
9811,1,2026-04-08,6
9812,1,2026-04-08,3
9813,1,2026-04-08,2
9814,1,2026-04-08,8
9815,1,2026-04-08,8
9816,1,2026-04-08,5
9817,1,2026-04-08,8
9818,1,2026-04-08,3
9819,1,2026-04-08,2
9820,1,2026-04-08,7
9821,1,2026-04-08,2
9822,1,2026-04-08,3
9823,1,2026-04-08,7
9824,1,2026-04-08,8
9825,1,2026-04-08,3
9826,1,2026-04-08,4
9827,1,2026-04-08,6
9828,1,2026-04-08,5
9829,1,2026-04-08,2
9830,1,2026-04-08,3
9831,1,2026-04-08,8
9832,1,2026-04-08,4
9833,1,2026-04-08,3
9834,1,2026-04-08,2
9835,1,2026-04-08,5
9836,1,2026-04-08,6
9837,1,2026-04-08,8
9838,1,2026-04-08,2
9839,1,2026-04-08,6
9840,1,2026-04-08,6
9841,1,2026-04-08,4
9842,1,2026-04-09,8
9843,1,2026-04-09,8
9844,1,2026-04-09,5
9845,1,2026-04-09,5
9846,1,2026-04-09,3
9847,1,2026-04-09,4
9848,1,2026-04-09,4
9849,1,2026-04-09,4
9850,1,2026-04-09,6
9851,1,2026-04-09,3
9852,1,2026-04-09,3
9853,1,2026-04-09,4
9854,1,2026-04-09,4
9855,1,2026-04-09,3
9856,1,2026-04-09,8
9857,1,2026-04-09,6
9858,1,2026-04-09,2
9859,1,2026-04-09,7
9860,1,2026-04-09,4
9861,1,2026-04-09,8
9862,1,2026-04-09,4
9863,1,2026-04-09,7
9864,1,2026-04-09,2
9865,1,2026-04-09,7
9866,1,2026-04-09,2
9867,1,2026-04-09,8
9868,1,2026-04-09,2
9869,1,2026-04-09,4
9870,1,2026-04-09,8
9871,1,2026-04-09,2
9872,1,2026-04-09,2
9873,1,2026-04-09,8
9874,1,2026-04-09,4
9875,1,2026-04-09,6
9876,1,2026-04-09,5
9877,1,2026-04-09,2
9878,1,2026-04-09,7
9879,1,2026-04-09,5
9880,1,2026-04-09,7
9881,1,2026-04-09,6
9882,1,2026-04-09,7
9883,1,2026-04-09,5
9884,1,2026-04-09,8
9885,1,2026-04-09,6
9886,1,2026-04-09,3
9887,1,2026-04-09,4
9888,1,2026-04-09,2
9889,1,2026-04-09,6
9890,1,2026-04-09,3
9891,1,2026-04-09,4
9892,1,2026-04-09,5
9893,1,2026-04-09,7
9894,1,2026-04-09,5
9895,1,2026-04-09,4
9896,1,2026-04-09,8
9897,1,2026-04-09,3
9898,1,2026-04-09,6
9899,1,2026-04-09,5
9900,1,2026-04-09,6
9901,1,2026-04-09,5
9902,1,2026-04-09,4
9903,1,2026-04-09,6
9904,1,2026-04-09,3
9905,1,2026-04-09,7
9906,1,2026-04-09,5
9907,1,2026-04-09,8
9908,1,2026-04-09,2
9909,1,2026-04-09,8
9910,1,2026-04-09,2
9911,1,2026-04-09,6
9912,1,2026-04-09,8
9913,1,2026-04-09,4
9914,1,2026-04-09,5
9915,1,2026-04-09,6
9916,1,2026-04-09,8
9917,1,2026-04-09,7
9918,1,2026-04-09,8
9919,1,2026-04-09,7
9920,1,2026-04-09,4
9921,1,2026-04-09,6
9922,1,2026-04-09,6
9923,1,2026-04-09,2
9924,1,2026-04-09,3
9925,1,2026-04-09,8
9926,1,2026-04-09,3
9927,1,2026-04-09,5
9928,1,2026-04-09,8
9929,1,2026-04-09,3
9930,1,2026-04-09,4
9931,1,2026-04-09,8
9932,1,2026-04-09,4
9933,1,2026-04-09,7
9934,1,2026-04-09,2
9935,1,2026-04-09,6
9936,1,2026-04-09,8
9937,1,2026-04-09,6
9938,1,2026-04-09,5
9939,1,2026-04-09,3
9940,1,2026-04-09,5
9941,1,2026-04-09,2
9942,1,2026-04-09,4
9943,1,2026-04-09,6
9944,1,2026-04-09,7
9945,1,2026-04-09,4
9946,1,2026-04-10,8
9947,1,2026-04-10,5
9948,1,2026-04-10,4
9949,1,2026-04-10,3
9950,1,2026-04-10,3
9951,1,2026-04-10,5
9952,1,2026-04-10,3
9953,1,2026-04-10,8
9954,1,2026-04-10,2
9955,1,2026-04-10,4
9956,1,2026-04-10,2
9957,1,2026-04-10,4
9958,1,2026-04-10,4
9959,1,2026-04-10,5
9960,1,2026-04-10,4
9961,1,2026-04-10,5
9962,1,2026-04-10,6
9963,1,2026-04-10,6
9964,1,2026-04-10,3
9965,1,2026-04-10,5
9966,1,2026-04-10,2
9967,1,2026-04-10,7
9968,1,2026-04-10,6
9969,1,2026-04-10,7
9970,1,2026-04-10,8
9971,1,2026-04-10,7
9972,1,2026-04-10,7
9973,1,2026-04-10,7
9974,1,2026-04-10,4
9975,1,2026-04-10,4
9976,1,2026-04-10,5
9977,1,2026-04-10,3
9978,1,2026-04-10,3
9979,1,2026-04-10,3
9980,1,2026-04-10,4
9981,1,2026-04-10,4
9982,1,2026-04-10,7
9983,1,2026-04-10,3
9984,1,2026-04-10,3
9985,1,2026-04-10,4
9986,1,2026-04-10,8
9987,1,2026-04-10,2
9988,1,2026-04-10,2
9989,1,2026-04-10,6
9990,1,2026-04-10,5
9991,1,2026-04-10,5
9992,1,2026-04-10,5
9993,1,2026-04-10,6
9994,1,2026-04-10,6
9995,1,2026-04-10,5
9996,1,2026-04-10,2
9997,1,2026-04-10,3
9998,1,2026-04-10,4
9999,1,2026-04-10,2
10000,1,2026-04-10,3
10001,1,2026-04-10,7
10002,1,2026-04-10,8
10003,1,2026-04-10,6
10004,1,2026-04-10,3
10005,1,2026-04-10,3
10006,1,2026-04-10,3
10007,1,2026-04-10,3
10008,1,2026-04-10,4
10009,1,2026-04-10,7
10010,1,2026-04-10,6
10011,1,2026-04-10,3
10012,1,2026-04-10,7
10013,1,2026-04-10,4
10014,1,2026-04-10,6
10015,1,2026-04-10,2
10016,1,2026-04-10,8
10017,1,2026-04-10,4
10018,1,2026-04-10,5
10019,1,2026-04-10,5
10020,1,2026-04-10,5
10021,1,2026-04-10,4
10022,1,2026-04-10,7
10023,1,2026-04-10,6
10024,1,2026-04-10,5
10025,1,2026-04-10,4
10026,1,2026-04-10,3
10027,1,2026-04-10,6
10028,1,2026-04-10,5
10029,1,2026-04-10,6
10030,1,2026-04-10,7
10031,1,2026-04-10,7
10032,1,2026-04-10,2
10033,1,2026-04-10,6
10034,1,2026-04-10,4
10035,1,2026-04-10,6
10036,1,2026-04-10,3
10037,1,2026-04-10,8
10038,1,2026-04-10,8
10039,1,2026-04-10,2
10040,1,2026-04-10,2
10041,1,2026-04-10,6
10042,1,2026-04-10,3
10043,1,2026-04-10,3
10044,1,2026-04-10,2
10045,1,2026-04-10,6
10046,1,2026-04-10,7
10047,1,2026-04-10,2
10048,1,2026-04-10,2
10049,1,2026-04-10,2
10050,1,2026-04-10,5
10051,1,2026-04-10,7
10052,1,2026-04-10,4
10053,1,2026-04-10,6
10054,1,2026-04-10,4
10055,1,2026-04-10,8
10056,1,2026-04-10,5
10057,1,2026-04-10,7
10058,1,2026-04-10,4
10059,1,2026-04-10,4
10060,1,2026-04-10,3
10061,1,2026-04-10,3
10062,1,2026-04-10,7
10063,1,2026-04-10,6
10064,1,2026-04-10,4
10065,1,2026-04-10,5
10066,1,2026-04-11,7
10067,1,2026-04-11,3
10068,1,2026-04-11,7
10069,1,2026-04-11,2
10070,1,2026-04-11,6
10071,1,2026-04-11,6
10072,1,2026-04-11,6
10073,1,2026-04-11,2
10074,1,2026-04-11,6
10075,1,2026-04-11,7
10076,1,2026-04-11,2
10077,1,2026-04-11,7
10078,1,2026-04-11,2
10079,1,2026-04-11,3
10080,1,2026-04-11,3
10081,1,2026-04-11,5
10082,1,2026-04-11,4
10083,1,2026-04-11,6
10084,1,2026-04-11,7
10085,1,2026-04-11,2
10086,1,2026-04-11,3
10087,1,2026-04-11,4
10088,1,2026-04-11,4
10089,1,2026-04-11,8
10090,1,2026-04-11,8
10091,1,2026-04-11,5
10092,1,2026-04-11,8
10093,1,2026-04-11,7
10094,1,2026-04-11,6
10095,1,2026-04-11,2
10096,1,2026-04-11,7
10097,1,2026-04-11,4
10098,1,2026-04-11,2
10099,1,2026-04-11,4
10100,1,2026-04-11,4
10101,1,2026-04-11,7
10102,1,2026-04-11,5
10103,1,2026-04-11,4
10104,1,2026-04-11,7
10105,1,2026-04-11,2
10106,1,2026-04-11,7
10107,1,2026-04-11,6
10108,1,2026-04-11,7
10109,1,2026-04-11,3
10110,1,2026-04-11,4
10111,1,2026-04-11,7
10112,1,2026-04-11,5
10113,1,2026-04-11,8
10114,1,2026-04-11,3
10115,1,2026-04-11,4
10116,1,2026-04-11,8
10117,1,2026-04-11,7
10118,1,2026-04-11,2
10119,1,2026-04-11,3
10120,1,2026-04-11,6
10121,1,2026-04-11,6
10122,1,2026-04-11,8
10123,1,2026-04-11,3
10124,1,2026-04-11,7
10125,1,2026-04-11,4
10126,1,2026-04-11,3
10127,1,2026-04-11,5
10128,1,2026-04-11,7
10129,1,2026-04-11,3
10130,1,2026-04-11,4
10131,1,2026-04-11,6
10132,1,2026-04-11,6
10133,1,2026-04-11,5
10134,1,2026-04-11,2
10135,1,2026-04-11,8
10136,1,2026-04-11,4
10137,1,2026-04-11,4
10138,1,2026-04-11,5
10139,1,2026-04-11,5
10140,1,2026-04-11,8
10141,1,2026-04-11,8
10142,1,2026-04-11,5
10143,1,2026-04-11,8
10144,1,2026-04-11,4
10145,1,2026-04-11,8
10146,1,2026-04-11,5
10147,1,2026-04-11,8
10148,1,2026-04-11,2
10149,1,2026-04-11,2
10150,1,2026-04-11,4
10151,1,2026-04-11,5
10152,1,2026-04-11,2
10153,1,2026-04-11,6
10154,1,2026-04-11,8
10155,1,2026-04-11,3
10156,1,2026-04-11,2
10157,1,2026-04-11,7
10158,1,2026-04-11,3
10159,1,2026-04-11,7
10160,1,2026-04-11,5
10161,1,2026-04-11,8
10162,1,2026-04-11,2
10163,1,2026-04-11,7
10164,1,2026-04-11,8
10165,1,2026-04-11,7
10166,1,2026-04-11,5
10167,1,2026-04-11,8
10168,1,2026-04-11,7
10169,1,2026-04-11,8
10170,1,2026-04-11,6
10171,1,2026-04-11,4
10172,1,2026-04-11,4
10173,1,2026-04-11,2
10174,1,2026-04-11,6
10175,1,2026-04-11,2
10176,1,2026-04-11,3
10177,1,2026-04-11,2
10178,1,2026-04-11,7
10179,1,2026-04-11,8
10180,1,2026-04-11,7
10181,1,2026-04-11,5
10182,1,2026-04-11,3
10183,1,2026-04-11,2
10184,1,2026-04-11,7
10185,1,2026-04-11,2
10186,1,2026-04-11,8
10187,1,2026-04-11,3
10188,1,2026-04-11,3
10189,1,2026-04-11,4
10190,1,2026-04-11,3
10191,1,2026-04-11,2
10192,1,2026-04-11,8
10193,1,2026-04-11,5
10194,1,2026-04-11,5
10195,1,2026-04-11,7
10196,1,2026-04-11,3
10197,1,2026-04-11,7
10198,1,2026-04-11,8
10199,1,2026-04-11,4
10200,1,2026-04-12,6
10201,1,2026-04-12,7
10202,1,2026-04-12,3
10203,1,2026-04-12,5
10204,1,2026-04-12,8
10205,1,2026-04-12,8
10206,1,2026-04-12,3
10207,1,2026-04-12,7
10208,1,2026-04-12,2
10209,1,2026-04-12,2
10210,1,2026-04-12,3
10211,1,2026-04-12,8
10212,1,2026-04-12,2
10213,1,2026-04-12,4
10214,1,2026-04-12,4
10215,1,2026-04-12,2
10216,1,2026-04-12,8
10217,1,2026-04-12,6
10218,1,2026-04-12,6
10219,1,2026-04-12,8
10220,1,2026-04-12,4
10221,1,2026-04-12,3
10222,1,2026-04-12,7
10223,1,2026-04-12,4
10224,1,2026-04-12,8
10225,1,2026-04-12,6
10226,1,2026-04-12,2
10227,1,2026-04-12,6
10228,1,2026-04-12,3
10229,1,2026-04-12,4
10230,1,2026-04-12,5
10231,1,2026-04-12,6
10232,1,2026-04-12,3
10233,1,2026-04-12,8
10234,1,2026-04-12,3
10235,1,2026-04-12,6
10236,1,2026-04-12,4
10237,1,2026-04-12,4
10238,1,2026-04-12,2
10239,1,2026-04-12,4
10240,1,2026-04-12,5
10241,1,2026-04-12,2
10242,1,2026-04-12,5
10243,1,2026-04-12,8
10244,1,2026-04-12,2
10245,1,2026-04-12,2
10246,1,2026-04-12,7
10247,1,2026-04-12,6
10248,1,2026-04-12,4
10249,1,2026-04-12,5
10250,1,2026-04-12,3
10251,1,2026-04-12,3
10252,1,2026-04-12,7
10253,1,2026-04-12,3
10254,1,2026-04-12,7
10255,1,2026-04-12,4
10256,1,2026-04-12,7
10257,1,2026-04-12,8
10258,1,2026-04-12,6
10259,1,2026-04-12,4
10260,1,2026-04-12,5
10261,1,2026-04-12,3
10262,1,2026-04-12,4
10263,1,2026-04-12,7
10264,1,2026-04-12,5
10265,1,2026-04-12,7
10266,1,2026-04-12,3
10267,1,2026-04-12,4
10268,1,2026-04-12,3
10269,1,2026-04-12,3
10270,1,2026-04-12,3
10271,1,2026-04-12,4
10272,1,2026-04-12,3
10273,1,2026-04-12,7
10274,1,2026-04-12,4
10275,1,2026-04-12,3
10276,1,2026-04-12,3
10277,1,2026-04-12,8
10278,1,2026-04-12,2
10279,1,2026-04-12,7
10280,1,2026-04-12,7
10281,1,2026-04-12,7
10282,1,2026-04-12,8
10283,1,2026-04-12,5
10284,1,2026-04-12,8
10285,1,2026-04-12,8
10286,1,2026-04-12,5
10287,1,2026-04-12,6
10288,1,2026-04-12,4
10289,1,2026-04-12,8
10290,1,2026-04-12,8
10291,1,2026-04-12,7
10292,1,2026-04-12,5
10293,1,2026-04-12,5
10294,1,2026-04-12,5
10295,1,2026-04-12,7
10296,1,2026-04-12,8
10297,1,2026-04-12,6
10298,1,2026-04-12,5
10299,1,2026-04-12,8
10300,1,2026-04-12,4
10301,1,2026-04-12,5
10302,1,2026-04-12,8
10303,1,2026-04-12,2
10304,1,2026-04-12,7
10305,1,2026-04-12,4
10306,1,2026-04-12,7
10307,1,2026-04-12,4
10308,1,2026-04-12,8
10309,1,2026-04-12,3
10310,1,2026-04-12,5
10311,1,2026-04-12,7
10312,1,2026-04-12,4
10313,1,2026-04-12,3
10314,1,2026-04-12,8
10315,1,2026-04-12,8
10316,1,2026-04-12,3
10317,1,2026-04-13,4
10318,1,2026-04-13,4
10319,1,2026-04-13,7
10320,1,2026-04-13,7
10321,1,2026-04-13,7
10322,1,2026-04-13,5
10323,1,2026-04-13,4
10324,1,2026-04-13,4
10325,1,2026-04-13,7
10326,1,2026-04-13,6
10327,1,2026-04-13,3
10328,1,2026-04-13,2
10329,1,2026-04-13,6
10330,1,2026-04-13,5
10331,1,2026-04-13,4
10332,1,2026-04-13,7
10333,1,2026-04-13,3
10334,1,2026-04-13,8
10335,1,2026-04-13,6
10336,1,2026-04-13,6
10337,1,2026-04-13,3
10338,1,2026-04-13,8
10339,1,2026-04-13,4
10340,1,2026-04-13,5
10341,1,2026-04-13,3
10342,1,2026-04-13,6
10343,1,2026-04-13,3
10344,1,2026-04-13,5
10345,1,2026-04-13,5
10346,1,2026-04-13,7
10347,1,2026-04-13,6
10348,1,2026-04-13,8
10349,1,2026-04-13,4
10350,1,2026-04-13,3
10351,1,2026-04-13,4
10352,1,2026-04-13,3
10353,1,2026-04-13,3
10354,1,2026-04-13,2
10355,1,2026-04-13,7
10356,1,2026-04-13,3
10357,1,2026-04-13,3
10358,1,2026-04-13,4
10359,1,2026-04-13,5
10360,1,2026-04-13,6
10361,1,2026-04-13,2
10362,1,2026-04-13,3
10363,1,2026-04-13,5
10364,1,2026-04-13,3
10365,1,2026-04-13,8
10366,1,2026-04-13,5
10367,1,2026-04-13,4
10368,1,2026-04-13,6
10369,1,2026-04-13,6
10370,1,2026-04-13,3
10371,1,2026-04-13,4
10372,1,2026-04-13,2
10373,1,2026-04-13,3
10374,1,2026-04-13,3
10375,1,2026-04-13,8
10376,1,2026-04-13,4
10377,1,2026-04-13,6
10378,1,2026-04-13,4
10379,1,2026-04-13,3
10380,1,2026-04-13,7
10381,1,2026-04-13,2
10382,1,2026-04-13,7
10383,1,2026-04-13,7
10384,1,2026-04-13,5
10385,1,2026-04-13,4
10386,1,2026-04-13,2
10387,1,2026-04-13,2
10388,1,2026-04-13,8
10389,1,2026-04-13,3
10390,1,2026-04-13,7
10391,1,2026-04-13,7
10392,1,2026-04-13,4
10393,1,2026-04-13,6
10394,1,2026-04-13,2
10395,1,2026-04-13,5
10396,1,2026-04-13,3
10397,1,2026-04-13,6
10398,1,2026-04-13,3
10399,1,2026-04-13,7
10400,1,2026-04-13,6
10401,1,2026-04-13,7
10402,1,2026-04-13,4
10403,1,2026-04-13,6
10404,1,2026-04-13,2
10405,1,2026-04-13,3
10406,1,2026-04-13,5
10407,1,2026-04-13,4
10408,1,2026-04-13,7
10409,1,2026-04-13,5
10410,1,2026-04-13,3
10411,1,2026-04-14,2
10412,1,2026-04-14,7
10413,1,2026-04-14,5
10414,1,2026-04-14,5
10415,1,2026-04-14,2
10416,1,2026-04-14,3
10417,1,2026-04-14,2
10418,1,2026-04-14,2
10419,1,2026-04-14,2
10420,1,2026-04-14,7
10421,1,2026-04-14,7
10422,1,2026-04-14,6
10423,1,2026-04-14,3
10424,1,2026-04-14,3
10425,1,2026-04-14,7
10426,1,2026-04-14,3
10427,1,2026-04-14,7
10428,1,2026-04-14,5
10429,1,2026-04-14,2
10430,1,2026-04-14,6
10431,1,2026-04-14,2
10432,1,2026-04-14,7
10433,1,2026-04-14,7
10434,1,2026-04-14,8
10435,1,2026-04-14,2
10436,1,2026-04-14,8
10437,1,2026-04-14,7
10438,1,2026-04-14,5
10439,1,2026-04-14,7
10440,1,2026-04-14,8
10441,1,2026-04-14,8
10442,1,2026-04-14,8
10443,1,2026-04-14,5
10444,1,2026-04-14,2
10445,1,2026-04-14,8
10446,1,2026-04-14,3
10447,1,2026-04-14,7
10448,1,2026-04-14,5
10449,1,2026-04-14,7
10450,1,2026-04-14,7
10451,1,2026-04-14,7
10452,1,2026-04-14,8
10453,1,2026-04-14,7
10454,1,2026-04-14,8
10455,1,2026-04-14,8
10456,1,2026-04-14,6
10457,1,2026-04-14,4
10458,1,2026-04-14,3
10459,1,2026-04-14,5
10460,1,2026-04-14,7
10461,1,2026-04-14,5
10462,1,2026-04-14,3
10463,1,2026-04-14,4
10464,1,2026-04-14,2
10465,1,2026-04-14,3
10466,1,2026-04-14,6
10467,1,2026-04-14,8
10468,1,2026-04-14,7
10469,1,2026-04-14,7
10470,1,2026-04-14,3
10471,1,2026-04-14,4
10472,1,2026-04-14,5
10473,1,2026-04-14,8
10474,1,2026-04-14,5
10475,1,2026-04-14,7
10476,1,2026-04-14,4
10477,1,2026-04-14,7
10478,1,2026-04-14,3
10479,1,2026-04-14,5
10480,1,2026-04-14,4
10481,1,2026-04-14,3
10482,1,2026-04-14,4
10483,1,2026-04-14,3
10484,1,2026-04-14,3
10485,1,2026-04-14,8
10486,1,2026-04-14,3
10487,1,2026-04-15,8
10488,1,2026-04-15,8
10489,1,2026-04-15,4
10490,1,2026-04-15,8
10491,1,2026-04-15,3
10492,1,2026-04-15,5
10493,1,2026-04-15,2
10494,1,2026-04-15,4
10495,1,2026-04-15,8
10496,1,2026-04-15,8
10497,1,2026-04-15,3
10498,1,2026-04-15,4
10499,1,2026-04-15,6
10500,1,2026-04-15,2
10501,1,2026-04-15,6
10502,1,2026-04-15,3
10503,1,2026-04-15,6
10504,1,2026-04-15,4
10505,1,2026-04-15,5
10506,1,2026-04-15,7
10507,1,2026-04-15,7
10508,1,2026-04-15,7
10509,1,2026-04-15,6
10510,1,2026-04-15,7
10511,1,2026-04-15,6
10512,1,2026-04-15,5
10513,1,2026-04-15,5
10514,1,2026-04-15,5
10515,1,2026-04-15,4
10516,1,2026-04-15,6
10517,1,2026-04-15,7
10518,1,2026-04-15,5
10519,1,2026-04-15,5
10520,1,2026-04-15,2
10521,1,2026-04-15,3
10522,1,2026-04-15,5
10523,1,2026-04-15,4
10524,1,2026-04-15,2
10525,1,2026-04-15,2
10526,1,2026-04-15,4
10527,1,2026-04-15,6
10528,1,2026-04-15,4
10529,1,2026-04-15,7
10530,1,2026-04-15,6
10531,1,2026-04-15,4
10532,1,2026-04-15,3
10533,1,2026-04-15,2
10534,1,2026-04-15,6
10535,1,2026-04-15,4
10536,1,2026-04-15,4
10537,1,2026-04-15,2
10538,1,2026-04-15,7
10539,1,2026-04-15,3
10540,1,2026-04-15,4
10541,1,2026-04-15,6
10542,1,2026-04-15,2
10543,1,2026-04-15,5
10544,1,2026-04-15,2
10545,1,2026-04-15,2
10546,1,2026-04-15,5
10547,1,2026-04-15,2
10548,1,2026-04-15,5
10549,1,2026-04-15,5
10550,1,2026-04-15,7
10551,1,2026-04-15,8
10552,1,2026-04-15,8
10553,1,2026-04-15,7
10554,1,2026-04-15,2
10555,1,2026-04-15,5
10556,1,2026-04-15,8
10557,1,2026-04-15,6
10558,1,2026-04-15,5
10559,1,2026-04-15,6
10560,1,2026-04-15,6
10561,1,2026-04-15,3
10562,1,2026-04-15,2
10563,1,2026-04-15,4
10564,1,2026-04-15,7
10565,1,2026-04-15,6
10566,1,2026-04-15,6
10567,1,2026-04-15,3
10568,1,2026-04-15,8
10569,1,2026-04-15,2
10570,1,2026-04-15,3
10571,1,2026-04-15,8
10572,1,2026-04-15,7
10573,1,2026-04-15,5
10574,1,2026-04-15,4
10575,1,2026-04-15,5
10576,1,2026-04-15,7
10577,1,2026-04-15,4
10578,1,2026-04-15,5
10579,1,2026-04-15,3
10580,1,2026-04-16,2
10581,1,2026-04-16,7
10582,1,2026-04-16,8
10583,1,2026-04-16,2
10584,1,2026-04-16,3
10585,1,2026-04-16,5
10586,1,2026-04-16,8
10587,1,2026-04-16,4
10588,1,2026-04-16,6
10589,1,2026-04-16,5
10590,1,2026-04-16,7
10591,1,2026-04-16,4
10592,1,2026-04-16,3
10593,1,2026-04-16,8
10594,1,2026-04-16,5
10595,1,2026-04-16,2
10596,1,2026-04-16,2
10597,1,2026-04-16,6
10598,1,2026-04-16,7
10599,1,2026-04-16,6
10600,1,2026-04-16,7
10601,1,2026-04-16,5
10602,1,2026-04-16,4
10603,1,2026-04-16,5
10604,1,2026-04-16,2
10605,1,2026-04-16,8
10606,1,2026-04-16,2
10607,1,2026-04-16,5
10608,1,2026-04-16,8
10609,1,2026-04-16,6
10610,1,2026-04-16,3
10611,1,2026-04-16,3
10612,1,2026-04-16,8
10613,1,2026-04-16,4
10614,1,2026-04-16,2
10615,1,2026-04-16,5
10616,1,2026-04-16,3
10617,1,2026-04-16,4
10618,1,2026-04-16,5
10619,1,2026-04-16,7
10620,1,2026-04-16,7
10621,1,2026-04-16,8
10622,1,2026-04-16,3
10623,1,2026-04-16,4
10624,1,2026-04-16,2
10625,1,2026-04-16,5
10626,1,2026-04-16,2
10627,1,2026-04-16,7
10628,1,2026-04-16,3
10629,1,2026-04-16,8
10630,1,2026-04-16,6
10631,1,2026-04-16,5
10632,1,2026-04-16,4
10633,1,2026-04-16,7
10634,1,2026-04-16,6
10635,1,2026-04-16,2
10636,1,2026-04-16,3
10637,1,2026-04-16,2
10638,1,2026-04-16,7
10639,1,2026-04-16,2
10640,1,2026-04-16,6
10641,1,2026-04-16,3
10642,1,2026-04-16,7
10643,1,2026-04-16,2
10644,1,2026-04-16,8
10645,1,2026-04-16,4
10646,1,2026-04-16,6
10647,1,2026-04-16,8
10648,1,2026-04-16,5
10649,1,2026-04-16,6
10650,1,2026-04-16,6
10651,1,2026-04-16,7
10652,1,2026-04-16,4
10653,1,2026-04-16,8
10654,1,2026-04-16,5
10655,1,2026-04-16,7
10656,1,2026-04-16,6
10657,1,2026-04-16,8
10658,1,2026-04-16,7
10659,1,2026-04-16,2
10660,1,2026-04-16,4
10661,1,2026-04-16,6
10662,1,2026-04-16,3
10663,1,2026-04-16,2
10664,1,2026-04-16,5
10665,1,2026-04-16,4
10666,1,2026-04-16,4
10667,1,2026-04-16,8
10668,1,2026-04-16,6
10669,1,2026-04-16,3
10670,1,2026-04-16,4
10671,1,2026-04-16,5
10672,1,2026-04-16,6
10673,1,2026-04-16,3
10674,1,2026-04-16,6
10675,1,2026-04-16,8
10676,1,2026-04-16,3
10677,1,2026-04-16,4
10678,1,2026-04-16,6
10679,1,2026-04-16,5
10680,1,2026-04-16,8
10681,1,2026-04-16,7
10682,1,2026-04-16,6
10683,1,2026-04-16,7
10684,1,2026-04-16,2
10685,1,2026-04-16,3
10686,1,2026-04-16,6
10687,1,2026-04-16,7
10688,1,2026-04-16,6
10689,1,2026-04-16,3
10690,1,2026-04-16,4
10691,1,2026-04-16,8
10692,1,2026-04-16,6
10693,1,2026-04-16,8
10694,1,2026-04-16,7
10695,1,2026-04-17,6
10696,1,2026-04-17,5
10697,1,2026-04-17,5
10698,1,2026-04-17,3
10699,1,2026-04-17,2
10700,1,2026-04-17,4
10701,1,2026-04-17,8
10702,1,2026-04-17,6
10703,1,2026-04-17,2
10704,1,2026-04-17,6
10705,1,2026-04-17,4
10706,1,2026-04-17,7
10707,1,2026-04-17,6
10708,1,2026-04-17,6
10709,1,2026-04-17,3
10710,1,2026-04-17,6
10711,1,2026-04-17,8
10712,1,2026-04-17,2
10713,1,2026-04-17,5
10714,1,2026-04-17,7
10715,1,2026-04-17,5
10716,1,2026-04-17,5
10717,1,2026-04-17,2
10718,1,2026-04-17,7
10719,1,2026-04-17,3
10720,1,2026-04-17,7
10721,1,2026-04-17,2
10722,1,2026-04-17,6
10723,1,2026-04-17,7
10724,1,2026-04-17,4
10725,1,2026-04-17,7
10726,1,2026-04-17,4
10727,1,2026-04-17,8
10728,1,2026-04-17,8
10729,1,2026-04-17,2
10730,1,2026-04-17,5
10731,1,2026-04-17,5
10732,1,2026-04-17,6
10733,1,2026-04-17,3
10734,1,2026-04-17,5
10735,1,2026-04-17,3
10736,1,2026-04-17,7
10737,1,2026-04-17,3
10738,1,2026-04-17,8
10739,1,2026-04-17,7
10740,1,2026-04-17,8
10741,1,2026-04-17,7
10742,1,2026-04-17,3
10743,1,2026-04-17,6
10744,1,2026-04-17,2
10745,1,2026-04-17,2
10746,1,2026-04-17,6
10747,1,2026-04-17,2
10748,1,2026-04-17,6
10749,1,2026-04-17,3
10750,1,2026-04-17,8
10751,1,2026-04-17,5
10752,1,2026-04-17,7
10753,1,2026-04-17,2
10754,1,2026-04-17,7
10755,1,2026-04-17,6
10756,1,2026-04-17,4
10757,1,2026-04-17,7
10758,1,2026-04-17,7
10759,1,2026-04-17,2
10760,1,2026-04-17,2
10761,1,2026-04-17,5
10762,1,2026-04-17,4
10763,1,2026-04-17,2
10764,1,2026-04-17,2
10765,1,2026-04-17,7
10766,1,2026-04-17,2
10767,1,2026-04-17,3
10768,1,2026-04-17,2
10769,1,2026-04-17,3
10770,1,2026-04-17,7
10771,1,2026-04-17,7
10772,1,2026-04-17,6
10773,1,2026-04-17,6
10774,1,2026-04-17,8
10775,1,2026-04-17,4
10776,1,2026-04-17,8
10777,1,2026-04-17,2
10778,1,2026-04-17,2
10779,1,2026-04-17,6
10780,1,2026-04-17,3
10781,1,2026-04-17,4
10782,1,2026-04-17,3
10783,1,2026-04-17,3
10784,1,2026-04-17,2
10785,1,2026-04-17,7
10786,1,2026-04-17,2
10787,1,2026-04-17,7
10788,1,2026-04-17,8
10789,1,2026-04-17,7
10790,1,2026-04-17,3
10791,1,2026-04-17,5
10792,1,2026-04-17,5
10793,1,2026-04-17,4
10794,1,2026-04-17,2
10795,1,2026-04-17,4
10796,1,2026-04-17,3
10797,1,2026-04-17,7
10798,1,2026-04-17,7
10799,1,2026-04-17,2
10800,1,2026-04-17,3
10801,1,2026-04-17,6
10802,1,2026-04-17,4
10803,1,2026-04-17,3
10804,1,2026-04-17,7
10805,1,2026-04-17,2
10806,1,2026-04-17,2
10807,1,2026-04-18,8
10808,1,2026-04-18,2
10809,1,2026-04-18,4
10810,1,2026-04-18,6
10811,1,2026-04-18,5
10812,1,2026-04-18,5
10813,1,2026-04-18,4
10814,1,2026-04-18,8
10815,1,2026-04-18,6
10816,1,2026-04-18,7
10817,1,2026-04-18,2
10818,1,2026-04-18,5
10819,1,2026-04-18,2
10820,1,2026-04-18,8
10821,1,2026-04-18,5
10822,1,2026-04-18,2
10823,1,2026-04-18,3
10824,1,2026-04-18,4
10825,1,2026-04-18,4
10826,1,2026-04-18,7
10827,1,2026-04-18,4
10828,1,2026-04-18,5
10829,1,2026-04-18,4
10830,1,2026-04-18,7
10831,1,2026-04-18,8
10832,1,2026-04-18,2
10833,1,2026-04-18,8
10834,1,2026-04-18,6
10835,1,2026-04-18,3
10836,1,2026-04-18,4
10837,1,2026-04-18,2
10838,1,2026-04-18,5
10839,1,2026-04-18,7
10840,1,2026-04-18,8
10841,1,2026-04-18,6
10842,1,2026-04-18,6
10843,1,2026-04-18,7
10844,1,2026-04-18,3
10845,1,2026-04-18,5
10846,1,2026-04-18,2
10847,1,2026-04-18,2
10848,1,2026-04-18,4
10849,1,2026-04-18,2
10850,1,2026-04-18,5
10851,1,2026-04-18,6
10852,1,2026-04-18,6
10853,1,2026-04-18,6
10854,1,2026-04-18,4
10855,1,2026-04-18,4
10856,1,2026-04-18,3
10857,1,2026-04-18,4
10858,1,2026-04-18,3
10859,1,2026-04-18,6
10860,1,2026-04-18,3
10861,1,2026-04-18,7
10862,1,2026-04-18,5
10863,1,2026-04-18,8
10864,1,2026-04-18,4
10865,1,2026-04-18,4
10866,1,2026-04-18,8
10867,1,2026-04-18,5
10868,1,2026-04-18,6
10869,1,2026-04-18,7
10870,1,2026-04-18,6
10871,1,2026-04-18,2
10872,1,2026-04-18,6
10873,1,2026-04-18,7
10874,1,2026-04-18,3
10875,1,2026-04-18,2
10876,1,2026-04-18,6
10877,1,2026-04-18,8
10878,1,2026-04-18,8
10879,1,2026-04-18,4
10880,1,2026-04-18,7
10881,1,2026-04-18,3
10882,1,2026-04-18,5
10883,1,2026-04-18,4
10884,1,2026-04-18,2
10885,1,2026-04-18,4
10886,1,2026-04-18,4
10887,1,2026-04-18,3
10888,1,2026-04-18,3
10889,1,2026-04-18,5
10890,1,2026-04-18,8
10891,1,2026-04-18,4
10892,1,2026-04-18,5
10893,1,2026-04-18,7
10894,1,2026-04-18,6
10895,1,2026-04-18,6
10896,1,2026-04-18,5
10897,1,2026-04-18,7
10898,1,2026-04-18,4
10899,1,2026-04-18,5
10900,1,2026-04-18,2
10901,1,2026-04-18,6
10902,1,2026-04-18,2
10903,1,2026-04-18,5
10904,1,2026-04-18,4
10905,1,2026-04-18,3
10906,1,2026-04-18,2
10907,1,2026-04-18,8
10908,1,2026-04-18,3
10909,1,2026-04-18,5
10910,1,2026-04-18,4
10911,1,2026-04-18,5
10912,1,2026-04-18,4
10913,1,2026-04-18,8
10914,1,2026-04-18,5
10915,1,2026-04-18,5
10916,1,2026-04-18,4
10917,1,2026-04-18,6
10918,1,2026-04-18,5
10919,1,2026-04-18,3
10920,1,2026-04-18,2
10921,1,2026-04-18,3
10922,1,2026-04-18,8
10923,1,2026-04-18,8
10924,1,2026-04-18,6
10925,1,2026-04-18,5
10926,1,2026-04-18,5
10927,1,2026-04-18,8
10928,1,2026-04-18,5
10929,1,2026-04-18,7
10930,1,2026-04-18,6
10931,1,2026-04-18,8
10932,1,2026-04-18,6
10933,1,2026-04-18,8
10934,1,2026-04-18,4
10935,1,2026-04-18,7
10936,1,2026-04-18,8
10937,1,2026-04-18,5
10938,1,2026-04-18,8
10939,1,2026-04-19,4
10940,1,2026-04-19,7
10941,1,2026-04-19,2
10942,1,2026-04-19,7
10943,1,2026-04-19,3
10944,1,2026-04-19,3
10945,1,2026-04-19,5
10946,1,2026-04-19,5
10947,1,2026-04-19,3
10948,1,2026-04-19,2
10949,1,2026-04-19,3
10950,1,2026-04-19,2
10951,1,2026-04-19,2
10952,1,2026-04-19,5
10953,1,2026-04-19,3
10954,1,2026-04-19,4
10955,1,2026-04-19,6
10956,1,2026-04-19,3
10957,1,2026-04-19,7
10958,1,2026-04-19,3
10959,1,2026-04-19,3
10960,1,2026-04-19,6
10961,1,2026-04-19,2
10962,1,2026-04-19,4
10963,1,2026-04-19,3
10964,1,2026-04-19,5
10965,1,2026-04-19,2
10966,1,2026-04-19,4
10967,1,2026-04-19,8
10968,1,2026-04-19,8
10969,1,2026-04-19,6
10970,1,2026-04-19,6
10971,1,2026-04-19,3
10972,1,2026-04-19,2
10973,1,2026-04-19,6
10974,1,2026-04-19,8
10975,1,2026-04-19,5
10976,1,2026-04-19,8
10977,1,2026-04-19,6
10978,1,2026-04-19,6
10979,1,2026-04-19,3
10980,1,2026-04-19,5
10981,1,2026-04-19,6
10982,1,2026-04-19,2
10983,1,2026-04-19,3
10984,1,2026-04-19,3
10985,1,2026-04-19,3
10986,1,2026-04-19,8
10987,1,2026-04-19,6
10988,1,2026-04-19,5
10989,1,2026-04-19,7
10990,1,2026-04-19,7
10991,1,2026-04-19,8
10992,1,2026-04-19,2
10993,1,2026-04-19,6
10994,1,2026-04-19,2
10995,1,2026-04-19,2
10996,1,2026-04-19,7
10997,1,2026-04-19,2
10998,1,2026-04-19,2
10999,1,2026-04-19,4
11000,1,2026-04-19,8
11001,1,2026-04-19,8
11002,1,2026-04-19,5
11003,1,2026-04-19,8
11004,1,2026-04-19,7
11005,1,2026-04-19,2
11006,1,2026-04-19,2
11007,1,2026-04-19,5
11008,1,2026-04-19,7
11009,1,2026-04-19,2
11010,1,2026-04-19,5
11011,1,2026-04-19,6
11012,1,2026-04-19,5
11013,1,2026-04-19,6
11014,1,2026-04-19,8
11015,1,2026-04-19,6
11016,1,2026-04-19,2
11017,1,2026-04-19,8
11018,1,2026-04-19,7
11019,1,2026-04-19,8
11020,1,2026-04-19,6
11021,1,2026-04-19,7
11022,1,2026-04-19,6
11023,1,2026-04-19,6
11024,1,2026-04-19,2
11025,1,2026-04-19,4
11026,1,2026-04-19,8
11027,1,2026-04-19,5
11028,1,2026-04-19,2
11029,1,2026-04-19,8
11030,1,2026-04-19,7
11031,1,2026-04-19,6
11032,1,2026-04-19,6
11033,1,2026-04-19,5
11034,1,2026-04-19,4
11035,1,2026-04-19,7
11036,1,2026-04-19,8
11037,1,2026-04-19,8
11038,1,2026-04-19,8
11039,1,2026-04-19,4
11040,1,2026-04-19,6
11041,1,2026-04-19,6
11042,1,2026-04-19,3
11043,1,2026-04-19,4
11044,1,2026-04-19,4
11045,1,2026-04-19,7
11046,1,2026-04-19,3
11047,1,2026-04-19,3
11048,1,2026-04-19,8
11049,1,2026-04-19,7
11050,1,2026-04-19,4
11051,1,2026-04-19,7
11052,1,2026-04-19,4
11053,1,2026-04-19,6
11054,1,2026-04-20,7
11055,1,2026-04-20,7
11056,1,2026-04-20,4
11057,1,2026-04-20,4
11058,1,2026-04-20,4
11059,1,2026-04-20,7
11060,1,2026-04-20,7
11061,1,2026-04-20,8
11062,1,2026-04-20,7
11063,1,2026-04-20,5
11064,1,2026-04-20,4
11065,1,2026-04-20,7
11066,1,2026-04-20,5
11067,1,2026-04-20,4
11068,1,2026-04-20,4
11069,1,2026-04-20,8
11070,1,2026-04-20,5
11071,1,2026-04-20,8
11072,1,2026-04-20,3
11073,1,2026-04-20,4
11074,1,2026-04-20,5
11075,1,2026-04-20,6
11076,1,2026-04-20,5
11077,1,2026-04-20,4
11078,1,2026-04-20,6
11079,1,2026-04-20,6
11080,1,2026-04-20,4
11081,1,2026-04-20,4
11082,1,2026-04-20,7
11083,1,2026-04-20,6
11084,1,2026-04-20,4
11085,1,2026-04-20,2
11086,1,2026-04-20,5
11087,1,2026-04-20,2
11088,1,2026-04-20,4
11089,1,2026-04-20,2
11090,1,2026-04-20,3
11091,1,2026-04-20,6
11092,1,2026-04-20,4
11093,1,2026-04-20,2
11094,1,2026-04-20,5
11095,1,2026-04-20,3
11096,1,2026-04-20,7
11097,1,2026-04-20,2
11098,1,2026-04-20,3
11099,1,2026-04-20,7
11100,1,2026-04-20,8
11101,1,2026-04-20,7
11102,1,2026-04-20,8
11103,1,2026-04-20,5
11104,1,2026-04-20,2
11105,1,2026-04-20,2
11106,1,2026-04-20,3
11107,1,2026-04-20,5
11108,1,2026-04-20,7
11109,1,2026-04-20,7
11110,1,2026-04-20,4
11111,1,2026-04-20,5
11112,1,2026-04-20,8
11113,1,2026-04-20,5
11114,1,2026-04-20,4
11115,1,2026-04-20,2
11116,1,2026-04-20,7
11117,1,2026-04-20,3
11118,1,2026-04-20,6
11119,1,2026-04-20,7
11120,1,2026-04-20,6
11121,1,2026-04-20,7
11122,1,2026-04-20,8
11123,1,2026-04-20,4
11124,1,2026-04-20,6
11125,1,2026-04-20,3
11126,1,2026-04-20,5
11127,1,2026-04-20,7
11128,1,2026-04-20,8
11129,1,2026-04-20,5
11130,1,2026-04-20,3
11131,1,2026-04-20,8
11132,1,2026-04-20,4
11133,1,2026-04-21,3
11134,1,2026-04-21,4
11135,1,2026-04-21,3
11136,1,2026-04-21,2
11137,1,2026-04-21,4
11138,1,2026-04-21,4
11139,1,2026-04-21,4
11140,1,2026-04-21,7
11141,1,2026-04-21,8
11142,1,2026-04-21,6
11143,1,2026-04-21,8
11144,1,2026-04-21,3
11145,1,2026-04-21,2
11146,1,2026-04-21,8
11147,1,2026-04-21,7
11148,1,2026-04-21,4
11149,1,2026-04-21,2
11150,1,2026-04-21,4
11151,1,2026-04-21,3
11152,1,2026-04-21,2
11153,1,2026-04-21,3
11154,1,2026-04-21,7
11155,1,2026-04-21,6
11156,1,2026-04-21,3
11157,1,2026-04-21,2
11158,1,2026-04-21,5
11159,1,2026-04-21,7
11160,1,2026-04-21,5
11161,1,2026-04-21,8
11162,1,2026-04-21,7
11163,1,2026-04-21,8
11164,1,2026-04-21,6
11165,1,2026-04-21,4
11166,1,2026-04-21,5
11167,1,2026-04-21,7
11168,1,2026-04-21,7
11169,1,2026-04-21,5
11170,1,2026-04-21,6
11171,1,2026-04-21,8
11172,1,2026-04-21,5
11173,1,2026-04-21,6
11174,1,2026-04-21,3
11175,1,2026-04-21,6
11176,1,2026-04-21,7
11177,1,2026-04-21,2
11178,1,2026-04-21,2
11179,1,2026-04-21,6
11180,1,2026-04-21,8
11181,1,2026-04-21,7
11182,1,2026-04-21,4
11183,1,2026-04-21,8
11184,1,2026-04-21,5
11185,1,2026-04-21,7
11186,1,2026-04-21,6
11187,1,2026-04-21,5
11188,1,2026-04-21,4
11189,1,2026-04-21,6
11190,1,2026-04-21,6
11191,1,2026-04-21,2
11192,1,2026-04-21,7
11193,1,2026-04-21,8
11194,1,2026-04-21,5
11195,1,2026-04-21,6
11196,1,2026-04-21,2
11197,1,2026-04-21,3
11198,1,2026-04-21,2
11199,1,2026-04-21,6
11200,1,2026-04-21,8
11201,1,2026-04-21,6
11202,1,2026-04-21,3
11203,1,2026-04-21,7
11204,1,2026-04-21,3
11205,1,2026-04-21,7
11206,1,2026-04-21,6
11207,1,2026-04-21,8
11208,1,2026-04-21,4
11209,1,2026-04-21,8
11210,1,2026-04-21,5
11211,1,2026-04-21,3
11212,1,2026-04-21,7
11213,1,2026-04-21,2
11214,1,2026-04-21,5
11215,1,2026-04-21,8
11216,1,2026-04-21,4
11217,1,2026-04-21,8
11218,1,2026-04-21,4
11219,1,2026-04-21,5
11220,1,2026-04-21,2
11221,1,2026-04-21,7
11222,1,2026-04-21,4
11223,1,2026-04-21,3
11224,1,2026-04-21,5
11225,1,2026-04-21,2
11226,1,2026-04-21,5
11227,1,2026-04-21,6
11228,1,2026-04-21,3
11229,1,2026-04-21,2
11230,1,2026-04-21,7
11231,1,2026-04-22,8
11232,1,2026-04-22,6
11233,1,2026-04-22,3
11234,1,2026-04-22,8
11235,1,2026-04-22,2
11236,1,2026-04-22,4
11237,1,2026-04-22,6
11238,1,2026-04-22,5
11239,1,2026-04-22,8
11240,1,2026-04-22,3
11241,1,2026-04-22,3
11242,1,2026-04-22,3
11243,1,2026-04-22,7
11244,1,2026-04-22,2
11245,1,2026-04-22,7
11246,1,2026-04-22,3
11247,1,2026-04-22,3
11248,1,2026-04-22,2
11249,1,2026-04-22,4
11250,1,2026-04-22,8
11251,1,2026-04-22,5
11252,1,2026-04-22,3
11253,1,2026-04-22,8
11254,1,2026-04-22,4
11255,1,2026-04-22,2
11256,1,2026-04-22,7
11257,1,2026-04-22,6
11258,1,2026-04-22,7
11259,1,2026-04-22,3
11260,1,2026-04-22,5
11261,1,2026-04-22,3
11262,1,2026-04-22,6
11263,1,2026-04-22,8
11264,1,2026-04-22,8
11265,1,2026-04-22,8
11266,1,2026-04-22,8
11267,1,2026-04-22,3
11268,1,2026-04-22,8
11269,1,2026-04-22,3
11270,1,2026-04-22,3
11271,1,2026-04-22,3
11272,1,2026-04-22,3
11273,1,2026-04-22,2
11274,1,2026-04-22,5
11275,1,2026-04-22,4
11276,1,2026-04-22,2
11277,1,2026-04-22,8
11278,1,2026-04-22,5
11279,1,2026-04-22,4
11280,1,2026-04-22,8
11281,1,2026-04-22,3
11282,1,2026-04-22,5
11283,1,2026-04-22,7
11284,1,2026-04-22,6
11285,1,2026-04-22,3
11286,1,2026-04-22,3
11287,1,2026-04-22,5
11288,1,2026-04-22,5
11289,1,2026-04-22,8
11290,1,2026-04-22,5
11291,1,2026-04-22,2
11292,1,2026-04-22,4
11293,1,2026-04-22,4
11294,1,2026-04-22,3
11295,1,2026-04-22,3
11296,1,2026-04-22,2
11297,1,2026-04-22,7
11298,1,2026-04-22,5
11299,1,2026-04-22,3
11300,1,2026-04-22,2
11301,1,2026-04-22,6
11302,1,2026-04-22,6
11303,1,2026-04-22,8
11304,1,2026-04-22,3
11305,1,2026-04-22,2
11306,1,2026-04-22,5
11307,1,2026-04-22,8
11308,1,2026-04-22,8
11309,1,2026-04-22,8
11310,1,2026-04-22,4
11311,1,2026-04-22,3
11312,1,2026-04-22,4
11313,1,2026-04-22,8
11314,1,2026-04-22,4
11315,1,2026-04-22,2
11316,1,2026-04-22,5
11317,1,2026-04-22,2
11318,1,2026-04-22,5
11319,1,2026-04-22,5
11320,1,2026-04-22,5
11321,1,2026-04-22,7
11322,1,2026-04-22,7
11323,1,2026-04-22,4
11324,1,2026-04-22,7
11325,1,2026-04-22,2
11326,1,2026-04-22,6
11327,1,2026-04-22,2
11328,1,2026-04-22,2
11329,1,2026-04-22,3
11330,1,2026-04-23,6
11331,1,2026-04-23,7
11332,1,2026-04-23,8
11333,1,2026-04-23,2
11334,1,2026-04-23,5
11335,1,2026-04-23,2
11336,1,2026-04-23,8
11337,1,2026-04-23,3
11338,1,2026-04-23,3
11339,1,2026-04-23,5
11340,1,2026-04-23,2
11341,1,2026-04-23,2
11342,1,2026-04-23,2
11343,1,2026-04-23,2
11344,1,2026-04-23,3
11345,1,2026-04-23,6
11346,1,2026-04-23,3
11347,1,2026-04-23,8
11348,1,2026-04-23,7
11349,1,2026-04-23,8
11350,1,2026-04-23,7
11351,1,2026-04-23,4
11352,1,2026-04-23,8
11353,1,2026-04-23,5
11354,1,2026-04-23,6
11355,1,2026-04-23,3
11356,1,2026-04-23,8
11357,1,2026-04-23,6
11358,1,2026-04-23,6
11359,1,2026-04-23,6
11360,1,2026-04-23,4
11361,1,2026-04-23,6
11362,1,2026-04-23,2
11363,1,2026-04-23,4
11364,1,2026-04-23,4
11365,1,2026-04-23,2
11366,1,2026-04-23,6
11367,1,2026-04-23,7
11368,1,2026-04-23,2
11369,1,2026-04-23,6
11370,1,2026-04-23,7
11371,1,2026-04-23,4
11372,1,2026-04-23,7
11373,1,2026-04-23,6
11374,1,2026-04-23,2
11375,1,2026-04-23,8
11376,1,2026-04-23,7
11377,1,2026-04-23,3
11378,1,2026-04-23,4
11379,1,2026-04-23,8
11380,1,2026-04-23,4
11381,1,2026-04-23,7
11382,1,2026-04-23,8
11383,1,2026-04-23,4
11384,1,2026-04-23,2
11385,1,2026-04-23,2
11386,1,2026-04-23,8
11387,1,2026-04-23,3
11388,1,2026-04-23,2
11389,1,2026-04-23,5
11390,1,2026-04-23,6
11391,1,2026-04-23,6
11392,1,2026-04-23,2
11393,1,2026-04-23,5
11394,1,2026-04-23,2
11395,1,2026-04-23,5
11396,1,2026-04-23,3
11397,1,2026-04-23,4
11398,1,2026-04-23,3
11399,1,2026-04-23,3
11400,1,2026-04-23,5
11401,1,2026-04-23,3
11402,1,2026-04-23,6
11403,1,2026-04-23,8
11404,1,2026-04-23,4
11405,1,2026-04-23,8
11406,1,2026-04-23,4
11407,1,2026-04-23,5
11408,1,2026-04-23,3
11409,1,2026-04-23,3
11410,1,2026-04-23,4
11411,1,2026-04-23,5
11412,1,2026-04-23,4
11413,1,2026-04-23,5
11414,1,2026-04-23,5
11415,1,2026-04-23,3
11416,1,2026-04-23,5
11417,1,2026-04-23,7
11418,1,2026-04-23,6
11419,1,2026-04-23,7
11420,1,2026-04-23,2
11421,1,2026-04-23,6
11422,1,2026-04-23,7
11423,1,2026-04-23,6
11424,1,2026-04-23,3
11425,1,2026-04-23,6
11426,1,2026-04-23,7
11427,1,2026-04-23,3
11428,1,2026-04-23,3
11429,1,2026-04-23,7
11430,1,2026-04-23,6
11431,1,2026-04-23,5
11432,1,2026-04-24,8
11433,1,2026-04-24,5
11434,1,2026-04-24,3
11435,1,2026-04-24,7
11436,1,2026-04-24,4
11437,1,2026-04-24,2
11438,1,2026-04-24,8
11439,1,2026-04-24,8
11440,1,2026-04-24,5
11441,1,2026-04-24,8
11442,1,2026-04-24,8
11443,1,2026-04-24,4
11444,1,2026-04-24,5
11445,1,2026-04-24,4
11446,1,2026-04-24,3
11447,1,2026-04-24,8
11448,1,2026-04-24,6
11449,1,2026-04-24,3
11450,1,2026-04-24,8
11451,1,2026-04-24,2
11452,1,2026-04-24,3
11453,1,2026-04-24,2
11454,1,2026-04-24,8
11455,1,2026-04-24,8
11456,1,2026-04-24,4
11457,1,2026-04-24,8
11458,1,2026-04-24,3
11459,1,2026-04-24,5
11460,1,2026-04-24,8
11461,1,2026-04-24,2
11462,1,2026-04-24,7
11463,1,2026-04-24,2
11464,1,2026-04-24,8
11465,1,2026-04-24,2
11466,1,2026-04-24,8
11467,1,2026-04-24,5
11468,1,2026-04-24,8
11469,1,2026-04-24,5
11470,1,2026-04-24,8
11471,1,2026-04-24,7
11472,1,2026-04-24,8
11473,1,2026-04-24,6
11474,1,2026-04-24,3
11475,1,2026-04-24,5
11476,1,2026-04-24,8
11477,1,2026-04-24,2
11478,1,2026-04-24,4
11479,1,2026-04-24,5
11480,1,2026-04-24,6
11481,1,2026-04-24,6
11482,1,2026-04-24,2
11483,1,2026-04-24,2
11484,1,2026-04-24,3
11485,1,2026-04-24,8
11486,1,2026-04-24,4
11487,1,2026-04-24,8
11488,1,2026-04-24,7
11489,1,2026-04-24,7
11490,1,2026-04-24,3
11491,1,2026-04-24,3
11492,1,2026-04-24,4
11493,1,2026-04-24,2
11494,1,2026-04-24,3
11495,1,2026-04-24,8
11496,1,2026-04-24,4
11497,1,2026-04-24,3
11498,1,2026-04-24,4
11499,1,2026-04-24,8
11500,1,2026-04-24,3
11501,1,2026-04-24,8
11502,1,2026-04-24,2
11503,1,2026-04-24,5
11504,1,2026-04-24,7
11505,1,2026-04-24,6
11506,1,2026-04-24,6
11507,1,2026-04-24,8
11508,1,2026-04-24,3
11509,1,2026-04-24,8
11510,1,2026-04-24,4
11511,1,2026-04-24,3
11512,1,2026-04-24,8
11513,1,2026-04-24,2
11514,1,2026-04-24,6
11515,1,2026-04-24,3
11516,1,2026-04-24,8
11517,1,2026-04-24,8
11518,1,2026-04-24,2
11519,1,2026-04-24,7
11520,1,2026-04-24,5
11521,1,2026-04-24,6
11522,1,2026-04-24,8
11523,1,2026-04-24,6
11524,1,2026-04-24,4
11525,1,2026-04-25,2
11526,1,2026-04-25,4
11527,1,2026-04-25,6
11528,1,2026-04-25,8
11529,1,2026-04-25,3
11530,1,2026-04-25,2
11531,1,2026-04-25,2
11532,1,2026-04-25,6
11533,1,2026-04-25,8
11534,1,2026-04-25,2
11535,1,2026-04-25,5
11536,1,2026-04-25,3
11537,1,2026-04-25,6
11538,1,2026-04-25,6
11539,1,2026-04-25,7
11540,1,2026-04-25,2
11541,1,2026-04-25,3
11542,1,2026-04-25,6
11543,1,2026-04-25,5
11544,1,2026-04-25,4
11545,1,2026-04-25,7
11546,1,2026-04-25,8
11547,1,2026-04-25,7
11548,1,2026-04-25,7
11549,1,2026-04-25,5
11550,1,2026-04-25,3
11551,1,2026-04-25,7
11552,1,2026-04-25,7
11553,1,2026-04-25,5
11554,1,2026-04-25,2
11555,1,2026-04-25,2
11556,1,2026-04-25,6
11557,1,2026-04-25,3
11558,1,2026-04-25,4
11559,1,2026-04-25,2
11560,1,2026-04-25,6
11561,1,2026-04-25,2
11562,1,2026-04-25,7
11563,1,2026-04-25,3
11564,1,2026-04-25,7
11565,1,2026-04-25,5
11566,1,2026-04-25,8
11567,1,2026-04-25,2
11568,1,2026-04-25,7
11569,1,2026-04-25,4
11570,1,2026-04-25,2
11571,1,2026-04-25,8
11572,1,2026-04-25,3
11573,1,2026-04-25,4
11574,1,2026-04-25,2
11575,1,2026-04-25,2
11576,1,2026-04-25,2
11577,1,2026-04-25,7
11578,1,2026-04-25,7
11579,1,2026-04-25,7
11580,1,2026-04-25,7
11581,1,2026-04-25,5
11582,1,2026-04-25,5
11583,1,2026-04-25,3
11584,1,2026-04-25,2
11585,1,2026-04-25,4
11586,1,2026-04-25,8
11587,1,2026-04-25,3
11588,1,2026-04-25,6
11589,1,2026-04-25,3
11590,1,2026-04-25,4
11591,1,2026-04-25,4
11592,1,2026-04-25,3
11593,1,2026-04-25,7
11594,1,2026-04-25,4
11595,1,2026-04-25,8
11596,1,2026-04-25,2
11597,1,2026-04-25,7
11598,1,2026-04-25,3
11599,1,2026-04-25,8
11600,1,2026-04-25,3
11601,1,2026-04-25,6
11602,1,2026-04-25,3
11603,1,2026-04-25,2
11604,1,2026-04-25,7
11605,1,2026-04-25,7
11606,1,2026-04-25,5
11607,1,2026-04-25,8
11608,1,2026-04-25,3
11609,1,2026-04-25,6
11610,1,2026-04-25,3
11611,1,2026-04-25,2
11612,1,2026-04-25,7
11613,1,2026-04-25,8
11614,1,2026-04-25,2
11615,1,2026-04-25,8
11616,1,2026-04-25,4
11617,1,2026-04-25,2
11618,1,2026-04-25,7
11619,1,2026-04-25,4
11620,1,2026-04-25,7
11621,1,2026-04-25,4
11622,1,2026-04-25,5
11623,1,2026-04-25,3
11624,1,2026-04-25,8
11625,1,2026-04-25,3
11626,1,2026-04-25,7
11627,1,2026-04-25,7
11628,1,2026-04-25,5
11629,1,2026-04-25,7
11630,1,2026-04-25,3
11631,1,2026-04-25,6
11632,1,2026-04-25,7
11633,1,2026-04-25,7
11634,1,2026-04-25,2
11635,1,2026-04-25,5
11636,1,2026-04-25,5
11637,1,2026-04-25,5
11638,1,2026-04-25,4
11639,1,2026-04-25,2
11640,1,2026-04-25,3
11641,1,2026-04-25,6
11642,1,2026-04-25,5
11643,1,2026-04-26,2
11644,1,2026-04-26,7
11645,1,2026-04-26,2
11646,1,2026-04-26,4
11647,1,2026-04-26,4
11648,1,2026-04-26,4
11649,1,2026-04-26,7
11650,1,2026-04-26,3
11651,1,2026-04-26,2
11652,1,2026-04-26,3
11653,1,2026-04-26,8
11654,1,2026-04-26,4
11655,1,2026-04-26,8
11656,1,2026-04-26,4
11657,1,2026-04-26,5
11658,1,2026-04-26,7
11659,1,2026-04-26,7
11660,1,2026-04-26,2
11661,1,2026-04-26,7
11662,1,2026-04-26,8
11663,1,2026-04-26,6
11664,1,2026-04-26,8
11665,1,2026-04-26,8
11666,1,2026-04-26,3
11667,1,2026-04-26,6
11668,1,2026-04-26,4
11669,1,2026-04-26,8
11670,1,2026-04-26,7
11671,1,2026-04-26,4
11672,1,2026-04-26,6
11673,1,2026-04-26,5
11674,1,2026-04-26,3
11675,1,2026-04-26,5
11676,1,2026-04-26,2
11677,1,2026-04-26,5
11678,1,2026-04-26,7
11679,1,2026-04-26,7
11680,1,2026-04-26,5
11681,1,2026-04-26,7
11682,1,2026-04-26,4
11683,1,2026-04-26,8
11684,1,2026-04-26,7
11685,1,2026-04-26,8
11686,1,2026-04-26,7
11687,1,2026-04-26,6
11688,1,2026-04-26,5
11689,1,2026-04-26,5
11690,1,2026-04-26,7
11691,1,2026-04-26,7
11692,1,2026-04-26,8
11693,1,2026-04-26,6
11694,1,2026-04-26,8
11695,1,2026-04-26,6
11696,1,2026-04-26,7
11697,1,2026-04-26,2
11698,1,2026-04-26,7
11699,1,2026-04-26,3
11700,1,2026-04-26,5
11701,1,2026-04-26,4
11702,1,2026-04-26,3
11703,1,2026-04-26,6
11704,1,2026-04-26,6
11705,1,2026-04-26,2
11706,1,2026-04-26,8
11707,1,2026-04-26,4
11708,1,2026-04-26,3
11709,1,2026-04-26,3
11710,1,2026-04-26,8
11711,1,2026-04-26,7
11712,1,2026-04-26,6
11713,1,2026-04-26,2
11714,1,2026-04-26,2
11715,1,2026-04-26,6
11716,1,2026-04-26,3
11717,1,2026-04-26,4
11718,1,2026-04-26,2
11719,1,2026-04-26,2
11720,1,2026-04-26,7
11721,1,2026-04-26,5
11722,1,2026-04-26,5
11723,1,2026-04-26,8
11724,1,2026-04-26,7
11725,1,2026-04-26,5
11726,1,2026-04-26,6
11727,1,2026-04-26,2
11728,1,2026-04-26,4
11729,1,2026-04-26,3
11730,1,2026-04-26,5
11731,1,2026-04-26,2
11732,1,2026-04-26,3
11733,1,2026-04-26,8
11734,1,2026-04-26,5
11735,1,2026-04-26,8
11736,1,2026-04-26,3
11737,1,2026-04-26,5
11738,1,2026-04-26,8
11739,1,2026-04-26,8
11740,1,2026-04-26,3
11741,1,2026-04-26,4
11742,1,2026-04-26,6
11743,1,2026-04-26,7
11744,1,2026-04-26,8
11745,1,2026-04-26,5
11746,1,2026-04-26,5
11747,1,2026-04-26,5
11748,1,2026-04-26,3
11749,1,2026-04-26,4
11750,1,2026-04-26,2
11751,1,2026-04-26,4
11752,1,2026-04-26,5
11753,1,2026-04-26,8
11754,1,2026-04-26,3
11755,1,2026-04-26,8
11756,1,2026-04-27,8
11757,1,2026-04-27,7
11758,1,2026-04-27,6
11759,1,2026-04-27,8
11760,1,2026-04-27,3
11761,1,2026-04-27,5
11762,1,2026-04-27,7
11763,1,2026-04-27,8
11764,1,2026-04-27,7
11765,1,2026-04-27,5
11766,1,2026-04-27,4
11767,1,2026-04-27,6
11768,1,2026-04-27,2
11769,1,2026-04-27,4
11770,1,2026-04-27,4
11771,1,2026-04-27,7
11772,1,2026-04-27,4
11773,1,2026-04-27,8
11774,1,2026-04-27,7
11775,1,2026-04-27,5
11776,1,2026-04-27,5
11777,1,2026-04-27,8
11778,1,2026-04-27,3
11779,1,2026-04-27,7
11780,1,2026-04-27,8
11781,1,2026-04-27,7
11782,1,2026-04-27,3
11783,1,2026-04-27,3
11784,1,2026-04-27,3
11785,1,2026-04-27,7
11786,1,2026-04-27,6
11787,1,2026-04-27,4
11788,1,2026-04-27,3
11789,1,2026-04-27,6
11790,1,2026-04-27,8
11791,1,2026-04-27,6
11792,1,2026-04-27,2
11793,1,2026-04-27,8
11794,1,2026-04-27,8
11795,1,2026-04-27,2
11796,1,2026-04-27,2
11797,1,2026-04-27,6
11798,1,2026-04-27,5
11799,1,2026-04-27,6
11800,1,2026-04-27,2
11801,1,2026-04-27,7
11802,1,2026-04-27,2
11803,1,2026-04-27,3
11804,1,2026-04-27,8
11805,1,2026-04-27,3
11806,1,2026-04-27,3
11807,1,2026-04-27,2
11808,1,2026-04-27,3
11809,1,2026-04-27,7
11810,1,2026-04-27,3
11811,1,2026-04-27,6
11812,1,2026-04-27,6
11813,1,2026-04-27,6
11814,1,2026-04-27,7
11815,1,2026-04-27,5
11816,1,2026-04-27,2
11817,1,2026-04-27,8
11818,1,2026-04-27,8
11819,1,2026-04-27,4
11820,1,2026-04-27,2
11821,1,2026-04-27,7
11822,1,2026-04-27,3
11823,1,2026-04-27,2
11824,1,2026-04-27,2
11825,1,2026-04-27,6
11826,1,2026-04-27,2
11827,1,2026-04-27,8
11828,1,2026-04-27,7
11829,1,2026-04-27,2
11830,1,2026-04-27,4
11831,1,2026-04-27,5
11832,1,2026-04-28,2
11833,1,2026-04-28,2
11834,1,2026-04-28,5
11835,1,2026-04-28,6
11836,1,2026-04-28,7
11837,1,2026-04-28,6
11838,1,2026-04-28,8
11839,1,2026-04-28,7
11840,1,2026-04-28,6
11841,1,2026-04-28,3
11842,1,2026-04-28,6
11843,1,2026-04-28,4
11844,1,2026-04-28,3
11845,1,2026-04-28,6
11846,1,2026-04-28,7
11847,1,2026-04-28,2
11848,1,2026-04-28,8
11849,1,2026-04-28,7
11850,1,2026-04-28,2
11851,1,2026-04-28,2
11852,1,2026-04-28,3
11853,1,2026-04-28,3
11854,1,2026-04-28,3
11855,1,2026-04-28,8
11856,1,2026-04-28,2
11857,1,2026-04-28,3
11858,1,2026-04-28,2
11859,1,2026-04-28,6
11860,1,2026-04-28,4
11861,1,2026-04-28,6
11862,1,2026-04-28,7
11863,1,2026-04-28,8
11864,1,2026-04-28,7
11865,1,2026-04-28,7
11866,1,2026-04-28,4
11867,1,2026-04-28,3
11868,1,2026-04-28,8
11869,1,2026-04-28,2
11870,1,2026-04-28,8
11871,1,2026-04-28,2
11872,1,2026-04-28,6
11873,1,2026-04-28,7
11874,1,2026-04-28,6
11875,1,2026-04-28,4
11876,1,2026-04-28,6
11877,1,2026-04-28,6
11878,1,2026-04-28,6
11879,1,2026-04-28,8
11880,1,2026-04-28,5
11881,1,2026-04-28,7
11882,1,2026-04-28,3
11883,1,2026-04-28,7
11884,1,2026-04-28,3
11885,1,2026-04-28,7
11886,1,2026-04-28,7
11887,1,2026-04-28,2
11888,1,2026-04-28,8
11889,1,2026-04-28,2
11890,1,2026-04-28,2
11891,1,2026-04-28,6
11892,1,2026-04-28,5
11893,1,2026-04-28,4
11894,1,2026-04-28,8
11895,1,2026-04-28,5
11896,1,2026-04-28,4
11897,1,2026-04-29,7
11898,1,2026-04-29,6
11899,1,2026-04-29,4
11900,1,2026-04-29,5
11901,1,2026-04-29,5
11902,1,2026-04-29,7
11903,1,2026-04-29,3
11904,1,2026-04-29,6
11905,1,2026-04-29,3
11906,1,2026-04-29,2
11907,1,2026-04-29,2
11908,1,2026-04-29,5
11909,1,2026-04-29,7
11910,1,2026-04-29,7
11911,1,2026-04-29,3
11912,1,2026-04-29,7
11913,1,2026-04-29,8
11914,1,2026-04-29,2
11915,1,2026-04-29,8
11916,1,2026-04-29,3
11917,1,2026-04-29,3
11918,1,2026-04-29,6
11919,1,2026-04-29,7
11920,1,2026-04-29,6
11921,1,2026-04-29,8
11922,1,2026-04-29,2
11923,1,2026-04-29,8
11924,1,2026-04-29,8
11925,1,2026-04-29,6
11926,1,2026-04-29,7
11927,1,2026-04-29,5
11928,1,2026-04-29,3
11929,1,2026-04-29,5
11930,1,2026-04-29,4
11931,1,2026-04-29,2
11932,1,2026-04-29,4
11933,1,2026-04-29,5
11934,1,2026-04-29,8
11935,1,2026-04-29,6
11936,1,2026-04-29,8
11937,1,2026-04-29,5
11938,1,2026-04-29,5
11939,1,2026-04-29,5
11940,1,2026-04-29,4
11941,1,2026-04-29,7
11942,1,2026-04-29,3
11943,1,2026-04-29,7
11944,1,2026-04-29,8
11945,1,2026-04-29,4
11946,1,2026-04-29,8
11947,1,2026-04-29,4
11948,1,2026-04-29,8
11949,1,2026-04-29,3
11950,1,2026-04-29,3
11951,1,2026-04-29,2
11952,1,2026-04-29,4
11953,1,2026-04-29,2
11954,1,2026-04-29,3
11955,1,2026-04-29,5
11956,1,2026-04-29,8
11957,1,2026-04-29,3
11958,1,2026-04-29,2
11959,1,2026-04-29,3
11960,1,2026-04-29,2
11961,1,2026-04-29,2
11962,1,2026-04-29,8
11963,1,2026-04-29,5
11964,1,2026-04-29,2
11965,1,2026-04-29,7
11966,1,2026-04-29,8
11967,1,2026-04-29,7
11968,1,2026-04-29,7
11969,1,2026-04-29,5
11970,1,2026-04-29,7
11971,1,2026-04-29,6
11972,1,2026-04-29,4
11973,1,2026-04-29,8
11974,1,2026-04-29,8
11975,1,2026-04-29,7
11976,1,2026-04-29,7
11977,1,2026-04-29,4
11978,1,2026-04-29,2
11979,1,2026-04-29,7
11980,1,2026-04-29,4
11981,1,2026-04-29,8
11982,1,2026-04-29,7
11983,1,2026-04-29,6
11984,1,2026-04-29,7
11985,1,2026-04-29,4
11986,1,2026-04-29,4
11987,1,2026-04-29,2
11988,1,2026-04-29,5
11989,1,2026-04-29,3
11990,1,2026-04-29,7
11991,1,2026-04-29,7
11992,1,2026-04-29,5
11993,1,2026-04-29,5
11994,1,2026-04-29,2
11995,1,2026-04-29,2
11996,1,2026-04-29,5
11997,1,2026-04-29,5
11998,1,2026-04-29,5
11999,1,2026-04-29,3
12000,1,2026-04-29,3
12001,1,2026-04-29,8
12002,1,2026-04-29,7
12003,1,2026-04-29,7
12004,1,2026-04-30,7
12005,1,2026-04-30,2
12006,1,2026-04-30,7
12007,1,2026-04-30,3
12008,1,2026-04-30,4
12009,1,2026-04-30,5
12010,1,2026-04-30,4
12011,1,2026-04-30,2
12012,1,2026-04-30,4
12013,1,2026-04-30,4
12014,1,2026-04-30,2
12015,1,2026-04-30,2
12016,1,2026-04-30,6
12017,1,2026-04-30,3
12018,1,2026-04-30,7
12019,1,2026-04-30,7
12020,1,2026-04-30,6
12021,1,2026-04-30,5
12022,1,2026-04-30,3
12023,1,2026-04-30,6
12024,1,2026-04-30,8
12025,1,2026-04-30,7
12026,1,2026-04-30,5
12027,1,2026-04-30,7
12028,1,2026-04-30,3
12029,1,2026-04-30,4
12030,1,2026-04-30,5
12031,1,2026-04-30,5
12032,1,2026-04-30,4
12033,1,2026-04-30,4
12034,1,2026-04-30,6
12035,1,2026-04-30,6
12036,1,2026-04-30,7
12037,1,2026-04-30,7
12038,1,2026-04-30,4
12039,1,2026-04-30,4
12040,1,2026-04-30,2
12041,1,2026-04-30,5
12042,1,2026-04-30,2
12043,1,2026-04-30,8
12044,1,2026-04-30,3
12045,1,2026-04-30,7
12046,1,2026-04-30,3
12047,1,2026-04-30,6
12048,1,2026-04-30,3
12049,1,2026-04-30,3
12050,1,2026-04-30,2
12051,1,2026-04-30,4
12052,1,2026-04-30,5
12053,1,2026-04-30,8
12054,1,2026-04-30,8
12055,1,2026-04-30,3
12056,1,2026-04-30,6
12057,1,2026-04-30,3
12058,1,2026-04-30,5
12059,1,2026-04-30,7
12060,1,2026-04-30,3
12061,1,2026-04-30,5
12062,1,2026-04-30,8
12063,1,2026-04-30,7
12064,1,2026-04-30,5
12065,1,2026-04-30,3
12066,1,2026-04-30,3
12067,1,2026-04-30,6
12068,1,2026-04-30,6
12069,1,2026-04-30,8
12070,1,2026-04-30,3
12071,1,2026-04-30,4
12072,1,2026-04-30,2
12073,1,2026-04-30,7
12074,1,2026-04-30,7
12075,1,2026-04-30,8
12076,1,2026-04-30,6
12077,1,2026-04-30,4
12078,1,2026-04-30,6
12079,1,2026-04-30,8
12080,1,2026-04-30,8
12081,1,2026-04-30,3
12082,1,2026-04-30,3
12083,1,2026-04-30,3
12084,1,2026-04-30,4
12085,1,2026-04-30,5
12086,1,2026-04-30,7
12087,1,2026-04-30,8
12088,1,2026-04-30,2
12089,1,2026-04-30,4
12090,1,2026-04-30,6
12091,1,2026-04-30,8
12092,1,2026-04-30,4
12093,1,2026-04-30,7
12094,1,2026-04-30,4
12095,1,2026-04-30,6
12096,1,2026-04-30,7
12097,1,2026-04-30,7
12098,1,2026-04-30,2
12099,1,2026-04-30,7
12100,1,2026-04-30,5
12101,1,2026-04-30,2
12102,1,2026-04-30,7
12103,1,2026-04-30,3
12104,1,2026-04-30,3
12105,1,2026-04-30,7
12106,1,2026-04-30,5
12107,1,2026-04-30,2
12108,1,2026-04-30,7
12109,1,2026-05-01,6
12110,1,2026-05-01,4
12111,1,2026-05-01,8
12112,1,2026-05-01,2
12113,1,2026-05-01,3
12114,1,2026-05-01,5
12115,1,2026-05-01,6
12116,1,2026-05-01,8
12117,1,2026-05-01,6
12118,1,2026-05-01,4
12119,1,2026-05-01,7
12120,1,2026-05-01,4
12121,1,2026-05-01,3
12122,1,2026-05-01,2
12123,1,2026-05-01,2
12124,1,2026-05-01,7
12125,1,2026-05-01,3
12126,1,2026-05-01,4
12127,1,2026-05-01,5
12128,1,2026-05-01,8
12129,1,2026-05-01,7
12130,1,2026-05-01,2
12131,1,2026-05-01,2
12132,1,2026-05-01,7
12133,1,2026-05-01,8
12134,1,2026-05-01,2
12135,1,2026-05-01,5
12136,1,2026-05-01,3
12137,1,2026-05-01,3
12138,1,2026-05-01,5
12139,1,2026-05-01,3
12140,1,2026-05-01,4
12141,1,2026-05-01,2
12142,1,2026-05-01,5
12143,1,2026-05-01,7
12144,1,2026-05-01,3
12145,1,2026-05-01,4
12146,1,2026-05-01,6
12147,1,2026-05-01,3
12148,1,2026-05-01,3
12149,1,2026-05-01,7
12150,1,2026-05-01,5
12151,1,2026-05-01,7
12152,1,2026-05-01,8
12153,1,2026-05-01,7
12154,1,2026-05-01,4
12155,1,2026-05-01,3
12156,1,2026-05-01,4
12157,1,2026-05-01,6
12158,1,2026-05-01,3
12159,1,2026-05-01,6
12160,1,2026-05-01,5
12161,1,2026-05-01,7
12162,1,2026-05-01,7
12163,1,2026-05-01,6
12164,1,2026-05-01,2
12165,1,2026-05-01,4
12166,1,2026-05-01,3
12167,1,2026-05-01,7
12168,1,2026-05-01,2
12169,1,2026-05-01,7
12170,1,2026-05-01,2
12171,1,2026-05-01,6
12172,1,2026-05-01,7
12173,1,2026-05-01,7
12174,1,2026-05-01,5
12175,1,2026-05-01,5
12176,1,2026-05-01,8
12177,1,2026-05-01,2
12178,1,2026-05-01,7
12179,1,2026-05-01,7
12180,1,2026-05-01,5
12181,1,2026-05-01,3
12182,1,2026-05-01,2
12183,1,2026-05-01,8
12184,1,2026-05-01,6
12185,1,2026-05-01,7
12186,1,2026-05-01,7
12187,1,2026-05-01,2
12188,1,2026-05-01,7
12189,1,2026-05-01,4
12190,1,2026-05-01,4
12191,1,2026-05-01,2
12192,1,2026-05-01,3
12193,1,2026-05-01,2
12194,1,2026-05-01,4
12195,1,2026-05-01,4
12196,1,2026-05-01,5
12197,1,2026-05-01,6
12198,1,2026-05-01,3
12199,1,2026-05-01,4
12200,1,2026-05-01,5
12201,1,2026-05-01,7
12202,1,2026-05-01,5
12203,1,2026-05-01,6
12204,1,2026-05-01,3
12205,1,2026-05-01,3
12206,1,2026-05-01,8
12207,1,2026-05-01,2
12208,1,2026-05-01,3
12209,1,2026-05-01,4
12210,1,2026-05-01,8
12211,1,2026-05-01,2
12212,1,2026-05-01,5
12213,1,2026-05-01,2
12214,1,2026-05-01,4
12215,1,2026-05-01,5
12216,1,2026-05-01,3
12217,1,2026-05-01,8
12218,1,2026-05-01,2
12219,1,2026-05-01,2
12220,1,2026-05-01,3
12221,1,2026-05-01,7
12222,1,2026-05-01,4
12223,1,2026-05-01,3
12224,1,2026-05-01,7
12225,1,2026-05-01,7
12226,1,2026-05-01,5
12227,1,2026-05-01,4
12228,1,2026-05-01,7
12229,1,2026-05-01,4
12230,1,2026-05-01,5
12231,1,2026-05-01,6
12232,1,2026-05-01,2
12233,1,2026-05-01,7
12234,1,2026-05-01,5
12235,1,2026-05-01,3
12236,1,2026-05-01,4
12237,1,2026-05-01,6
12238,1,2026-05-01,5
12239,1,2026-05-01,7
12240,1,2026-05-01,8
12241,1,2026-05-02,4
12242,1,2026-05-02,3
12243,1,2026-05-02,3
12244,1,2026-05-02,4
12245,1,2026-05-02,3
12246,1,2026-05-02,8
12247,1,2026-05-02,5
12248,1,2026-05-02,6
12249,1,2026-05-02,2
12250,1,2026-05-02,5
12251,1,2026-05-02,5
12252,1,2026-05-02,6
12253,1,2026-05-02,2
12254,1,2026-05-02,4
12255,1,2026-05-02,3
12256,1,2026-05-02,7
12257,1,2026-05-02,2
12258,1,2026-05-02,7
12259,1,2026-05-02,5
12260,1,2026-05-02,7
12261,1,2026-05-02,2
12262,1,2026-05-02,5
12263,1,2026-05-02,2
12264,1,2026-05-02,3
12265,1,2026-05-02,8
12266,1,2026-05-02,5
12267,1,2026-05-02,4
12268,1,2026-05-02,3
12269,1,2026-05-02,8
12270,1,2026-05-02,5
12271,1,2026-05-02,6
12272,1,2026-05-02,8
12273,1,2026-05-02,8
12274,1,2026-05-02,6
12275,1,2026-05-02,4
12276,1,2026-05-02,3
12277,1,2026-05-02,4
12278,1,2026-05-02,6
12279,1,2026-05-02,6
12280,1,2026-05-02,2
12281,1,2026-05-02,4
12282,1,2026-05-02,8
12283,1,2026-05-02,3
12284,1,2026-05-02,3
12285,1,2026-05-02,5
12286,1,2026-05-02,8
12287,1,2026-05-02,8
12288,1,2026-05-02,6
12289,1,2026-05-02,3
12290,1,2026-05-02,5
12291,1,2026-05-02,2
12292,1,2026-05-02,5
12293,1,2026-05-02,6
12294,1,2026-05-02,2
12295,1,2026-05-02,6
12296,1,2026-05-02,2
12297,1,2026-05-02,4
12298,1,2026-05-02,7
12299,1,2026-05-02,5
12300,1,2026-05-02,7
12301,1,2026-05-02,3
12302,1,2026-05-02,7
12303,1,2026-05-02,3
12304,1,2026-05-02,5
12305,1,2026-05-02,7
12306,1,2026-05-02,2
12307,1,2026-05-02,8
12308,1,2026-05-02,8
12309,1,2026-05-02,7
12310,1,2026-05-02,4
12311,1,2026-05-02,5
12312,1,2026-05-02,3
12313,1,2026-05-02,2
12314,1,2026-05-02,6
12315,1,2026-05-02,3
12316,1,2026-05-02,6
12317,1,2026-05-02,6
12318,1,2026-05-02,8
12319,1,2026-05-02,7
12320,1,2026-05-02,2
12321,1,2026-05-02,2
12322,1,2026-05-02,3
12323,1,2026-05-02,7
12324,1,2026-05-02,6
12325,1,2026-05-02,7
12326,1,2026-05-02,3
12327,1,2026-05-02,4
12328,1,2026-05-02,6
12329,1,2026-05-02,3
12330,1,2026-05-02,4
12331,1,2026-05-02,7
12332,1,2026-05-02,4
12333,1,2026-05-02,2
12334,1,2026-05-02,2
12335,1,2026-05-02,5
12336,1,2026-05-02,5
12337,1,2026-05-02,3
12338,1,2026-05-02,3
12339,1,2026-05-02,6
12340,1,2026-05-02,5
12341,1,2026-05-02,7
12342,1,2026-05-02,2
12343,1,2026-05-02,8
12344,1,2026-05-02,7
12345,1,2026-05-02,4
12346,1,2026-05-02,7
12347,1,2026-05-02,8
12348,1,2026-05-02,3
12349,1,2026-05-02,4
12350,1,2026-05-02,7
12351,1,2026-05-02,6
12352,1,2026-05-02,3
12353,1,2026-05-02,2
12354,1,2026-05-02,4
12355,1,2026-05-02,7
12356,1,2026-05-02,2
12357,1,2026-05-02,8
12358,1,2026-05-02,3
12359,1,2026-05-02,8
12360,1,2026-05-02,4
12361,1,2026-05-02,5
12362,1,2026-05-02,3
12363,1,2026-05-02,3
12364,1,2026-05-02,6
12365,1,2026-05-02,7
12366,1,2026-05-02,3
12367,1,2026-05-02,6
12368,1,2026-05-02,7
12369,1,2026-05-02,2
12370,1,2026-05-02,3
12371,1,2026-05-02,3
12372,1,2026-05-02,8
12373,1,2026-05-02,8
12374,1,2026-05-02,4
12375,1,2026-05-02,3
12376,1,2026-05-02,5
12377,1,2026-05-02,2
12378,1,2026-05-02,5
12379,1,2026-05-02,7
12380,1,2026-05-02,7
12381,1,2026-05-02,5
12382,1,2026-05-02,3
12383,1,2026-05-02,4
12384,1,2026-05-02,6
12385,1,2026-05-02,4
12386,1,2026-05-02,8
12387,1,2026-05-02,4
12388,1,2026-05-02,2
12389,1,2026-05-02,8
12390,1,2026-05-02,4
12391,1,2026-05-02,4
12392,1,2026-05-03,4
12393,1,2026-05-03,4
12394,1,2026-05-03,8
12395,1,2026-05-03,2
12396,1,2026-05-03,2
12397,1,2026-05-03,6
12398,1,2026-05-03,8
12399,1,2026-05-03,3
12400,1,2026-05-03,2
12401,1,2026-05-03,5
12402,1,2026-05-03,7
12403,1,2026-05-03,8
12404,1,2026-05-03,2
12405,1,2026-05-03,8
12406,1,2026-05-03,4
12407,1,2026-05-03,8
12408,1,2026-05-03,6
12409,1,2026-05-03,5
12410,1,2026-05-03,8
12411,1,2026-05-03,6
12412,1,2026-05-03,3
12413,1,2026-05-03,4
12414,1,2026-05-03,2
12415,1,2026-05-03,5
12416,1,2026-05-03,2
12417,1,2026-05-03,6
12418,1,2026-05-03,8
12419,1,2026-05-03,3
12420,1,2026-05-03,8
12421,1,2026-05-03,7
12422,1,2026-05-03,4
12423,1,2026-05-03,6
12424,1,2026-05-03,6
12425,1,2026-05-03,2
12426,1,2026-05-03,7
12427,1,2026-05-03,6
12428,1,2026-05-03,7
12429,1,2026-05-03,3
12430,1,2026-05-03,4
12431,1,2026-05-03,7
12432,1,2026-05-03,7
12433,1,2026-05-03,4
12434,1,2026-05-03,5
12435,1,2026-05-03,6
12436,1,2026-05-03,8
12437,1,2026-05-03,6
12438,1,2026-05-03,2
12439,1,2026-05-03,8
12440,1,2026-05-03,4
12441,1,2026-05-03,7
12442,1,2026-05-03,8
12443,1,2026-05-03,2
12444,1,2026-05-03,7
12445,1,2026-05-03,5
12446,1,2026-05-03,7
12447,1,2026-05-03,5
12448,1,2026-05-03,3
12449,1,2026-05-03,3
12450,1,2026-05-03,2
12451,1,2026-05-03,5
12452,1,2026-05-03,7
12453,1,2026-05-03,7
12454,1,2026-05-03,5
12455,1,2026-05-03,3
12456,1,2026-05-03,5
12457,1,2026-05-03,4
12458,1,2026-05-03,3
12459,1,2026-05-03,3
12460,1,2026-05-03,8
12461,1,2026-05-03,6
12462,1,2026-05-03,2
12463,1,2026-05-03,3
12464,1,2026-05-03,2
12465,1,2026-05-03,6
12466,1,2026-05-03,6
12467,1,2026-05-03,3
12468,1,2026-05-03,8
12469,1,2026-05-03,2
12470,1,2026-05-03,5
12471,1,2026-05-03,8
12472,1,2026-05-03,8
12473,1,2026-05-03,4
12474,1,2026-05-03,7
12475,1,2026-05-03,6
12476,1,2026-05-03,5
12477,1,2026-05-03,5
12478,1,2026-05-03,2
12479,1,2026-05-03,8
12480,1,2026-05-03,3
12481,1,2026-05-03,8
12482,1,2026-05-03,3
12483,1,2026-05-03,2
12484,1,2026-05-03,5
12485,1,2026-05-03,5
12486,1,2026-05-03,3
12487,1,2026-05-03,5
12488,1,2026-05-03,8
12489,1,2026-05-03,4
12490,1,2026-05-03,3
12491,1,2026-05-03,4
12492,1,2026-05-03,4
12493,1,2026-05-03,3
12494,1,2026-05-03,2
12495,1,2026-05-03,4
12496,1,2026-05-03,8
12497,1,2026-05-03,6
12498,1,2026-05-03,8
12499,1,2026-05-03,7
12500,1,2026-05-03,7
12501,1,2026-05-03,4
12502,1,2026-05-03,4
12503,1,2026-05-03,2
12504,1,2026-05-03,3
12505,1,2026-05-03,8
12506,1,2026-05-03,4
12507,1,2026-05-03,7
12508,1,2026-05-03,7
12509,1,2026-05-03,5
12510,1,2026-05-03,7
12511,1,2026-05-03,6
12512,1,2026-05-03,8
12513,1,2026-05-03,7
12514,1,2026-05-03,4
12515,1,2026-05-03,6
12516,1,2026-05-03,4
12517,1,2026-05-03,3
12518,1,2026-05-03,2
12519,1,2026-05-03,5
12520,1,2026-05-03,6
12521,1,2026-05-03,3
12522,1,2026-05-03,5
12523,1,2026-05-03,7
12524,1,2026-05-03,8
12525,1,2026-05-03,8
12526,1,2026-05-03,6
12527,1,2026-05-03,6
12528,1,2026-05-04,7
12529,1,2026-05-04,5
12530,1,2026-05-04,8
12531,1,2026-05-04,7
12532,1,2026-05-04,7
12533,1,2026-05-04,8
12534,1,2026-05-04,8
12535,1,2026-05-04,6
12536,1,2026-05-04,5
12537,1,2026-05-04,2
12538,1,2026-05-04,7
12539,1,2026-05-04,8
12540,1,2026-05-04,8
12541,1,2026-05-04,5
12542,1,2026-05-04,4
12543,1,2026-05-04,2
12544,1,2026-05-04,4
12545,1,2026-05-04,2
12546,1,2026-05-04,4
12547,1,2026-05-04,6
12548,1,2026-05-04,4
12549,1,2026-05-04,5
12550,1,2026-05-04,5
12551,1,2026-05-04,6
12552,1,2026-05-04,4
12553,1,2026-05-04,7
12554,1,2026-05-04,6
12555,1,2026-05-04,4
12556,1,2026-05-04,6
12557,1,2026-05-04,3
12558,1,2026-05-04,7
12559,1,2026-05-04,6
12560,1,2026-05-04,8
12561,1,2026-05-04,4
12562,1,2026-05-04,4
12563,1,2026-05-04,8
12564,1,2026-05-04,4
12565,1,2026-05-04,6
12566,1,2026-05-04,6
12567,1,2026-05-04,2
12568,1,2026-05-04,7
12569,1,2026-05-04,4
12570,1,2026-05-04,3
12571,1,2026-05-04,8
12572,1,2026-05-04,2
12573,1,2026-05-04,3
12574,1,2026-05-04,4
12575,1,2026-05-04,6
12576,1,2026-05-04,3
12577,1,2026-05-04,7
12578,1,2026-05-04,4
12579,1,2026-05-04,2
12580,1,2026-05-04,5
12581,1,2026-05-04,4
12582,1,2026-05-04,7
12583,1,2026-05-04,8
12584,1,2026-05-04,3
12585,1,2026-05-04,3
12586,1,2026-05-04,2
12587,1,2026-05-04,4
12588,1,2026-05-04,3
12589,1,2026-05-04,4
12590,1,2026-05-04,7
12591,1,2026-05-04,2
12592,1,2026-05-04,7
12593,1,2026-05-04,7
12594,1,2026-05-04,4
12595,1,2026-05-04,8
12596,1,2026-05-04,2
12597,1,2026-05-04,3
12598,1,2026-05-04,5
12599,1,2026-05-04,8
12600,1,2026-05-04,6
12601,1,2026-05-04,6
12602,1,2026-05-05,7
12603,1,2026-05-05,7
12604,1,2026-05-05,5
12605,1,2026-05-05,6
12606,1,2026-05-05,7
12607,1,2026-05-05,3
12608,1,2026-05-05,8
12609,1,2026-05-05,7
12610,1,2026-05-05,4
12611,1,2026-05-05,8
12612,1,2026-05-05,7
12613,1,2026-05-05,4
12614,1,2026-05-05,3
12615,1,2026-05-05,3
12616,1,2026-05-05,2
12617,1,2026-05-05,6
12618,1,2026-05-05,2
12619,1,2026-05-05,4
12620,1,2026-05-05,7
12621,1,2026-05-05,7
12622,1,2026-05-05,5
12623,1,2026-05-05,5
12624,1,2026-05-05,5
12625,1,2026-05-05,7
12626,1,2026-05-05,6
12627,1,2026-05-05,4
12628,1,2026-05-05,6
12629,1,2026-05-05,3
12630,1,2026-05-05,5
12631,1,2026-05-05,2
12632,1,2026-05-05,5
12633,1,2026-05-05,7
12634,1,2026-05-05,4
12635,1,2026-05-05,8
12636,1,2026-05-05,8
12637,1,2026-05-05,8
12638,1,2026-05-05,6
12639,1,2026-05-05,5
12640,1,2026-05-05,8
12641,1,2026-05-05,6
12642,1,2026-05-05,4
12643,1,2026-05-05,7
12644,1,2026-05-05,8
12645,1,2026-05-05,7
12646,1,2026-05-05,6
12647,1,2026-05-05,5
12648,1,2026-05-05,4
12649,1,2026-05-05,4
12650,1,2026-05-05,6
12651,1,2026-05-05,5
12652,1,2026-05-05,8
12653,1,2026-05-05,7
12654,1,2026-05-05,4
12655,1,2026-05-05,4
12656,1,2026-05-05,3
12657,1,2026-05-05,3
12658,1,2026-05-05,5
12659,1,2026-05-05,6
12660,1,2026-05-05,5
12661,1,2026-05-05,7
12662,1,2026-05-05,5
12663,1,2026-05-05,6
12664,1,2026-05-05,7
12665,1,2026-05-05,8
12666,1,2026-05-05,5
12667,1,2026-05-05,6
12668,1,2026-05-05,7
12669,1,2026-05-05,3
12670,1,2026-05-05,8
12671,1,2026-05-05,2
12672,1,2026-05-05,2
12673,1,2026-05-05,4
12674,1,2026-05-05,2
12675,1,2026-05-05,8
12676,1,2026-05-05,2
12677,1,2026-05-05,3
12678,1,2026-05-05,3
12679,1,2026-05-05,5
12680,1,2026-05-05,3
12681,1,2026-05-05,7
12682,1,2026-05-05,5
12683,1,2026-05-05,5
12684,1,2026-05-05,4
12685,1,2026-05-05,2
12686,1,2026-05-05,4
12687,1,2026-05-05,2
12688,1,2026-05-05,3
12689,1,2026-05-05,5
12690,1,2026-05-05,6
12691,1,2026-05-05,8
12692,1,2026-05-05,2
12693,1,2026-05-05,4
12694,1,2026-05-05,8
12695,1,2026-05-05,6
12696,1,2026-05-06,4
12697,1,2026-05-06,5
12698,1,2026-05-06,2
12699,1,2026-05-06,7
12700,1,2026-05-06,7
12701,1,2026-05-06,2
12702,1,2026-05-06,5
12703,1,2026-05-06,3
12704,1,2026-05-06,4
12705,1,2026-05-06,7
12706,1,2026-05-06,4
12707,1,2026-05-06,8
12708,1,2026-05-06,3
12709,1,2026-05-06,2
12710,1,2026-05-06,8
12711,1,2026-05-06,2
12712,1,2026-05-06,2
12713,1,2026-05-06,4
12714,1,2026-05-06,5
12715,1,2026-05-06,7
12716,1,2026-05-06,7
12717,1,2026-05-06,7
12718,1,2026-05-06,5
12719,1,2026-05-06,8
12720,1,2026-05-06,4
12721,1,2026-05-06,8
12722,1,2026-05-06,3
12723,1,2026-05-06,4
12724,1,2026-05-06,7
12725,1,2026-05-06,3
12726,1,2026-05-06,8
12727,1,2026-05-06,8
12728,1,2026-05-06,5
12729,1,2026-05-06,8
12730,1,2026-05-06,8
12731,1,2026-05-06,6
12732,1,2026-05-06,4
12733,1,2026-05-06,4
12734,1,2026-05-06,3
12735,1,2026-05-06,2
12736,1,2026-05-06,6
12737,1,2026-05-06,5
12738,1,2026-05-06,4
12739,1,2026-05-06,7
12740,1,2026-05-06,4
12741,1,2026-05-06,2
12742,1,2026-05-06,6
12743,1,2026-05-06,4
12744,1,2026-05-06,3
12745,1,2026-05-06,4
12746,1,2026-05-06,3
12747,1,2026-05-06,8
12748,1,2026-05-06,5
12749,1,2026-05-06,4
12750,1,2026-05-06,7
12751,1,2026-05-06,5
12752,1,2026-05-06,2
12753,1,2026-05-06,4
12754,1,2026-05-06,2
12755,1,2026-05-06,6
12756,1,2026-05-06,8
12757,1,2026-05-06,4
12758,1,2026-05-06,5
12759,1,2026-05-06,6
12760,1,2026-05-06,8
12761,1,2026-05-06,8
12762,1,2026-05-06,3
12763,1,2026-05-06,3
12764,1,2026-05-06,6
12765,1,2026-05-06,6
12766,1,2026-05-06,2
12767,1,2026-05-06,3
12768,1,2026-05-06,7
12769,1,2026-05-06,3
12770,1,2026-05-06,4
12771,1,2026-05-06,7
12772,1,2026-05-06,3
12773,1,2026-05-06,5
12774,1,2026-05-06,8
12775,1,2026-05-06,3
12776,1,2026-05-06,7
12777,1,2026-05-06,7
12778,1,2026-05-06,5
12779,1,2026-05-06,7
12780,1,2026-05-06,5
12781,1,2026-05-06,8
12782,1,2026-05-06,2
12783,1,2026-05-06,3
12784,1,2026-05-06,8
12785,1,2026-05-07,7
12786,1,2026-05-07,7
12787,1,2026-05-07,7
12788,1,2026-05-07,4
12789,1,2026-05-07,4
12790,1,2026-05-07,5
12791,1,2026-05-07,7
12792,1,2026-05-07,7
12793,1,2026-05-07,8
12794,1,2026-05-07,7
12795,1,2026-05-07,6
12796,1,2026-05-07,5
12797,1,2026-05-07,2
12798,1,2026-05-07,3
12799,1,2026-05-07,7
12800,1,2026-05-07,5
12801,1,2026-05-07,4
12802,1,2026-05-07,6
12803,1,2026-05-07,5
12804,1,2026-05-07,7
12805,1,2026-05-07,3
12806,1,2026-05-07,4
12807,1,2026-05-07,5
12808,1,2026-05-07,6
12809,1,2026-05-07,8
12810,1,2026-05-07,5
12811,1,2026-05-07,5
12812,1,2026-05-07,7
12813,1,2026-05-07,2
12814,1,2026-05-07,2
12815,1,2026-05-07,6
12816,1,2026-05-07,4
12817,1,2026-05-07,7
12818,1,2026-05-07,2
12819,1,2026-05-07,3
12820,1,2026-05-07,4
12821,1,2026-05-07,6
12822,1,2026-05-07,4
12823,1,2026-05-07,5
12824,1,2026-05-07,4
12825,1,2026-05-07,8
12826,1,2026-05-07,2
12827,1,2026-05-07,4
12828,1,2026-05-07,8
12829,1,2026-05-07,5
12830,1,2026-05-07,6
12831,1,2026-05-07,4
12832,1,2026-05-07,8
12833,1,2026-05-07,3
12834,1,2026-05-07,4
12835,1,2026-05-07,5
12836,1,2026-05-07,3
12837,1,2026-05-07,6
12838,1,2026-05-07,4
12839,1,2026-05-07,3
12840,1,2026-05-07,3
12841,1,2026-05-07,3
12842,1,2026-05-07,5
12843,1,2026-05-07,2
12844,1,2026-05-07,8
12845,1,2026-05-07,7
12846,1,2026-05-07,8
12847,1,2026-05-07,7
12848,1,2026-05-07,2
12849,1,2026-05-07,3
12850,1,2026-05-07,6
12851,1,2026-05-07,5
12852,1,2026-05-07,2
12853,1,2026-05-07,5
12854,1,2026-05-07,5
12855,1,2026-05-07,6
12856,1,2026-05-07,3
12857,1,2026-05-07,3
12858,1,2026-05-07,3
12859,1,2026-05-07,4
12860,1,2026-05-07,4
12861,1,2026-05-07,5
12862,1,2026-05-07,7
12863,1,2026-05-07,2
12864,1,2026-05-07,8
12865,1,2026-05-07,2
12866,1,2026-05-07,5
12867,1,2026-05-07,6
12868,1,2026-05-07,4
12869,1,2026-05-07,3
12870,1,2026-05-07,3
12871,1,2026-05-07,3
12872,1,2026-05-07,8
12873,1,2026-05-07,5
12874,1,2026-05-07,8
12875,1,2026-05-07,3
12876,1,2026-05-07,8
12877,1,2026-05-07,8
12878,1,2026-05-07,7
12879,1,2026-05-07,5
12880,1,2026-05-07,8
12881,1,2026-05-07,6
12882,1,2026-05-07,4
12883,1,2026-05-08,6
12884,1,2026-05-08,8
12885,1,2026-05-08,5
12886,1,2026-05-08,7
12887,1,2026-05-08,8
12888,1,2026-05-08,4
12889,1,2026-05-08,6
12890,1,2026-05-08,2
12891,1,2026-05-08,3
12892,1,2026-05-08,6
12893,1,2026-05-08,8
12894,1,2026-05-08,4
12895,1,2026-05-08,8
12896,1,2026-05-08,3
12897,1,2026-05-08,4
12898,1,2026-05-08,6
12899,1,2026-05-08,7
12900,1,2026-05-08,8
12901,1,2026-05-08,7
12902,1,2026-05-08,5
12903,1,2026-05-08,8
12904,1,2026-05-08,3
12905,1,2026-05-08,8
12906,1,2026-05-08,8
12907,1,2026-05-08,8
12908,1,2026-05-08,6
12909,1,2026-05-08,2
12910,1,2026-05-08,6
12911,1,2026-05-08,8
12912,1,2026-05-08,6
12913,1,2026-05-08,2
12914,1,2026-05-08,2
12915,1,2026-05-08,4
12916,1,2026-05-08,5
12917,1,2026-05-08,3
12918,1,2026-05-08,3
12919,1,2026-05-08,3
12920,1,2026-05-08,8
12921,1,2026-05-08,7
12922,1,2026-05-08,3
12923,1,2026-05-08,2
12924,1,2026-05-08,4
12925,1,2026-05-08,3
12926,1,2026-05-08,7
12927,1,2026-05-08,3
12928,1,2026-05-08,3
12929,1,2026-05-08,7
12930,1,2026-05-08,2
12931,1,2026-05-08,4
12932,1,2026-05-08,5
12933,1,2026-05-08,7
12934,1,2026-05-08,6
12935,1,2026-05-08,6
12936,1,2026-05-08,8
12937,1,2026-05-08,4
12938,1,2026-05-08,3
12939,1,2026-05-08,7
12940,1,2026-05-08,7
12941,1,2026-05-08,7
12942,1,2026-05-08,6
12943,1,2026-05-08,4
12944,1,2026-05-08,4
12945,1,2026-05-08,3
12946,1,2026-05-08,6
12947,1,2026-05-08,6
12948,1,2026-05-08,6
12949,1,2026-05-08,5
12950,1,2026-05-08,6
12951,1,2026-05-08,4
12952,1,2026-05-08,3
12953,1,2026-05-08,5
12954,1,2026-05-08,7
12955,1,2026-05-08,6
12956,1,2026-05-08,4
12957,1,2026-05-08,7
12958,1,2026-05-08,3
12959,1,2026-05-08,4
12960,1,2026-05-08,2
12961,1,2026-05-08,2
12962,1,2026-05-08,2
12963,1,2026-05-08,5
12964,1,2026-05-08,5
12965,1,2026-05-08,6
12966,1,2026-05-08,4
12967,1,2026-05-08,6
12968,1,2026-05-08,2
12969,1,2026-05-08,3
12970,1,2026-05-08,5
12971,1,2026-05-08,3
12972,1,2026-05-08,3
12973,1,2026-05-08,3
12974,1,2026-05-08,7
12975,1,2026-05-08,5
12976,1,2026-05-08,6
12977,1,2026-05-08,4
12978,1,2026-05-08,8
12979,1,2026-05-08,8
12980,1,2026-05-08,2
12981,1,2026-05-08,6
12982,1,2026-05-08,3
12983,1,2026-05-08,8
12984,1,2026-05-08,6
12985,1,2026-05-08,2
12986,1,2026-05-08,4
12987,1,2026-05-08,7
12988,1,2026-05-08,6
12989,1,2026-05-08,3
12990,1,2026-05-08,6
12991,1,2026-05-08,5
12992,1,2026-05-08,3
12993,1,2026-05-08,8
12994,1,2026-05-08,5
12995,1,2026-05-08,2
12996,1,2026-05-08,3
12997,1,2026-05-08,2
12998,1,2026-05-09,3
12999,1,2026-05-09,6
13000,1,2026-05-09,4
13001,1,2026-05-09,2
13002,1,2026-05-09,6
13003,1,2026-05-09,8
13004,1,2026-05-09,7
13005,1,2026-05-09,6
13006,1,2026-05-09,6
13007,1,2026-05-09,4
13008,1,2026-05-09,6
13009,1,2026-05-09,5
13010,1,2026-05-09,4
13011,1,2026-05-09,6
13012,1,2026-05-09,2
13013,1,2026-05-09,6
13014,1,2026-05-09,2
13015,1,2026-05-09,8
13016,1,2026-05-09,8
13017,1,2026-05-09,3
13018,1,2026-05-09,5
13019,1,2026-05-09,2
13020,1,2026-05-09,6
13021,1,2026-05-09,4
13022,1,2026-05-09,3
13023,1,2026-05-09,7
13024,1,2026-05-09,4
13025,1,2026-05-09,3
13026,1,2026-05-09,8
13027,1,2026-05-09,5
13028,1,2026-05-09,6
13029,1,2026-05-09,3
13030,1,2026-05-09,6
13031,1,2026-05-09,5
13032,1,2026-05-09,6
13033,1,2026-05-09,2
13034,1,2026-05-09,6
13035,1,2026-05-09,2
13036,1,2026-05-09,5
13037,1,2026-05-09,6
13038,1,2026-05-09,5
13039,1,2026-05-09,4
13040,1,2026-05-09,3
13041,1,2026-05-09,4
13042,1,2026-05-09,5
13043,1,2026-05-09,4
13044,1,2026-05-09,3
13045,1,2026-05-09,6
13046,1,2026-05-09,8
13047,1,2026-05-09,6
13048,1,2026-05-09,2
13049,1,2026-05-09,6
13050,1,2026-05-09,8
13051,1,2026-05-09,7
13052,1,2026-05-09,7
13053,1,2026-05-09,5
13054,1,2026-05-09,6
13055,1,2026-05-09,5
13056,1,2026-05-09,4
13057,1,2026-05-09,3
13058,1,2026-05-09,8
13059,1,2026-05-09,2
13060,1,2026-05-09,8
13061,1,2026-05-09,6
13062,1,2026-05-09,6
13063,1,2026-05-09,4
13064,1,2026-05-09,5
13065,1,2026-05-09,4
13066,1,2026-05-09,5
13067,1,2026-05-09,5
13068,1,2026-05-09,5
13069,1,2026-05-09,3
13070,1,2026-05-09,6
13071,1,2026-05-09,3
13072,1,2026-05-09,7
13073,1,2026-05-09,8
13074,1,2026-05-09,3
13075,1,2026-05-09,7
13076,1,2026-05-09,7
13077,1,2026-05-09,5
13078,1,2026-05-09,5
13079,1,2026-05-09,4
13080,1,2026-05-09,4
13081,1,2026-05-09,8
13082,1,2026-05-09,2
13083,1,2026-05-09,8
13084,1,2026-05-09,5
13085,1,2026-05-09,6
13086,1,2026-05-09,4
13087,1,2026-05-09,4
13088,1,2026-05-09,4
13089,1,2026-05-09,4
13090,1,2026-05-09,2
13091,1,2026-05-09,5
13092,1,2026-05-09,6
13093,1,2026-05-09,5
13094,1,2026-05-09,4
13095,1,2026-05-09,5
13096,1,2026-05-09,5
13097,1,2026-05-09,8
13098,1,2026-05-09,7
13099,1,2026-05-09,7
13100,1,2026-05-09,4
13101,1,2026-05-09,7
13102,1,2026-05-09,2
13103,1,2026-05-09,8
13104,1,2026-05-09,5
13105,1,2026-05-09,8
13106,1,2026-05-09,7
13107,1,2026-05-09,7
13108,1,2026-05-09,4
13109,1,2026-05-09,6
13110,1,2026-05-09,5
13111,1,2026-05-09,3
13112,1,2026-05-09,3
13113,1,2026-05-09,3
13114,1,2026-05-09,4
13115,1,2026-05-09,2
13116,1,2026-05-09,4
13117,1,2026-05-09,6
13118,1,2026-05-09,7
13119,1,2026-05-09,8
13120,1,2026-05-09,5
13121,1,2026-05-09,7
13122,1,2026-05-09,2
13123,1,2026-05-09,4
13124,1,2026-05-09,7
13125,1,2026-05-09,5
13126,1,2026-05-09,6
13127,1,2026-05-09,3
13128,1,2026-05-09,3
13129,1,2026-05-09,4
13130,1,2026-05-09,8
13131,1,2026-05-09,5
13132,1,2026-05-09,2
13133,1,2026-05-09,6
13134,1,2026-05-09,7
13135,1,2026-05-10,7
13136,1,2026-05-10,3
13137,1,2026-05-10,6
13138,1,2026-05-10,3
13139,1,2026-05-10,7
13140,1,2026-05-10,8
13141,1,2026-05-10,4
13142,1,2026-05-10,5
13143,1,2026-05-10,5
13144,1,2026-05-10,6
13145,1,2026-05-10,8
13146,1,2026-05-10,4
13147,1,2026-05-10,2
13148,1,2026-05-10,8
13149,1,2026-05-10,4
13150,1,2026-05-10,7
13151,1,2026-05-10,6
13152,1,2026-05-10,2
13153,1,2026-05-10,7
13154,1,2026-05-10,5
13155,1,2026-05-10,3
13156,1,2026-05-10,4
13157,1,2026-05-10,6
13158,1,2026-05-10,7
13159,1,2026-05-10,3
13160,1,2026-05-10,6
13161,1,2026-05-10,7
13162,1,2026-05-10,8
13163,1,2026-05-10,2
13164,1,2026-05-10,2
13165,1,2026-05-10,3
13166,1,2026-05-10,5
13167,1,2026-05-10,4
13168,1,2026-05-10,2
13169,1,2026-05-10,3
13170,1,2026-05-10,3
13171,1,2026-05-10,7
13172,1,2026-05-10,7
13173,1,2026-05-10,5
13174,1,2026-05-10,4
13175,1,2026-05-10,5
13176,1,2026-05-10,7
13177,1,2026-05-10,6
13178,1,2026-05-10,4
13179,1,2026-05-10,8
13180,1,2026-05-10,6
13181,1,2026-05-10,6
13182,1,2026-05-10,5
13183,1,2026-05-10,2
13184,1,2026-05-10,7
13185,1,2026-05-10,7
13186,1,2026-05-10,3
13187,1,2026-05-10,7
13188,1,2026-05-10,6
13189,1,2026-05-10,4
13190,1,2026-05-10,4
13191,1,2026-05-10,6
13192,1,2026-05-10,5
13193,1,2026-05-10,2
13194,1,2026-05-10,3
13195,1,2026-05-10,7
13196,1,2026-05-10,5
13197,1,2026-05-10,7
13198,1,2026-05-10,8
13199,1,2026-05-10,2
13200,1,2026-05-10,2
13201,1,2026-05-10,4
13202,1,2026-05-10,5
13203,1,2026-05-10,7
13204,1,2026-05-10,4
13205,1,2026-05-10,6
13206,1,2026-05-10,5
13207,1,2026-05-10,3
13208,1,2026-05-10,8
13209,1,2026-05-10,4
13210,1,2026-05-10,5
13211,1,2026-05-10,8
13212,1,2026-05-10,6
13213,1,2026-05-10,3
13214,1,2026-05-10,4
13215,1,2026-05-10,5
13216,1,2026-05-10,8
13217,1,2026-05-10,7
13218,1,2026-05-10,4
13219,1,2026-05-10,8
13220,1,2026-05-10,7
13221,1,2026-05-10,5
13222,1,2026-05-10,8
13223,1,2026-05-10,8
13224,1,2026-05-10,4
13225,1,2026-05-10,3
13226,1,2026-05-10,2
13227,1,2026-05-10,3
13228,1,2026-05-10,8
13229,1,2026-05-10,5
13230,1,2026-05-10,6
13231,1,2026-05-10,2
13232,1,2026-05-10,4
13233,1,2026-05-10,8
13234,1,2026-05-10,4
13235,1,2026-05-10,3
13236,1,2026-05-10,5
13237,1,2026-05-10,4
13238,1,2026-05-10,3
13239,1,2026-05-10,5
13240,1,2026-05-10,8
13241,1,2026-05-10,2
13242,1,2026-05-10,6
13243,1,2026-05-10,2
13244,1,2026-05-10,2
13245,1,2026-05-10,6
13246,1,2026-05-10,5
13247,1,2026-05-10,5
13248,1,2026-05-10,6
13249,1,2026-05-10,6
13250,1,2026-05-10,6
13251,1,2026-05-10,4
13252,1,2026-05-10,6
13253,1,2026-05-10,2
13254,1,2026-05-10,3
13255,1,2026-05-10,3
13256,1,2026-05-10,2
13257,1,2026-05-10,8
13258,1,2026-05-10,7
13259,1,2026-05-10,6
13260,1,2026-05-11,3
13261,1,2026-05-11,4
13262,1,2026-05-11,5
13263,1,2026-05-11,8
13264,1,2026-05-11,5
13265,1,2026-05-11,4
13266,1,2026-05-11,7
13267,1,2026-05-11,4
13268,1,2026-05-11,4
13269,1,2026-05-11,3
13270,1,2026-05-11,5
13271,1,2026-05-11,6
13272,1,2026-05-11,4
13273,1,2026-05-11,2
13274,1,2026-05-11,8
13275,1,2026-05-11,8
13276,1,2026-05-11,4
13277,1,2026-05-11,6
13278,1,2026-05-11,2
13279,1,2026-05-11,5
13280,1,2026-05-11,3
13281,1,2026-05-11,5
13282,1,2026-05-11,6
13283,1,2026-05-11,8
13284,1,2026-05-11,4
13285,1,2026-05-11,5
13286,1,2026-05-11,5
13287,1,2026-05-11,4
13288,1,2026-05-11,7
13289,1,2026-05-11,3
13290,1,2026-05-11,6
13291,1,2026-05-11,8
13292,1,2026-05-11,7
13293,1,2026-05-11,7
13294,1,2026-05-11,7
13295,1,2026-05-11,3
13296,1,2026-05-11,8
13297,1,2026-05-11,8
13298,1,2026-05-11,3
13299,1,2026-05-11,4
13300,1,2026-05-11,6
13301,1,2026-05-11,8
13302,1,2026-05-11,2
13303,1,2026-05-11,7
13304,1,2026-05-11,4
13305,1,2026-05-11,3
13306,1,2026-05-11,3
13307,1,2026-05-11,5
13308,1,2026-05-11,6
13309,1,2026-05-11,3
13310,1,2026-05-11,3
13311,1,2026-05-11,8
13312,1,2026-05-11,7
13313,1,2026-05-11,6
13314,1,2026-05-11,7
13315,1,2026-05-11,3
13316,1,2026-05-11,7
13317,1,2026-05-11,2
13318,1,2026-05-11,6
13319,1,2026-05-11,4
13320,1,2026-05-11,8
13321,1,2026-05-11,5
13322,1,2026-05-11,8
13323,1,2026-05-11,3
13324,1,2026-05-11,3
13325,1,2026-05-11,8
13326,1,2026-05-11,8
13327,1,2026-05-11,3
13328,1,2026-05-11,3
13329,1,2026-05-11,2
13330,1,2026-05-11,7
13331,1,2026-05-11,3
13332,1,2026-05-11,5
13333,1,2026-05-11,6
13334,1,2026-05-11,8
13335,1,2026-05-12,5
13336,1,2026-05-12,2
13337,1,2026-05-12,8
13338,1,2026-05-12,2
13339,1,2026-05-12,8
13340,1,2026-05-12,7
13341,1,2026-05-12,8
13342,1,2026-05-12,3
13343,1,2026-05-12,8
13344,1,2026-05-12,5
13345,1,2026-05-12,8
13346,1,2026-05-12,8
13347,1,2026-05-12,7
13348,1,2026-05-12,2
13349,1,2026-05-12,4
13350,1,2026-05-12,6
13351,1,2026-05-12,5
13352,1,2026-05-12,3
13353,1,2026-05-12,2
13354,1,2026-05-12,5
13355,1,2026-05-12,8
13356,1,2026-05-12,2
13357,1,2026-05-12,4
13358,1,2026-05-12,4
13359,1,2026-05-12,6
13360,1,2026-05-12,5
13361,1,2026-05-12,2
13362,1,2026-05-12,5
13363,1,2026-05-12,6
13364,1,2026-05-12,2
13365,1,2026-05-12,3
13366,1,2026-05-12,5
13367,1,2026-05-12,2
13368,1,2026-05-12,3
13369,1,2026-05-12,3
13370,1,2026-05-12,6
13371,1,2026-05-12,8
13372,1,2026-05-12,3
13373,1,2026-05-12,3
13374,1,2026-05-12,2
13375,1,2026-05-12,8
13376,1,2026-05-12,3
13377,1,2026-05-12,7
13378,1,2026-05-12,6
13379,1,2026-05-12,4
13380,1,2026-05-12,2
13381,1,2026-05-12,3
13382,1,2026-05-12,3
13383,1,2026-05-12,3
13384,1,2026-05-12,7
13385,1,2026-05-12,6
13386,1,2026-05-12,3
13387,1,2026-05-12,5
13388,1,2026-05-12,7
13389,1,2026-05-12,6
13390,1,2026-05-12,2
13391,1,2026-05-12,4
13392,1,2026-05-12,5
13393,1,2026-05-12,8
13394,1,2026-05-12,7
13395,1,2026-05-12,7
13396,1,2026-05-12,3
13397,1,2026-05-12,2
13398,1,2026-05-12,5
13399,1,2026-05-12,6
13400,1,2026-05-12,5
13401,1,2026-05-12,5
13402,1,2026-05-12,5
13403,1,2026-05-12,6
13404,1,2026-05-12,2
13405,1,2026-05-12,3
13406,1,2026-05-12,2
13407,1,2026-05-12,4
13408,1,2026-05-12,2
13409,1,2026-05-12,7
13410,1,2026-05-12,5
13411,1,2026-05-12,7
13412,1,2026-05-12,5
13413,1,2026-05-12,6
13414,1,2026-05-12,4
13415,1,2026-05-12,7
13416,1,2026-05-12,2
13417,1,2026-05-12,6
13418,1,2026-05-12,5
13419,1,2026-05-12,6
13420,1,2026-05-12,2
13421,1,2026-05-12,3
13422,1,2026-05-12,2
13423,1,2026-05-12,7
13424,1,2026-05-12,5
13425,1,2026-05-12,6
13426,1,2026-05-12,7
13427,1,2026-05-12,7
13428,1,2026-05-12,4
13429,1,2026-05-12,5
13430,1,2026-05-13,3
13431,1,2026-05-13,6
13432,1,2026-05-13,3
13433,1,2026-05-13,3
13434,1,2026-05-13,2
13435,1,2026-05-13,8
13436,1,2026-05-13,2
13437,1,2026-05-13,4
13438,1,2026-05-13,3
13439,1,2026-05-13,2
13440,1,2026-05-13,5
13441,1,2026-05-13,8
13442,1,2026-05-13,3
13443,1,2026-05-13,7
13444,1,2026-05-13,8
13445,1,2026-05-13,2
13446,1,2026-05-13,8
13447,1,2026-05-13,2
13448,1,2026-05-13,8
13449,1,2026-05-13,5
13450,1,2026-05-13,5
13451,1,2026-05-13,3
13452,1,2026-05-13,5
13453,1,2026-05-13,3
13454,1,2026-05-13,5
13455,1,2026-05-13,5
13456,1,2026-05-13,3
13457,1,2026-05-13,2
13458,1,2026-05-13,2
13459,1,2026-05-13,6
13460,1,2026-05-13,7
13461,1,2026-05-13,4
13462,1,2026-05-13,5
13463,1,2026-05-13,5
13464,1,2026-05-13,4
13465,1,2026-05-13,3
13466,1,2026-05-13,4
13467,1,2026-05-13,7
13468,1,2026-05-13,8
13469,1,2026-05-13,2
13470,1,2026-05-13,7
13471,1,2026-05-13,5
13472,1,2026-05-13,3
13473,1,2026-05-13,2
13474,1,2026-05-13,8
13475,1,2026-05-13,3
13476,1,2026-05-13,5
13477,1,2026-05-13,4
13478,1,2026-05-13,5
13479,1,2026-05-13,2
13480,1,2026-05-13,3
13481,1,2026-05-13,8
13482,1,2026-05-13,3
13483,1,2026-05-13,2
13484,1,2026-05-13,6
13485,1,2026-05-13,2
13486,1,2026-05-13,3
13487,1,2026-05-13,3
13488,1,2026-05-13,8
13489,1,2026-05-13,7
13490,1,2026-05-13,5
13491,1,2026-05-13,2
13492,1,2026-05-13,4
13493,1,2026-05-13,5
13494,1,2026-05-13,2
13495,1,2026-05-13,8
13496,1,2026-05-13,4
13497,1,2026-05-13,3
13498,1,2026-05-13,4
13499,1,2026-05-13,4
13500,1,2026-05-13,3
13501,1,2026-05-13,3
13502,1,2026-05-13,6
13503,1,2026-05-13,8
13504,1,2026-05-13,4
13505,1,2026-05-13,6
13506,1,2026-05-13,6
13507,1,2026-05-13,3
13508,1,2026-05-13,2
13509,1,2026-05-13,2
13510,1,2026-05-13,2
13511,1,2026-05-13,6
13512,1,2026-05-13,2
13513,1,2026-05-13,7
13514,1,2026-05-13,7
13515,1,2026-05-13,6
13516,1,2026-05-13,5
13517,1,2026-05-13,2
13518,1,2026-05-13,5
13519,1,2026-05-14,8
13520,1,2026-05-14,3
13521,1,2026-05-14,4
13522,1,2026-05-14,6
13523,1,2026-05-14,8
13524,1,2026-05-14,8
13525,1,2026-05-14,5
13526,1,2026-05-14,4
13527,1,2026-05-14,4
13528,1,2026-05-14,6
13529,1,2026-05-14,7
13530,1,2026-05-14,8
13531,1,2026-05-14,5
13532,1,2026-05-14,6
13533,1,2026-05-14,3
13534,1,2026-05-14,7
13535,1,2026-05-14,7
13536,1,2026-05-14,3
13537,1,2026-05-14,6
13538,1,2026-05-14,8
13539,1,2026-05-14,3
13540,1,2026-05-14,3
13541,1,2026-05-14,2
13542,1,2026-05-14,7
13543,1,2026-05-14,3
13544,1,2026-05-14,6
13545,1,2026-05-14,3
13546,1,2026-05-14,7
13547,1,2026-05-14,5
13548,1,2026-05-14,4
13549,1,2026-05-14,4
13550,1,2026-05-14,5
13551,1,2026-05-14,6
13552,1,2026-05-14,5
13553,1,2026-05-14,3
13554,1,2026-05-14,3
13555,1,2026-05-14,6
13556,1,2026-05-14,8
13557,1,2026-05-14,2
13558,1,2026-05-14,3
13559,1,2026-05-14,2
13560,1,2026-05-14,5
13561,1,2026-05-14,3
13562,1,2026-05-14,3
13563,1,2026-05-14,8
13564,1,2026-05-14,5
13565,1,2026-05-14,7
13566,1,2026-05-14,5
13567,1,2026-05-14,6
13568,1,2026-05-14,4
13569,1,2026-05-14,3
13570,1,2026-05-14,8
13571,1,2026-05-14,8
13572,1,2026-05-14,2
13573,1,2026-05-14,2
13574,1,2026-05-14,7
13575,1,2026-05-14,3
13576,1,2026-05-14,2
13577,1,2026-05-14,5
13578,1,2026-05-14,2
13579,1,2026-05-14,3
13580,1,2026-05-14,7
13581,1,2026-05-14,6
13582,1,2026-05-14,2
13583,1,2026-05-14,6
13584,1,2026-05-14,3
13585,1,2026-05-14,8
13586,1,2026-05-14,3
13587,1,2026-05-14,8
13588,1,2026-05-14,4
13589,1,2026-05-14,3
13590,1,2026-05-14,4
13591,1,2026-05-14,6
13592,1,2026-05-14,7
13593,1,2026-05-14,6
13594,1,2026-05-14,3
13595,1,2026-05-14,3
13596,1,2026-05-14,6
13597,1,2026-05-14,7
13598,1,2026-05-14,6
13599,1,2026-05-14,6
13600,1,2026-05-14,7
13601,1,2026-05-14,5
13602,1,2026-05-14,5
13603,1,2026-05-14,8
13604,1,2026-05-14,2
13605,1,2026-05-14,5
13606,1,2026-05-14,7
13607,1,2026-05-14,6
13608,1,2026-05-14,3
13609,1,2026-05-14,3
13610,1,2026-05-14,3
13611,1,2026-05-14,2
13612,1,2026-05-14,5
13613,1,2026-05-14,4
13614,1,2026-05-14,8
13615,1,2026-05-14,2
13616,1,2026-05-14,7
13617,1,2026-05-14,8
13618,1,2026-05-14,5
13619,1,2026-05-14,6
13620,1,2026-05-14,8
13621,1,2026-05-14,2
13622,1,2026-05-14,2
13623,1,2026-05-14,8
13624,1,2026-05-14,5
13625,1,2026-05-14,7
13626,1,2026-05-14,8
13627,1,2026-05-14,2
13628,1,2026-05-14,7
13629,1,2026-05-14,4
13630,1,2026-05-14,6
13631,1,2026-05-14,5
13632,1,2026-05-14,8
13633,1,2026-05-14,3
13634,1,2026-05-14,5
13635,1,2026-05-15,4
13636,1,2026-05-15,6
13637,1,2026-05-15,5
13638,1,2026-05-15,3
13639,1,2026-05-15,3
13640,1,2026-05-15,8
13641,1,2026-05-15,4
13642,1,2026-05-15,4
13643,1,2026-05-15,3
13644,1,2026-05-15,6
13645,1,2026-05-15,7
13646,1,2026-05-15,2
13647,1,2026-05-15,7
13648,1,2026-05-15,2
13649,1,2026-05-15,4
13650,1,2026-05-15,3
13651,1,2026-05-15,3
13652,1,2026-05-15,8
13653,1,2026-05-15,5
13654,1,2026-05-15,2
13655,1,2026-05-15,3
13656,1,2026-05-15,4
13657,1,2026-05-15,2
13658,1,2026-05-15,6
13659,1,2026-05-15,8
13660,1,2026-05-15,3
13661,1,2026-05-15,5
13662,1,2026-05-15,4
13663,1,2026-05-15,2
13664,1,2026-05-15,3
13665,1,2026-05-15,3
13666,1,2026-05-15,4
13667,1,2026-05-15,2
13668,1,2026-05-15,2
13669,1,2026-05-15,8
13670,1,2026-05-15,8
13671,1,2026-05-15,3
13672,1,2026-05-15,6
13673,1,2026-05-15,4
13674,1,2026-05-15,4
13675,1,2026-05-15,7
13676,1,2026-05-15,6
13677,1,2026-05-15,4
13678,1,2026-05-15,7
13679,1,2026-05-15,6
13680,1,2026-05-15,6
13681,1,2026-05-15,3
13682,1,2026-05-15,6
13683,1,2026-05-15,7
13684,1,2026-05-15,2
13685,1,2026-05-15,6
13686,1,2026-05-15,5
13687,1,2026-05-15,3
13688,1,2026-05-15,8
13689,1,2026-05-15,3
13690,1,2026-05-15,4
13691,1,2026-05-15,7
13692,1,2026-05-15,3
13693,1,2026-05-15,6
13694,1,2026-05-15,2
13695,1,2026-05-15,3
13696,1,2026-05-15,7
13697,1,2026-05-15,7
13698,1,2026-05-15,5
13699,1,2026-05-15,6
13700,1,2026-05-15,6
13701,1,2026-05-15,5
13702,1,2026-05-15,2
13703,1,2026-05-15,3
13704,1,2026-05-15,3
13705,1,2026-05-15,8
13706,1,2026-05-15,3
13707,1,2026-05-15,6
13708,1,2026-05-15,8
13709,1,2026-05-15,5
13710,1,2026-05-15,3
13711,1,2026-05-15,5
13712,1,2026-05-15,5
13713,1,2026-05-15,2
13714,1,2026-05-15,2
13715,1,2026-05-15,5
13716,1,2026-05-15,8
13717,1,2026-05-15,4
13718,1,2026-05-15,8
13719,1,2026-05-15,5
13720,1,2026-05-15,7
13721,1,2026-05-15,4
13722,1,2026-05-15,3
13723,1,2026-05-15,5
13724,1,2026-05-15,7
13725,1,2026-05-15,3
13726,1,2026-05-15,7
13727,1,2026-05-15,8
13728,1,2026-05-15,3
13729,1,2026-05-15,2
13730,1,2026-05-15,7
13731,1,2026-05-15,5
13732,1,2026-05-15,7
13733,1,2026-05-15,6
13734,1,2026-05-15,7
13735,1,2026-05-15,3
13736,1,2026-05-15,8
13737,1,2026-05-15,2
13738,1,2026-05-15,3
13739,1,2026-05-15,2
13740,1,2026-05-15,8
13741,1,2026-05-15,8
13742,1,2026-05-15,3
13743,1,2026-05-15,8
13744,1,2026-05-15,4
13745,1,2026-05-15,4
13746,1,2026-05-15,6
13747,1,2026-05-15,6
13748,1,2026-05-15,4
13749,1,2026-05-15,5
13750,1,2026-05-15,8
13751,1,2026-05-15,8
13752,1,2026-05-15,3
13753,1,2026-05-15,5
13754,1,2026-05-16,8
13755,1,2026-05-16,4
13756,1,2026-05-16,2
13757,1,2026-05-16,6
13758,1,2026-05-16,7
13759,1,2026-05-16,5
13760,1,2026-05-16,2
13761,1,2026-05-16,4
13762,1,2026-05-16,4
13763,1,2026-05-16,3
13764,1,2026-05-16,2
13765,1,2026-05-16,7
13766,1,2026-05-16,7
13767,1,2026-05-16,3
13768,1,2026-05-16,8
13769,1,2026-05-16,4
13770,1,2026-05-16,6
13771,1,2026-05-16,5
13772,1,2026-05-16,3
13773,1,2026-05-16,6
13774,1,2026-05-16,2
13775,1,2026-05-16,5
13776,1,2026-05-16,2
13777,1,2026-05-16,2
13778,1,2026-05-16,5
13779,1,2026-05-16,6
13780,1,2026-05-16,7
13781,1,2026-05-16,5
13782,1,2026-05-16,6
13783,1,2026-05-16,5
13784,1,2026-05-16,3
13785,1,2026-05-16,7
13786,1,2026-05-16,8
13787,1,2026-05-16,2
13788,1,2026-05-16,4
13789,1,2026-05-16,3
13790,1,2026-05-16,5
13791,1,2026-05-16,8
13792,1,2026-05-16,3
13793,1,2026-05-16,5
13794,1,2026-05-16,2
13795,1,2026-05-16,3
13796,1,2026-05-16,4
13797,1,2026-05-16,5
13798,1,2026-05-16,8
13799,1,2026-05-16,5
13800,1,2026-05-16,6
13801,1,2026-05-16,7
13802,1,2026-05-16,8
13803,1,2026-05-16,2
13804,1,2026-05-16,6
13805,1,2026-05-16,4
13806,1,2026-05-16,4
13807,1,2026-05-16,6
13808,1,2026-05-16,4
13809,1,2026-05-16,5
13810,1,2026-05-16,5
13811,1,2026-05-16,7
13812,1,2026-05-16,8
13813,1,2026-05-16,3
13814,1,2026-05-16,5
13815,1,2026-05-16,7
13816,1,2026-05-16,5
13817,1,2026-05-16,6
13818,1,2026-05-16,4
13819,1,2026-05-16,3
13820,1,2026-05-16,8
13821,1,2026-05-16,2
13822,1,2026-05-16,7
13823,1,2026-05-16,7
13824,1,2026-05-16,2
13825,1,2026-05-16,7
13826,1,2026-05-16,5
13827,1,2026-05-16,5
13828,1,2026-05-16,4
13829,1,2026-05-16,6
13830,1,2026-05-16,7
13831,1,2026-05-16,2
13832,1,2026-05-16,4
13833,1,2026-05-16,2
13834,1,2026-05-16,8
13835,1,2026-05-16,8
13836,1,2026-05-16,6
13837,1,2026-05-16,4
13838,1,2026-05-16,5
13839,1,2026-05-16,7
13840,1,2026-05-16,7
13841,1,2026-05-16,3
13842,1,2026-05-16,7
13843,1,2026-05-16,2
13844,1,2026-05-16,6
13845,1,2026-05-16,5
13846,1,2026-05-16,5
13847,1,2026-05-16,2
13848,1,2026-05-16,5
13849,1,2026-05-16,3
13850,1,2026-05-16,3
13851,1,2026-05-16,3
13852,1,2026-05-16,7
13853,1,2026-05-16,2
13854,1,2026-05-16,3
13855,1,2026-05-16,8
13856,1,2026-05-16,7
13857,1,2026-05-16,2
13858,1,2026-05-16,8
13859,1,2026-05-16,5
13860,1,2026-05-16,3
13861,1,2026-05-16,7
13862,1,2026-05-16,5
13863,1,2026-05-16,3
13864,1,2026-05-16,4
13865,1,2026-05-16,3
13866,1,2026-05-16,6
13867,1,2026-05-16,8
13868,1,2026-05-16,4
13869,1,2026-05-16,5
13870,1,2026-05-16,3
13871,1,2026-05-16,8
13872,1,2026-05-16,3
13873,1,2026-05-16,8
13874,1,2026-05-16,2
13875,1,2026-05-16,6
13876,1,2026-05-16,4
13877,1,2026-05-16,3
13878,1,2026-05-16,7
13879,1,2026-05-16,8
13880,1,2026-05-16,7
13881,1,2026-05-16,3
13882,1,2026-05-16,3
13883,1,2026-05-17,8
13884,1,2026-05-17,7
13885,1,2026-05-17,7
13886,1,2026-05-17,5
13887,1,2026-05-17,2
13888,1,2026-05-17,8
13889,1,2026-05-17,7
13890,1,2026-05-17,3
13891,1,2026-05-17,4
13892,1,2026-05-17,5
13893,1,2026-05-17,7
13894,1,2026-05-17,7
13895,1,2026-05-17,2
13896,1,2026-05-17,8
13897,1,2026-05-17,2
13898,1,2026-05-17,8
13899,1,2026-05-17,8
13900,1,2026-05-17,2
13901,1,2026-05-17,8
13902,1,2026-05-17,3
13903,1,2026-05-17,3
13904,1,2026-05-17,7
13905,1,2026-05-17,8
13906,1,2026-05-17,4
13907,1,2026-05-17,2
13908,1,2026-05-17,6
13909,1,2026-05-17,4
13910,1,2026-05-17,7
13911,1,2026-05-17,6
13912,1,2026-05-17,4
13913,1,2026-05-17,5
13914,1,2026-05-17,5
13915,1,2026-05-17,4
13916,1,2026-05-17,2
13917,1,2026-05-17,6
13918,1,2026-05-17,6
13919,1,2026-05-17,6
13920,1,2026-05-17,7
13921,1,2026-05-17,4
13922,1,2026-05-17,3
13923,1,2026-05-17,8
13924,1,2026-05-17,8
13925,1,2026-05-17,3
13926,1,2026-05-17,8
13927,1,2026-05-17,4
13928,1,2026-05-17,5
13929,1,2026-05-17,2
13930,1,2026-05-17,8
13931,1,2026-05-17,6
13932,1,2026-05-17,6
13933,1,2026-05-17,3
13934,1,2026-05-17,3
13935,1,2026-05-17,2
13936,1,2026-05-17,2
13937,1,2026-05-17,4
13938,1,2026-05-17,3
13939,1,2026-05-17,7
13940,1,2026-05-17,2
13941,1,2026-05-17,7
13942,1,2026-05-17,4
13943,1,2026-05-17,3
13944,1,2026-05-17,8
13945,1,2026-05-17,8
13946,1,2026-05-17,7
13947,1,2026-05-17,7
13948,1,2026-05-17,3
13949,1,2026-05-17,4
13950,1,2026-05-17,3
13951,1,2026-05-17,7
13952,1,2026-05-17,7
13953,1,2026-05-17,7
13954,1,2026-05-17,3
13955,1,2026-05-17,2
13956,1,2026-05-17,7
13957,1,2026-05-17,3
13958,1,2026-05-17,7
13959,1,2026-05-17,8
13960,1,2026-05-17,2
13961,1,2026-05-17,8
13962,1,2026-05-17,6
13963,1,2026-05-17,8
13964,1,2026-05-17,3
13965,1,2026-05-17,4
13966,1,2026-05-17,8
13967,1,2026-05-17,3
13968,1,2026-05-17,6
13969,1,2026-05-17,6
13970,1,2026-05-17,2
13971,1,2026-05-17,5
13972,1,2026-05-17,7
13973,1,2026-05-17,3
13974,1,2026-05-17,5
13975,1,2026-05-17,2
13976,1,2026-05-17,3
13977,1,2026-05-17,5
13978,1,2026-05-17,2
13979,1,2026-05-17,4
13980,1,2026-05-17,7
13981,1,2026-05-17,3
13982,1,2026-05-17,4
13983,1,2026-05-17,4
13984,1,2026-05-17,8
13985,1,2026-05-17,2
13986,1,2026-05-17,3
13987,1,2026-05-17,2
13988,1,2026-05-17,4
13989,1,2026-05-17,3
13990,1,2026-05-17,5
13991,1,2026-05-17,4
13992,1,2026-05-17,8
13993,1,2026-05-17,5
13994,1,2026-05-17,2
13995,1,2026-05-17,3
13996,1,2026-05-17,2
13997,1,2026-05-17,8
13998,1,2026-05-17,6
13999,1,2026-05-17,3
14000,1,2026-05-17,6
14001,1,2026-05-17,6
14002,1,2026-05-17,2
14003,1,2026-05-17,2
14004,1,2026-05-17,3
14005,1,2026-05-17,6
14006,1,2026-05-17,5
14007,1,2026-05-17,7
14008,1,2026-05-17,8
14009,1,2026-05-17,8
14010,1,2026-05-17,2
14011,1,2026-05-17,2
14012,1,2026-05-17,5
14013,1,2026-05-17,4
14014,1,2026-05-17,5
14015,1,2026-05-17,7
14016,1,2026-05-17,2
14017,1,2026-05-17,8
14018,1,2026-05-18,7
14019,1,2026-05-18,6
14020,1,2026-05-18,4
14021,1,2026-05-18,8
14022,1,2026-05-18,4
14023,1,2026-05-18,3
14024,1,2026-05-18,2
14025,1,2026-05-18,5
14026,1,2026-05-18,2
14027,1,2026-05-18,5
14028,1,2026-05-18,7
14029,1,2026-05-18,8
14030,1,2026-05-18,5
14031,1,2026-05-18,4
14032,1,2026-05-18,4
14033,1,2026-05-18,5
14034,1,2026-05-18,7
14035,1,2026-05-18,7
14036,1,2026-05-18,8
14037,1,2026-05-18,4
14038,1,2026-05-18,5
14039,1,2026-05-18,7
14040,1,2026-05-18,6
14041,1,2026-05-18,8
14042,1,2026-05-18,5
14043,1,2026-05-18,6
14044,1,2026-05-18,8
14045,1,2026-05-18,7
14046,1,2026-05-18,6
14047,1,2026-05-18,7
14048,1,2026-05-18,3
14049,1,2026-05-18,4
14050,1,2026-05-18,4
14051,1,2026-05-18,5
14052,1,2026-05-18,8
14053,1,2026-05-18,7
14054,1,2026-05-18,4
14055,1,2026-05-18,2
14056,1,2026-05-18,3
14057,1,2026-05-18,5
14058,1,2026-05-18,4
14059,1,2026-05-18,5
14060,1,2026-05-18,8
14061,1,2026-05-18,6
14062,1,2026-05-18,5
14063,1,2026-05-18,6
14064,1,2026-05-18,3
14065,1,2026-05-18,7
14066,1,2026-05-18,6
14067,1,2026-05-18,8
14068,1,2026-05-18,8
14069,1,2026-05-18,8
14070,1,2026-05-18,3
14071,1,2026-05-18,6
14072,1,2026-05-18,2
14073,1,2026-05-18,4
14074,1,2026-05-18,4
14075,1,2026-05-18,3
14076,1,2026-05-18,2
14077,1,2026-05-18,4
14078,1,2026-05-18,2
14079,1,2026-05-18,7
14080,1,2026-05-18,7
14081,1,2026-05-18,7
14082,1,2026-05-18,3
14083,1,2026-05-18,6
14084,1,2026-05-18,3
14085,1,2026-05-18,3
14086,1,2026-05-18,4
14087,1,2026-05-18,4
14088,1,2026-05-18,6
14089,1,2026-05-18,4
14090,1,2026-05-18,3
14091,1,2026-05-19,8
14092,1,2026-05-19,8
14093,1,2026-05-19,7
14094,1,2026-05-19,3
14095,1,2026-05-19,3
14096,1,2026-05-19,5
14097,1,2026-05-19,6
14098,1,2026-05-19,7
14099,1,2026-05-19,8
14100,1,2026-05-19,2
14101,1,2026-05-19,2
14102,1,2026-05-19,6
14103,1,2026-05-19,3
14104,1,2026-05-19,8
14105,1,2026-05-19,4
14106,1,2026-05-19,3
14107,1,2026-05-19,4
14108,1,2026-05-19,7
14109,1,2026-05-19,6
14110,1,2026-05-19,5
14111,1,2026-05-19,8
14112,1,2026-05-19,4
14113,1,2026-05-19,4
14114,1,2026-05-19,6
14115,1,2026-05-19,3
14116,1,2026-05-19,7
14117,1,2026-05-19,8
14118,1,2026-05-19,4
14119,1,2026-05-19,6
14120,1,2026-05-19,5
14121,1,2026-05-19,6
14122,1,2026-05-19,6
14123,1,2026-05-19,2
14124,1,2026-05-19,4
14125,1,2026-05-19,7
14126,1,2026-05-19,7
14127,1,2026-05-19,4
14128,1,2026-05-19,2
14129,1,2026-05-19,8
14130,1,2026-05-19,6
14131,1,2026-05-19,5
14132,1,2026-05-19,2
14133,1,2026-05-19,8
14134,1,2026-05-19,7
14135,1,2026-05-19,8
14136,1,2026-05-19,2
14137,1,2026-05-19,8
14138,1,2026-05-19,6
14139,1,2026-05-19,6
14140,1,2026-05-19,2
14141,1,2026-05-19,3
14142,1,2026-05-19,7
14143,1,2026-05-19,2
14144,1,2026-05-19,7
14145,1,2026-05-19,3
14146,1,2026-05-19,2
14147,1,2026-05-19,3
14148,1,2026-05-19,3
14149,1,2026-05-19,4
14150,1,2026-05-19,5
14151,1,2026-05-19,3
14152,1,2026-05-19,8
14153,1,2026-05-19,6
14154,1,2026-05-19,6
14155,1,2026-05-19,4
14156,1,2026-05-19,2
14157,1,2026-05-19,3
14158,1,2026-05-19,8
14159,1,2026-05-19,6
14160,1,2026-05-19,8
14161,1,2026-05-19,3
14162,1,2026-05-19,2
14163,1,2026-05-19,5
14164,1,2026-05-19,5
14165,1,2026-05-19,2
14166,1,2026-05-19,5
14167,1,2026-05-19,6
14168,1,2026-05-19,8
14169,1,2026-05-19,6
14170,1,2026-05-19,8
14171,1,2026-05-19,7
14172,1,2026-05-19,7
14173,1,2026-05-19,6
14174,1,2026-05-19,2
14175,1,2026-05-19,7
14176,1,2026-05-19,7
14177,1,2026-05-19,4
14178,1,2026-05-19,8
14179,1,2026-05-19,6
14180,1,2026-05-20,8
14181,1,2026-05-20,4
14182,1,2026-05-20,5
14183,1,2026-05-20,5
14184,1,2026-05-20,5
14185,1,2026-05-20,3
14186,1,2026-05-20,8
14187,1,2026-05-20,5
14188,1,2026-05-20,8
14189,1,2026-05-20,2
14190,1,2026-05-20,6
14191,1,2026-05-20,8
14192,1,2026-05-20,7
14193,1,2026-05-20,6
14194,1,2026-05-20,4
14195,1,2026-05-20,7
14196,1,2026-05-20,8
14197,1,2026-05-20,5
14198,1,2026-05-20,6
14199,1,2026-05-20,7
14200,1,2026-05-20,6
14201,1,2026-05-20,3
14202,1,2026-05-20,7
14203,1,2026-05-20,7
14204,1,2026-05-20,8
14205,1,2026-05-20,5
14206,1,2026-05-20,3
14207,1,2026-05-20,3
14208,1,2026-05-20,8
14209,1,2026-05-20,7
14210,1,2026-05-20,3
14211,1,2026-05-20,8
14212,1,2026-05-20,7
14213,1,2026-05-20,5
14214,1,2026-05-20,6
14215,1,2026-05-20,3
14216,1,2026-05-20,5
14217,1,2026-05-20,2
14218,1,2026-05-20,3
14219,1,2026-05-20,5
14220,1,2026-05-20,6
14221,1,2026-05-20,6
14222,1,2026-05-20,5
14223,1,2026-05-20,7
14224,1,2026-05-20,8
14225,1,2026-05-20,3
14226,1,2026-05-20,6
14227,1,2026-05-20,5
14228,1,2026-05-20,3
14229,1,2026-05-20,8
14230,1,2026-05-20,3
14231,1,2026-05-20,7
14232,1,2026-05-20,5
14233,1,2026-05-20,7
14234,1,2026-05-20,7
14235,1,2026-05-20,3
14236,1,2026-05-20,8
14237,1,2026-05-20,6
14238,1,2026-05-20,5
14239,1,2026-05-20,8
14240,1,2026-05-20,2
14241,1,2026-05-20,6
14242,1,2026-05-20,3
14243,1,2026-05-20,4
14244,1,2026-05-20,3
14245,1,2026-05-20,7
14246,1,2026-05-20,2
14247,1,2026-05-20,6
14248,1,2026-05-20,3
14249,1,2026-05-20,3
14250,1,2026-05-20,3
14251,1,2026-05-20,7
14252,1,2026-05-20,2
14253,1,2026-05-20,2
14254,1,2026-05-20,6
14255,1,2026-05-20,5
14256,1,2026-05-20,6
14257,1,2026-05-20,7
14258,1,2026-05-20,8
14259,1,2026-05-20,6
14260,1,2026-05-20,5
14261,1,2026-05-20,5
14262,1,2026-05-20,5
14263,1,2026-05-20,8
14264,1,2026-05-20,8
14265,1,2026-05-20,3
14266,1,2026-05-20,3
14267,1,2026-05-20,7
14268,1,2026-05-20,7
14269,1,2026-05-20,7
14270,1,2026-05-20,8
14271,1,2026-05-20,7
14272,1,2026-05-20,2
14273,1,2026-05-20,2
14274,1,2026-05-20,3
14275,1,2026-05-20,6
14276,1,2026-05-21,3
14277,1,2026-05-21,3
14278,1,2026-05-21,6
14279,1,2026-05-21,8
14280,1,2026-05-21,2
14281,1,2026-05-21,6
14282,1,2026-05-21,5
14283,1,2026-05-21,7
14284,1,2026-05-21,2
14285,1,2026-05-21,7
14286,1,2026-05-21,6
14287,1,2026-05-21,5
14288,1,2026-05-21,3
14289,1,2026-05-21,4
14290,1,2026-05-21,7
14291,1,2026-05-21,4
14292,1,2026-05-21,7
14293,1,2026-05-21,8
14294,1,2026-05-21,4
14295,1,2026-05-21,7
14296,1,2026-05-21,2
14297,1,2026-05-21,4
14298,1,2026-05-21,6
14299,1,2026-05-21,7
14300,1,2026-05-21,3
14301,1,2026-05-21,2
14302,1,2026-05-21,7
14303,1,2026-05-21,5
14304,1,2026-05-21,3
14305,1,2026-05-21,7
14306,1,2026-05-21,6
14307,1,2026-05-21,3
14308,1,2026-05-21,2
14309,1,2026-05-21,7
14310,1,2026-05-21,7
14311,1,2026-05-21,7
14312,1,2026-05-21,7
14313,1,2026-05-21,8
14314,1,2026-05-21,2
14315,1,2026-05-21,5
14316,1,2026-05-21,7
14317,1,2026-05-21,6
14318,1,2026-05-21,8
14319,1,2026-05-21,2
14320,1,2026-05-21,4
14321,1,2026-05-21,5
14322,1,2026-05-21,3
14323,1,2026-05-21,5
14324,1,2026-05-21,4
14325,1,2026-05-21,6
14326,1,2026-05-21,2
14327,1,2026-05-21,4
14328,1,2026-05-21,6
14329,1,2026-05-21,8
14330,1,2026-05-21,6
14331,1,2026-05-21,2
14332,1,2026-05-21,5
14333,1,2026-05-21,3
14334,1,2026-05-21,3
14335,1,2026-05-21,6
14336,1,2026-05-21,6
14337,1,2026-05-21,7
14338,1,2026-05-21,2
14339,1,2026-05-21,2
14340,1,2026-05-21,8
14341,1,2026-05-21,4
14342,1,2026-05-21,7
14343,1,2026-05-21,5
14344,1,2026-05-21,3
14345,1,2026-05-21,3
14346,1,2026-05-21,5
14347,1,2026-05-21,6
14348,1,2026-05-21,5
14349,1,2026-05-21,3
14350,1,2026-05-21,4
14351,1,2026-05-21,5
14352,1,2026-05-21,7
14353,1,2026-05-21,2
14354,1,2026-05-21,5
14355,1,2026-05-21,2
14356,1,2026-05-21,2
14357,1,2026-05-21,4
14358,1,2026-05-21,6
14359,1,2026-05-21,2
14360,1,2026-05-21,2
14361,1,2026-05-21,2
14362,1,2026-05-21,3
14363,1,2026-05-21,6
14364,1,2026-05-21,2
14365,1,2026-05-21,4
14366,1,2026-05-21,3
14367,1,2026-05-21,8
14368,1,2026-05-21,8
14369,1,2026-05-21,6
14370,1,2026-05-21,2
14371,1,2026-05-21,8
14372,1,2026-05-21,6
14373,1,2026-05-21,3
14374,1,2026-05-21,8
14375,1,2026-05-21,8
14376,1,2026-05-21,8
14377,1,2026-05-21,3
14378,1,2026-05-21,5
14379,1,2026-05-21,7
14380,1,2026-05-21,2
14381,1,2026-05-22,3
14382,1,2026-05-22,2
14383,1,2026-05-22,5
14384,1,2026-05-22,3
14385,1,2026-05-22,5
14386,1,2026-05-22,7
14387,1,2026-05-22,6
14388,1,2026-05-22,6
14389,1,2026-05-22,6
14390,1,2026-05-22,7
14391,1,2026-05-22,2
14392,1,2026-05-22,7
14393,1,2026-05-22,8
14394,1,2026-05-22,7
14395,1,2026-05-22,2
14396,1,2026-05-22,2
14397,1,2026-05-22,7
14398,1,2026-05-22,2
14399,1,2026-05-22,7
14400,1,2026-05-22,4
14401,1,2026-05-22,7
14402,1,2026-05-22,5
14403,1,2026-05-22,6
14404,1,2026-05-22,8
14405,1,2026-05-22,2
14406,1,2026-05-22,6
14407,1,2026-05-22,6
14408,1,2026-05-22,5
14409,1,2026-05-22,3
14410,1,2026-05-22,3
14411,1,2026-05-22,4
14412,1,2026-05-22,7
14413,1,2026-05-22,7
14414,1,2026-05-22,7
14415,1,2026-05-22,4
14416,1,2026-05-22,6
14417,1,2026-05-22,5
14418,1,2026-05-22,8
14419,1,2026-05-22,5
14420,1,2026-05-22,6
14421,1,2026-05-22,7
14422,1,2026-05-22,2
14423,1,2026-05-22,8
14424,1,2026-05-22,3
14425,1,2026-05-22,8
14426,1,2026-05-22,2
14427,1,2026-05-22,2
14428,1,2026-05-22,4
14429,1,2026-05-22,8
14430,1,2026-05-22,4
14431,1,2026-05-22,8
14432,1,2026-05-22,7
14433,1,2026-05-22,5
14434,1,2026-05-22,4
14435,1,2026-05-22,8
14436,1,2026-05-22,8
14437,1,2026-05-22,2
14438,1,2026-05-22,6
14439,1,2026-05-22,5
14440,1,2026-05-22,3
14441,1,2026-05-22,7
14442,1,2026-05-22,6
14443,1,2026-05-22,3
14444,1,2026-05-22,3
14445,1,2026-05-22,7
14446,1,2026-05-22,2
14447,1,2026-05-22,5
14448,1,2026-05-22,3
14449,1,2026-05-22,7
14450,1,2026-05-22,3
14451,1,2026-05-22,6
14452,1,2026-05-22,4
14453,1,2026-05-22,5
14454,1,2026-05-22,7
14455,1,2026-05-22,2
14456,1,2026-05-22,8
14457,1,2026-05-22,3
14458,1,2026-05-22,2
14459,1,2026-05-22,3
14460,1,2026-05-22,6
14461,1,2026-05-22,5
14462,1,2026-05-22,4
14463,1,2026-05-22,3
14464,1,2026-05-22,6
14465,1,2026-05-22,2
14466,1,2026-05-22,8
14467,1,2026-05-22,8
14468,1,2026-05-22,8
14469,1,2026-05-22,7
14470,1,2026-05-22,3
14471,1,2026-05-22,6
14472,1,2026-05-22,5
14473,1,2026-05-22,4
14474,1,2026-05-22,6
14475,1,2026-05-22,5
14476,1,2026-05-22,4
14477,1,2026-05-22,6
14478,1,2026-05-22,4
14479,1,2026-05-22,5
14480,1,2026-05-22,6
14481,1,2026-05-22,8
14482,1,2026-05-22,7
14483,1,2026-05-22,5
14484,1,2026-05-22,7
14485,1,2026-05-22,3
14486,1,2026-05-22,6
14487,1,2026-05-22,6
14488,1,2026-05-22,4
14489,1,2026-05-22,3
14490,1,2026-05-22,2
14491,1,2026-05-22,2
14492,1,2026-05-22,7
14493,1,2026-05-22,7
14494,1,2026-05-22,5
14495,1,2026-05-22,3
14496,1,2026-05-22,3
14497,1,2026-05-22,6
14498,1,2026-05-22,4
14499,1,2026-05-22,2
14500,1,2026-05-22,4
14501,1,2026-05-22,7
14502,1,2026-05-22,4
14503,1,2026-05-22,4
14504,1,2026-05-22,4
14505,1,2026-05-22,8
14506,1,2026-05-22,5
14507,1,2026-05-22,8
14508,1,2026-05-23,5
14509,1,2026-05-23,7
14510,1,2026-05-23,2
14511,1,2026-05-23,4
14512,1,2026-05-23,8
14513,1,2026-05-23,8
14514,1,2026-05-23,4
14515,1,2026-05-23,7
14516,1,2026-05-23,3
14517,1,2026-05-23,4
14518,1,2026-05-23,5
14519,1,2026-05-23,2
14520,1,2026-05-23,7
14521,1,2026-05-23,3
14522,1,2026-05-23,4
14523,1,2026-05-23,6
14524,1,2026-05-23,4
14525,1,2026-05-23,3
14526,1,2026-05-23,6
14527,1,2026-05-23,5
14528,1,2026-05-23,2
14529,1,2026-05-23,3
14530,1,2026-05-23,2
14531,1,2026-05-23,8
14532,1,2026-05-23,7
14533,1,2026-05-23,7
14534,1,2026-05-23,7
14535,1,2026-05-23,2
14536,1,2026-05-23,7
14537,1,2026-05-23,2
14538,1,2026-05-23,5
14539,1,2026-05-23,5
14540,1,2026-05-23,6
14541,1,2026-05-23,6
14542,1,2026-05-23,5
14543,1,2026-05-23,8
14544,1,2026-05-23,7
14545,1,2026-05-23,4
14546,1,2026-05-23,2
14547,1,2026-05-23,7
14548,1,2026-05-23,2
14549,1,2026-05-23,3
14550,1,2026-05-23,7
14551,1,2026-05-23,2
14552,1,2026-05-23,8
14553,1,2026-05-23,3
14554,1,2026-05-23,3
14555,1,2026-05-23,6
14556,1,2026-05-23,7
14557,1,2026-05-23,8
14558,1,2026-05-23,4
14559,1,2026-05-23,5
14560,1,2026-05-23,7
14561,1,2026-05-23,4
14562,1,2026-05-23,6
14563,1,2026-05-23,8
14564,1,2026-05-23,8
14565,1,2026-05-23,5
14566,1,2026-05-23,2
14567,1,2026-05-23,7
14568,1,2026-05-23,6
14569,1,2026-05-23,4
14570,1,2026-05-23,3
14571,1,2026-05-23,3
14572,1,2026-05-23,5
14573,1,2026-05-23,5
14574,1,2026-05-23,6
14575,1,2026-05-23,6
14576,1,2026-05-23,8
14577,1,2026-05-23,2
14578,1,2026-05-23,8
14579,1,2026-05-23,7
14580,1,2026-05-23,3
14581,1,2026-05-23,8
14582,1,2026-05-23,3
14583,1,2026-05-23,6
14584,1,2026-05-23,4
14585,1,2026-05-23,7
14586,1,2026-05-23,3
14587,1,2026-05-23,6
14588,1,2026-05-23,2
14589,1,2026-05-23,4
14590,1,2026-05-23,4
14591,1,2026-05-23,8
14592,1,2026-05-23,6
14593,1,2026-05-23,3
14594,1,2026-05-23,3
14595,1,2026-05-23,5
14596,1,2026-05-23,3
14597,1,2026-05-23,6
14598,1,2026-05-23,3
14599,1,2026-05-23,2
14600,1,2026-05-23,4
14601,1,2026-05-23,2
14602,1,2026-05-23,4
14603,1,2026-05-23,8
14604,1,2026-05-23,5
14605,1,2026-05-23,5
14606,1,2026-05-23,3
14607,1,2026-05-23,6
14608,1,2026-05-23,7
14609,1,2026-05-23,4
14610,1,2026-05-23,5
14611,1,2026-05-23,2
14612,1,2026-05-23,6
14613,1,2026-05-23,8
14614,1,2026-05-23,4
14615,1,2026-05-23,6
14616,1,2026-05-23,6
14617,1,2026-05-23,6
14618,1,2026-05-23,6
14619,1,2026-05-23,3
14620,1,2026-05-23,3
14621,1,2026-05-23,6
14622,1,2026-05-23,8
14623,1,2026-05-23,3
14624,1,2026-05-23,2
14625,1,2026-05-23,4
14626,1,2026-05-23,3
14627,1,2026-05-23,6
14628,1,2026-05-23,7
14629,1,2026-05-23,7
14630,1,2026-05-23,3
14631,1,2026-05-23,6
14632,1,2026-05-23,7
14633,1,2026-05-23,7
14634,1,2026-05-23,4
14635,1,2026-05-23,5
14636,1,2026-05-23,3
14637,1,2026-05-23,5
14638,1,2026-05-23,3
14639,1,2026-05-23,7
14640,1,2026-05-23,8
14641,1,2026-05-23,6
14642,1,2026-05-23,6
14643,1,2026-05-23,3
14644,1,2026-05-23,6
14645,1,2026-05-23,3
14646,1,2026-05-23,3
14647,1,2026-05-23,4
14648,1,2026-05-23,3
14649,1,2026-05-23,4
14650,1,2026-05-23,6
14651,1,2026-05-23,5
14652,1,2026-05-23,2
14653,1,2026-05-23,8
14654,1,2026-05-23,8
14655,1,2026-05-23,4
14656,1,2026-05-23,7
14657,1,2026-05-23,7
14658,1,2026-05-23,7
14659,1,2026-05-23,5
14660,1,2026-05-23,4
14661,1,2026-05-23,2
14662,1,2026-05-23,5
14663,1,2026-05-24,4
14664,1,2026-05-24,4
14665,1,2026-05-24,7
14666,1,2026-05-24,3
14667,1,2026-05-24,3
14668,1,2026-05-24,8
14669,1,2026-05-24,4
14670,1,2026-05-24,2
14671,1,2026-05-24,6
14672,1,2026-05-24,5
14673,1,2026-05-24,4
14674,1,2026-05-24,3
14675,1,2026-05-24,4
14676,1,2026-05-24,2
14677,1,2026-05-24,4
14678,1,2026-05-24,2
14679,1,2026-05-24,7
14680,1,2026-05-24,8
14681,1,2026-05-24,7
14682,1,2026-05-24,6
14683,1,2026-05-24,3
14684,1,2026-05-24,7
14685,1,2026-05-24,3
14686,1,2026-05-24,3
14687,1,2026-05-24,2
14688,1,2026-05-24,7
14689,1,2026-05-24,8
14690,1,2026-05-24,5
14691,1,2026-05-24,3
14692,1,2026-05-24,6
14693,1,2026-05-24,2
14694,1,2026-05-24,4
14695,1,2026-05-24,3
14696,1,2026-05-24,2
14697,1,2026-05-24,2
14698,1,2026-05-24,4
14699,1,2026-05-24,2
14700,1,2026-05-24,5
14701,1,2026-05-24,7
14702,1,2026-05-24,2
14703,1,2026-05-24,8
14704,1,2026-05-24,7
14705,1,2026-05-24,6
14706,1,2026-05-24,8
14707,1,2026-05-24,5
14708,1,2026-05-24,4
14709,1,2026-05-24,2
14710,1,2026-05-24,4
14711,1,2026-05-24,8
14712,1,2026-05-24,3
14713,1,2026-05-24,3
14714,1,2026-05-24,6
14715,1,2026-05-24,5
14716,1,2026-05-24,3
14717,1,2026-05-24,6
14718,1,2026-05-24,6
14719,1,2026-05-24,4
14720,1,2026-05-24,6
14721,1,2026-05-24,8
14722,1,2026-05-24,4
14723,1,2026-05-24,6
14724,1,2026-05-24,7
14725,1,2026-05-24,2
14726,1,2026-05-24,8
14727,1,2026-05-24,8
14728,1,2026-05-24,3
14729,1,2026-05-24,3
14730,1,2026-05-24,7
14731,1,2026-05-24,5
14732,1,2026-05-24,7
14733,1,2026-05-24,3
14734,1,2026-05-24,7
14735,1,2026-05-24,2
14736,1,2026-05-24,5
14737,1,2026-05-24,5
14738,1,2026-05-24,7
14739,1,2026-05-24,6
14740,1,2026-05-24,6
14741,1,2026-05-24,7
14742,1,2026-05-24,8
14743,1,2026-05-24,6
14744,1,2026-05-24,5
14745,1,2026-05-24,5
14746,1,2026-05-24,2
14747,1,2026-05-24,4
14748,1,2026-05-24,6
14749,1,2026-05-24,3
14750,1,2026-05-24,4
14751,1,2026-05-24,7
14752,1,2026-05-24,8
14753,1,2026-05-24,7
14754,1,2026-05-24,3
14755,1,2026-05-24,7
14756,1,2026-05-24,6
14757,1,2026-05-24,8
14758,1,2026-05-24,3
14759,1,2026-05-24,8
14760,1,2026-05-24,8
14761,1,2026-05-24,2
14762,1,2026-05-24,7
14763,1,2026-05-24,8
14764,1,2026-05-24,5
14765,1,2026-05-24,6
14766,1,2026-05-24,8
14767,1,2026-05-24,2
14768,1,2026-05-24,7
14769,1,2026-05-24,2
14770,1,2026-05-24,2
14771,1,2026-05-24,4
14772,1,2026-05-24,4
14773,1,2026-05-24,4
14774,1,2026-05-24,2
14775,1,2026-05-24,2
14776,1,2026-05-24,8
14777,1,2026-05-24,3
14778,1,2026-05-24,4
14779,1,2026-05-24,7
14780,1,2026-05-24,4
14781,1,2026-05-24,5
14782,1,2026-05-24,3
14783,1,2026-05-24,7
14784,1,2026-05-24,3
14785,1,2026-05-24,6
14786,1,2026-05-24,4
14787,1,2026-05-24,3
14788,1,2026-05-24,5
14789,1,2026-05-24,3
14790,1,2026-05-24,3
14791,1,2026-05-24,2
14792,1,2026-05-24,8
14793,1,2026-05-24,7
14794,1,2026-05-24,2
14795,1,2026-05-24,6
14796,1,2026-05-24,3
14797,1,2026-05-24,7
14798,1,2026-05-24,5
14799,1,2026-05-24,4
14800,1,2026-05-24,8
14801,1,2026-05-24,5
14802,1,2026-05-24,8
14803,1,2026-05-24,4
14804,1,2026-05-24,7
14805,1,2026-05-24,8
14806,1,2026-05-24,6
14807,1,2026-05-24,3
14808,1,2026-05-24,3
14809,1,2026-05-24,3
14810,1,2026-05-24,2
14811,1,2026-05-24,4
14812,1,2026-05-24,4
14813,1,2026-05-24,7
14814,1,2026-05-24,6
14815,1,2026-05-24,6
14816,1,2026-05-25,7
14817,1,2026-05-25,8
14818,1,2026-05-25,5
14819,1,2026-05-25,3
14820,1,2026-05-25,2
14821,1,2026-05-25,3
14822,1,2026-05-25,2
14823,1,2026-05-25,4
14824,1,2026-05-25,5
14825,1,2026-05-25,3
14826,1,2026-05-25,2
14827,1,2026-05-25,3
14828,1,2026-05-25,6
14829,1,2026-05-25,4
14830,1,2026-05-25,8
14831,1,2026-05-25,6
14832,1,2026-05-25,4
14833,1,2026-05-25,8
14834,1,2026-05-25,3
14835,1,2026-05-25,8
14836,1,2026-05-25,7
14837,1,2026-05-25,8
14838,1,2026-05-25,8
14839,1,2026-05-25,7
14840,1,2026-05-25,7
14841,1,2026-05-25,5
14842,1,2026-05-25,8
14843,1,2026-05-25,8
14844,1,2026-05-25,2
14845,1,2026-05-25,3
14846,1,2026-05-25,2
14847,1,2026-05-25,6
14848,1,2026-05-25,5
14849,1,2026-05-25,8
14850,1,2026-05-25,8
14851,1,2026-05-25,6
14852,1,2026-05-25,4
14853,1,2026-05-25,8
14854,1,2026-05-25,4
14855,1,2026-05-25,6
14856,1,2026-05-25,8
14857,1,2026-05-25,6
14858,1,2026-05-25,3
14859,1,2026-05-25,2
14860,1,2026-05-25,4
14861,1,2026-05-25,5
14862,1,2026-05-25,3
14863,1,2026-05-25,2
14864,1,2026-05-25,8
14865,1,2026-05-25,7
14866,1,2026-05-25,7
14867,1,2026-05-25,8
14868,1,2026-05-25,5
14869,1,2026-05-25,6
14870,1,2026-05-25,5
14871,1,2026-05-25,7
14872,1,2026-05-25,8
14873,1,2026-05-25,6
14874,1,2026-05-25,7
14875,1,2026-05-25,7
14876,1,2026-05-25,6
14877,1,2026-05-25,2
14878,1,2026-05-25,5
14879,1,2026-05-25,5
14880,1,2026-05-25,3
14881,1,2026-05-25,5
14882,1,2026-05-25,3
14883,1,2026-05-25,7
14884,1,2026-05-25,3
14885,1,2026-05-25,8
14886,1,2026-05-25,2
14887,1,2026-05-25,5
14888,1,2026-05-25,2
14889,1,2026-05-25,2
14890,1,2026-05-25,6
14891,1,2026-05-25,8
14892,1,2026-05-26,5
14893,1,2026-05-26,4
14894,1,2026-05-26,8
14895,1,2026-05-26,2
14896,1,2026-05-26,3
14897,1,2026-05-26,3
14898,1,2026-05-26,6
14899,1,2026-05-26,4
14900,1,2026-05-26,8
14901,1,2026-05-26,7
14902,1,2026-05-26,6
14903,1,2026-05-26,8
14904,1,2026-05-26,5
14905,1,2026-05-26,4
14906,1,2026-05-26,2
14907,1,2026-05-26,5
14908,1,2026-05-26,7
14909,1,2026-05-26,6
14910,1,2026-05-26,4
14911,1,2026-05-26,6
14912,1,2026-05-26,2
14913,1,2026-05-26,8
14914,1,2026-05-26,7
14915,1,2026-05-26,7
14916,1,2026-05-26,3
14917,1,2026-05-26,8
14918,1,2026-05-26,2
14919,1,2026-05-26,5
14920,1,2026-05-26,2
14921,1,2026-05-26,2
14922,1,2026-05-26,3
14923,1,2026-05-26,5
14924,1,2026-05-26,7
14925,1,2026-05-26,4
14926,1,2026-05-26,3
14927,1,2026-05-26,7
14928,1,2026-05-26,3
14929,1,2026-05-26,5
14930,1,2026-05-26,8
14931,1,2026-05-26,5
14932,1,2026-05-26,7
14933,1,2026-05-26,2
14934,1,2026-05-26,4
14935,1,2026-05-26,3
14936,1,2026-05-26,6
14937,1,2026-05-26,3
14938,1,2026-05-26,5
14939,1,2026-05-26,5
14940,1,2026-05-26,8
14941,1,2026-05-26,8
14942,1,2026-05-26,4
14943,1,2026-05-26,8
14944,1,2026-05-26,7
14945,1,2026-05-26,3
14946,1,2026-05-26,3
14947,1,2026-05-26,4
14948,1,2026-05-26,5
14949,1,2026-05-26,6
14950,1,2026-05-26,7
14951,1,2026-05-26,8
14952,1,2026-05-26,3
14953,1,2026-05-26,7
14954,1,2026-05-26,7
14955,1,2026-05-26,5
14956,1,2026-05-26,5
14957,1,2026-05-26,2
14958,1,2026-05-26,8
14959,1,2026-05-26,4
14960,1,2026-05-26,7
14961,1,2026-05-26,3
14962,1,2026-05-26,4
14963,1,2026-05-26,5
14964,1,2026-05-26,4
14965,1,2026-05-26,8
14966,1,2026-05-26,3
14967,1,2026-05-26,3
14968,1,2026-05-26,3
14969,1,2026-05-27,2
14970,1,2026-05-27,2
14971,1,2026-05-27,5
14972,1,2026-05-27,8
14973,1,2026-05-27,4
14974,1,2026-05-27,2
14975,1,2026-05-27,4
14976,1,2026-05-27,3
14977,1,2026-05-27,5
14978,1,2026-05-27,4
14979,1,2026-05-27,6
14980,1,2026-05-27,7
14981,1,2026-05-27,2
14982,1,2026-05-27,4
14983,1,2026-05-27,4
14984,1,2026-05-27,2
14985,1,2026-05-27,3
14986,1,2026-05-27,2
14987,1,2026-05-27,4
14988,1,2026-05-27,4
14989,1,2026-05-27,2
14990,1,2026-05-27,4
14991,1,2026-05-27,8
14992,1,2026-05-27,4
14993,1,2026-05-27,4
14994,1,2026-05-27,5
14995,1,2026-05-27,5
14996,1,2026-05-27,4
14997,1,2026-05-27,2
14998,1,2026-05-27,2
14999,1,2026-05-27,4
15000,1,2026-05-27,3
15001,1,2026-05-27,2
15002,1,2026-05-27,6
15003,1,2026-05-27,3
15004,1,2026-05-27,7
15005,1,2026-05-27,2
15006,1,2026-05-27,3
15007,1,2026-05-27,8
15008,1,2026-05-27,6
15009,1,2026-05-27,8
15010,1,2026-05-27,3
15011,1,2026-05-27,6
15012,1,2026-05-27,8
15013,1,2026-05-27,4
15014,1,2026-05-27,7
15015,1,2026-05-27,7
15016,1,2026-05-27,8
15017,1,2026-05-27,4
15018,1,2026-05-27,3
15019,1,2026-05-27,3
15020,1,2026-05-27,2
15021,1,2026-05-27,4
15022,1,2026-05-27,5
15023,1,2026-05-27,5
15024,1,2026-05-27,5
15025,1,2026-05-27,7
15026,1,2026-05-27,6
15027,1,2026-05-27,2
15028,1,2026-05-27,5
15029,1,2026-05-27,5
15030,1,2026-05-27,3
15031,1,2026-05-27,5
15032,1,2026-05-27,6
15033,1,2026-05-27,5
15034,1,2026-05-27,4
15035,1,2026-05-27,2
15036,1,2026-05-27,6
15037,1,2026-05-27,5
15038,1,2026-05-27,3
15039,1,2026-05-27,6
15040,1,2026-05-27,2
15041,1,2026-05-27,6
15042,1,2026-05-27,8
15043,1,2026-05-27,4
15044,1,2026-05-27,7
15045,1,2026-05-27,6
15046,1,2026-05-27,7
15047,1,2026-05-27,8
15048,1,2026-05-27,7
15049,1,2026-05-27,6
15050,1,2026-05-27,3
15051,1,2026-05-27,8
15052,1,2026-05-27,5
15053,1,2026-05-27,7
15054,1,2026-05-27,6
15055,1,2026-05-27,6
15056,1,2026-05-27,6
15057,1,2026-05-27,4
15058,1,2026-05-27,3
15059,1,2026-05-27,4
15060,1,2026-05-28,6
15061,1,2026-05-28,5
15062,1,2026-05-28,7
15063,1,2026-05-28,2
15064,1,2026-05-28,2
15065,1,2026-05-28,7
15066,1,2026-05-28,8
15067,1,2026-05-28,3
15068,1,2026-05-28,4
15069,1,2026-05-28,3
15070,1,2026-05-28,5
15071,1,2026-05-28,5
15072,1,2026-05-28,7
15073,1,2026-05-28,7
15074,1,2026-05-28,5
15075,1,2026-05-28,8
15076,1,2026-05-28,8
15077,1,2026-05-28,8
15078,1,2026-05-28,4
15079,1,2026-05-28,4
15080,1,2026-05-28,7
15081,1,2026-05-28,4
15082,1,2026-05-28,5
15083,1,2026-05-28,2
15084,1,2026-05-28,2
15085,1,2026-05-28,6
15086,1,2026-05-28,4
15087,1,2026-05-28,6
15088,1,2026-05-28,8
15089,1,2026-05-28,7
15090,1,2026-05-28,4
15091,1,2026-05-28,3
15092,1,2026-05-28,6
15093,1,2026-05-28,8
15094,1,2026-05-28,5
15095,1,2026-05-28,7
15096,1,2026-05-28,7
15097,1,2026-05-28,3
15098,1,2026-05-28,2
15099,1,2026-05-28,7
15100,1,2026-05-28,4
15101,1,2026-05-28,3
15102,1,2026-05-28,5
15103,1,2026-05-28,4
15104,1,2026-05-28,8
15105,1,2026-05-28,2
15106,1,2026-05-28,8
15107,1,2026-05-28,8
15108,1,2026-05-28,6
15109,1,2026-05-28,8
15110,1,2026-05-28,5
15111,1,2026-05-28,4
15112,1,2026-05-28,5
15113,1,2026-05-28,5
15114,1,2026-05-28,8
15115,1,2026-05-28,4
15116,1,2026-05-28,8
15117,1,2026-05-28,2
15118,1,2026-05-28,7
15119,1,2026-05-28,2
15120,1,2026-05-28,7
15121,1,2026-05-28,3
15122,1,2026-05-28,3
15123,1,2026-05-28,4
15124,1,2026-05-28,8
15125,1,2026-05-28,8
15126,1,2026-05-28,6
15127,1,2026-05-28,8
15128,1,2026-05-28,2
15129,1,2026-05-28,2
15130,1,2026-05-28,6
15131,1,2026-05-28,6
15132,1,2026-05-28,7
15133,1,2026-05-28,4
15134,1,2026-05-28,3
15135,1,2026-05-28,2
15136,1,2026-05-28,3
15137,1,2026-05-28,5
15138,1,2026-05-28,6
15139,1,2026-05-28,8
15140,1,2026-05-28,5
15141,1,2026-05-28,2
15142,1,2026-05-28,7
15143,1,2026-05-28,2
15144,1,2026-05-28,8
15145,1,2026-05-28,2
15146,1,2026-05-28,2
15147,1,2026-05-28,7
15148,1,2026-05-28,4
15149,1,2026-05-28,4
15150,1,2026-05-28,2
15151,1,2026-05-28,5
15152,1,2026-05-28,3
15153,1,2026-05-28,5
15154,1,2026-05-28,3
15155,1,2026-05-28,4
15156,1,2026-05-28,4
15157,1,2026-05-28,4
15158,1,2026-05-28,2
15159,1,2026-05-28,4
15160,1,2026-05-28,7
15161,1,2026-05-28,6
15162,1,2026-05-28,7
15163,1,2026-05-28,4
15164,1,2026-05-28,6
15165,1,2026-05-28,5
15166,1,2026-05-28,3
15167,1,2026-05-28,3
15168,1,2026-05-29,8
15169,1,2026-05-29,2
15170,1,2026-05-29,2
15171,1,2026-05-29,5
15172,1,2026-05-29,6
15173,1,2026-05-29,4
15174,1,2026-05-29,4
15175,1,2026-05-29,2
15176,1,2026-05-29,7
15177,1,2026-05-29,4
15178,1,2026-05-29,7
15179,1,2026-05-29,6
15180,1,2026-05-29,7
15181,1,2026-05-29,3
15182,1,2026-05-29,7
15183,1,2026-05-29,4
15184,1,2026-05-29,3
15185,1,2026-05-29,3
15186,1,2026-05-29,8
15187,1,2026-05-29,7
15188,1,2026-05-29,4
15189,1,2026-05-29,7
15190,1,2026-05-29,5
15191,1,2026-05-29,6
15192,1,2026-05-29,8
15193,1,2026-05-29,4
15194,1,2026-05-29,7
15195,1,2026-05-29,3
15196,1,2026-05-29,4
15197,1,2026-05-29,8
15198,1,2026-05-29,5
15199,1,2026-05-29,2
15200,1,2026-05-29,5
15201,1,2026-05-29,2
15202,1,2026-05-29,5
15203,1,2026-05-29,3
15204,1,2026-05-29,6
15205,1,2026-05-29,4
15206,1,2026-05-29,3
15207,1,2026-05-29,3
15208,1,2026-05-29,6
15209,1,2026-05-29,7
15210,1,2026-05-29,5
15211,1,2026-05-29,8
15212,1,2026-05-29,5
15213,1,2026-05-29,7
15214,1,2026-05-29,6
15215,1,2026-05-29,8
15216,1,2026-05-29,6
15217,1,2026-05-29,5
15218,1,2026-05-29,4
15219,1,2026-05-29,4
15220,1,2026-05-29,7
15221,1,2026-05-29,3
15222,1,2026-05-29,3
15223,1,2026-05-29,3
15224,1,2026-05-29,2
15225,1,2026-05-29,4
15226,1,2026-05-29,4
15227,1,2026-05-29,7
15228,1,2026-05-29,4
15229,1,2026-05-29,5
15230,1,2026-05-29,5
15231,1,2026-05-29,3
15232,1,2026-05-29,2
15233,1,2026-05-29,2
15234,1,2026-05-29,5
15235,1,2026-05-29,4
15236,1,2026-05-29,7
15237,1,2026-05-29,8
15238,1,2026-05-29,7
15239,1,2026-05-29,5
15240,1,2026-05-29,8
15241,1,2026-05-29,3
15242,1,2026-05-29,4
15243,1,2026-05-29,5
15244,1,2026-05-29,5
15245,1,2026-05-29,3
15246,1,2026-05-29,3
15247,1,2026-05-29,5
15248,1,2026-05-29,6
15249,1,2026-05-29,6
15250,1,2026-05-29,2
15251,1,2026-05-29,3
15252,1,2026-05-29,7
15253,1,2026-05-29,2
15254,1,2026-05-29,6
15255,1,2026-05-29,7
15256,1,2026-05-29,7
15257,1,2026-05-29,3
15258,1,2026-05-29,5
15259,1,2026-05-29,7
15260,1,2026-05-29,8
15261,1,2026-05-29,4
15262,1,2026-05-29,3
15263,1,2026-05-29,4
15264,1,2026-05-29,2
15265,1,2026-05-29,2
15266,1,2026-05-29,2
15267,1,2026-05-29,3
15268,1,2026-05-29,2
15269,1,2026-05-29,5
15270,1,2026-05-29,7
15271,1,2026-05-29,8
15272,1,2026-05-29,6
15273,1,2026-05-29,8
15274,1,2026-05-29,7
15275,1,2026-05-29,2
15276,1,2026-05-29,5
15277,1,2026-05-30,3
15278,1,2026-05-30,2
15279,1,2026-05-30,5
15280,1,2026-05-30,4
15281,1,2026-05-30,3
15282,1,2026-05-30,5
15283,1,2026-05-30,8
15284,1,2026-05-30,4
15285,1,2026-05-30,6
15286,1,2026-05-30,5
15287,1,2026-05-30,4
15288,1,2026-05-30,8
15289,1,2026-05-30,7
15290,1,2026-05-30,6
15291,1,2026-05-30,8
15292,1,2026-05-30,4
15293,1,2026-05-30,3
15294,1,2026-05-30,2
15295,1,2026-05-30,6
15296,1,2026-05-30,7
15297,1,2026-05-30,4
15298,1,2026-05-30,5
15299,1,2026-05-30,2
15300,1,2026-05-30,8
15301,1,2026-05-30,4
15302,1,2026-05-30,3
15303,1,2026-05-30,3
15304,1,2026-05-30,7
15305,1,2026-05-30,2
15306,1,2026-05-30,7
15307,1,2026-05-30,4
15308,1,2026-05-30,5
15309,1,2026-05-30,5
15310,1,2026-05-30,8
15311,1,2026-05-30,7
15312,1,2026-05-30,7
15313,1,2026-05-30,7
15314,1,2026-05-30,5
15315,1,2026-05-30,4
15316,1,2026-05-30,2
15317,1,2026-05-30,3
15318,1,2026-05-30,4
15319,1,2026-05-30,4
15320,1,2026-05-30,8
15321,1,2026-05-30,8
15322,1,2026-05-30,8
15323,1,2026-05-30,4
15324,1,2026-05-30,8
15325,1,2026-05-30,8
15326,1,2026-05-30,2
15327,1,2026-05-30,6
15328,1,2026-05-30,6
15329,1,2026-05-30,4
15330,1,2026-05-30,4
15331,1,2026-05-30,6
15332,1,2026-05-30,2
15333,1,2026-05-30,8
15334,1,2026-05-30,7
15335,1,2026-05-30,3
15336,1,2026-05-30,3
15337,1,2026-05-30,7
15338,1,2026-05-30,2
15339,1,2026-05-30,7
15340,1,2026-05-30,2
15341,1,2026-05-30,8
15342,1,2026-05-30,8
15343,1,2026-05-30,8
15344,1,2026-05-30,8
15345,1,2026-05-30,8
15346,1,2026-05-30,8
15347,1,2026-05-30,8
15348,1,2026-05-30,6
15349,1,2026-05-30,6
15350,1,2026-05-30,7
15351,1,2026-05-30,4
15352,1,2026-05-30,3
15353,1,2026-05-30,5
15354,1,2026-05-30,2
15355,1,2026-05-30,2
15356,1,2026-05-30,6
15357,1,2026-05-30,3
15358,1,2026-05-30,8
15359,1,2026-05-30,3
15360,1,2026-05-30,8
15361,1,2026-05-30,6
15362,1,2026-05-30,4
15363,1,2026-05-30,5
15364,1,2026-05-30,5
15365,1,2026-05-30,7
15366,1,2026-05-30,4
15367,1,2026-05-30,8
15368,1,2026-05-30,6
15369,1,2026-05-30,5
15370,1,2026-05-30,7
15371,1,2026-05-30,2
15372,1,2026-05-30,5
15373,1,2026-05-30,8
15374,1,2026-05-30,3
15375,1,2026-05-30,3
15376,1,2026-05-30,2
15377,1,2026-05-30,8
15378,1,2026-05-30,4
15379,1,2026-05-30,4
15380,1,2026-05-30,7
15381,1,2026-05-30,4
15382,1,2026-05-30,5
15383,1,2026-05-30,8
15384,1,2026-05-30,5
15385,1,2026-05-30,7
15386,1,2026-05-31,7
15387,1,2026-05-31,3
15388,1,2026-05-31,8
15389,1,2026-05-31,4
15390,1,2026-05-31,6
15391,1,2026-05-31,6
15392,1,2026-05-31,4
15393,1,2026-05-31,5
15394,1,2026-05-31,7
15395,1,2026-05-31,8
15396,1,2026-05-31,6
15397,1,2026-05-31,7
15398,1,2026-05-31,4
15399,1,2026-05-31,8
15400,1,2026-05-31,4
15401,1,2026-05-31,3
15402,1,2026-05-31,5
15403,1,2026-05-31,6
15404,1,2026-05-31,6
15405,1,2026-05-31,2
15406,1,2026-05-31,5
15407,1,2026-05-31,7
15408,1,2026-05-31,6
15409,1,2026-05-31,6
15410,1,2026-05-31,3
15411,1,2026-05-31,8
15412,1,2026-05-31,4
15413,1,2026-05-31,4
15414,1,2026-05-31,5
15415,1,2026-05-31,6
15416,1,2026-05-31,4
15417,1,2026-05-31,8
15418,1,2026-05-31,6
15419,1,2026-05-31,3
15420,1,2026-05-31,6
15421,1,2026-05-31,7
15422,1,2026-05-31,5
15423,1,2026-05-31,2
15424,1,2026-05-31,4
15425,1,2026-05-31,6
15426,1,2026-05-31,8
15427,1,2026-05-31,8
15428,1,2026-05-31,5
15429,1,2026-05-31,3
15430,1,2026-05-31,3
15431,1,2026-05-31,6
15432,1,2026-05-31,8
15433,1,2026-05-31,6
15434,1,2026-05-31,3
15435,1,2026-05-31,7
15436,1,2026-05-31,5
15437,1,2026-05-31,2
15438,1,2026-05-31,3
15439,1,2026-05-31,6
15440,1,2026-05-31,4
15441,1,2026-05-31,2
15442,1,2026-05-31,8
15443,1,2026-05-31,7
15444,1,2026-05-31,7
15445,1,2026-05-31,6
15446,1,2026-05-31,5
15447,1,2026-05-31,4
15448,1,2026-05-31,2
15449,1,2026-05-31,7
15450,1,2026-05-31,2
15451,1,2026-05-31,3
15452,1,2026-05-31,6
15453,1,2026-05-31,7
15454,1,2026-05-31,5
15455,1,2026-05-31,6
15456,1,2026-05-31,2
15457,1,2026-05-31,8
15458,1,2026-05-31,2
15459,1,2026-05-31,3
15460,1,2026-05-31,3
15461,1,2026-05-31,2
15462,1,2026-05-31,3
15463,1,2026-05-31,7
15464,1,2026-05-31,5
15465,1,2026-05-31,7
15466,1,2026-05-31,3
15467,1,2026-05-31,6
15468,1,2026-05-31,4
15469,1,2026-05-31,6
15470,1,2026-05-31,4
15471,1,2026-05-31,4
15472,1,2026-05-31,3
15473,1,2026-05-31,2
15474,1,2026-05-31,3
15475,1,2026-05-31,3
15476,1,2026-05-31,5
15477,1,2026-05-31,8
15478,1,2026-05-31,4
15479,1,2026-05-31,4
15480,1,2026-05-31,5
15481,1,2026-05-31,7
15482,1,2026-05-31,4
15483,1,2026-05-31,7
15484,1,2026-05-31,8
15485,1,2026-05-31,5
15486,1,2026-05-31,7
15487,1,2026-05-31,5
15488,1,2026-05-31,2
15489,1,2026-05-31,2
15490,1,2026-05-31,2
15491,1,2026-05-31,5
15492,1,2026-05-31,5
15493,1,2026-05-31,8
15494,1,2026-05-31,4
15495,1,2026-05-31,2
15496,1,2026-05-31,5
15497,1,2026-05-31,4
15498,1,2026-05-31,8
15499,1,2026-05-31,3
15500,1,2026-05-31,8
15501,1,2026-05-31,6
15502,1,2026-05-31,4
15503,1,2026-05-31,7
15504,1,2026-05-31,6
15505,1,2026-06-01,8
15506,1,2026-06-01,6
15507,1,2026-06-01,8
15508,1,2026-06-01,5
15509,1,2026-06-01,4
15510,1,2026-06-01,7
15511,1,2026-06-01,8
15512,1,2026-06-01,4
15513,1,2026-06-01,4
15514,1,2026-06-01,8
15515,1,2026-06-01,2
15516,1,2026-06-01,6
15517,1,2026-06-01,2
15518,1,2026-06-01,3
15519,1,2026-06-01,4
15520,1,2026-06-01,7
15521,1,2026-06-01,7
15522,1,2026-06-01,8
15523,1,2026-06-01,5
15524,1,2026-06-01,3
15525,1,2026-06-01,6
15526,1,2026-06-01,7
15527,1,2026-06-01,2
15528,1,2026-06-01,7
15529,1,2026-06-01,6
15530,1,2026-06-01,5
15531,1,2026-06-01,3
15532,1,2026-06-01,4
15533,1,2026-06-01,4
15534,1,2026-06-01,8
15535,1,2026-06-01,7
15536,1,2026-06-01,3
15537,1,2026-06-01,6
15538,1,2026-06-01,8
15539,1,2026-06-01,6
15540,1,2026-06-01,5
15541,1,2026-06-01,8
15542,1,2026-06-01,8
15543,1,2026-06-01,3
15544,1,2026-06-01,4
15545,1,2026-06-01,5
15546,1,2026-06-01,2
15547,1,2026-06-01,2
15548,1,2026-06-01,5
15549,1,2026-06-01,8
15550,1,2026-06-01,5
15551,1,2026-06-01,8
15552,1,2026-06-01,4
15553,1,2026-06-01,8
15554,1,2026-06-01,6
15555,1,2026-06-01,5
15556,1,2026-06-01,3
15557,1,2026-06-01,7
15558,1,2026-06-01,2
15559,1,2026-06-01,2
15560,1,2026-06-01,2
15561,1,2026-06-01,8
15562,1,2026-06-01,7
15563,1,2026-06-01,2
15564,1,2026-06-01,5
15565,1,2026-06-01,4
15566,1,2026-06-01,8
15567,1,2026-06-01,6
15568,1,2026-06-01,5
15569,1,2026-06-01,7
15570,1,2026-06-01,4
15571,1,2026-06-01,5
15572,1,2026-06-01,6
15573,1,2026-06-01,4
15574,1,2026-06-01,5
15575,1,2026-06-01,7
15576,1,2026-06-01,5
15577,1,2026-06-01,4
15578,1,2026-06-01,2
15579,1,2026-06-01,8
15580,1,2026-06-01,6
15581,1,2026-06-01,7
15582,1,2026-06-01,8
15583,1,2026-06-01,5
15584,1,2026-06-01,5
15585,1,2026-06-01,7
15586,1,2026-06-01,4
15587,1,2026-06-01,6
15588,1,2026-06-02,8
15589,1,2026-06-02,4
15590,1,2026-06-02,7
15591,1,2026-06-02,8
15592,1,2026-06-02,2
15593,1,2026-06-02,5
15594,1,2026-06-02,4
15595,1,2026-06-02,6
15596,1,2026-06-02,8
15597,1,2026-06-02,8
15598,1,2026-06-02,2
15599,1,2026-06-02,7
15600,1,2026-06-02,5
15601,1,2026-06-02,8
15602,1,2026-06-02,5
15603,1,2026-06-02,3
15604,1,2026-06-02,8
15605,1,2026-06-02,3
15606,1,2026-06-02,4
15607,1,2026-06-02,6
15608,1,2026-06-02,7
15609,1,2026-06-02,2
15610,1,2026-06-02,5
15611,1,2026-06-02,3
15612,1,2026-06-02,2
15613,1,2026-06-02,4
15614,1,2026-06-02,7
15615,1,2026-06-02,2
15616,1,2026-06-02,7
15617,1,2026-06-02,8
15618,1,2026-06-02,7
15619,1,2026-06-02,5
15620,1,2026-06-02,8
15621,1,2026-06-02,8
15622,1,2026-06-02,6
15623,1,2026-06-02,6
15624,1,2026-06-02,8
15625,1,2026-06-02,2
15626,1,2026-06-02,2
15627,1,2026-06-02,6
15628,1,2026-06-02,3
15629,1,2026-06-02,5
15630,1,2026-06-02,8
15631,1,2026-06-02,3
15632,1,2026-06-02,5
15633,1,2026-06-02,7
15634,1,2026-06-02,4
15635,1,2026-06-02,6
15636,1,2026-06-02,6
15637,1,2026-06-02,8
15638,1,2026-06-02,4
15639,1,2026-06-02,6
15640,1,2026-06-02,7
15641,1,2026-06-02,4
15642,1,2026-06-02,4
15643,1,2026-06-02,3
15644,1,2026-06-02,2
15645,1,2026-06-02,2
15646,1,2026-06-02,4
15647,1,2026-06-02,2
15648,1,2026-06-02,7
15649,1,2026-06-02,3
15650,1,2026-06-02,7
15651,1,2026-06-02,2
15652,1,2026-06-02,3
15653,1,2026-06-02,6
15654,1,2026-06-02,7
15655,1,2026-06-02,6
15656,1,2026-06-02,4
15657,1,2026-06-02,3
15658,1,2026-06-02,7
15659,1,2026-06-02,4
15660,1,2026-06-02,4
15661,1,2026-06-02,8
15662,1,2026-06-02,6
15663,1,2026-06-02,8
15664,1,2026-06-02,2
15665,1,2026-06-02,2
15666,1,2026-06-02,7
15667,1,2026-06-02,3
15668,1,2026-06-02,7
15669,1,2026-06-02,4
15670,1,2026-06-02,8
15671,1,2026-06-03,8
15672,1,2026-06-03,3
15673,1,2026-06-03,5
15674,1,2026-06-03,8
15675,1,2026-06-03,8
15676,1,2026-06-03,2
15677,1,2026-06-03,7
15678,1,2026-06-03,4
15679,1,2026-06-03,6
15680,1,2026-06-03,3
15681,1,2026-06-03,7
15682,1,2026-06-03,5
15683,1,2026-06-03,8
15684,1,2026-06-03,2
15685,1,2026-06-03,6
15686,1,2026-06-03,7
15687,1,2026-06-03,7
15688,1,2026-06-03,7
15689,1,2026-06-03,5
15690,1,2026-06-03,3
15691,1,2026-06-03,4
15692,1,2026-06-03,5
15693,1,2026-06-03,7
15694,1,2026-06-03,8
15695,1,2026-06-03,3
15696,1,2026-06-03,8
15697,1,2026-06-03,8
15698,1,2026-06-03,2
15699,1,2026-06-03,7
15700,1,2026-06-03,2
15701,1,2026-06-03,8
15702,1,2026-06-03,2
15703,1,2026-06-03,4
15704,1,2026-06-03,7
15705,1,2026-06-03,7
15706,1,2026-06-03,3
15707,1,2026-06-03,7
15708,1,2026-06-03,2
15709,1,2026-06-03,4
15710,1,2026-06-03,2
15711,1,2026-06-03,8
15712,1,2026-06-03,5
15713,1,2026-06-03,7
15714,1,2026-06-03,4
15715,1,2026-06-03,2
15716,1,2026-06-03,2
15717,1,2026-06-03,3
15718,1,2026-06-03,7
15719,1,2026-06-03,7
15720,1,2026-06-03,7
15721,1,2026-06-03,5
15722,1,2026-06-03,6
15723,1,2026-06-03,4
15724,1,2026-06-03,8
15725,1,2026-06-03,5
15726,1,2026-06-03,5
15727,1,2026-06-03,7
15728,1,2026-06-03,7
15729,1,2026-06-03,5
15730,1,2026-06-03,6
15731,1,2026-06-03,7
15732,1,2026-06-03,8
15733,1,2026-06-03,4
15734,1,2026-06-03,4
15735,1,2026-06-03,8
15736,1,2026-06-03,8
15737,1,2026-06-03,2
15738,1,2026-06-03,8
15739,1,2026-06-03,2
15740,1,2026-06-03,2
15741,1,2026-06-03,6
15742,1,2026-06-03,5
15743,1,2026-06-03,7
15744,1,2026-06-03,8
15745,1,2026-06-03,8
15746,1,2026-06-03,4
15747,1,2026-06-03,6
15748,1,2026-06-03,7
15749,1,2026-06-03,6
15750,1,2026-06-03,5
15751,1,2026-06-03,7
15752,1,2026-06-03,4
15753,1,2026-06-03,8
15754,1,2026-06-03,4
15755,1,2026-06-03,8
15756,1,2026-06-03,3
15757,1,2026-06-04,7
15758,1,2026-06-04,8
15759,1,2026-06-04,7
15760,1,2026-06-04,7
15761,1,2026-06-04,3
15762,1,2026-06-04,6
15763,1,2026-06-04,4
15764,1,2026-06-04,2
15765,1,2026-06-04,2
15766,1,2026-06-04,2
15767,1,2026-06-04,7
15768,1,2026-06-04,4
15769,1,2026-06-04,8
15770,1,2026-06-04,7
15771,1,2026-06-04,2
15772,1,2026-06-04,6
15773,1,2026-06-04,4
15774,1,2026-06-04,3
15775,1,2026-06-04,5
15776,1,2026-06-04,4
15777,1,2026-06-04,2
15778,1,2026-06-04,2
15779,1,2026-06-04,7
15780,1,2026-06-04,2
15781,1,2026-06-04,8
15782,1,2026-06-04,5
15783,1,2026-06-04,4
15784,1,2026-06-04,8
15785,1,2026-06-04,8
15786,1,2026-06-04,4
15787,1,2026-06-04,3
15788,1,2026-06-04,8
15789,1,2026-06-04,2
15790,1,2026-06-04,6
15791,1,2026-06-04,6
15792,1,2026-06-04,6
15793,1,2026-06-04,6
15794,1,2026-06-04,5
15795,1,2026-06-04,2
15796,1,2026-06-04,7
15797,1,2026-06-04,8
15798,1,2026-06-04,5
15799,1,2026-06-04,7
15800,1,2026-06-04,5
15801,1,2026-06-04,4
15802,1,2026-06-04,5
15803,1,2026-06-04,8
15804,1,2026-06-04,2
15805,1,2026-06-04,5
15806,1,2026-06-04,8
15807,1,2026-06-04,4
15808,1,2026-06-04,4
15809,1,2026-06-04,8
15810,1,2026-06-04,8
15811,1,2026-06-04,4
15812,1,2026-06-04,4
15813,1,2026-06-04,2
15814,1,2026-06-04,2
15815,1,2026-06-04,3
15816,1,2026-06-04,4
15817,1,2026-06-04,5
15818,1,2026-06-04,6
15819,1,2026-06-04,4
15820,1,2026-06-04,4
15821,1,2026-06-04,4
15822,1,2026-06-04,4
15823,1,2026-06-04,4
15824,1,2026-06-04,7
15825,1,2026-06-04,2
15826,1,2026-06-04,3
15827,1,2026-06-04,5
15828,1,2026-06-04,6
15829,1,2026-06-04,5
15830,1,2026-06-04,7
15831,1,2026-06-04,4
15832,1,2026-06-04,4
15833,1,2026-06-04,7
15834,1,2026-06-04,7
15835,1,2026-06-04,3
15836,1,2026-06-04,8
15837,1,2026-06-04,7
15838,1,2026-06-04,4
15839,1,2026-06-04,8
15840,1,2026-06-04,6
15841,1,2026-06-04,5
15842,1,2026-06-04,7
15843,1,2026-06-04,5
15844,1,2026-06-04,3
15845,1,2026-06-04,6
15846,1,2026-06-04,3
15847,1,2026-06-04,5
15848,1,2026-06-04,7
15849,1,2026-06-04,3
15850,1,2026-06-04,2
15851,1,2026-06-04,2
15852,1,2026-06-04,7
15853,1,2026-06-04,2
15854,1,2026-06-05,3
15855,1,2026-06-05,6
15856,1,2026-06-05,7
15857,1,2026-06-05,3
15858,1,2026-06-05,6
15859,1,2026-06-05,6
15860,1,2026-06-05,8
15861,1,2026-06-05,6
15862,1,2026-06-05,6
15863,1,2026-06-05,5
15864,1,2026-06-05,3
15865,1,2026-06-05,4
15866,1,2026-06-05,7
15867,1,2026-06-05,3
15868,1,2026-06-05,4
15869,1,2026-06-05,5
15870,1,2026-06-05,6
15871,1,2026-06-05,3
15872,1,2026-06-05,7
15873,1,2026-06-05,3
15874,1,2026-06-05,8
15875,1,2026-06-05,5
15876,1,2026-06-05,5
15877,1,2026-06-05,8
15878,1,2026-06-05,6
15879,1,2026-06-05,7
15880,1,2026-06-05,7
15881,1,2026-06-05,8
15882,1,2026-06-05,5
15883,1,2026-06-05,3
15884,1,2026-06-05,5
15885,1,2026-06-05,7
15886,1,2026-06-05,4
15887,1,2026-06-05,5
15888,1,2026-06-05,8
15889,1,2026-06-05,8
15890,1,2026-06-05,2
15891,1,2026-06-05,4
15892,1,2026-06-05,3
15893,1,2026-06-05,5
15894,1,2026-06-05,8
15895,1,2026-06-05,8
15896,1,2026-06-05,3
15897,1,2026-06-05,5
15898,1,2026-06-05,8
15899,1,2026-06-05,5
15900,1,2026-06-05,8
15901,1,2026-06-05,8
15902,1,2026-06-05,4
15903,1,2026-06-05,4
15904,1,2026-06-05,3
15905,1,2026-06-05,7
15906,1,2026-06-05,7
15907,1,2026-06-05,6
15908,1,2026-06-05,2
15909,1,2026-06-05,2
15910,1,2026-06-05,4
15911,1,2026-06-05,2
15912,1,2026-06-05,7
15913,1,2026-06-05,6
15914,1,2026-06-05,2
15915,1,2026-06-05,4
15916,1,2026-06-05,5
15917,1,2026-06-05,7
15918,1,2026-06-05,3
15919,1,2026-06-05,5
15920,1,2026-06-05,3
15921,1,2026-06-05,3
15922,1,2026-06-05,4
15923,1,2026-06-05,3
15924,1,2026-06-05,7
15925,1,2026-06-05,7
15926,1,2026-06-05,8
15927,1,2026-06-05,4
15928,1,2026-06-05,7
15929,1,2026-06-05,3
15930,1,2026-06-05,3
15931,1,2026-06-05,3
15932,1,2026-06-05,3
15933,1,2026-06-05,5
15934,1,2026-06-05,8
15935,1,2026-06-05,3
15936,1,2026-06-05,8
15937,1,2026-06-05,7
15938,1,2026-06-05,4
15939,1,2026-06-05,4
15940,1,2026-06-05,8
15941,1,2026-06-05,6
15942,1,2026-06-05,2
15943,1,2026-06-05,7
15944,1,2026-06-05,7
15945,1,2026-06-05,6
15946,1,2026-06-05,7
15947,1,2026-06-05,7
15948,1,2026-06-05,2
15949,1,2026-06-05,4
15950,1,2026-06-05,6
15951,1,2026-06-05,2
15952,1,2026-06-05,4
15953,1,2026-06-05,8
15954,1,2026-06-05,3
15955,1,2026-06-05,7
15956,1,2026-06-05,7
15957,1,2026-06-05,7
15958,1,2026-06-05,5
15959,1,2026-06-05,7
15960,1,2026-06-05,5
15961,1,2026-06-05,7
15962,1,2026-06-05,6
15963,1,2026-06-05,5
15964,1,2026-06-05,8
15965,1,2026-06-05,5
15966,1,2026-06-05,6
15967,1,2026-06-05,6
15968,1,2026-06-05,5
15969,1,2026-06-05,4
15970,1,2026-06-05,7
15971,1,2026-06-05,7
15972,1,2026-06-05,6
15973,1,2026-06-05,6
15974,1,2026-06-05,2
15975,1,2026-06-05,6
15976,1,2026-06-05,7
15977,1,2026-06-05,4
15978,1,2026-06-06,2
15979,1,2026-06-06,3
15980,1,2026-06-06,2
15981,1,2026-06-06,7
15982,1,2026-06-06,3
15983,1,2026-06-06,2
15984,1,2026-06-06,6
15985,1,2026-06-06,7
15986,1,2026-06-06,5
15987,1,2026-06-06,8
15988,1,2026-06-06,6
15989,1,2026-06-06,7
15990,1,2026-06-06,2
15991,1,2026-06-06,4
15992,1,2026-06-06,3
15993,1,2026-06-06,5
15994,1,2026-06-06,6
15995,1,2026-06-06,5
15996,1,2026-06-06,3
15997,1,2026-06-06,3
15998,1,2026-06-06,7
15999,1,2026-06-06,3
16000,1,2026-06-06,4
16001,1,2026-06-06,8
16002,1,2026-06-06,5
16003,1,2026-06-06,2
16004,1,2026-06-06,7
16005,1,2026-06-06,4
16006,1,2026-06-06,6
16007,1,2026-06-06,8
16008,1,2026-06-06,4
16009,1,2026-06-06,4
16010,1,2026-06-06,2
16011,1,2026-06-06,6
16012,1,2026-06-06,6
16013,1,2026-06-06,2
16014,1,2026-06-06,7
16015,1,2026-06-06,7
16016,1,2026-06-06,3
16017,1,2026-06-06,2
16018,1,2026-06-06,8
16019,1,2026-06-06,2
16020,1,2026-06-06,3
16021,1,2026-06-06,8
16022,1,2026-06-06,7
16023,1,2026-06-06,3
16024,1,2026-06-06,7
16025,1,2026-06-06,7
16026,1,2026-06-06,2
16027,1,2026-06-06,4
16028,1,2026-06-06,4
16029,1,2026-06-06,4
16030,1,2026-06-06,6
16031,1,2026-06-06,6
16032,1,2026-06-06,6
16033,1,2026-06-06,8
16034,1,2026-06-06,3
16035,1,2026-06-06,8
16036,1,2026-06-06,2
16037,1,2026-06-06,4
16038,1,2026-06-06,2
16039,1,2026-06-06,3
16040,1,2026-06-06,3
16041,1,2026-06-06,8
16042,1,2026-06-06,7
16043,1,2026-06-06,2
16044,1,2026-06-06,2
16045,1,2026-06-06,6
16046,1,2026-06-06,5
16047,1,2026-06-06,5
16048,1,2026-06-06,4
16049,1,2026-06-06,6
16050,1,2026-06-06,2
16051,1,2026-06-06,8
16052,1,2026-06-06,4
16053,1,2026-06-06,8
16054,1,2026-06-06,5
16055,1,2026-06-06,8
16056,1,2026-06-06,6
16057,1,2026-06-06,2
16058,1,2026-06-06,5
16059,1,2026-06-06,3
16060,1,2026-06-06,8
16061,1,2026-06-06,7
16062,1,2026-06-06,8
16063,1,2026-06-06,2
16064,1,2026-06-06,6
16065,1,2026-06-06,4
16066,1,2026-06-06,8
16067,1,2026-06-06,2
16068,1,2026-06-06,6
16069,1,2026-06-06,5
16070,1,2026-06-06,3
16071,1,2026-06-06,2
16072,1,2026-06-06,5
16073,1,2026-06-06,2
16074,1,2026-06-06,2
16075,1,2026-06-06,6
16076,1,2026-06-06,4
16077,1,2026-06-06,8
16078,1,2026-06-06,3
16079,1,2026-06-06,3
16080,1,2026-06-06,8
16081,1,2026-06-06,3
16082,1,2026-06-06,8
16083,1,2026-06-06,3
16084,1,2026-06-06,2
16085,1,2026-06-06,4
16086,1,2026-06-06,3
16087,1,2026-06-06,8
16088,1,2026-06-06,2
16089,1,2026-06-06,8
16090,1,2026-06-06,4
16091,1,2026-06-06,7
16092,1,2026-06-06,3
16093,1,2026-06-06,5
16094,1,2026-06-06,2
16095,1,2026-06-06,3
16096,1,2026-06-06,7
16097,1,2026-06-06,5
16098,1,2026-06-07,4
16099,1,2026-06-07,4
16100,1,2026-06-07,6
16101,1,2026-06-07,3
16102,1,2026-06-07,8
16103,1,2026-06-07,3
16104,1,2026-06-07,5
16105,1,2026-06-07,8
16106,1,2026-06-07,7
16107,1,2026-06-07,3
16108,1,2026-06-07,8
16109,1,2026-06-07,3
16110,1,2026-06-07,5
16111,1,2026-06-07,5
16112,1,2026-06-07,4
16113,1,2026-06-07,5
16114,1,2026-06-07,5
16115,1,2026-06-07,6
16116,1,2026-06-07,2
16117,1,2026-06-07,6
16118,1,2026-06-07,3
16119,1,2026-06-07,7
16120,1,2026-06-07,3
16121,1,2026-06-07,4
16122,1,2026-06-07,5
16123,1,2026-06-07,8
16124,1,2026-06-07,7
16125,1,2026-06-07,4
16126,1,2026-06-07,7
16127,1,2026-06-07,2
16128,1,2026-06-07,5
16129,1,2026-06-07,7
16130,1,2026-06-07,2
16131,1,2026-06-07,5
16132,1,2026-06-07,3
16133,1,2026-06-07,2
16134,1,2026-06-07,8
16135,1,2026-06-07,8
16136,1,2026-06-07,5
16137,1,2026-06-07,5
16138,1,2026-06-07,6
16139,1,2026-06-07,8
16140,1,2026-06-07,3
16141,1,2026-06-07,4
16142,1,2026-06-07,6
16143,1,2026-06-07,6
16144,1,2026-06-07,7
16145,1,2026-06-07,4
16146,1,2026-06-07,6
16147,1,2026-06-07,4
16148,1,2026-06-07,6
16149,1,2026-06-07,2
16150,1,2026-06-07,8
16151,1,2026-06-07,4
16152,1,2026-06-07,5
16153,1,2026-06-07,6
16154,1,2026-06-07,3
16155,1,2026-06-07,3
16156,1,2026-06-07,7
16157,1,2026-06-07,8
16158,1,2026-06-07,6
16159,1,2026-06-07,8
16160,1,2026-06-07,8
16161,1,2026-06-07,5
16162,1,2026-06-07,6
16163,1,2026-06-07,8
16164,1,2026-06-07,3
16165,1,2026-06-07,6
16166,1,2026-06-07,7
16167,1,2026-06-07,8
16168,1,2026-06-07,3
16169,1,2026-06-07,6
16170,1,2026-06-07,4
16171,1,2026-06-07,5
16172,1,2026-06-07,4
16173,1,2026-06-07,6
16174,1,2026-06-07,4
16175,1,2026-06-07,8
16176,1,2026-06-07,5
16177,1,2026-06-07,7
16178,1,2026-06-07,5
16179,1,2026-06-07,4
16180,1,2026-06-07,5
16181,1,2026-06-07,4
16182,1,2026-06-07,7
16183,1,2026-06-07,3
16184,1,2026-06-07,4
16185,1,2026-06-07,2
16186,1,2026-06-07,5
16187,1,2026-06-07,7
16188,1,2026-06-07,8
16189,1,2026-06-07,4
16190,1,2026-06-07,8
16191,1,2026-06-07,8
16192,1,2026-06-07,5
16193,1,2026-06-07,8
16194,1,2026-06-07,2
16195,1,2026-06-07,4
16196,1,2026-06-07,5
16197,1,2026-06-07,8
16198,1,2026-06-07,8
16199,1,2026-06-07,8
16200,1,2026-06-07,7
16201,1,2026-06-07,4
16202,1,2026-06-07,6
16203,1,2026-06-07,2
16204,1,2026-06-07,5
16205,1,2026-06-07,5
16206,1,2026-06-07,3
16207,1,2026-06-07,5
16208,1,2026-06-07,3
16209,1,2026-06-07,7
16210,1,2026-06-07,2
16211,1,2026-06-07,6
16212,1,2026-06-07,5
16213,1,2026-06-07,7
16214,1,2026-06-07,2
16215,1,2026-06-07,3
16216,1,2026-06-07,6
16217,1,2026-06-07,5
16218,1,2026-06-08,4
16219,1,2026-06-08,7
16220,1,2026-06-08,3
16221,1,2026-06-08,7
16222,1,2026-06-08,7
16223,1,2026-06-08,4
16224,1,2026-06-08,3
16225,1,2026-06-08,5
16226,1,2026-06-08,6
16227,1,2026-06-08,2
16228,1,2026-06-08,4
16229,1,2026-06-08,3
16230,1,2026-06-08,7
16231,1,2026-06-08,2
16232,1,2026-06-08,3
16233,1,2026-06-08,4
16234,1,2026-06-08,4
16235,1,2026-06-08,3
16236,1,2026-06-08,4
16237,1,2026-06-08,2
16238,1,2026-06-08,6
16239,1,2026-06-08,5
16240,1,2026-06-08,6
16241,1,2026-06-08,5
16242,1,2026-06-08,6
16243,1,2026-06-08,3
16244,1,2026-06-08,7
16245,1,2026-06-08,4
16246,1,2026-06-08,7
16247,1,2026-06-08,8
16248,1,2026-06-08,8
16249,1,2026-06-08,3
16250,1,2026-06-08,2
16251,1,2026-06-08,8
16252,1,2026-06-08,7
16253,1,2026-06-08,5
16254,1,2026-06-08,8
16255,1,2026-06-08,7
16256,1,2026-06-08,4
16257,1,2026-06-08,3
16258,1,2026-06-08,7
16259,1,2026-06-08,5
16260,1,2026-06-08,7
16261,1,2026-06-08,7
16262,1,2026-06-08,3
16263,1,2026-06-08,3
16264,1,2026-06-08,5
16265,1,2026-06-08,7
16266,1,2026-06-08,3
16267,1,2026-06-08,4
16268,1,2026-06-08,8
16269,1,2026-06-08,2
16270,1,2026-06-08,2
16271,1,2026-06-08,8
16272,1,2026-06-08,2
16273,1,2026-06-08,4
16274,1,2026-06-08,7
16275,1,2026-06-08,5
16276,1,2026-06-08,3
16277,1,2026-06-08,7
16278,1,2026-06-08,3
16279,1,2026-06-08,6
16280,1,2026-06-08,7
16281,1,2026-06-08,4
16282,1,2026-06-08,3
16283,1,2026-06-08,5
16284,1,2026-06-08,7
16285,1,2026-06-08,3
16286,1,2026-06-08,8
16287,1,2026-06-08,5
16288,1,2026-06-08,3
16289,1,2026-06-08,5
16290,1,2026-06-08,5
16291,1,2026-06-08,3
16292,1,2026-06-08,3
16293,1,2026-06-08,7
16294,1,2026-06-08,4
16295,1,2026-06-08,8
16296,1,2026-06-08,7
16297,1,2026-06-08,4
16298,1,2026-06-08,7
16299,1,2026-06-08,2
16300,1,2026-06-08,7
16301,1,2026-06-08,3
16302,1,2026-06-08,5
16303,1,2026-06-08,2
16304,1,2026-06-08,6
16305,1,2026-06-08,8
16306,1,2026-06-08,3
16307,1,2026-06-08,7
16308,1,2026-06-09,2
16309,1,2026-06-09,4
16310,1,2026-06-09,8
16311,1,2026-06-09,4
16312,1,2026-06-09,3
16313,1,2026-06-09,6
16314,1,2026-06-09,7
16315,1,2026-06-09,6
16316,1,2026-06-09,4
16317,1,2026-06-09,2
16318,1,2026-06-09,4
16319,1,2026-06-09,2
16320,1,2026-06-09,3
16321,1,2026-06-09,4
16322,1,2026-06-09,3
16323,1,2026-06-09,3
16324,1,2026-06-09,2
16325,1,2026-06-09,2
16326,1,2026-06-09,7
16327,1,2026-06-09,2
16328,1,2026-06-09,4
16329,1,2026-06-09,5
16330,1,2026-06-09,6
16331,1,2026-06-09,7
16332,1,2026-06-09,3
16333,1,2026-06-09,3
16334,1,2026-06-09,4
16335,1,2026-06-09,4
16336,1,2026-06-09,3
16337,1,2026-06-09,2
16338,1,2026-06-09,8
16339,1,2026-06-09,8
16340,1,2026-06-09,7
16341,1,2026-06-09,4
16342,1,2026-06-09,4
16343,1,2026-06-09,6
16344,1,2026-06-09,6
16345,1,2026-06-09,6
16346,1,2026-06-09,2
16347,1,2026-06-09,2
16348,1,2026-06-09,7
16349,1,2026-06-09,8
16350,1,2026-06-09,4
16351,1,2026-06-09,5
16352,1,2026-06-09,3
16353,1,2026-06-09,7
16354,1,2026-06-09,3
16355,1,2026-06-09,8
16356,1,2026-06-09,4
16357,1,2026-06-09,6
16358,1,2026-06-09,2
16359,1,2026-06-09,2
16360,1,2026-06-09,8
16361,1,2026-06-09,7
16362,1,2026-06-09,6
16363,1,2026-06-09,8
16364,1,2026-06-09,4
16365,1,2026-06-09,3
16366,1,2026-06-09,7
16367,1,2026-06-09,5
16368,1,2026-06-09,3
16369,1,2026-06-09,6
16370,1,2026-06-09,3
16371,1,2026-06-09,8
16372,1,2026-06-09,6
16373,1,2026-06-09,6
16374,1,2026-06-09,8
16375,1,2026-06-09,2
16376,1,2026-06-09,8
16377,1,2026-06-09,4
16378,1,2026-06-09,7
16379,1,2026-06-09,3
16380,1,2026-06-09,8
16381,1,2026-06-09,7
16382,1,2026-06-09,3
16383,1,2026-06-09,4
16384,1,2026-06-09,2
16385,1,2026-06-09,8
16386,1,2026-06-09,8
16387,1,2026-06-09,7
16388,1,2026-06-09,5
16389,1,2026-06-09,7
16390,1,2026-06-09,5
16391,1,2026-06-09,7
16392,1,2026-06-09,5
16393,1,2026-06-09,5
16394,1,2026-06-09,8
16395,1,2026-06-09,2
16396,1,2026-06-09,6
16397,1,2026-06-10,5
16398,1,2026-06-10,8
16399,1,2026-06-10,8
16400,1,2026-06-10,2
16401,1,2026-06-10,8
16402,1,2026-06-10,8
16403,1,2026-06-10,5
16404,1,2026-06-10,2
16405,1,2026-06-10,7
16406,1,2026-06-10,6
16407,1,2026-06-10,4
16408,1,2026-06-10,8
16409,1,2026-06-10,5
16410,1,2026-06-10,7
16411,1,2026-06-10,7
16412,1,2026-06-10,3
16413,1,2026-06-10,2
16414,1,2026-06-10,7
16415,1,2026-06-10,8
16416,1,2026-06-10,3
16417,1,2026-06-10,2
16418,1,2026-06-10,6
16419,1,2026-06-10,3
16420,1,2026-06-10,8
16421,1,2026-06-10,4
16422,1,2026-06-10,6
16423,1,2026-06-10,5
16424,1,2026-06-10,5
16425,1,2026-06-10,8
16426,1,2026-06-10,3
16427,1,2026-06-10,5
16428,1,2026-06-10,2
16429,1,2026-06-10,8
16430,1,2026-06-10,7
16431,1,2026-06-10,6
16432,1,2026-06-10,2
16433,1,2026-06-10,5
16434,1,2026-06-10,3
16435,1,2026-06-10,5
16436,1,2026-06-10,6
16437,1,2026-06-10,4
16438,1,2026-06-10,5
16439,1,2026-06-10,5
16440,1,2026-06-10,2
16441,1,2026-06-10,8
16442,1,2026-06-10,4
16443,1,2026-06-10,6
16444,1,2026-06-10,7
16445,1,2026-06-10,4
16446,1,2026-06-10,8
16447,1,2026-06-10,2
16448,1,2026-06-10,2
16449,1,2026-06-10,4
16450,1,2026-06-10,3
16451,1,2026-06-10,8
16452,1,2026-06-10,3
16453,1,2026-06-10,6
16454,1,2026-06-10,5
16455,1,2026-06-10,3
16456,1,2026-06-10,7
16457,1,2026-06-10,3
16458,1,2026-06-10,2
16459,1,2026-06-10,3
16460,1,2026-06-10,6
16461,1,2026-06-10,3
16462,1,2026-06-10,7
16463,1,2026-06-10,3
16464,1,2026-06-10,3
16465,1,2026-06-10,2
16466,1,2026-06-10,5
16467,1,2026-06-10,5
16468,1,2026-06-10,8
16469,1,2026-06-10,5
16470,1,2026-06-10,3
16471,1,2026-06-10,8
16472,1,2026-06-10,4
16473,1,2026-06-10,6
16474,1,2026-06-10,3
16475,1,2026-06-10,3
16476,1,2026-06-10,7
16477,1,2026-06-10,2
16478,1,2026-06-10,6
16479,1,2026-06-10,7
16480,1,2026-06-10,7
16481,1,2026-06-10,4
16482,1,2026-06-10,4
16483,1,2026-06-10,3
16484,1,2026-06-10,6
16485,1,2026-06-10,4
16486,1,2026-06-10,4
16487,1,2026-06-10,8
16488,1,2026-06-10,2
16489,1,2026-06-10,3
16490,1,2026-06-10,7
16491,1,2026-06-10,6
16492,1,2026-06-11,8
16493,1,2026-06-11,3
16494,1,2026-06-11,8
16495,1,2026-06-11,7
16496,1,2026-06-11,2
16497,1,2026-06-11,2
16498,1,2026-06-11,4
16499,1,2026-06-11,6
16500,1,2026-06-11,7
16501,1,2026-06-11,2
16502,1,2026-06-11,8
16503,1,2026-06-11,3
16504,1,2026-06-11,5
16505,1,2026-06-11,2
16506,1,2026-06-11,4
16507,1,2026-06-11,6
16508,1,2026-06-11,5
16509,1,2026-06-11,3
16510,1,2026-06-11,2
16511,1,2026-06-11,2
16512,1,2026-06-11,2
16513,1,2026-06-11,5
16514,1,2026-06-11,5
16515,1,2026-06-11,2
16516,1,2026-06-11,3
16517,1,2026-06-11,5
16518,1,2026-06-11,4
16519,1,2026-06-11,7
16520,1,2026-06-11,7
16521,1,2026-06-11,3
16522,1,2026-06-11,3
16523,1,2026-06-11,6
16524,1,2026-06-11,7
16525,1,2026-06-11,3
16526,1,2026-06-11,7
16527,1,2026-06-11,7
16528,1,2026-06-11,3
16529,1,2026-06-11,3
16530,1,2026-06-11,3
16531,1,2026-06-11,4
16532,1,2026-06-11,8
16533,1,2026-06-11,8
16534,1,2026-06-11,7
16535,1,2026-06-11,4
16536,1,2026-06-11,2
16537,1,2026-06-11,4
16538,1,2026-06-11,5
16539,1,2026-06-11,2
16540,1,2026-06-11,6
16541,1,2026-06-11,2
16542,1,2026-06-11,3
16543,1,2026-06-11,5
16544,1,2026-06-11,3
16545,1,2026-06-11,2
16546,1,2026-06-11,7
16547,1,2026-06-11,7
16548,1,2026-06-11,7
16549,1,2026-06-11,5
16550,1,2026-06-11,6
16551,1,2026-06-11,5
16552,1,2026-06-11,4
16553,1,2026-06-11,8
16554,1,2026-06-11,5
16555,1,2026-06-11,3
16556,1,2026-06-11,4
16557,1,2026-06-11,6
16558,1,2026-06-11,3
16559,1,2026-06-11,8
16560,1,2026-06-11,6
16561,1,2026-06-11,4
16562,1,2026-06-11,6
16563,1,2026-06-11,3
16564,1,2026-06-11,6
16565,1,2026-06-11,6
16566,1,2026-06-11,2
16567,1,2026-06-11,4
16568,1,2026-06-11,5
16569,1,2026-06-11,7
16570,1,2026-06-11,4
16571,1,2026-06-11,6
16572,1,2026-06-11,6
16573,1,2026-06-11,4
16574,1,2026-06-11,5
16575,1,2026-06-11,3
16576,1,2026-06-11,6
16577,1,2026-06-11,6
16578,1,2026-06-11,2
16579,1,2026-06-11,7
16580,1,2026-06-11,4
16581,1,2026-06-11,2
16582,1,2026-06-11,8
16583,1,2026-06-11,5
16584,1,2026-06-11,3
16585,1,2026-06-11,3
16586,1,2026-06-11,3
16587,1,2026-06-11,3
16588,1,2026-06-11,3
16589,1,2026-06-11,8
16590,1,2026-06-11,2
16591,1,2026-06-11,7
16592,1,2026-06-11,8
16593,1,2026-06-11,7
16594,1,2026-06-11,6
16595,1,2026-06-11,6
16596,1,2026-06-11,7
16597,1,2026-06-11,4
16598,1,2026-06-12,2
16599,1,2026-06-12,2
16600,1,2026-06-12,3
16601,1,2026-06-12,7
16602,1,2026-06-12,7
16603,1,2026-06-12,6
16604,1,2026-06-12,3
16605,1,2026-06-12,3
16606,1,2026-06-12,7
16607,1,2026-06-12,4
16608,1,2026-06-12,6
16609,1,2026-06-12,3
16610,1,2026-06-12,6
16611,1,2026-06-12,6
16612,1,2026-06-12,6
16613,1,2026-06-12,7
16614,1,2026-06-12,2
16615,1,2026-06-12,8
16616,1,2026-06-12,3
16617,1,2026-06-12,4
16618,1,2026-06-12,3
16619,1,2026-06-12,4
16620,1,2026-06-12,3
16621,1,2026-06-12,6
16622,1,2026-06-12,5
16623,1,2026-06-12,2
16624,1,2026-06-12,5
16625,1,2026-06-12,2
16626,1,2026-06-12,5
16627,1,2026-06-12,4
16628,1,2026-06-12,8
16629,1,2026-06-12,7
16630,1,2026-06-12,6
16631,1,2026-06-12,3
16632,1,2026-06-12,2
16633,1,2026-06-12,5
16634,1,2026-06-12,5
16635,1,2026-06-12,4
16636,1,2026-06-12,7
16637,1,2026-06-12,7
16638,1,2026-06-12,2
16639,1,2026-06-12,6
16640,1,2026-06-12,2
16641,1,2026-06-12,5
16642,1,2026-06-12,5
16643,1,2026-06-12,4
16644,1,2026-06-12,4
16645,1,2026-06-12,7
16646,1,2026-06-12,6
16647,1,2026-06-12,6
16648,1,2026-06-12,4
16649,1,2026-06-12,3
16650,1,2026-06-12,5
16651,1,2026-06-12,4
16652,1,2026-06-12,8
16653,1,2026-06-12,8
16654,1,2026-06-12,4
16655,1,2026-06-12,5
16656,1,2026-06-12,3
16657,1,2026-06-12,6
16658,1,2026-06-12,7
16659,1,2026-06-12,2
16660,1,2026-06-12,2
16661,1,2026-06-12,8
16662,1,2026-06-12,8
16663,1,2026-06-12,3
16664,1,2026-06-12,3
16665,1,2026-06-12,6
16666,1,2026-06-12,6
16667,1,2026-06-12,3
16668,1,2026-06-12,4
16669,1,2026-06-12,8
16670,1,2026-06-12,4
16671,1,2026-06-12,5
16672,1,2026-06-12,4
16673,1,2026-06-12,2
16674,1,2026-06-12,7
16675,1,2026-06-12,5
16676,1,2026-06-12,5
16677,1,2026-06-12,7
16678,1,2026-06-12,5
16679,1,2026-06-12,7
16680,1,2026-06-12,2
16681,1,2026-06-12,5
16682,1,2026-06-12,8
16683,1,2026-06-12,7
16684,1,2026-06-12,5
16685,1,2026-06-12,8
16686,1,2026-06-12,5
16687,1,2026-06-12,8
16688,1,2026-06-12,2
16689,1,2026-06-12,7
16690,1,2026-06-12,3
16691,1,2026-06-12,5
16692,1,2026-06-12,7
16693,1,2026-06-12,4
16694,1,2026-06-12,8
16695,1,2026-06-12,8
16696,1,2026-06-12,3
16697,1,2026-06-12,8
16698,1,2026-06-12,8
16699,1,2026-06-12,2
16700,1,2026-06-12,7
16701,1,2026-06-12,6
16702,1,2026-06-12,5
16703,1,2026-06-12,7
16704,1,2026-06-12,6
16705,1,2026-06-12,3
16706,1,2026-06-12,3
16707,1,2026-06-12,5
16708,1,2026-06-12,3
16709,1,2026-06-12,5
16710,1,2026-06-12,3
16711,1,2026-06-12,4
16712,1,2026-06-12,6
16713,1,2026-06-12,6
16714,1,2026-06-12,8
16715,1,2026-06-13,3
16716,1,2026-06-13,3
16717,1,2026-06-13,4
16718,1,2026-06-13,4
16719,1,2026-06-13,8
16720,1,2026-06-13,3
16721,1,2026-06-13,8
16722,1,2026-06-13,4
16723,1,2026-06-13,2
16724,1,2026-06-13,5
16725,1,2026-06-13,8
16726,1,2026-06-13,3
16727,1,2026-06-13,5
16728,1,2026-06-13,8
16729,1,2026-06-13,8
16730,1,2026-06-13,4
16731,1,2026-06-13,6
16732,1,2026-06-13,4
16733,1,2026-06-13,5
16734,1,2026-06-13,6
16735,1,2026-06-13,3
16736,1,2026-06-13,3
16737,1,2026-06-13,8
16738,1,2026-06-13,3
16739,1,2026-06-13,7
16740,1,2026-06-13,2
16741,1,2026-06-13,8
16742,1,2026-06-13,8
16743,1,2026-06-13,3
16744,1,2026-06-13,4
16745,1,2026-06-13,2
16746,1,2026-06-13,2
16747,1,2026-06-13,6
16748,1,2026-06-13,4
16749,1,2026-06-13,6
16750,1,2026-06-13,3
16751,1,2026-06-13,2
16752,1,2026-06-13,6
16753,1,2026-06-13,4
16754,1,2026-06-13,8
16755,1,2026-06-13,7
16756,1,2026-06-13,7
16757,1,2026-06-13,7
16758,1,2026-06-13,4
16759,1,2026-06-13,5
16760,1,2026-06-13,7
16761,1,2026-06-13,5
16762,1,2026-06-13,2
16763,1,2026-06-13,5
16764,1,2026-06-13,8
16765,1,2026-06-13,5
16766,1,2026-06-13,5
16767,1,2026-06-13,3
16768,1,2026-06-13,3
16769,1,2026-06-13,2
16770,1,2026-06-13,5
16771,1,2026-06-13,2
16772,1,2026-06-13,5
16773,1,2026-06-13,5
16774,1,2026-06-13,6
16775,1,2026-06-13,7
16776,1,2026-06-13,5
16777,1,2026-06-13,6
16778,1,2026-06-13,4
16779,1,2026-06-13,7
16780,1,2026-06-13,6
16781,1,2026-06-13,6
16782,1,2026-06-13,5
16783,1,2026-06-13,4
16784,1,2026-06-13,7
16785,1,2026-06-13,3
16786,1,2026-06-13,4
16787,1,2026-06-13,6
16788,1,2026-06-13,3
16789,1,2026-06-13,5
16790,1,2026-06-13,4
16791,1,2026-06-13,3
16792,1,2026-06-13,2
16793,1,2026-06-13,2
16794,1,2026-06-13,4
16795,1,2026-06-13,8
16796,1,2026-06-13,4
16797,1,2026-06-13,5
16798,1,2026-06-13,4
16799,1,2026-06-13,6
16800,1,2026-06-13,5
16801,1,2026-06-13,7
16802,1,2026-06-13,6
16803,1,2026-06-13,2
16804,1,2026-06-13,5
16805,1,2026-06-13,4
16806,1,2026-06-13,8
16807,1,2026-06-13,5
16808,1,2026-06-13,5
16809,1,2026-06-13,5
16810,1,2026-06-13,2
16811,1,2026-06-13,8
16812,1,2026-06-13,5
16813,1,2026-06-13,7
16814,1,2026-06-13,2
16815,1,2026-06-13,2
16816,1,2026-06-13,8
16817,1,2026-06-13,4
16818,1,2026-06-13,3
16819,1,2026-06-13,2
16820,1,2026-06-13,5
16821,1,2026-06-13,3
16822,1,2026-06-13,3
16823,1,2026-06-13,5
16824,1,2026-06-13,3
16825,1,2026-06-13,5
16826,1,2026-06-13,4
16827,1,2026-06-13,6
16828,1,2026-06-13,3
16829,1,2026-06-13,5
16830,1,2026-06-13,6
16831,1,2026-06-13,7
16832,1,2026-06-13,2
16833,1,2026-06-13,5
16834,1,2026-06-13,4
16835,1,2026-06-13,3
16836,1,2026-06-14,2
16837,1,2026-06-14,5
16838,1,2026-06-14,4
16839,1,2026-06-14,6
16840,1,2026-06-14,6
16841,1,2026-06-14,4
16842,1,2026-06-14,8
16843,1,2026-06-14,5
16844,1,2026-06-14,6
16845,1,2026-06-14,5
16846,1,2026-06-14,2
16847,1,2026-06-14,4
16848,1,2026-06-14,2
16849,1,2026-06-14,3
16850,1,2026-06-14,5
16851,1,2026-06-14,5
16852,1,2026-06-14,6
16853,1,2026-06-14,8
16854,1,2026-06-14,5
16855,1,2026-06-14,3
16856,1,2026-06-14,8
16857,1,2026-06-14,4
16858,1,2026-06-14,5
16859,1,2026-06-14,7
16860,1,2026-06-14,5
16861,1,2026-06-14,4
16862,1,2026-06-14,6
16863,1,2026-06-14,8
16864,1,2026-06-14,2
16865,1,2026-06-14,4
16866,1,2026-06-14,2
16867,1,2026-06-14,8
16868,1,2026-06-14,5
16869,1,2026-06-14,5
16870,1,2026-06-14,3
16871,1,2026-06-14,3
16872,1,2026-06-14,2
16873,1,2026-06-14,6
16874,1,2026-06-14,5
16875,1,2026-06-14,7
16876,1,2026-06-14,7
16877,1,2026-06-14,8
16878,1,2026-06-14,3
16879,1,2026-06-14,6
16880,1,2026-06-14,7
16881,1,2026-06-14,4
16882,1,2026-06-14,7
16883,1,2026-06-14,4
16884,1,2026-06-14,4
16885,1,2026-06-14,6
16886,1,2026-06-14,5
16887,1,2026-06-14,5
16888,1,2026-06-14,6
16889,1,2026-06-14,7
16890,1,2026-06-14,4
16891,1,2026-06-14,4
16892,1,2026-06-14,8
16893,1,2026-06-14,7
16894,1,2026-06-14,2
16895,1,2026-06-14,2
16896,1,2026-06-14,5
16897,1,2026-06-14,8
16898,1,2026-06-14,2
16899,1,2026-06-14,4
16900,1,2026-06-14,2
16901,1,2026-06-14,7
16902,1,2026-06-14,6
16903,1,2026-06-14,2
16904,1,2026-06-14,8
16905,1,2026-06-14,3
16906,1,2026-06-14,4
16907,1,2026-06-14,6
16908,1,2026-06-14,4
16909,1,2026-06-14,8
16910,1,2026-06-14,5
16911,1,2026-06-14,3
16912,1,2026-06-14,7
16913,1,2026-06-14,3
16914,1,2026-06-14,2
16915,1,2026-06-14,5
16916,1,2026-06-14,4
16917,1,2026-06-14,4
16918,1,2026-06-14,8
16919,1,2026-06-14,7
16920,1,2026-06-14,5
16921,1,2026-06-14,2
16922,1,2026-06-14,5
16923,1,2026-06-14,2
16924,1,2026-06-14,2
16925,1,2026-06-14,4
16926,1,2026-06-14,5
16927,1,2026-06-14,2
16928,1,2026-06-14,2
16929,1,2026-06-14,2
16930,1,2026-06-14,4
16931,1,2026-06-14,2
16932,1,2026-06-14,3
16933,1,2026-06-14,7
16934,1,2026-06-14,4
16935,1,2026-06-14,7
16936,1,2026-06-14,5
16937,1,2026-06-14,2
16938,1,2026-06-14,6
16939,1,2026-06-14,2
16940,1,2026-06-14,4
16941,1,2026-06-14,7
16942,1,2026-06-14,2
16943,1,2026-06-14,3
16944,1,2026-06-14,8
16945,1,2026-06-14,4
16946,1,2026-06-14,8
16947,1,2026-06-15,7
16948,1,2026-06-15,7
16949,1,2026-06-15,7
16950,1,2026-06-15,8
16951,1,2026-06-15,7
16952,1,2026-06-15,3
16953,1,2026-06-15,6
16954,1,2026-06-15,5
16955,1,2026-06-15,4
16956,1,2026-06-15,2
16957,1,2026-06-15,7
16958,1,2026-06-15,3
16959,1,2026-06-15,6
16960,1,2026-06-15,6
16961,1,2026-06-15,5
16962,1,2026-06-15,7
16963,1,2026-06-15,2
16964,1,2026-06-15,5
16965,1,2026-06-15,4
16966,1,2026-06-15,8
16967,1,2026-06-15,8
16968,1,2026-06-15,8
16969,1,2026-06-15,6
16970,1,2026-06-15,6
16971,1,2026-06-15,5
16972,1,2026-06-15,8
16973,1,2026-06-15,6
16974,1,2026-06-15,2
16975,1,2026-06-15,3
16976,1,2026-06-15,8
16977,1,2026-06-15,6
16978,1,2026-06-15,2
16979,1,2026-06-15,2
16980,1,2026-06-15,6
16981,1,2026-06-15,7
16982,1,2026-06-15,5
16983,1,2026-06-15,6
16984,1,2026-06-15,3
16985,1,2026-06-15,3
16986,1,2026-06-15,5
16987,1,2026-06-15,6
16988,1,2026-06-15,4
16989,1,2026-06-15,8
16990,1,2026-06-15,3
16991,1,2026-06-15,2
16992,1,2026-06-15,3
16993,1,2026-06-15,3
16994,1,2026-06-15,3
16995,1,2026-06-15,6
16996,1,2026-06-15,7
16997,1,2026-06-15,6
16998,1,2026-06-15,3
16999,1,2026-06-15,7
17000,1,2026-06-15,5
17001,1,2026-06-15,7
17002,1,2026-06-15,4
17003,1,2026-06-15,5
17004,1,2026-06-15,7
17005,1,2026-06-15,5
17006,1,2026-06-15,2
17007,1,2026-06-15,3
17008,1,2026-06-15,4
17009,1,2026-06-15,3
17010,1,2026-06-15,8
17011,1,2026-06-15,4
17012,1,2026-06-15,7
17013,1,2026-06-15,2
17014,1,2026-06-15,8
17015,1,2026-06-15,8
17016,1,2026-06-15,4
17017,1,2026-06-15,7
17018,1,2026-06-15,3
17019,1,2026-06-15,3
17020,1,2026-06-15,4
17021,1,2026-06-15,5
17022,1,2026-06-15,7
17023,1,2026-06-15,8
17024,1,2026-06-15,4
17025,1,2026-06-15,6
17026,1,2026-06-15,8
17027,1,2026-06-15,7
17028,1,2026-06-15,5
17029,1,2026-06-15,5
17030,1,2026-06-15,6
17031,1,2026-06-15,5
17032,1,2026-06-15,2
17033,1,2026-06-15,7
17034,1,2026-06-15,6
17035,1,2026-06-15,3
17036,1,2026-06-16,5
17037,1,2026-06-16,7
17038,1,2026-06-16,4
17039,1,2026-06-16,4
17040,1,2026-06-16,3
17041,1,2026-06-16,6
17042,1,2026-06-16,2
17043,1,2026-06-16,2
17044,1,2026-06-16,8
17045,1,2026-06-16,8
17046,1,2026-06-16,4
17047,1,2026-06-16,3
17048,1,2026-06-16,5
17049,1,2026-06-16,2
17050,1,2026-06-16,6
17051,1,2026-06-16,6
17052,1,2026-06-16,6
17053,1,2026-06-16,4
17054,1,2026-06-16,2
17055,1,2026-06-16,3
17056,1,2026-06-16,4
17057,1,2026-06-16,4
17058,1,2026-06-16,4
17059,1,2026-06-16,5
17060,1,2026-06-16,5
17061,1,2026-06-16,7
17062,1,2026-06-16,2
17063,1,2026-06-16,7
17064,1,2026-06-16,4
17065,1,2026-06-16,4
17066,1,2026-06-16,5
17067,1,2026-06-16,6
17068,1,2026-06-16,6
17069,1,2026-06-16,3
17070,1,2026-06-16,6
17071,1,2026-06-16,3
17072,1,2026-06-16,4
17073,1,2026-06-16,6
17074,1,2026-06-16,6
17075,1,2026-06-16,7
17076,1,2026-06-16,4
17077,1,2026-06-16,8
17078,1,2026-06-16,7
17079,1,2026-06-16,7
17080,1,2026-06-16,5
17081,1,2026-06-16,2
17082,1,2026-06-16,5
17083,1,2026-06-16,6
17084,1,2026-06-16,4
17085,1,2026-06-16,7
17086,1,2026-06-16,8
17087,1,2026-06-16,8
17088,1,2026-06-16,5
17089,1,2026-06-16,2
17090,1,2026-06-16,8
17091,1,2026-06-16,5
17092,1,2026-06-16,8
17093,1,2026-06-16,2
17094,1,2026-06-16,5
17095,1,2026-06-16,8
17096,1,2026-06-16,5
17097,1,2026-06-16,8
17098,1,2026-06-16,8
17099,1,2026-06-16,3
17100,1,2026-06-16,2
17101,1,2026-06-16,3
17102,1,2026-06-16,8
17103,1,2026-06-16,7
17104,1,2026-06-16,8
17105,1,2026-06-16,4
17106,1,2026-06-16,4
17107,1,2026-06-16,2
17108,1,2026-06-16,5
17109,1,2026-06-16,4
17110,1,2026-06-16,3
17111,1,2026-06-16,2
17112,1,2026-06-16,4
17113,1,2026-06-16,7
17114,1,2026-06-16,5
17115,1,2026-06-16,3
17116,1,2026-06-16,8
17117,1,2026-06-16,5
17118,1,2026-06-16,7
17119,1,2026-06-16,2
17120,1,2026-06-16,4
17121,1,2026-06-16,2
17122,1,2026-06-17,2
17123,1,2026-06-17,2
17124,1,2026-06-17,8
17125,1,2026-06-17,5
17126,1,2026-06-17,7
17127,1,2026-06-17,4
17128,1,2026-06-17,7
17129,1,2026-06-17,5
17130,1,2026-06-17,5
17131,1,2026-06-17,2
17132,1,2026-06-17,2
17133,1,2026-06-17,8
17134,1,2026-06-17,4
17135,1,2026-06-17,8
17136,1,2026-06-17,8
17137,1,2026-06-17,4
17138,1,2026-06-17,6
17139,1,2026-06-17,4
17140,1,2026-06-17,7
17141,1,2026-06-17,6
17142,1,2026-06-17,2
17143,1,2026-06-17,7
17144,1,2026-06-17,5
17145,1,2026-06-17,7
17146,1,2026-06-17,4
17147,1,2026-06-17,6
17148,1,2026-06-17,6
17149,1,2026-06-17,4
17150,1,2026-06-17,4
17151,1,2026-06-17,2
17152,1,2026-06-17,4
17153,1,2026-06-17,5
17154,1,2026-06-17,5
17155,1,2026-06-17,7
17156,1,2026-06-17,6
17157,1,2026-06-17,8
17158,1,2026-06-17,3
17159,1,2026-06-17,5
17160,1,2026-06-17,7
17161,1,2026-06-17,4
17162,1,2026-06-17,4
17163,1,2026-06-17,5
17164,1,2026-06-17,3
17165,1,2026-06-17,7
17166,1,2026-06-17,3
17167,1,2026-06-17,5
17168,1,2026-06-17,7
17169,1,2026-06-17,2
17170,1,2026-06-17,6
17171,1,2026-06-17,5
17172,1,2026-06-17,7
17173,1,2026-06-17,7
17174,1,2026-06-17,7
17175,1,2026-06-17,2
17176,1,2026-06-17,7
17177,1,2026-06-17,8
17178,1,2026-06-17,4
17179,1,2026-06-17,2
17180,1,2026-06-17,6
17181,1,2026-06-17,7
17182,1,2026-06-17,3
17183,1,2026-06-17,5
17184,1,2026-06-17,7
17185,1,2026-06-17,8
17186,1,2026-06-17,2
17187,1,2026-06-17,5
17188,1,2026-06-17,5
17189,1,2026-06-17,4
17190,1,2026-06-17,5
17191,1,2026-06-17,6
17192,1,2026-06-17,7
17193,1,2026-06-17,6
17194,1,2026-06-17,8
17195,1,2026-06-17,3
17196,1,2026-06-17,5
17197,1,2026-06-17,8
17198,1,2026-06-17,2
17199,1,2026-06-17,6
17200,1,2026-06-17,7
17201,1,2026-06-17,8
17202,1,2026-06-17,4
17203,1,2026-06-17,4
17204,1,2026-06-17,2
17205,1,2026-06-17,6
17206,1,2026-06-17,8
17207,1,2026-06-17,8
17208,1,2026-06-17,3
17209,1,2026-06-17,5
17210,1,2026-06-17,6
17211,1,2026-06-17,2
17212,1,2026-06-17,7
17213,1,2026-06-17,5
17214,1,2026-06-17,6
17215,1,2026-06-17,6
17216,1,2026-06-17,5
17217,1,2026-06-17,2
17218,1,2026-06-17,6
17219,1,2026-06-17,7
17220,1,2026-06-17,2
17221,1,2026-06-17,4
17222,1,2026-06-17,8
17223,1,2026-06-17,3
17224,1,2026-06-17,8
17225,1,2026-06-18,3
17226,1,2026-06-18,6
17227,1,2026-06-18,6
17228,1,2026-06-18,7
17229,1,2026-06-18,8
17230,1,2026-06-18,4
17231,1,2026-06-18,5
17232,1,2026-06-18,4
17233,1,2026-06-18,3
17234,1,2026-06-18,6
17235,1,2026-06-18,5
17236,1,2026-06-18,4
17237,1,2026-06-18,2
17238,1,2026-06-18,4
17239,1,2026-06-18,3
17240,1,2026-06-18,4
17241,1,2026-06-18,5
17242,1,2026-06-18,3
17243,1,2026-06-18,4
17244,1,2026-06-18,2
17245,1,2026-06-18,4
17246,1,2026-06-18,2
17247,1,2026-06-18,2
17248,1,2026-06-18,7
17249,1,2026-06-18,5
17250,1,2026-06-18,2
17251,1,2026-06-18,8
17252,1,2026-06-18,5
17253,1,2026-06-18,3
17254,1,2026-06-18,7
17255,1,2026-06-18,5
17256,1,2026-06-18,7
17257,1,2026-06-18,8
17258,1,2026-06-18,5
17259,1,2026-06-18,5
17260,1,2026-06-18,5
17261,1,2026-06-18,6
17262,1,2026-06-18,8
17263,1,2026-06-18,7
17264,1,2026-06-18,7
17265,1,2026-06-18,3
17266,1,2026-06-18,6
17267,1,2026-06-18,6
17268,1,2026-06-18,6
17269,1,2026-06-18,4
17270,1,2026-06-18,4
17271,1,2026-06-18,6
17272,1,2026-06-18,7
17273,1,2026-06-18,8
17274,1,2026-06-18,7
17275,1,2026-06-18,8
17276,1,2026-06-18,2
17277,1,2026-06-18,6
17278,1,2026-06-18,3
17279,1,2026-06-18,8
17280,1,2026-06-18,2
17281,1,2026-06-18,4
17282,1,2026-06-18,7
17283,1,2026-06-18,6
17284,1,2026-06-18,3
17285,1,2026-06-18,8
17286,1,2026-06-18,8
17287,1,2026-06-18,5
17288,1,2026-06-18,8
17289,1,2026-06-18,3
17290,1,2026-06-18,7
17291,1,2026-06-18,4
17292,1,2026-06-18,6
17293,1,2026-06-18,7
17294,1,2026-06-18,2
17295,1,2026-06-18,2
17296,1,2026-06-18,7
17297,1,2026-06-18,8
17298,1,2026-06-18,8
17299,1,2026-06-18,6
17300,1,2026-06-18,6
17301,1,2026-06-18,6
17302,1,2026-06-18,7
17303,1,2026-06-18,2
17304,1,2026-06-18,8
17305,1,2026-06-18,6
17306,1,2026-06-18,3
17307,1,2026-06-18,5
17308,1,2026-06-18,4
17309,1,2026-06-18,6
17310,1,2026-06-18,6
17311,1,2026-06-18,8
17312,1,2026-06-18,6
17313,1,2026-06-18,4
17314,1,2026-06-18,7
17315,1,2026-06-18,8
17316,1,2026-06-18,2
17317,1,2026-06-18,8
17318,1,2026-06-18,6
17319,1,2026-06-19,7
17320,1,2026-06-19,4
17321,1,2026-06-19,4
17322,1,2026-06-19,6
17323,1,2026-06-19,6
17324,1,2026-06-19,2
17325,1,2026-06-19,8
17326,1,2026-06-19,2
17327,1,2026-06-19,4
17328,1,2026-06-19,8
17329,1,2026-06-19,3
17330,1,2026-06-19,5
17331,1,2026-06-19,3
17332,1,2026-06-19,7
17333,1,2026-06-19,2
17334,1,2026-06-19,7
17335,1,2026-06-19,3
17336,1,2026-06-19,4
17337,1,2026-06-19,4
17338,1,2026-06-19,3
17339,1,2026-06-19,3
17340,1,2026-06-19,8
17341,1,2026-06-19,6
17342,1,2026-06-19,8
17343,1,2026-06-19,8
17344,1,2026-06-19,6
17345,1,2026-06-19,6
17346,1,2026-06-19,4
17347,1,2026-06-19,6
17348,1,2026-06-19,4
17349,1,2026-06-19,8
17350,1,2026-06-19,7
17351,1,2026-06-19,6
17352,1,2026-06-19,7
17353,1,2026-06-19,5
17354,1,2026-06-19,2
17355,1,2026-06-19,3
17356,1,2026-06-19,4
17357,1,2026-06-19,5
17358,1,2026-06-19,2
17359,1,2026-06-19,2
17360,1,2026-06-19,7
17361,1,2026-06-19,3
17362,1,2026-06-19,2
17363,1,2026-06-19,2
17364,1,2026-06-19,5
17365,1,2026-06-19,6
17366,1,2026-06-19,4
17367,1,2026-06-19,4
17368,1,2026-06-19,3
17369,1,2026-06-19,8
17370,1,2026-06-19,5
17371,1,2026-06-19,4
17372,1,2026-06-19,5
17373,1,2026-06-19,8
17374,1,2026-06-19,5
17375,1,2026-06-19,5
17376,1,2026-06-19,6
17377,1,2026-06-19,3
17378,1,2026-06-19,2
17379,1,2026-06-19,6
17380,1,2026-06-19,4
17381,1,2026-06-19,3
17382,1,2026-06-19,3
17383,1,2026-06-19,2
17384,1,2026-06-19,5
17385,1,2026-06-19,5
17386,1,2026-06-19,5
17387,1,2026-06-19,5
17388,1,2026-06-19,7
17389,1,2026-06-19,6
17390,1,2026-06-19,3
17391,1,2026-06-19,2
17392,1,2026-06-19,5
17393,1,2026-06-19,7
17394,1,2026-06-19,8
17395,1,2026-06-19,5
17396,1,2026-06-19,8
17397,1,2026-06-19,5
17398,1,2026-06-19,2
17399,1,2026-06-19,8
17400,1,2026-06-19,7
17401,1,2026-06-19,3
17402,1,2026-06-19,8
17403,1,2026-06-19,8
17404,1,2026-06-19,4
17405,1,2026-06-19,5
17406,1,2026-06-19,8
17407,1,2026-06-19,8
17408,1,2026-06-19,8
17409,1,2026-06-19,7
17410,1,2026-06-19,7
17411,1,2026-06-19,5
17412,1,2026-06-19,7
17413,1,2026-06-19,7
17414,1,2026-06-19,7
17415,1,2026-06-19,2
17416,1,2026-06-19,7
17417,1,2026-06-19,7
17418,1,2026-06-19,6
17419,1,2026-06-19,5
17420,1,2026-06-19,4
17421,1,2026-06-19,6
17422,1,2026-06-19,6
17423,1,2026-06-19,5
17424,1,2026-06-19,2
17425,1,2026-06-19,4
17426,1,2026-06-19,5
17427,1,2026-06-19,5
17428,1,2026-06-19,5
17429,1,2026-06-19,7
17430,1,2026-06-19,4
17431,1,2026-06-19,6
17432,1,2026-06-19,3
17433,1,2026-06-19,3
17434,1,2026-06-19,7
17435,1,2026-06-19,3
17436,1,2026-06-19,2
17437,1,2026-06-19,4
17438,1,2026-06-19,3
17439,1,2026-06-19,5
17440,1,2026-06-19,6
17441,1,2026-06-19,4
17442,1,2026-06-19,2
17443,1,2026-06-19,5
17444,1,2026-06-19,5
17445,1,2026-06-19,3
17446,1,2026-06-19,7
17447,1,2026-06-19,8
17448,1,2026-06-19,5
17449,1,2026-06-20,3
17450,1,2026-06-20,5
17451,1,2026-06-20,5
17452,1,2026-06-20,8
17453,1,2026-06-20,3
17454,1,2026-06-20,2
17455,1,2026-06-20,6
17456,1,2026-06-20,3
17457,1,2026-06-20,2
17458,1,2026-06-20,5
17459,1,2026-06-20,7
17460,1,2026-06-20,6
17461,1,2026-06-20,6
17462,1,2026-06-20,3
17463,1,2026-06-20,3
17464,1,2026-06-20,5
17465,1,2026-06-20,2
17466,1,2026-06-20,8
17467,1,2026-06-20,8
17468,1,2026-06-20,6
17469,1,2026-06-20,4
17470,1,2026-06-20,3
17471,1,2026-06-20,2
17472,1,2026-06-20,5
17473,1,2026-06-20,5
17474,1,2026-06-20,3
17475,1,2026-06-20,3
17476,1,2026-06-20,6
17477,1,2026-06-20,5
17478,1,2026-06-20,4
17479,1,2026-06-20,8
17480,1,2026-06-20,7
17481,1,2026-06-20,6
17482,1,2026-06-20,8
17483,1,2026-06-20,3
17484,1,2026-06-20,8
17485,1,2026-06-20,7
17486,1,2026-06-20,5
17487,1,2026-06-20,3
17488,1,2026-06-20,8
17489,1,2026-06-20,3
17490,1,2026-06-20,5
17491,1,2026-06-20,5
17492,1,2026-06-20,3
17493,1,2026-06-20,3
17494,1,2026-06-20,3
17495,1,2026-06-20,6
17496,1,2026-06-20,2
17497,1,2026-06-20,7
17498,1,2026-06-20,3
17499,1,2026-06-20,6
17500,1,2026-06-20,5
17501,1,2026-06-20,4
17502,1,2026-06-20,8
17503,1,2026-06-20,6
17504,1,2026-06-20,5
17505,1,2026-06-20,3
17506,1,2026-06-20,2
17507,1,2026-06-20,7
17508,1,2026-06-20,7
17509,1,2026-06-20,6
17510,1,2026-06-20,5
17511,1,2026-06-20,5
17512,1,2026-06-20,4
17513,1,2026-06-20,6
17514,1,2026-06-20,8
17515,1,2026-06-20,3
17516,1,2026-06-20,3
17517,1,2026-06-20,5
17518,1,2026-06-20,7
17519,1,2026-06-20,8
17520,1,2026-06-20,8
17521,1,2026-06-20,6
17522,1,2026-06-20,5
17523,1,2026-06-20,6
17524,1,2026-06-20,8
17525,1,2026-06-20,4
17526,1,2026-06-20,3
17527,1,2026-06-20,3
17528,1,2026-06-20,7
17529,1,2026-06-20,6
17530,1,2026-06-20,5
17531,1,2026-06-20,7
17532,1,2026-06-20,7
17533,1,2026-06-20,7
17534,1,2026-06-20,8
17535,1,2026-06-20,4
17536,1,2026-06-20,4
17537,1,2026-06-20,2
17538,1,2026-06-20,4
17539,1,2026-06-20,7
17540,1,2026-06-20,4
17541,1,2026-06-20,5
17542,1,2026-06-20,4
17543,1,2026-06-20,2
17544,1,2026-06-20,3
17545,1,2026-06-20,3
17546,1,2026-06-20,2
17547,1,2026-06-20,7
17548,1,2026-06-20,8
17549,1,2026-06-20,7
17550,1,2026-06-20,8
17551,1,2026-06-20,7
17552,1,2026-06-20,7
17553,1,2026-06-20,6
17554,1,2026-06-20,7
17555,1,2026-06-20,6
17556,1,2026-06-20,2
17557,1,2026-06-20,8
17558,1,2026-06-20,7
17559,1,2026-06-20,4
17560,1,2026-06-20,2
17561,1,2026-06-20,2
17562,1,2026-06-20,6
17563,1,2026-06-20,7
17564,1,2026-06-20,6
17565,1,2026-06-20,4
17566,1,2026-06-20,4
17567,1,2026-06-20,3
17568,1,2026-06-20,8
17569,1,2026-06-20,2
17570,1,2026-06-20,5
17571,1,2026-06-20,7
17572,1,2026-06-20,8
17573,1,2026-06-20,2
17574,1,2026-06-20,5
17575,1,2026-06-21,8
17576,1,2026-06-21,2
17577,1,2026-06-21,5
17578,1,2026-06-21,2
17579,1,2026-06-21,8
17580,1,2026-06-21,2
17581,1,2026-06-21,6
17582,1,2026-06-21,5
17583,1,2026-06-21,7
17584,1,2026-06-21,2
17585,1,2026-06-21,5
17586,1,2026-06-21,7
17587,1,2026-06-21,3
17588,1,2026-06-21,3
17589,1,2026-06-21,7
17590,1,2026-06-21,7
17591,1,2026-06-21,7
17592,1,2026-06-21,3
17593,1,2026-06-21,2
17594,1,2026-06-21,3
17595,1,2026-06-21,3
17596,1,2026-06-21,5
17597,1,2026-06-21,2
17598,1,2026-06-21,5
17599,1,2026-06-21,8
17600,1,2026-06-21,5
17601,1,2026-06-21,2
17602,1,2026-06-21,8
17603,1,2026-06-21,6
17604,1,2026-06-21,5
17605,1,2026-06-21,7
17606,1,2026-06-21,2
17607,1,2026-06-21,3
17608,1,2026-06-21,8
17609,1,2026-06-21,2
17610,1,2026-06-21,8
17611,1,2026-06-21,3
17612,1,2026-06-21,8
17613,1,2026-06-21,6
17614,1,2026-06-21,7
17615,1,2026-06-21,7
17616,1,2026-06-21,3
17617,1,2026-06-21,5
17618,1,2026-06-21,5
17619,1,2026-06-21,4
17620,1,2026-06-21,3
17621,1,2026-06-21,8
17622,1,2026-06-21,3
17623,1,2026-06-21,2
17624,1,2026-06-21,2
17625,1,2026-06-21,2
17626,1,2026-06-21,3
17627,1,2026-06-21,4
17628,1,2026-06-21,8
17629,1,2026-06-21,6
17630,1,2026-06-21,3
17631,1,2026-06-21,8
17632,1,2026-06-21,4
17633,1,2026-06-21,7
17634,1,2026-06-21,7
17635,1,2026-06-21,3
17636,1,2026-06-21,4
17637,1,2026-06-21,7
17638,1,2026-06-21,2
17639,1,2026-06-21,3
17640,1,2026-06-21,6
17641,1,2026-06-21,5
17642,1,2026-06-21,7
17643,1,2026-06-21,2
17644,1,2026-06-21,7
17645,1,2026-06-21,2
17646,1,2026-06-21,4
17647,1,2026-06-21,2
17648,1,2026-06-21,3
17649,1,2026-06-21,7
17650,1,2026-06-21,7
17651,1,2026-06-21,4
17652,1,2026-06-21,8
17653,1,2026-06-21,3
17654,1,2026-06-21,5
17655,1,2026-06-21,5
17656,1,2026-06-21,2
17657,1,2026-06-21,7
17658,1,2026-06-21,8
17659,1,2026-06-21,4
17660,1,2026-06-21,7
17661,1,2026-06-21,5
17662,1,2026-06-21,2
17663,1,2026-06-21,3
17664,1,2026-06-21,4
17665,1,2026-06-21,6
17666,1,2026-06-21,6
17667,1,2026-06-21,8
17668,1,2026-06-21,4
17669,1,2026-06-21,7
17670,1,2026-06-21,8
17671,1,2026-06-21,5
17672,1,2026-06-21,3
17673,1,2026-06-21,7
17674,1,2026-06-21,5
17675,1,2026-06-21,2
17676,1,2026-06-21,4
17677,1,2026-06-21,7
17678,1,2026-06-21,6
17679,1,2026-06-21,4
17680,1,2026-06-21,7
17681,1,2026-06-21,4
17682,1,2026-06-21,5
17683,1,2026-06-21,2
17684,1,2026-06-21,3
17685,1,2026-06-21,8
17686,1,2026-06-21,8
17687,1,2026-06-21,5
17688,1,2026-06-21,4
17689,1,2026-06-21,3
17690,1,2026-06-21,6
17691,1,2026-06-21,4
17692,1,2026-06-21,7
17693,1,2026-06-21,2
17694,1,2026-06-21,7
17695,1,2026-06-21,8
17696,1,2026-06-21,5
17697,1,2026-06-21,3
17698,1,2026-06-21,7
17699,1,2026-06-22,8
17700,1,2026-06-22,6
17701,1,2026-06-22,2
17702,1,2026-06-22,4
17703,1,2026-06-22,5
17704,1,2026-06-22,8
17705,1,2026-06-22,6
17706,1,2026-06-22,7
17707,1,2026-06-22,8
17708,1,2026-06-22,2
17709,1,2026-06-22,6
17710,1,2026-06-22,7
17711,1,2026-06-22,8
17712,1,2026-06-22,7
17713,1,2026-06-22,4
17714,1,2026-06-22,3
17715,1,2026-06-22,5
17716,1,2026-06-22,2
17717,1,2026-06-22,8
17718,1,2026-06-22,4
17719,1,2026-06-22,2
17720,1,2026-06-22,2
17721,1,2026-06-22,5
17722,1,2026-06-22,3
17723,1,2026-06-22,7
17724,1,2026-06-22,4
17725,1,2026-06-22,4
17726,1,2026-06-22,4
17727,1,2026-06-22,6
17728,1,2026-06-22,4
17729,1,2026-06-22,6
17730,1,2026-06-22,8
17731,1,2026-06-22,6
17732,1,2026-06-22,4
17733,1,2026-06-22,4
17734,1,2026-06-22,5
17735,1,2026-06-22,5
17736,1,2026-06-22,4
17737,1,2026-06-22,3
17738,1,2026-06-22,8
17739,1,2026-06-22,4
17740,1,2026-06-22,3
17741,1,2026-06-22,7
17742,1,2026-06-22,6
17743,1,2026-06-22,7
17744,1,2026-06-22,3
17745,1,2026-06-22,5
17746,1,2026-06-22,5
17747,1,2026-06-22,2
17748,1,2026-06-22,7
17749,1,2026-06-22,6
17750,1,2026-06-22,3
17751,1,2026-06-22,8
17752,1,2026-06-22,6
17753,1,2026-06-22,5
17754,1,2026-06-22,5
17755,1,2026-06-22,7
17756,1,2026-06-22,6
17757,1,2026-06-22,8
17758,1,2026-06-22,4
17759,1,2026-06-22,3
17760,1,2026-06-22,6
17761,1,2026-06-22,3
17762,1,2026-06-22,4
17763,1,2026-06-22,8
17764,1,2026-06-22,3
17765,1,2026-06-22,5
17766,1,2026-06-22,5
17767,1,2026-06-22,5
17768,1,2026-06-22,7
17769,1,2026-06-22,4
17770,1,2026-06-22,7
17771,1,2026-06-22,4
17772,1,2026-06-22,2
17773,1,2026-06-22,7
17774,1,2026-06-22,5
17775,1,2026-06-22,6
17776,1,2026-06-22,4
17777,1,2026-06-22,4
17778,1,2026-06-23,4
17779,1,2026-06-23,6
17780,1,2026-06-23,6
17781,1,2026-06-23,3
17782,1,2026-06-23,6
17783,1,2026-06-23,3
17784,1,2026-06-23,3
17785,1,2026-06-23,2
17786,1,2026-06-23,6
17787,1,2026-06-23,7
17788,1,2026-06-23,5
17789,1,2026-06-23,7
17790,1,2026-06-23,6
17791,1,2026-06-23,8
17792,1,2026-06-23,6
17793,1,2026-06-23,3
17794,1,2026-06-23,3
17795,1,2026-06-23,2
17796,1,2026-06-23,8
17797,1,2026-06-23,6
17798,1,2026-06-23,2
17799,1,2026-06-23,6
17800,1,2026-06-23,2
17801,1,2026-06-23,7
17802,1,2026-06-23,8
17803,1,2026-06-23,4
17804,1,2026-06-23,6
17805,1,2026-06-23,3
17806,1,2026-06-23,8
17807,1,2026-06-23,6
17808,1,2026-06-23,7
17809,1,2026-06-23,8
17810,1,2026-06-23,5
17811,1,2026-06-23,6
17812,1,2026-06-23,2
17813,1,2026-06-23,7
17814,1,2026-06-23,7
17815,1,2026-06-23,4
17816,1,2026-06-23,6
17817,1,2026-06-23,2
17818,1,2026-06-23,3
17819,1,2026-06-23,2
17820,1,2026-06-23,3
17821,1,2026-06-23,4
17822,1,2026-06-23,8
17823,1,2026-06-23,4
17824,1,2026-06-23,3
17825,1,2026-06-23,3
17826,1,2026-06-23,2
17827,1,2026-06-23,6
17828,1,2026-06-23,6
17829,1,2026-06-23,7
17830,1,2026-06-23,3
17831,1,2026-06-23,2
17832,1,2026-06-23,8
17833,1,2026-06-23,7
17834,1,2026-06-23,2
17835,1,2026-06-23,6
17836,1,2026-06-23,5
17837,1,2026-06-23,5
17838,1,2026-06-23,4
17839,1,2026-06-23,4
17840,1,2026-06-23,5
17841,1,2026-06-23,4
17842,1,2026-06-23,7
17843,1,2026-06-23,3
17844,1,2026-06-23,5
17845,1,2026-06-23,8
17846,1,2026-06-23,5
17847,1,2026-06-23,4
17848,1,2026-06-23,5
17849,1,2026-06-23,5
17850,1,2026-06-23,6
17851,1,2026-06-23,3
17852,1,2026-06-23,7
17853,1,2026-06-23,7
17854,1,2026-06-23,7
17855,1,2026-06-23,8
17856,1,2026-06-23,4
17857,1,2026-06-23,8
17858,1,2026-06-23,6
17859,1,2026-06-23,6
17860,1,2026-06-23,5
17861,1,2026-06-23,8
17862,1,2026-06-23,2
17863,1,2026-06-23,5
17864,1,2026-06-23,2
17865,1,2026-06-23,6
17866,1,2026-06-23,2
17867,1,2026-06-23,8
17868,1,2026-06-24,3
17869,1,2026-06-24,6
17870,1,2026-06-24,7
17871,1,2026-06-24,3
17872,1,2026-06-24,7
17873,1,2026-06-24,7
17874,1,2026-06-24,2
17875,1,2026-06-24,3
17876,1,2026-06-24,2
17877,1,2026-06-24,5
17878,1,2026-06-24,4
17879,1,2026-06-24,2
17880,1,2026-06-24,8
17881,1,2026-06-24,3
17882,1,2026-06-24,5
17883,1,2026-06-24,5
17884,1,2026-06-24,6
17885,1,2026-06-24,5
17886,1,2026-06-24,4
17887,1,2026-06-24,2
17888,1,2026-06-24,3
17889,1,2026-06-24,2
17890,1,2026-06-24,5
17891,1,2026-06-24,2
17892,1,2026-06-24,2
17893,1,2026-06-24,3
17894,1,2026-06-24,5
17895,1,2026-06-24,6
17896,1,2026-06-24,2
17897,1,2026-06-24,5
17898,1,2026-06-24,7
17899,1,2026-06-24,7
17900,1,2026-06-24,2
17901,1,2026-06-24,7
17902,1,2026-06-24,8
17903,1,2026-06-24,3
17904,1,2026-06-24,8
17905,1,2026-06-24,6
17906,1,2026-06-24,2
17907,1,2026-06-24,8
17908,1,2026-06-24,5
17909,1,2026-06-24,7
17910,1,2026-06-24,2
17911,1,2026-06-24,6
17912,1,2026-06-24,6
17913,1,2026-06-24,3
17914,1,2026-06-24,4
17915,1,2026-06-24,3
17916,1,2026-06-24,5
17917,1,2026-06-24,6
17918,1,2026-06-24,5
17919,1,2026-06-24,2
17920,1,2026-06-24,2
17921,1,2026-06-24,2
17922,1,2026-06-24,6
17923,1,2026-06-24,3
17924,1,2026-06-24,3
17925,1,2026-06-24,3
17926,1,2026-06-24,7
17927,1,2026-06-24,5
17928,1,2026-06-24,8
17929,1,2026-06-24,3
17930,1,2026-06-24,2
17931,1,2026-06-24,2
17932,1,2026-06-24,8
17933,1,2026-06-24,7
17934,1,2026-06-24,2
17935,1,2026-06-24,7
17936,1,2026-06-24,5
17937,1,2026-06-24,5
17938,1,2026-06-24,6
17939,1,2026-06-24,4
17940,1,2026-06-24,5
17941,1,2026-06-24,2
17942,1,2026-06-24,2
17943,1,2026-06-24,3
17944,1,2026-06-24,7
17945,1,2026-06-24,5
17946,1,2026-06-24,7
17947,1,2026-06-24,5
17948,1,2026-06-24,3
17949,1,2026-06-24,8
17950,1,2026-06-24,2
17951,1,2026-06-24,6
17952,1,2026-06-24,7
17953,1,2026-06-24,7
17954,1,2026-06-24,4
17955,1,2026-06-24,4
17956,1,2026-06-24,4
17957,1,2026-06-24,3
17958,1,2026-06-24,4
17959,1,2026-06-24,2
17960,1,2026-06-24,5
17961,1,2026-06-24,4
17962,1,2026-06-24,6
17963,1,2026-06-24,2
17964,1,2026-06-24,4
17965,1,2026-06-24,4
17966,1,2026-06-24,3
17967,1,2026-06-24,8
17968,1,2026-06-24,5
17969,1,2026-06-24,3
17970,1,2026-06-24,5
17971,1,2026-06-24,2
17972,1,2026-06-25,6
17973,1,2026-06-25,6
17974,1,2026-06-25,7
17975,1,2026-06-25,7
17976,1,2026-06-25,2
17977,1,2026-06-25,5
17978,1,2026-06-25,5
17979,1,2026-06-25,5
17980,1,2026-06-25,6
17981,1,2026-06-25,7
17982,1,2026-06-25,2
17983,1,2026-06-25,6
17984,1,2026-06-25,8
17985,1,2026-06-25,7
17986,1,2026-06-25,4
17987,1,2026-06-25,3
17988,1,2026-06-25,4
17989,1,2026-06-25,5
17990,1,2026-06-25,4
17991,1,2026-06-25,7
17992,1,2026-06-25,3
17993,1,2026-06-25,4
17994,1,2026-06-25,5
17995,1,2026-06-25,7
17996,1,2026-06-25,3
17997,1,2026-06-25,5
17998,1,2026-06-25,5
17999,1,2026-06-25,3
18000,1,2026-06-25,2
18001,1,2026-06-25,3
18002,1,2026-06-25,4
18003,1,2026-06-25,2
18004,1,2026-06-25,4
18005,1,2026-06-25,8
18006,1,2026-06-25,8
18007,1,2026-06-25,4
18008,1,2026-06-25,8
18009,1,2026-06-25,6
18010,1,2026-06-25,5
18011,1,2026-06-25,2
18012,1,2026-06-25,3
18013,1,2026-06-25,3
18014,1,2026-06-25,8
18015,1,2026-06-25,2
18016,1,2026-06-25,3
18017,1,2026-06-25,8
18018,1,2026-06-25,8
18019,1,2026-06-25,5
18020,1,2026-06-25,7
18021,1,2026-06-25,3
18022,1,2026-06-25,7
18023,1,2026-06-25,8
18024,1,2026-06-25,3
18025,1,2026-06-25,2
18026,1,2026-06-25,3
18027,1,2026-06-25,2
18028,1,2026-06-25,3
18029,1,2026-06-25,2
18030,1,2026-06-25,4
18031,1,2026-06-25,7
18032,1,2026-06-25,8
18033,1,2026-06-25,4
18034,1,2026-06-25,5
18035,1,2026-06-25,3
18036,1,2026-06-25,7
18037,1,2026-06-25,7
18038,1,2026-06-25,7
18039,1,2026-06-25,7
18040,1,2026-06-25,2
18041,1,2026-06-25,2
18042,1,2026-06-25,5
18043,1,2026-06-25,7
18044,1,2026-06-25,4
18045,1,2026-06-25,5
18046,1,2026-06-25,7
18047,1,2026-06-25,4
18048,1,2026-06-25,6
18049,1,2026-06-25,5
18050,1,2026-06-25,6
18051,1,2026-06-25,8
18052,1,2026-06-25,6
18053,1,2026-06-25,6
18054,1,2026-06-25,7
18055,1,2026-06-25,3
18056,1,2026-06-25,3
18057,1,2026-06-25,5
18058,1,2026-06-25,6
18059,1,2026-06-25,2
18060,1,2026-06-25,2
18061,1,2026-06-25,7
18062,1,2026-06-25,6
18063,1,2026-06-25,3
18064,1,2026-06-25,3
18065,1,2026-06-25,6
18066,1,2026-06-25,2
18067,1,2026-06-25,3
18068,1,2026-06-25,4
18069,1,2026-06-25,8
18070,1,2026-06-25,5
18071,1,2026-06-25,6
18072,1,2026-06-25,5
18073,1,2026-06-25,2
18074,1,2026-06-25,7
18075,1,2026-06-25,3
18076,1,2026-06-25,2
18077,1,2026-06-26,4
18078,1,2026-06-26,2
18079,1,2026-06-26,5
18080,1,2026-06-26,8
18081,1,2026-06-26,7
18082,1,2026-06-26,5
18083,1,2026-06-26,3
18084,1,2026-06-26,7
18085,1,2026-06-26,2
18086,1,2026-06-26,6
18087,1,2026-06-26,6
18088,1,2026-06-26,7
18089,1,2026-06-26,8
18090,1,2026-06-26,7
18091,1,2026-06-26,4
18092,1,2026-06-26,6
18093,1,2026-06-26,3
18094,1,2026-06-26,8
18095,1,2026-06-26,4
18096,1,2026-06-26,4
18097,1,2026-06-26,5
18098,1,2026-06-26,8
18099,1,2026-06-26,5
18100,1,2026-06-26,2
18101,1,2026-06-26,4
18102,1,2026-06-26,3
18103,1,2026-06-26,6
18104,1,2026-06-26,4
18105,1,2026-06-26,3
18106,1,2026-06-26,3
18107,1,2026-06-26,7
18108,1,2026-06-26,3
18109,1,2026-06-26,6
18110,1,2026-06-26,6
18111,1,2026-06-26,8
18112,1,2026-06-26,4
18113,1,2026-06-26,8
18114,1,2026-06-26,4
18115,1,2026-06-26,2
18116,1,2026-06-26,3
18117,1,2026-06-26,2
18118,1,2026-06-26,3
18119,1,2026-06-26,6
18120,1,2026-06-26,8
18121,1,2026-06-26,3
18122,1,2026-06-26,3
18123,1,2026-06-26,2
18124,1,2026-06-26,7
18125,1,2026-06-26,2
18126,1,2026-06-26,4
18127,1,2026-06-26,7
18128,1,2026-06-26,4
18129,1,2026-06-26,3
18130,1,2026-06-26,3
18131,1,2026-06-26,8
18132,1,2026-06-26,7
18133,1,2026-06-26,8
18134,1,2026-06-26,2
18135,1,2026-06-26,2
18136,1,2026-06-26,6
18137,1,2026-06-26,7
18138,1,2026-06-26,4
18139,1,2026-06-26,5
18140,1,2026-06-26,7
18141,1,2026-06-26,8
18142,1,2026-06-26,6
18143,1,2026-06-26,2
18144,1,2026-06-26,3
18145,1,2026-06-26,5
18146,1,2026-06-26,2
18147,1,2026-06-26,7
18148,1,2026-06-26,2
18149,1,2026-06-26,5
18150,1,2026-06-26,2
18151,1,2026-06-26,5
18152,1,2026-06-26,3
18153,1,2026-06-26,4
18154,1,2026-06-26,4
18155,1,2026-06-26,4
18156,1,2026-06-26,4
18157,1,2026-06-26,6
18158,1,2026-06-26,3
18159,1,2026-06-26,5
18160,1,2026-06-26,3
18161,1,2026-06-26,7
18162,1,2026-06-26,6
18163,1,2026-06-26,2
18164,1,2026-06-26,2
18165,1,2026-06-26,7
18166,1,2026-06-26,3
18167,1,2026-06-26,8
18168,1,2026-06-26,5
18169,1,2026-06-26,3
18170,1,2026-06-26,5
18171,1,2026-06-26,2
18172,1,2026-06-26,4
18173,1,2026-06-26,6
18174,1,2026-06-26,2
18175,1,2026-06-26,8
18176,1,2026-06-26,3
18177,1,2026-06-26,3
18178,1,2026-06-26,5
18179,1,2026-06-26,3
18180,1,2026-06-26,3
18181,1,2026-06-26,2
18182,1,2026-06-26,5
18183,1,2026-06-26,2
18184,1,2026-06-26,4
18185,1,2026-06-26,4
18186,1,2026-06-26,4
18187,1,2026-06-26,2
18188,1,2026-06-26,6
18189,1,2026-06-26,4
18190,1,2026-06-26,8
18191,1,2026-06-26,7
18192,1,2026-06-26,3
18193,1,2026-06-26,8
18194,1,2026-06-26,4
18195,1,2026-06-26,3
18196,1,2026-06-26,2
18197,1,2026-06-26,3
18198,1,2026-06-26,6
18199,1,2026-06-26,3
18200,1,2026-06-26,6
18201,1,2026-06-26,3
18202,1,2026-06-26,4
18203,1,2026-06-26,4
18204,1,2026-06-26,7
18205,1,2026-06-26,6
18206,1,2026-06-26,5
18207,1,2026-06-26,6
18208,1,2026-06-26,4
18209,1,2026-06-26,3
18210,1,2026-06-26,5
18211,1,2026-06-27,4
18212,1,2026-06-27,8
18213,1,2026-06-27,3
18214,1,2026-06-27,3
18215,1,2026-06-27,8
18216,1,2026-06-27,3
18217,1,2026-06-27,6
18218,1,2026-06-27,8
18219,1,2026-06-27,7
18220,1,2026-06-27,2
18221,1,2026-06-27,4
18222,1,2026-06-27,6
18223,1,2026-06-27,8
18224,1,2026-06-27,7
18225,1,2026-06-27,7
18226,1,2026-06-27,4
18227,1,2026-06-27,2
18228,1,2026-06-27,8
18229,1,2026-06-27,7
18230,1,2026-06-27,5
18231,1,2026-06-27,5
18232,1,2026-06-27,8
18233,1,2026-06-27,2
18234,1,2026-06-27,7
18235,1,2026-06-27,4
18236,1,2026-06-27,6
18237,1,2026-06-27,4
18238,1,2026-06-27,4
18239,1,2026-06-27,6
18240,1,2026-06-27,5
18241,1,2026-06-27,6
18242,1,2026-06-27,6
18243,1,2026-06-27,7
18244,1,2026-06-27,4
18245,1,2026-06-27,7
18246,1,2026-06-27,4
18247,1,2026-06-27,5
18248,1,2026-06-27,2
18249,1,2026-06-27,4
18250,1,2026-06-27,7
18251,1,2026-06-27,7
18252,1,2026-06-27,8
18253,1,2026-06-27,8
18254,1,2026-06-27,2
18255,1,2026-06-27,5
18256,1,2026-06-27,2
18257,1,2026-06-27,6
18258,1,2026-06-27,7
18259,1,2026-06-27,7
18260,1,2026-06-27,4
18261,1,2026-06-27,5
18262,1,2026-06-27,7
18263,1,2026-06-27,5
18264,1,2026-06-27,7
18265,1,2026-06-27,6
18266,1,2026-06-27,7
18267,1,2026-06-27,8
18268,1,2026-06-27,5
18269,1,2026-06-27,6
18270,1,2026-06-27,7
18271,1,2026-06-27,5
18272,1,2026-06-27,6
18273,1,2026-06-27,2
18274,1,2026-06-27,4
18275,1,2026-06-27,6
18276,1,2026-06-27,4
18277,1,2026-06-27,2
18278,1,2026-06-27,7
18279,1,2026-06-27,2
18280,1,2026-06-27,6
18281,1,2026-06-27,8
18282,1,2026-06-27,4
18283,1,2026-06-27,8
18284,1,2026-06-27,2
18285,1,2026-06-27,3
18286,1,2026-06-27,3
18287,1,2026-06-27,8
18288,1,2026-06-27,8
18289,1,2026-06-27,7
18290,1,2026-06-27,7
18291,1,2026-06-27,7
18292,1,2026-06-27,3
18293,1,2026-06-27,2
18294,1,2026-06-27,6
18295,1,2026-06-27,6
18296,1,2026-06-27,7
18297,1,2026-06-27,2
18298,1,2026-06-27,7
18299,1,2026-06-27,8
18300,1,2026-06-27,4
18301,1,2026-06-27,2
18302,1,2026-06-27,4
18303,1,2026-06-27,2
18304,1,2026-06-27,2
18305,1,2026-06-27,7
18306,1,2026-06-27,4
18307,1,2026-06-27,7
18308,1,2026-06-27,3
18309,1,2026-06-27,2
18310,1,2026-06-27,3
18311,1,2026-06-27,4
18312,1,2026-06-27,5
18313,1,2026-06-27,7
18314,1,2026-06-27,2
18315,1,2026-06-27,7
18316,1,2026-06-27,7
18317,1,2026-06-27,2
18318,1,2026-06-27,3
18319,1,2026-06-27,8
18320,1,2026-06-27,8
18321,1,2026-06-27,4
18322,1,2026-06-27,2
18323,1,2026-06-27,8
18324,1,2026-06-27,4
18325,1,2026-06-27,2
18326,1,2026-06-27,4
18327,1,2026-06-27,2
18328,1,2026-06-27,3
18329,1,2026-06-27,4
18330,1,2026-06-27,8
18331,1,2026-06-27,4
18332,1,2026-06-27,4
18333,1,2026-06-27,6
18334,1,2026-06-27,2
18335,1,2026-06-28,6
18336,1,2026-06-28,8
18337,1,2026-06-28,2
18338,1,2026-06-28,8
18339,1,2026-06-28,4
18340,1,2026-06-28,7
18341,1,2026-06-28,6
18342,1,2026-06-28,6
18343,1,2026-06-28,2
18344,1,2026-06-28,8
18345,1,2026-06-28,2
18346,1,2026-06-28,4
18347,1,2026-06-28,4
18348,1,2026-06-28,5
18349,1,2026-06-28,4
18350,1,2026-06-28,5
18351,1,2026-06-28,6
18352,1,2026-06-28,7
18353,1,2026-06-28,2
18354,1,2026-06-28,6
18355,1,2026-06-28,6
18356,1,2026-06-28,5
18357,1,2026-06-28,7
18358,1,2026-06-28,3
18359,1,2026-06-28,7
18360,1,2026-06-28,8
18361,1,2026-06-28,2
18362,1,2026-06-28,5
18363,1,2026-06-28,8
18364,1,2026-06-28,7
18365,1,2026-06-28,7
18366,1,2026-06-28,2
18367,1,2026-06-28,4
18368,1,2026-06-28,5
18369,1,2026-06-28,5
18370,1,2026-06-28,2
18371,1,2026-06-28,7
18372,1,2026-06-28,5
18373,1,2026-06-28,5
18374,1,2026-06-28,2
18375,1,2026-06-28,8
18376,1,2026-06-28,3
18377,1,2026-06-28,4
18378,1,2026-06-28,6
18379,1,2026-06-28,5
18380,1,2026-06-28,5
18381,1,2026-06-28,7
18382,1,2026-06-28,5
18383,1,2026-06-28,5
18384,1,2026-06-28,2
18385,1,2026-06-28,8
18386,1,2026-06-28,3
18387,1,2026-06-28,8
18388,1,2026-06-28,8
18389,1,2026-06-28,3
18390,1,2026-06-28,2
18391,1,2026-06-28,3
18392,1,2026-06-28,2
18393,1,2026-06-28,5
18394,1,2026-06-28,3
18395,1,2026-06-28,7
18396,1,2026-06-28,3
18397,1,2026-06-28,4
18398,1,2026-06-28,4
18399,1,2026-06-28,7
18400,1,2026-06-28,3
18401,1,2026-06-28,8
18402,1,2026-06-28,7
18403,1,2026-06-28,8
18404,1,2026-06-28,7
18405,1,2026-06-28,4
18406,1,2026-06-28,2
18407,1,2026-06-28,2
18408,1,2026-06-28,3
18409,1,2026-06-28,2
18410,1,2026-06-28,5
18411,1,2026-06-28,5
18412,1,2026-06-28,2
18413,1,2026-06-28,6
18414,1,2026-06-28,6
18415,1,2026-06-28,5
18416,1,2026-06-28,2
18417,1,2026-06-28,6
18418,1,2026-06-28,8
18419,1,2026-06-28,8
18420,1,2026-06-28,8
18421,1,2026-06-28,3
18422,1,2026-06-28,2
18423,1,2026-06-28,3
18424,1,2026-06-28,7
18425,1,2026-06-28,2
18426,1,2026-06-28,5
18427,1,2026-06-28,3
18428,1,2026-06-28,7
18429,1,2026-06-28,5
18430,1,2026-06-28,8
18431,1,2026-06-28,3
18432,1,2026-06-28,8
18433,1,2026-06-28,7
18434,1,2026-06-28,7
18435,1,2026-06-28,6
18436,1,2026-06-28,2
18437,1,2026-06-28,3
18438,1,2026-06-28,6
18439,1,2026-06-28,8
18440,1,2026-06-28,7
18441,1,2026-06-28,4
18442,1,2026-06-28,2
18443,1,2026-06-28,4
18444,1,2026-06-28,3
18445,1,2026-06-28,6
18446,1,2026-06-28,4
18447,1,2026-06-28,4
18448,1,2026-06-28,2
18449,1,2026-06-28,7
18450,1,2026-06-29,8
18451,1,2026-06-29,7
18452,1,2026-06-29,5
18453,1,2026-06-29,5
18454,1,2026-06-29,8
18455,1,2026-06-29,5
18456,1,2026-06-29,6
18457,1,2026-06-29,6
18458,1,2026-06-29,4
18459,1,2026-06-29,8
18460,1,2026-06-29,2
18461,1,2026-06-29,6
18462,1,2026-06-29,7
18463,1,2026-06-29,7
18464,1,2026-06-29,3
18465,1,2026-06-29,2
18466,1,2026-06-29,3
18467,1,2026-06-29,8
18468,1,2026-06-29,5
18469,1,2026-06-29,6
18470,1,2026-06-29,6
18471,1,2026-06-29,5
18472,1,2026-06-29,2
18473,1,2026-06-29,2
18474,1,2026-06-29,5
18475,1,2026-06-29,3
18476,1,2026-06-29,4
18477,1,2026-06-29,7
18478,1,2026-06-29,3
18479,1,2026-06-29,6
18480,1,2026-06-29,3
18481,1,2026-06-29,5
18482,1,2026-06-29,5
18483,1,2026-06-29,8
18484,1,2026-06-29,5
18485,1,2026-06-29,7
18486,1,2026-06-29,6
18487,1,2026-06-29,5
18488,1,2026-06-29,5
18489,1,2026-06-29,7
18490,1,2026-06-29,5
18491,1,2026-06-29,8
18492,1,2026-06-29,3
18493,1,2026-06-29,2
18494,1,2026-06-29,7
18495,1,2026-06-29,2
18496,1,2026-06-29,3
18497,1,2026-06-29,8
18498,1,2026-06-29,3
18499,1,2026-06-29,7
18500,1,2026-06-29,3
18501,1,2026-06-29,6
18502,1,2026-06-29,3
18503,1,2026-06-29,5
18504,1,2026-06-29,8
18505,1,2026-06-29,2
18506,1,2026-06-29,6
18507,1,2026-06-29,6
18508,1,2026-06-29,8
18509,1,2026-06-29,3
18510,1,2026-06-29,6
18511,1,2026-06-29,5
18512,1,2026-06-29,6
18513,1,2026-06-29,4
18514,1,2026-06-29,5
18515,1,2026-06-29,7
18516,1,2026-06-29,2
18517,1,2026-06-29,5
18518,1,2026-06-29,3
18519,1,2026-06-29,2
18520,1,2026-06-29,6
18521,1,2026-06-29,5
18522,1,2026-06-29,2
18523,1,2026-06-29,5
18524,1,2026-06-29,7
18525,1,2026-06-29,3
18526,1,2026-06-29,8
18527,1,2026-06-29,6
18528,1,2026-06-29,6
18529,1,2026-06-30,4
18530,1,2026-06-30,2
18531,1,2026-06-30,2
18532,1,2026-06-30,7
18533,1,2026-06-30,6
18534,1,2026-06-30,4
18535,1,2026-06-30,4
18536,1,2026-06-30,5
18537,1,2026-06-30,4
18538,1,2026-06-30,2
18539,1,2026-06-30,2
18540,1,2026-06-30,2
18541,1,2026-06-30,5
18542,1,2026-06-30,6
18543,1,2026-06-30,8
18544,1,2026-06-30,7
18545,1,2026-06-30,6
18546,1,2026-06-30,8
18547,1,2026-06-30,8
18548,1,2026-06-30,4
18549,1,2026-06-30,2
18550,1,2026-06-30,4
18551,1,2026-06-30,3
18552,1,2026-06-30,3
18553,1,2026-06-30,6
18554,1,2026-06-30,2
18555,1,2026-06-30,8
18556,1,2026-06-30,6
18557,1,2026-06-30,2
18558,1,2026-06-30,5
18559,1,2026-06-30,2
18560,1,2026-06-30,6
18561,1,2026-06-30,8
18562,1,2026-06-30,8
18563,1,2026-06-30,3
18564,1,2026-06-30,8
18565,1,2026-06-30,7
18566,1,2026-06-30,7
18567,1,2026-06-30,2
18568,1,2026-06-30,2
18569,1,2026-06-30,3
18570,1,2026-06-30,2
18571,1,2026-06-30,7
18572,1,2026-06-30,5
18573,1,2026-06-30,7
18574,1,2026-06-30,2
18575,1,2026-06-30,3
18576,1,2026-06-30,7
18577,1,2026-06-30,2
18578,1,2026-06-30,6
18579,1,2026-06-30,7
18580,1,2026-06-30,5
18581,1,2026-06-30,4
18582,1,2026-06-30,5
18583,1,2026-06-30,2
18584,1,2026-06-30,2
18585,1,2026-06-30,6
18586,1,2026-06-30,6
18587,1,2026-06-30,5
18588,1,2026-06-30,4
18589,1,2026-06-30,6
18590,1,2026-06-30,7
18591,1,2026-06-30,5
18592,1,2026-06-30,5
18593,1,2026-06-30,2
18594,1,2026-06-30,3
18595,1,2026-06-30,6
18596,1,2026-06-30,3
18597,1,2026-06-30,6
18598,1,2026-06-30,3
18599,1,2026-06-30,8
18600,1,2026-06-30,7
18601,1,2026-06-30,5
18602,1,2026-06-30,5
18603,1,2026-06-30,8
18604,1,2026-06-30,5
18605,1,2026-06-30,7
18606,1,2026-06-30,7
18607,1,2026-06-30,6
18608,1,2026-06-30,3
18609,1,2026-06-30,5
18610,1,2026-06-30,6
18611,1,2026-06-30,2
18612,1,2026-06-30,6
18613,1,2026-06-30,7
18614,1,2026-06-30,5
18615,1,2026-06-30,2
18616,1,2026-06-30,8
18617,1,2026-06-30,8
18618,1,2026-06-30,6
18619,1,2026-06-30,7
18620,1,2026-06-30,2
18621,1,2026-06-30,8
18622,1,2026-06-30,3
18623,1,2026-06-30,2
