movement_id,store_id,product_id,business_date,movement_type,quantity,reference_type,reference_id,note
1,1,1,2026-01-02,count_correction,34,,,Opening stock count
2,1,2,2026-01-02,count_correction,198,,,Opening stock count
3,1,3,2026-01-02,count_correction,5,,,Opening stock count
4,1,4,2026-01-02,count_correction,5,,,Opening stock count
5,1,5,2026-01-02,count_correction,13,,,Opening stock count
6,1,6,2026-01-02,count_correction,84,,,Opening stock count
7,1,7,2026-01-02,count_correction,15,,,Opening stock count
8,1,8,2026-01-02,count_correction,77,,,Opening stock count
9,1,9,2026-01-02,count_correction,8,,,Opening stock count
10,1,10,2026-01-02,count_correction,26,,,Opening stock count
11,1,11,2026-01-02,count_correction,13,,,Opening stock count
12,1,12,2026-01-02,count_correction,6,,,Opening stock count
13,1,13,2026-01-02,count_correction,66,,,Opening stock count
14,1,14,2026-01-02,count_correction,6,,,Opening stock count
15,1,15,2026-01-02,count_correction,34,,,Opening stock count
16,1,16,2026-01-02,count_correction,17,,,Opening stock count
17,1,17,2026-01-02,count_correction,46,,,Opening stock count
18,1,18,2026-01-02,count_correction,18,,,Opening stock count
19,1,19,2026-01-02,count_correction,15,,,Opening stock count
20,1,20,2026-01-02,count_correction,2,,,Opening stock count
21,1,21,2026-01-02,count_correction,12,,,Opening stock count
22,1,22,2026-01-02,count_correction,6,,,Opening stock count
23,1,23,2026-01-02,count_correction,13,,,Opening stock count
24,1,24,2026-01-02,count_correction,28,,,Opening stock count
25,1,25,2026-01-02,count_correction,124,,,Opening stock count
26,1,26,2026-01-02,count_correction,29,,,Opening stock count
27,1,27,2026-01-02,count_correction,13,,,Opening stock count
28,1,28,2026-01-02,count_correction,4,,,Opening stock count
29,1,29,2026-01-02,count_correction,14,,,Opening stock count
30,1,30,2026-01-02,count_correction,10,,,Opening stock count
31,1,31,2026-01-02,count_correction,6,,,Opening stock count
32,1,32,2026-01-02,count_correction,42,,,Opening stock count
33,1,33,2026-01-02,count_correction,3,,,Opening stock count
34,1,34,2026-01-02,count_correction,16,,,Opening stock count
35,1,35,2026-01-02,count_correction,4,,,Opening stock count
36,1,36,2026-01-02,count_correction,25,,,Opening stock count
37,1,37,2026-01-02,count_correction,10,,,Opening stock count
38,1,38,2026-01-02,count_correction,3,,,Opening stock count
39,1,39,2026-01-02,count_correction,3,,,Opening stock count
40,1,40,2026-01-02,count_correction,35,,,Opening stock count
41,1,41,2026-01-02,count_correction,4,,,Opening stock count
42,1,42,2026-01-02,count_correction,13,,,Opening stock count
43,1,43,2026-01-02,count_correction,10,,,Opening stock count
44,1,44,2026-01-02,count_correction,37,,,Opening stock count
45,1,45,2026-01-02,count_correction,18,,,Opening stock count
46,1,46,2026-01-02,count_correction,21,,,Opening stock count
47,1,47,2026-01-02,count_correction,2,,,Opening stock count
48,1,48,2026-01-02,count_correction,28,,,Opening stock count
49,1,49,2026-01-02,count_correction,40,,,Opening stock count
50,1,50,2026-01-02,count_correction,2,,,Opening stock count
51,1,51,2026-01-02,count_correction,2,,,Opening stock count
52,1,52,2026-01-02,count_correction,17,,,Opening stock count
53,1,53,2026-01-02,count_correction,18,,,Opening stock count
54,1,54,2026-01-02,count_correction,28,,,Opening stock count
55,1,55,2026-01-02,count_correction,18,,,Opening stock count
56,1,56,2026-01-02,count_correction,37,,,Opening stock count
57,1,57,2026-01-02,count_correction,11,,,Opening stock count
58,1,58,2026-01-02,count_correction,39,,,Opening stock count
59,1,59,2026-01-02,count_correction,2,,,Opening stock count
60,1,60,2026-01-02,count_correction,48,,,Opening stock count
61,1,61,2026-01-02,count_correction,12,,,Opening stock count
62,1,62,2026-01-02,count_correction,61,,,Opening stock count
63,1,63,2026-01-02,count_correction,2,,,Opening stock count
64,1,64,2026-01-02,count_correction,11,,,Opening stock count
65,1,65,2026-01-02,count_correction,4,,,Opening stock count
66,1,66,2026-01-02,count_correction,75,,,Opening stock count
67,1,67,2026-01-02,count_correction,2,,,Opening stock count
68,1,68,2026-01-02,count_correction,45,,,Opening stock count
69,1,69,2026-01-02,count_correction,27,,,Opening stock count
70,1,70,2026-01-02,count_correction,6,,,Opening stock count
71,1,71,2026-01-02,count_correction,26,,,Opening stock count
72,1,72,2026-01-02,count_correction,35,,,Opening stock count
73,1,73,2026-01-02,count_correction,13,,,Opening stock count
74,1,74,2026-01-02,count_correction,13,,,Opening stock count
75,1,75,2026-01-02,count_correction,2,,,Opening stock count
76,1,76,2026-01-02,count_correction,39,,,Opening stock count
77,1,77,2026-01-02,count_correction,3,,,Opening stock count
78,1,78,2026-01-02,count_correction,28,,,Opening stock count
79,1,79,2026-01-02,count_correction,6,,,Opening stock count
80,1,80,2026-01-02,count_correction,13,,,Opening stock count
81,1,81,2026-01-02,count_correction,11,,,Opening stock count
82,1,82,2026-01-02,count_correction,55,,,Opening stock count
83,1,83,2026-01-02,count_correction,2,,,Opening stock count
84,1,84,2026-01-02,count_correction,3,,,Opening stock count
85,1,85,2026-01-02,count_correction,41,,,Opening stock count
86,1,86,2026-01-02,count_correction,18,,,Opening stock count
87,1,87,2026-01-02,count_correction,9,,,Opening stock count
88,1,88,2026-01-02,count_correction,3,,,Opening stock count
89,1,89,2026-01-02,count_correction,10,,,Opening stock count
90,1,90,2026-01-02,count_correction,192,,,Opening stock count
91,1,91,2026-01-02,count_correction,70,,,Opening stock count
92,1,92,2026-01-02,count_correction,11,,,Opening stock count
93,1,93,2026-01-02,count_correction,72,,,Opening stock count
94,1,94,2026-01-02,count_correction,2,,,Opening stock count
95,1,95,2026-01-02,count_correction,44,,,Opening stock count
96,1,96,2026-01-02,count_correction,4,,,Opening stock count
97,1,97,2026-01-02,count_correction,30,,,Opening stock count
98,1,98,2026-01-02,count_correction,75,,,Opening stock count
99,1,99,2026-01-02,count_correction,9,,,Opening stock count
100,1,100,2026-01-02,count_correction,11,,,Opening stock count
101,1,101,2026-01-02,count_correction,33,,,Opening stock count
102,1,102,2026-01-02,count_correction,18,,,Opening stock count
103,1,103,2026-01-02,count_correction,15,,,Opening stock count
104,1,104,2026-01-02,count_correction,84,,,Opening stock count
105,1,105,2026-01-02,count_correction,45,,,Opening stock count
106,1,106,2026-01-02,count_correction,7,,,Opening stock count
107,1,107,2026-01-02,count_correction,12,,,Opening stock count
108,1,108,2026-01-02,count_correction,21,,,Opening stock count
109,1,109,2026-01-02,count_correction,5,,,Opening stock count
110,1,110,2026-01-02,count_correction,340,,,Opening stock count
111,1,111,2026-01-02,count_correction,19,,,Opening stock count
112,1,112,2026-01-02,count_correction,13,,,Opening stock count
113,1,113,2026-01-02,count_correction,8,,,Opening stock count
114,1,114,2026-01-02,count_correction,24,,,Opening stock count
115,1,115,2026-01-02,count_correction,14,,,Opening stock count
116,1,116,2026-01-02,count_correction,17,,,Opening stock count
117,1,117,2026-01-02,count_correction,14,,,Opening stock count
118,1,118,2026-01-02,count_correction,118,,,Opening stock count
119,1,119,2026-01-02,count_correction,6,,,Opening stock count
120,1,120,2026-01-02,count_correction,4,,,Opening stock count
121,1,121,2026-01-02,count_correction,59,,,Opening stock count
122,1,122,2026-01-02,count_correction,31,,,Opening stock count
123,1,123,2026-01-02,count_correction,16,,,Opening stock count
124,1,124,2026-01-02,count_correction,56,,,Opening stock count
125,1,125,2026-01-02,count_correction,3,,,Opening stock count
126,1,126,2026-01-02,count_correction,24,,,Opening stock count
127,1,127,2026-01-02,count_correction,33,,,Opening stock count
128,1,128,2026-01-02,count_correction,27,,,Opening stock count
129,1,129,2026-01-02,count_correction,2,,,Opening stock count
130,1,130,2026-01-02,count_correction,27,,,Opening stock count
131,1,131,2026-01-02,count_correction,9,,,Opening stock count
132,1,132,2026-01-02,count_correction,7,,,Opening stock count
133,1,133,2026-01-02,count_correction,4,,,Opening stock count
134,1,134,2026-01-02,count_correction,52,,,Opening stock count
135,1,135,2026-01-02,count_correction,2,,,Opening stock count
136,1,136,2026-01-02,count_correction,10,,,Opening stock count
137,1,137,2026-01-02,count_correction,8,,,Opening stock count
138,1,138,2026-01-02,count_correction,13,,,Opening stock count
139,1,139,2026-01-02,count_correction,10,,,Opening stock count
140,1,140,2026-01-02,count_correction,21,,,Opening stock count
141,1,141,2026-01-02,count_correction,13,,,Opening stock count
142,1,142,2026-01-02,count_correction,10,,,Opening stock count
143,1,143,2026-01-02,count_correction,39,,,Opening stock count
144,1,144,2026-01-02,count_correction,5,,,Opening stock count
145,1,145,2026-01-02,count_correction,2,,,Opening stock count
146,1,146,2026-01-02,count_correction,18,,,Opening stock count
147,1,147,2026-01-02,count_correction,5,,,Opening stock count
148,1,148,2026-01-02,count_correction,12,,,Opening stock count
149,1,149,2026-01-02,count_correction,4,,,Opening stock count
150,1,150,2026-01-02,count_correction,58,,,Opening stock count
151,1,151,2026-01-02,count_correction,11,,,Opening stock count
152,1,152,2026-01-02,count_correction,5,,,Opening stock count
153,1,153,2026-01-02,count_correction,2,,,Opening stock count
154,1,154,2026-01-02,count_correction,7,,,Opening stock count
155,1,155,2026-01-02,count_correction,2,,,Opening stock count
156,1,156,2026-01-02,count_correction,2,,,Opening stock count
157,1,157,2026-01-02,count_correction,13,,,Opening stock count
158,1,158,2026-01-02,count_correction,97,,,Opening stock count
159,1,159,2026-01-02,count_correction,8,,,Opening stock count
160,1,160,2026-01-02,count_correction,30,,,Opening stock count
161,1,161,2026-01-02,count_correction,3,,,Opening stock count
162,1,162,2026-01-02,count_correction,10,,,Opening stock count
163,1,163,2026-01-02,count_correction,6,,,Opening stock count
164,1,164,2026-01-02,count_correction,6,,,Opening stock count
165,1,165,2026-01-02,count_correction,2,,,Opening stock count
166,1,166,2026-01-02,count_correction,45,,,Opening stock count
167,1,167,2026-01-02,count_correction,78,,,Opening stock count
168,1,168,2026-01-02,count_correction,16,,,Opening stock count
169,1,169,2026-01-02,count_correction,4,,,Opening stock count
170,1,170,2026-01-02,count_correction,5,,,Opening stock count
171,1,171,2026-01-02,count_correction,17,,,Opening stock count
172,1,172,2026-01-02,count_correction,24,,,Opening stock count
173,1,173,2026-01-02,count_correction,8,,,Opening stock count
174,1,174,2026-01-02,count_correction,26,,,Opening stock count
175,1,175,2026-01-02,count_correction,24,,,Opening stock count
176,1,176,2026-01-02,count_correction,41,,,Opening stock count
177,1,177,2026-01-02,count_correction,8,,,Opening stock count
178,1,178,2026-01-02,count_correction,60,,,Opening stock count
179,1,179,2026-01-02,count_correction,22,,,Opening stock count
180,1,180,2026-01-02,count_correction,2,,,Opening stock count
181,1,181,2026-01-02,count_correction,6,,,Opening stock count
182,1,182,2026-01-02,count_correction,7,,,Opening stock count
183,1,183,2026-01-02,count_correction,6,,,Opening stock count
184,1,184,2026-01-02,count_correction,7,,,Opening stock count
185,1,185,2026-01-02,count_correction,6,,,Opening stock count
186,1,186,2026-01-02,count_correction,35,,,Opening stock count
187,1,187,2026-01-02,count_correction,15,,,Opening stock count
188,1,188,2026-01-02,count_correction,9,,,Opening stock count
189,1,189,2026-01-02,count_correction,4,,,Opening stock count
190,1,190,2026-01-02,count_correction,3,,,Opening stock count
191,1,191,2026-01-02,count_correction,3,,,Opening stock count
192,1,192,2026-01-02,count_correction,3,,,Opening stock count
193,1,193,2026-01-02,count_correction,2,,,Opening stock count
194,1,194,2026-01-02,count_correction,2,,,Opening stock count
195,1,195,2026-01-02,count_correction,3,,,Opening stock count
196,1,196,2026-01-02,count_correction,5,,,Opening stock count
197,1,197,2026-01-02,count_correction,10,,,Opening stock count
198,1,198,2026-01-02,count_correction,19,,,Opening stock count
199,1,199,2026-01-02,count_correction,5,,,Opening stock count
200,1,200,2026-01-02,count_correction,5,,,Opening stock count
201,1,201,2026-01-02,count_correction,14,,,Opening stock count
202,1,202,2026-01-02,count_correction,2,,,Opening stock count
203,1,203,2026-01-02,count_correction,15,,,Opening stock count
204,1,204,2026-01-02,count_correction,27,,,Opening stock count
205,1,205,2026-01-02,count_correction,7,,,Opening stock count
206,1,206,2026-01-02,count_correction,9,,,Opening stock count
207,1,207,2026-01-02,count_correction,2,,,Opening stock count
208,1,208,2026-01-02,count_correction,18,,,Opening stock count
209,1,209,2026-01-02,count_correction,4,,,Opening stock count
210,1,210,2026-01-02,count_correction,2,,,Opening stock count
211,1,211,2026-01-02,count_correction,7,,,Opening stock count
212,1,212,2026-01-02,count_correction,5,,,Opening stock count
213,1,213,2026-01-02,count_correction,3,,,Opening stock count
214,1,214,2026-01-02,count_correction,18,,,Opening stock count
215,1,215,2026-01-02,count_correction,11,,,Opening stock count
216,1,216,2026-01-02,count_correction,27,,,Opening stock count
217,1,217,2026-01-02,count_correction,9,,,Opening stock count
218,1,218,2026-01-02,count_correction,37,,,Opening stock count
219,1,219,2026-01-02,count_correction,5,,,Opening stock count
220,1,220,2026-01-02,count_correction,11,,,Opening stock count
221,1,221,2026-01-02,count_correction,5,,,Opening stock count
222,1,222,2026-01-02,count_correction,41,,,Opening stock count
223,1,223,2026-01-02,count_correction,3,,,Opening stock count
224,1,224,2026-01-02,count_correction,3,,,Opening stock count
225,1,225,2026-01-02,count_correction,4,,,Opening stock count
226,1,226,2026-01-02,count_correction,2,,,Opening stock count
227,1,227,2026-01-02,count_correction,3,,,Opening stock count
228,1,228,2026-01-02,count_correction,12,,,Opening stock count
229,1,229,2026-01-02,count_correction,7,,,Opening stock count
230,1,230,2026-01-02,count_correction,7,,,Opening stock count
231,1,231,2026-01-02,count_correction,7,,,Opening stock count
232,1,232,2026-01-02,count_correction,17,,,Opening stock count
233,1,233,2026-01-02,count_correction,3,,,Opening stock count
234,1,234,2026-01-02,count_correction,16,,,Opening stock count
235,1,235,2026-01-02,count_correction,3,,,Opening stock count
236,1,236,2026-01-02,count_correction,11,,,Opening stock count
237,1,237,2026-01-02,count_correction,13,,,Opening stock count
238,1,238,2026-01-02,count_correction,9,,,Opening stock count
239,1,239,2026-01-02,count_correction,15,,,Opening stock count
240,1,240,2026-01-02,count_correction,11,,,Opening stock count
241,1,241,2026-01-02,count_correction,6,,,Opening stock count
242,1,242,2026-01-02,count_correction,6,,,Opening stock count
243,1,243,2026-01-02,count_correction,31,,,Opening stock count
244,1,244,2026-01-02,count_correction,15,,,Opening stock count
245,1,245,2026-01-02,count_correction,18,,,Opening stock count
246,1,246,2026-01-02,count_correction,36,,,Opening stock count
247,1,247,2026-01-02,count_correction,5,,,Opening stock count
248,1,248,2026-01-02,count_correction,6,,,Opening stock count
249,1,249,2026-01-02,count_correction,13,,,Opening stock count
250,1,250,2026-01-02,count_correction,6,,,Opening stock count
251,1,251,2026-01-02,count_correction,20,,,Opening stock count
252,1,252,2026-01-02,count_correction,21,,,Opening stock count
253,1,253,2026-01-02,count_correction,3,,,Opening stock count
254,1,254,2026-01-02,count_correction,6,,,Opening stock count
255,1,255,2026-01-02,count_correction,13,,,Opening stock count
256,1,256,2026-01-02,count_correction,4,,,Opening stock count
257,1,257,2026-01-02,count_correction,49,,,Opening stock count
258,1,258,2026-01-02,count_correction,4,,,Opening stock count
259,1,259,2026-01-02,count_correction,3,,,Opening stock count
260,1,260,2026-01-02,count_correction,11,,,Opening stock count
261,1,261,2026-01-02,count_correction,7,,,Opening stock count
262,1,262,2026-01-02,count_correction,107,,,Opening stock count
263,1,263,2026-01-02,count_correction,47,,,Opening stock count
264,1,264,2026-01-02,count_correction,2,,,Opening stock count
265,1,265,2026-01-02,count_correction,8,,,Opening stock count
266,1,266,2026-01-02,count_correction,10,,,Opening stock count
267,1,267,2026-01-02,count_correction,11,,,Opening stock count
268,1,268,2026-01-02,count_correction,4,,,Opening stock count
269,1,269,2026-01-02,count_correction,27,,,Opening stock count
270,1,270,2026-01-02,count_correction,8,,,Opening stock count
271,1,271,2026-01-02,count_correction,4,,,Opening stock count
272,1,272,2026-01-02,count_correction,6,,,Opening stock count
273,1,273,2026-01-02,count_correction,9,,,Opening stock count
274,1,274,2026-01-02,count_correction,13,,,Opening stock count
275,1,275,2026-01-02,count_correction,27,,,Opening stock count
276,1,276,2026-01-02,count_correction,9,,,Opening stock count
277,1,277,2026-01-02,count_correction,2,,,Opening stock count
278,1,278,2026-01-02,count_correction,63,,,Opening stock count
279,1,279,2026-01-02,count_correction,2,,,Opening stock count
280,1,280,2026-01-02,count_correction,3,,,Opening stock count
281,1,281,2026-01-02,count_correction,9,,,Opening stock count
282,1,282,2026-01-02,count_correction,2,,,Opening stock count
283,1,283,2026-01-02,count_correction,24,,,Opening stock count
284,1,284,2026-01-02,count_correction,12,,,Opening stock count
285,1,285,2026-01-02,count_correction,7,,,Opening stock count
286,1,286,2026-01-02,count_correction,3,,,Opening stock count
287,1,287,2026-01-02,count_correction,3,,,Opening stock count
288,1,288,2026-01-02,count_correction,2,,,Opening stock count
289,1,289,2026-01-02,count_correction,15,,,Opening stock count
290,1,290,2026-01-02,count_correction,22,,,Opening stock count
291,1,291,2026-01-02,count_correction,9,,,Opening stock count
292,1,292,2026-01-02,count_correction,13,,,Opening stock count
293,1,293,2026-01-02,count_correction,13,,,Opening stock count
294,1,294,2026-01-02,count_correction,16,,,Opening stock count
295,1,295,2026-01-02,count_correction,2,,,Opening stock count
296,1,296,2026-01-02,count_correction,17,,,Opening stock count
297,1,297,2026-01-02,count_correction,5,,,Opening stock count
298,1,298,2026-01-02,count_correction,19,,,Opening stock count
299,1,299,2026-01-02,count_correction,78,,,Opening stock count
300,1,300,2026-01-02,count_correction,7,,,Opening stock count
301,1,301,2026-01-02,count_correction,3,,,Opening stock count
302,1,302,2026-01-02,count_correction,6,,,Opening stock count
303,1,303,2026-01-02,count_correction,4,,,Opening stock count
304,1,304,2026-01-02,count_correction,30,,,Opening stock count
305,1,305,2026-01-02,count_correction,62,,,Opening stock count
306,1,306,2026-01-02,count_correction,4,,,Opening stock count
307,1,307,2026-01-02,count_correction,6,,,Opening stock count
308,1,308,2026-01-02,count_correction,17,,,Opening stock count
309,1,309,2026-01-02,count_correction,24,,,Opening stock count
310,1,310,2026-01-02,count_correction,31,,,Opening stock count
311,1,311,2026-01-02,count_correction,2,,,Opening stock count
312,1,312,2026-01-02,count_correction,14,,,Opening stock count
313,1,313,2026-01-02,count_correction,3,,,Opening stock count
314,1,314,2026-01-02,count_correction,32,,,Opening stock count
315,1,315,2026-01-02,count_correction,11,,,Opening stock count
316,1,316,2026-01-02,count_correction,8,,,Opening stock count
317,1,317,2026-01-02,count_correction,2,,,Opening stock count
318,1,318,2026-01-02,count_correction,13,,,Opening stock count
319,1,319,2026-01-02,count_correction,15,,,Opening stock count
320,1,320,2026-01-02,count_correction,28,,,Opening stock count
321,1,321,2026-01-02,count_correction,27,,,Opening stock count
322,1,322,2026-01-02,count_correction,28,,,Opening stock count
323,1,323,2026-01-02,count_correction,17,,,Opening stock count
324,1,324,2026-01-02,count_correction,21,,,Opening stock count
325,1,325,2026-01-02,count_correction,3,,,Opening stock count
326,1,326,2026-01-02,count_correction,4,,,Opening stock count
327,1,327,2026-01-02,count_correction,9,,,Opening stock count
328,1,328,2026-01-02,count_correction,31,,,Opening stock count
329,1,329,2026-01-02,count_correction,14,,,Opening stock count
330,1,330,2026-01-02,count_correction,24,,,Opening stock count
331,1,331,2026-01-02,count_correction,4,,,Opening stock count
332,1,332,2026-01-02,count_correction,12,,,Opening stock count
333,1,333,2026-01-02,count_correction,25,,,Opening stock count
334,1,334,2026-01-02,count_correction,10,,,Opening stock count
335,1,335,2026-01-02,count_correction,13,,,Opening stock count
336,1,336,2026-01-02,count_correction,24,,,Opening stock count
337,1,337,2026-01-02,count_correction,4,,,Opening stock count
338,1,338,2026-01-02,count_correction,2,,,Opening stock count
339,1,339,2026-01-02,count_correction,5,,,Opening stock count
340,1,340,2026-01-02,count_correction,10,,,Opening stock count
341,1,341,2026-01-02,count_correction,3,,,Opening stock count
342,1,342,2026-01-02,count_correction,38,,,Opening stock count
343,1,343,2026-01-02,count_correction,5,,,Opening stock count
344,1,344,2026-01-02,count_correction,2,,,Opening stock count
345,1,345,2026-01-02,count_correction,2,,,Opening stock count
346,1,346,2026-01-02,count_correction,5,,,Opening stock count
347,1,347,2026-01-02,count_correction,13,,,Opening stock count
348,1,348,2026-01-02,count_correction,8,,,Opening stock count
349,1,349,2026-01-02,count_correction,6,,,Opening stock count
350,1,350,2026-01-02,count_correction,2,,,Opening stock count
351,1,351,2026-01-02,count_correction,9,,,Opening stock count
352,1,352,2026-01-02,count_correction,2,,,Opening stock count
353,1,353,2026-01-02,count_correction,9,,,Opening stock count
354,1,354,2026-01-02,count_correction,12,,,Opening stock count
355,1,355,2026-01-02,count_correction,5,,,Opening stock count
356,1,356,2026-01-02,count_correction,10,,,Opening stock count
357,1,357,2026-01-02,count_correction,2,,,Opening stock count
358,1,358,2026-01-02,count_correction,3,,,Opening stock count
359,1,359,2026-01-02,count_correction,2,,,Opening stock count
360,1,360,2026-01-02,count_correction,2,,,Opening stock count
361,1,361,2026-01-02,count_correction,2,,,Opening stock count
362,1,362,2026-01-02,count_correction,10,,,Opening stock count
363,1,363,2026-01-02,count_correction,2,,,Opening stock count
364,1,364,2026-01-02,count_correction,8,,,Opening stock count
365,1,365,2026-01-02,count_correction,56,,,Opening stock count
366,1,366,2026-01-02,count_correction,4,,,Opening stock count
367,1,367,2026-01-02,count_correction,12,,,Opening stock count
368,1,368,2026-01-02,count_correction,2,,,Opening stock count
369,1,369,2026-01-02,count_correction,4,,,Opening stock count
370,1,370,2026-01-02,count_correction,4,,,Opening stock count
371,1,371,2026-01-02,count_correction,3,,,Opening stock count
372,1,372,2026-01-02,count_correction,12,,,Opening stock count
373,1,373,2026-01-02,count_correction,11,,,Opening stock count
374,1,374,2026-01-02,count_correction,18,,,Opening stock count
375,1,375,2026-01-02,count_correction,4,,,Opening stock count
376,1,376,2026-01-02,count_correction,17,,,Opening stock count
377,1,377,2026-01-02,count_correction,7,,,Opening stock count
378,1,378,2026-01-02,count_correction,3,,,Opening stock count
379,1,379,2026-01-02,count_correction,3,,,Opening stock count
380,1,380,2026-01-02,count_correction,2,,,Opening stock count
381,1,381,2026-01-02,count_correction,2,,,Opening stock count
382,1,382,2026-01-02,count_correction,8,,,Opening stock count
383,1,383,2026-01-02,count_correction,14,,,Opening stock count
384,1,384,2026-01-02,count_correction,8,,,Opening stock count
385,1,385,2026-01-02,count_correction,6,,,Opening stock count
386,1,386,2026-01-02,count_correction,5,,,Opening stock count
387,1,387,2026-01-02,count_correction,2,,,Opening stock count
388,1,388,2026-01-02,count_correction,14,,,Opening stock count
389,1,389,2026-01-02,count_correction,5,,,Opening stock count
390,1,390,2026-01-02,count_correction,35,,,Opening stock count
391,1,391,2026-01-02,count_correction,4,,,Opening stock count
392,1,392,2026-01-02,count_correction,11,,,Opening stock count
393,1,393,2026-01-02,count_correction,2,,,Opening stock count
394,1,394,2026-01-02,count_correction,2,,,Opening stock count
395,1,395,2026-01-02,count_correction,12,,,Opening stock count
396,1,396,2026-01-02,count_correction,16,,,Opening stock count
397,1,397,2026-01-02,count_correction,2,,,Opening stock count
398,1,398,2026-01-02,count_correction,4,,,Opening stock count
399,1,399,2026-01-02,count_correction,2,,,Opening stock count
400,1,400,2026-01-02,count_correction,3,,,Opening stock count
401,1,401,2026-01-02,count_correction,5,,,Opening stock count
402,1,402,2026-01-02,count_correction,3,,,Opening stock count
403,1,403,2026-01-02,count_correction,2,,,Opening stock count
404,1,404,2026-01-02,count_correction,2,,,Opening stock count
405,1,405,2026-01-02,count_correction,2,,,Opening stock count
406,1,406,2026-01-02,count_correction,14,,,Opening stock count
407,1,407,2026-01-02,count_correction,5,,,Opening stock count
408,1,408,2026-01-02,count_correction,22,,,Opening stock count
409,1,409,2026-01-02,count_correction,2,,,Opening stock count
410,1,410,2026-01-02,count_correction,17,,,Opening stock count
411,1,411,2026-01-02,count_correction,5,,,Opening stock count
412,1,412,2026-01-02,count_correction,2,,,Opening stock count
413,1,413,2026-01-02,count_correction,2,,,Opening stock count
414,1,414,2026-01-02,count_correction,17,,,Opening stock count
415,1,415,2026-01-02,count_correction,2,,,Opening stock count
416,1,416,2026-01-02,count_correction,2,,,Opening stock count
417,1,417,2026-01-02,count_correction,2,,,Opening stock count
418,1,418,2026-01-02,count_correction,2,,,Opening stock count
419,1,419,2026-01-02,count_correction,10,,,Opening stock count
420,1,420,2026-01-02,count_correction,2,,,Opening stock count
421,1,421,2026-01-02,count_correction,2,,,Opening stock count
422,1,422,2026-01-02,count_correction,3,,,Opening stock count
423,1,423,2026-01-02,count_correction,3,,,Opening stock count
424,1,424,2026-01-02,count_correction,10,,,Opening stock count
425,1,425,2026-01-02,count_correction,4,,,Opening stock count
426,1,426,2026-01-02,count_correction,3,,,Opening stock count
427,1,427,2026-01-02,count_correction,54,,,Opening stock count
428,1,428,2026-01-02,count_correction,2,,,Opening stock count
429,1,429,2026-01-02,count_correction,4,,,Opening stock count
430,1,430,2026-01-02,count_correction,2,,,Opening stock count
431,1,431,2026-01-02,count_correction,4,,,Opening stock count
432,1,432,2026-01-02,count_correction,2,,,Opening stock count
433,1,433,2026-01-02,count_correction,2,,,Opening stock count
434,1,434,2026-01-02,count_correction,2,,,Opening stock count
435,1,435,2026-01-02,count_correction,4,,,Opening stock count
436,1,436,2026-01-02,count_correction,2,,,Opening stock count
437,1,437,2026-01-02,count_correction,2,,,Opening stock count
438,1,438,2026-01-02,count_correction,18,,,Opening stock count
439,1,439,2026-01-02,count_correction,2,,,Opening stock count
440,1,440,2026-01-02,count_correction,7,,,Opening stock count
441,1,441,2026-01-02,count_correction,2,,,Opening stock count
442,1,442,2026-01-02,count_correction,2,,,Opening stock count
443,1,443,2026-01-02,count_correction,2,,,Opening stock count
444,1,444,2026-01-02,count_correction,2,,,Opening stock count
445,1,445,2026-01-02,count_correction,4,,,Opening stock count
446,1,446,2026-01-02,count_correction,2,,,Opening stock count
447,1,447,2026-01-02,count_correction,3,,,Opening stock count
448,1,448,2026-01-02,count_correction,2,,,Opening stock count
449,1,449,2026-01-02,count_correction,2,,,Opening stock count
450,1,450,2026-01-02,count_correction,2,,,Opening stock count
451,1,451,2026-01-02,count_correction,2,,,Opening stock count
452,1,452,2026-01-02,count_correction,7,,,Opening stock count
453,1,453,2026-01-02,count_correction,2,,,Opening stock count
454,1,454,2026-01-02,count_correction,6,,,Opening stock count
455,1,455,2026-01-02,count_correction,31,,,Opening stock count
456,1,456,2026-01-02,count_correction,5,,,Opening stock count
457,1,457,2026-01-02,count_correction,12,,,Opening stock count
458,1,458,2026-01-02,count_correction,2,,,Opening stock count
459,1,459,2026-01-02,count_correction,19,,,Opening stock count
460,1,460,2026-01-02,count_correction,2,,,Opening stock count
461,1,461,2026-01-02,count_correction,12,,,Opening stock count
462,1,462,2026-01-02,count_correction,11,,,Opening stock count
463,1,463,2026-01-02,count_correction,4,,,Opening stock count
464,1,464,2026-01-02,count_correction,34,,,Opening stock count
465,1,465,2026-01-02,count_correction,3,,,Opening stock count
466,1,466,2026-01-02,count_correction,6,,,Opening stock count
467,1,467,2026-01-02,count_correction,7,,,Opening stock count
468,1,468,2026-01-02,count_correction,4,,,Opening stock count
469,1,469,2026-01-02,count_correction,10,,,Opening stock count
470,1,470,2026-01-02,count_correction,11,,,Opening stock count
471,1,471,2026-01-02,count_correction,2,,,Opening stock count
472,1,472,2026-01-02,count_correction,4,,,Opening stock count
473,1,473,2026-01-02,count_correction,2,,,Opening stock count
474,1,474,2026-01-02,count_correction,6,,,Opening stock count
475,1,475,2026-01-02,count_correction,2,,,Opening stock count
476,1,476,2026-01-02,count_correction,2,,,Opening stock count
477,1,477,2026-01-02,count_correction,4,,,Opening stock count
478,1,478,2026-01-02,count_correction,2,,,Opening stock count
479,1,479,2026-01-02,count_correction,5,,,Opening stock count
480,1,480,2026-01-02,count_correction,2,,,Opening stock count
481,1,481,2026-01-02,count_correction,2,,,Opening stock count
482,1,482,2026-01-02,count_correction,3,,,Opening stock count
483,1,483,2026-01-02,count_correction,2,,,Opening stock count
484,1,484,2026-01-02,count_correction,2,,,Opening stock count
485,1,485,2026-01-02,count_correction,3,,,Opening stock count
486,1,486,2026-01-02,count_correction,9,,,Opening stock count
487,1,487,2026-01-02,count_correction,4,,,Opening stock count
488,1,488,2026-01-02,count_correction,4,,,Opening stock count
489,1,489,2026-01-02,count_correction,3,,,Opening stock count
490,1,490,2026-01-02,count_correction,9,,,Opening stock count
491,1,491,2026-01-02,count_correction,2,,,Opening stock count
492,1,492,2026-01-02,count_correction,5,,,Opening stock count
493,1,493,2026-01-02,count_correction,2,,,Opening stock count
494,1,494,2026-01-02,count_correction,2,,,Opening stock count
495,1,495,2026-01-02,count_correction,6,,,Opening stock count
496,1,496,2026-01-02,count_correction,2,,,Opening stock count
497,1,497,2026-01-02,count_correction,4,,,Opening stock count
498,1,498,2026-01-02,count_correction,2,,,Opening stock count
499,1,499,2026-01-02,count_correction,9,,,Opening stock count
500,1,500,2026-01-02,count_correction,2,,,Opening stock count
501,1,501,2026-01-02,count_correction,2,,,Opening stock count
502,1,502,2026-01-02,count_correction,2,,,Opening stock count
503,1,503,2026-01-02,count_correction,6,,,Opening stock count
504,1,504,2026-01-02,count_correction,20,,,Opening stock count
505,1,505,2026-01-02,count_correction,4,,,Opening stock count
506,1,506,2026-01-02,count_correction,2,,,Opening stock count
507,1,507,2026-01-02,count_correction,38,,,Opening stock count
508,1,508,2026-01-02,count_correction,3,,,Opening stock count
509,1,509,2026-01-02,count_correction,2,,,Opening stock count
510,1,510,2026-01-02,count_correction,4,,,Opening stock count
511,1,511,2026-01-02,count_correction,9,,,Opening stock count
512,1,512,2026-01-02,count_correction,2,,,Opening stock count
513,1,513,2026-01-02,count_correction,4,,,Opening stock count
514,1,514,2026-01-02,count_correction,2,,,Opening stock count
515,1,515,2026-01-02,count_correction,6,,,Opening stock count
516,1,516,2026-01-02,count_correction,2,,,Opening stock count
517,1,517,2026-01-02,count_correction,2,,,Opening stock count
518,1,518,2026-01-02,count_correction,2,,,Opening stock count
519,1,519,2026-01-02,count_correction,2,,,Opening stock count
520,1,520,2026-01-02,count_correction,2,,,Opening stock count
521,1,521,2026-01-02,count_correction,3,,,Opening stock count
522,1,522,2026-01-02,count_correction,2,,,Opening stock count
523,1,523,2026-01-02,count_correction,3,,,Opening stock count
524,1,524,2026-01-02,count_correction,5,,,Opening stock count
525,1,525,2026-01-02,count_correction,13,,,Opening stock count
526,1,526,2026-01-02,count_correction,8,,,Opening stock count
527,1,527,2026-01-02,count_correction,2,,,Opening stock count
528,1,528,2026-01-02,count_correction,20,,,Opening stock count
529,1,529,2026-01-02,count_correction,3,,,Opening stock count
530,1,530,2026-01-02,count_correction,2,,,Opening stock count
531,1,531,2026-01-02,count_correction,2,,,Opening stock count
532,1,532,2026-01-02,count_correction,2,,,Opening stock count
533,1,533,2026-01-02,count_correction,2,,,Opening stock count
534,1,534,2026-01-02,count_correction,23,,,Opening stock count
535,1,535,2026-01-02,count_correction,3,,,Opening stock count
536,1,536,2026-01-02,count_correction,2,,,Opening stock count
537,1,537,2026-01-02,count_correction,2,,,Opening stock count
538,1,538,2026-01-02,count_correction,3,,,Opening stock count
539,1,539,2026-01-02,count_correction,2,,,Opening stock count
540,1,540,2026-01-02,count_correction,2,,,Opening stock count
541,1,541,2026-01-02,count_correction,12,,,Opening stock count
542,1,542,2026-01-02,count_correction,2,,,Opening stock count
543,1,543,2026-01-02,count_correction,3,,,Opening stock count
544,1,544,2026-01-02,count_correction,3,,,Opening stock count
545,1,545,2026-01-02,count_correction,2,,,Opening stock count
546,1,546,2026-01-02,count_correction,2,,,Opening stock count
547,1,547,2026-01-02,count_correction,3,,,Opening stock count
548,1,548,2026-01-02,count_correction,2,,,Opening stock count
549,1,549,2026-01-02,count_correction,2,,,Opening stock count
550,1,550,2026-01-02,count_correction,4,,,Opening stock count
551,1,551,2026-01-02,count_correction,2,,,Opening stock count
552,1,552,2026-01-02,count_correction,11,,,Opening stock count
553,1,553,2026-01-02,count_correction,7,,,Opening stock count
554,1,554,2026-01-02,count_correction,2,,,Opening stock count
555,1,555,2026-01-02,count_correction,2,,,Opening stock count
556,1,556,2026-01-02,count_correction,24,,,Opening stock count
557,1,557,2026-01-02,count_correction,10,,,Opening stock count
558,1,558,2026-01-02,count_correction,90,,,Opening stock count
559,1,559,2026-01-02,count_correction,6,,,Opening stock count
560,1,560,2026-01-02,count_correction,2,,,Opening stock count
561,1,561,2026-01-02,count_correction,2,,,Opening stock count
562,1,562,2026-01-02,count_correction,2,,,Opening stock count
563,1,563,2026-01-02,count_correction,3,,,Opening stock count
564,1,564,2026-01-02,count_correction,7,,,Opening stock count
565,1,565,2026-01-02,count_correction,27,,,Opening stock count
566,1,566,2026-01-02,count_correction,2,,,Opening stock count
567,1,567,2026-01-02,count_correction,3,,,Opening stock count
568,1,568,2026-01-02,count_correction,8,,,Opening stock count
569,1,569,2026-01-02,count_correction,9,,,Opening stock count
570,1,570,2026-01-02,count_correction,2,,,Opening stock count
571,1,571,2026-01-02,count_correction,2,,,Opening stock count
572,1,572,2026-01-02,count_correction,2,,,Opening stock count
573,1,573,2026-01-02,count_correction,2,,,Opening stock count
574,1,574,2026-01-02,count_correction,3,,,Opening stock count
575,1,575,2026-01-02,count_correction,2,,,Opening stock count
576,1,576,2026-01-02,count_correction,2,,,Opening stock count
577,1,577,2026-01-02,count_correction,6,,,Opening stock count
578,1,578,2026-01-02,count_correction,2,,,Opening stock count
579,1,579,2026-01-02,count_correction,2,,,Opening stock count
580,1,580,2026-01-02,count_correction,2,,,Opening stock count
581,1,581,2026-01-02,count_correction,3,,,Opening stock count
582,1,582,2026-01-02,count_correction,2,,,Opening stock count
583,1,583,2026-01-02,count_correction,2,,,Opening stock count
584,1,584,2026-01-02,count_correction,2,,,Opening stock count
585,1,585,2026-01-02,count_correction,2,,,Opening stock count
586,1,586,2026-01-02,count_correction,2,,,Opening stock count
587,1,587,2026-01-02,count_correction,2,,,Opening stock count
588,1,588,2026-01-02,count_correction,2,,,Opening stock count
589,1,589,2026-01-02,count_correction,3,,,Opening stock count
590,1,590,2026-01-02,count_correction,2,,,Opening stock count
591,1,591,2026-01-02,count_correction,2,,,Opening stock count
592,1,592,2026-01-02,count_correction,4,,,Opening stock count
593,1,593,2026-01-02,count_correction,2,,,Opening stock count
594,1,594,2026-01-02,count_correction,2,,,Opening stock count
595,1,595,2026-01-02,count_correction,2,,,Opening stock count
596,1,596,2026-01-02,count_correction,2,,,Opening stock count
597,1,597,2026-01-02,count_correction,2,,,Opening stock count
598,1,598,2026-01-02,count_correction,2,,,Opening stock count
599,1,599,2026-01-02,count_correction,2,,,Opening stock count
600,1,600,2026-01-02,count_correction,2,,,Opening stock count
601,1,75,2026-01-03,delivery,24,purchase_order,3,
602,1,83,2026-01-03,delivery,6,purchase_order,3,
603,1,94,2026-01-03,delivery,12,purchase_order,3,
604,1,547,2026-01-03,shrinkage,-1,,,Cycle count variance
605,1,199,2026-01-03,shrinkage,-1,,,Cycle count variance
606,1,317,2026-01-05,delivery,24,purchase_order,6,
607,1,325,2026-01-05,delivery,6,purchase_order,6,
608,1,341,2026-01-05,delivery,6,purchase_order,6,
609,1,344,2026-01-05,delivery,6,purchase_order,6,
610,1,345,2026-01-05,delivery,12,purchase_order,6,
611,1,350,2026-01-05,delivery,6,purchase_order,6,
612,1,352,2026-01-05,delivery,6,purchase_order,6,
613,1,357,2026-01-05,delivery,6,purchase_order,6,
614,1,358,2026-01-05,delivery,24,purchase_order,6,
615,1,359,2026-01-05,delivery,1,purchase_order,6,
616,1,360,2026-01-05,delivery,3,purchase_order,6,
617,1,361,2026-01-05,delivery,2,purchase_order,6,
618,1,363,2026-01-05,delivery,12,purchase_order,6,
619,1,368,2026-01-06,delivery,3,purchase_order,7,
620,1,379,2026-01-06,delivery,6,purchase_order,7,
621,1,380,2026-01-06,delivery,12,purchase_order,7,
622,1,381,2026-01-06,delivery,24,purchase_order,7,
623,1,387,2026-01-06,delivery,6,purchase_order,7,
624,1,471,2026-01-06,delivery,6,purchase_order,10,
625,1,473,2026-01-06,delivery,1,purchase_order,10,
626,1,475,2026-01-06,delivery,24,purchase_order,10,
627,1,476,2026-01-06,delivery,6,purchase_order,10,
628,1,478,2026-01-06,delivery,2,purchase_order,10,
629,1,480,2026-01-06,delivery,12,purchase_order,10,
630,1,481,2026-01-06,delivery,12,purchase_order,10,
631,1,483,2026-01-06,delivery,6,purchase_order,10,
632,1,484,2026-01-06,delivery,12,purchase_order,10,
633,1,491,2026-01-06,delivery,24,purchase_order,10,
634,1,493,2026-01-06,delivery,6,purchase_order,10,
635,1,494,2026-01-06,delivery,1,purchase_order,10,
636,1,495,2026-01-06,delivery,12,purchase_order,10,
637,1,496,2026-01-06,delivery,6,purchase_order,10,
638,1,498,2026-01-06,delivery,12,purchase_order,10,
639,1,500,2026-01-06,delivery,1,purchase_order,10,
640,1,501,2026-01-06,delivery,24,purchase_order,10,
641,1,502,2026-01-06,delivery,6,purchase_order,10,
642,1,506,2026-01-06,delivery,6,purchase_order,10,
643,1,509,2026-01-06,delivery,12,purchase_order,10,
644,1,512,2026-01-06,delivery,12,purchase_order,10,
645,1,514,2026-01-06,delivery,24,purchase_order,10,
646,1,516,2026-01-06,delivery,6,purchase_order,10,
647,1,517,2026-01-06,delivery,1,purchase_order,10,
648,1,518,2026-01-06,delivery,12,purchase_order,10,
649,1,519,2026-01-06,delivery,24,purchase_order,10,
650,1,520,2026-01-06,delivery,12,purchase_order,10,
651,1,522,2026-01-06,delivery,6,purchase_order,10,
652,1,362,2026-01-06,shrinkage,-1,,,Cycle count variance
653,1,493,2026-01-06,shrinkage,-1,,,Cycle count variance
654,1,344,2026-01-06,shrinkage,-1,,,Cycle count variance
655,1,346,2026-01-07,delivery,5,purchase_order,17,
656,1,370,2026-01-07,delivery,6,purchase_order,27,
657,1,382,2026-01-07,delivery,12,purchase_order,27,
658,1,485,2026-01-07,shrinkage,-1,,,Cycle count variance
659,1,83,2026-01-07,shrinkage,-2,,,Cycle count variance
660,1,286,2026-01-07,shrinkage,-1,,,Cycle count variance
661,1,28,2026-01-08,delivery,12,purchase_order,13,
662,1,125,2026-01-08,delivery,6,purchase_order,13,
663,1,151,2026-01-08,delivery,17,purchase_order,13,
664,1,161,2026-01-08,delivery,12,purchase_order,13,
665,1,458,2026-01-08,shrinkage,-1,,,Cycle count variance
666,1,410,2026-01-08,shrinkage,-1,,,Cycle count variance
667,1,20,2026-01-09,delivery,1,purchase_order,1,
668,1,22,2026-01-09,delivery,12,purchase_order,1,
669,1,41,2026-01-09,delivery,5,purchase_order,1,
670,1,47,2026-01-09,delivery,12,purchase_order,1,
671,1,129,2026-01-09,delivery,24,purchase_order,1,
672,1,135,2026-01-09,delivery,6,purchase_order,1,
673,1,145,2026-01-09,delivery,24,purchase_order,1,
674,1,153,2026-01-09,delivery,6,purchase_order,1,
675,1,155,2026-01-09,delivery,12,purchase_order,1,
676,1,156,2026-01-09,delivery,6,purchase_order,1,
677,1,165,2026-01-09,delivery,12,purchase_order,1,
678,1,226,2026-01-09,delivery,24,purchase_order,5,
679,1,247,2026-01-09,delivery,8,purchase_order,5,
680,1,264,2026-01-09,delivery,12,purchase_order,5,
681,1,270,2026-01-09,delivery,12,purchase_order,5,
682,1,271,2026-01-09,delivery,6,purchase_order,5,
683,1,277,2026-01-09,delivery,6,purchase_order,5,
684,1,279,2026-01-09,delivery,6,purchase_order,5,
685,1,282,2026-01-09,delivery,12,purchase_order,5,
686,1,286,2026-01-09,delivery,12,purchase_order,5,
687,1,288,2026-01-09,delivery,12,purchase_order,5,
688,1,295,2026-01-09,delivery,6,purchase_order,5,
689,1,301,2026-01-09,delivery,12,purchase_order,5,
690,1,306,2026-01-09,delivery,12,purchase_order,5,
691,1,311,2026-01-09,delivery,12,purchase_order,5,
692,1,527,2026-01-09,delivery,6,purchase_order,11,
693,1,530,2026-01-09,delivery,6,purchase_order,11,
694,1,531,2026-01-09,delivery,6,purchase_order,11,
695,1,532,2026-01-09,delivery,12,purchase_order,11,
696,1,533,2026-01-09,delivery,6,purchase_order,11,
697,1,535,2026-01-09,delivery,12,purchase_order,11,
698,1,536,2026-01-09,delivery,6,purchase_order,11,
699,1,537,2026-01-09,delivery,6,purchase_order,11,
700,1,538,2026-01-09,delivery,24,purchase_order,11,
701,1,539,2026-01-09,delivery,6,purchase_order,11,
702,1,540,2026-01-09,delivery,12,purchase_order,11,
703,1,542,2026-01-09,delivery,24,purchase_order,11,
704,1,543,2026-01-09,delivery,6,purchase_order,11,
705,1,545,2026-01-09,delivery,1,purchase_order,11,
706,1,546,2026-01-09,delivery,6,purchase_order,11,
707,1,548,2026-01-09,delivery,3,purchase_order,11,
708,1,549,2026-01-09,delivery,6,purchase_order,11,
709,1,551,2026-01-09,delivery,3,purchase_order,11,
710,1,554,2026-01-09,delivery,1,purchase_order,11,
711,1,555,2026-01-09,delivery,6,purchase_order,11,
712,1,560,2026-01-09,delivery,12,purchase_order,11,
713,1,561,2026-01-09,delivery,2,purchase_order,11,
714,1,562,2026-01-09,delivery,12,purchase_order,11,
715,1,566,2026-01-09,delivery,6,purchase_order,11,
716,1,570,2026-01-09,delivery,24,purchase_order,11,
717,1,571,2026-01-09,delivery,2,purchase_order,11,
718,1,572,2026-01-09,delivery,6,purchase_order,11,
719,1,573,2026-01-09,delivery,24,purchase_order,11,
720,1,574,2026-01-09,delivery,6,purchase_order,11,
721,1,575,2026-01-09,delivery,2,purchase_order,12,
722,1,576,2026-01-09,delivery,12,purchase_order,12,
723,1,578,2026-01-09,delivery,24,purchase_order,12,
724,1,579,2026-01-09,delivery,6,purchase_order,12,
725,1,580,2026-01-09,delivery,12,purchase_order,12,
726,1,582,2026-01-09,delivery,6,purchase_order,12,
727,1,583,2026-01-09,delivery,6,purchase_order,12,
728,1,584,2026-01-09,delivery,6,purchase_order,12,
729,1,585,2026-01-09,delivery,6,purchase_order,12,
730,1,586,2026-01-09,delivery,6,purchase_order,12,
731,1,587,2026-01-09,delivery,1,purchase_order,12,
732,1,588,2026-01-09,delivery,6,purchase_order,12,
733,1,590,2026-01-09,delivery,6,purchase_order,12,
734,1,591,2026-01-09,delivery,12,purchase_order,12,
735,1,592,2026-01-09,delivery,24,purchase_order,12,
736,1,593,2026-01-09,delivery,6,purchase_order,12,
737,1,594,2026-01-09,delivery,6,purchase_order,12,
738,1,595,2026-01-09,delivery,24,purchase_order,12,
739,1,596,2026-01-09,delivery,6,purchase_order,12,
740,1,597,2026-01-09,delivery,12,purchase_order,12,
741,1,598,2026-01-09,delivery,12,purchase_order,12,
742,1,599,2026-01-09,delivery,6,purchase_order,12,
743,1,600,2026-01-09,delivery,6,purchase_order,12,
744,1,371,2026-01-09,delivery,3,purchase_order,18,
745,1,38,2026-01-09,delivery,6,purchase_order,23,
746,1,131,2026-01-09,delivery,18,purchase_order,23,
747,1,309,2026-01-09,shrinkage,-1,,,Cycle count variance
748,1,412,2026-01-09,shrinkage,-1,,,Cycle count variance
749,1,180,2026-01-10,delivery,12,purchase_order,4,
750,1,191,2026-01-10,delivery,12,purchase_order,4,
751,1,193,2026-01-10,delivery,24,purchase_order,4,
752,1,194,2026-01-10,delivery,6,purchase_order,4,
753,1,196,2026-01-10,delivery,24,purchase_order,4,
754,1,202,2026-01-10,delivery,6,purchase_order,4,
755,1,207,2026-01-10,delivery,24,purchase_order,4,
756,1,210,2026-01-10,delivery,12,purchase_order,4,
757,1,173,2026-01-10,delivery,12,purchase_order,15,
758,1,187,2026-01-10,delivery,24,purchase_order,15,
759,1,211,2026-01-10,delivery,12,purchase_order,15,
760,1,223,2026-01-10,delivery,6,purchase_order,16,
761,1,239,2026-01-10,delivery,24,purchase_order,16,
762,1,260,2026-01-10,delivery,18,purchase_order,16,
763,1,276,2026-01-10,delivery,12,purchase_order,16,
764,1,280,2026-01-10,delivery,24,purchase_order,16,
765,1,292,2026-01-10,delivery,24,purchase_order,16,
766,1,233,2026-01-10,delivery,12,purchase_order,26,
767,1,237,2026-01-10,delivery,18,purchase_order,26,
768,1,238,2026-01-10,delivery,12,purchase_order,26,
769,1,241,2026-01-10,delivery,12,purchase_order,26,
770,1,243,2026-01-10,delivery,42,purchase_order,26,
771,1,268,2026-01-10,delivery,24,purchase_order,26,
772,1,275,2026-01-10,delivery,42,purchase_order,26,
773,1,287,2026-01-10,delivery,4,purchase_order,26,
774,1,291,2026-01-10,delivery,18,purchase_order,26,
775,1,296,2026-01-10,delivery,24,purchase_order,26,
776,1,300,2026-01-10,delivery,12,purchase_order,26,
777,1,308,2026-01-10,delivery,24,purchase_order,26,
778,1,482,2026-01-10,delivery,2,purchase_order,29,
779,1,485,2026-01-10,delivery,12,purchase_order,29,
780,1,523,2026-01-10,delivery,12,purchase_order,30,
781,1,123,2026-01-10,delivery,24,purchase_order,32,
782,1,126,2026-01-10,delivery,36,purchase_order,32,
783,1,168,2026-01-10,delivery,18,purchase_order,32,
784,1,316,2026-01-10,delivery,24,purchase_order,42,
785,1,360,2026-01-10,delivery,3,purchase_order,42,
786,1,362,2026-01-10,delivery,12,purchase_order,42,
787,1,337,2026-01-10,delivery,5,purchase_order,51,
788,1,35,2026-01-11,delivery,24,purchase_order,38,
789,1,42,2026-01-11,delivery,16,purchase_order,38,
790,1,148,2026-01-11,delivery,24,purchase_order,38,
791,1,149,2026-01-11,delivery,12,purchase_order,38,
792,1,164,2026-01-11,delivery,5,purchase_order,38,
793,1,581,2026-01-11,delivery,6,purchase_order,46,
794,1,385,2026-01-11,delivery,12,purchase_order,62,
795,1,77,2026-01-11,delivery,6,purchase_order,67,
796,1,119,2026-01-11,delivery,12,purchase_order,67,
797,1,393,2026-01-12,delivery,6,purchase_order,8,
798,1,394,2026-01-12,delivery,1,purchase_order,8,
799,1,397,2026-01-12,delivery,6,purchase_order,8,
800,1,399,2026-01-12,delivery,12,purchase_order,8,
801,1,400,2026-01-12,delivery,12,purchase_order,8,
802,1,401,2026-01-12,delivery,6,purchase_order,8,
803,1,403,2026-01-12,delivery,6,purchase_order,8,
804,1,404,2026-01-12,delivery,6,purchase_order,8,
805,1,405,2026-01-12,delivery,12,purchase_order,8,
806,1,409,2026-01-12,delivery,24,purchase_order,8,
807,1,410,2026-01-12,delivery,24,purchase_order,8,
808,1,412,2026-01-12,delivery,6,purchase_order,8,
809,1,413,2026-01-12,delivery,6,purchase_order,8,
810,1,415,2026-01-12,delivery,12,purchase_order,8,
811,1,416,2026-01-12,delivery,24,purchase_order,8,
812,1,417,2026-01-12,delivery,6,purchase_order,8,
813,1,418,2026-01-12,delivery,6,purchase_order,8,
814,1,420,2026-01-12,delivery,12,purchase_order,8,
815,1,421,2026-01-12,delivery,6,purchase_order,8,
816,1,423,2026-01-12,delivery,6,purchase_order,8,
817,1,428,2026-01-12,delivery,12,purchase_order,8,
818,1,429,2026-01-12,delivery,7,purchase_order,8,
819,1,430,2026-01-12,delivery,12,purchase_order,8,
820,1,432,2026-01-12,delivery,24,purchase_order,8,
821,1,433,2026-01-12,delivery,6,purchase_order,8,
822,1,434,2026-01-12,delivery,24,purchase_order,8,
823,1,436,2026-01-12,delivery,24,purchase_order,8,
824,1,437,2026-01-12,delivery,6,purchase_order,8,
825,1,438,2026-01-12,delivery,24,purchase_order,8,
826,1,439,2026-01-12,delivery,12,purchase_order,8,
827,1,441,2026-01-12,delivery,12,purchase_order,8,
828,1,442,2026-01-12,delivery,12,purchase_order,8,
829,1,443,2026-01-12,delivery,6,purchase_order,8,
830,1,444,2026-01-12,delivery,2,purchase_order,8,
831,1,589,2026-01-12,delivery,5,purchase_order,22,
832,1,203,2026-01-12,delivery,18,purchase_order,33,
833,1,216,2026-01-12,delivery,24,purchase_order,33,
834,1,346,2026-01-12,delivery,5,purchase_order,61,
835,1,348,2026-01-12,delivery,12,purchase_order,61,
836,1,353,2026-01-12,delivery,12,purchase_order,61,
837,1,366,2026-01-12,delivery,24,purchase_order,61,
838,1,324,2026-01-12,delivery,48,purchase_order,79,
839,1,339,2026-01-12,delivery,6,purchase_order,79,
840,1,368,2026-01-12,delivery,3,purchase_order,80,
841,1,378,2026-01-12,delivery,12,purchase_order,80,
842,1,388,2026-01-12,delivery,12,purchase_order,80,
843,1,389,2026-01-12,delivery,12,purchase_order,80,
844,1,203,2026-01-12,shrinkage,-2,,,Cycle count variance
845,1,135,2026-01-12,shrinkage,-2,,,Cycle count variance
846,1,445,2026-01-13,delivery,8,purchase_order,9,
847,1,446,2026-01-13,delivery,12,purchase_order,9,
848,1,448,2026-01-13,delivery,12,purchase_order,9,
849,1,449,2026-01-13,delivery,12,purchase_order,9,
850,1,450,2026-01-13,delivery,12,purchase_order,9,
851,1,451,2026-01-13,delivery,12,purchase_order,9,
852,1,453,2026-01-13,delivery,24,purchase_order,9,
853,1,458,2026-01-13,delivery,2,purchase_order,9,
854,1,460,2026-01-13,delivery,2,purchase_order,9,
855,1,461,2026-01-13,delivery,24,purchase_order,9,
856,1,465,2026-01-13,delivery,3,purchase_order,9,
857,1,60,2026-01-13,delivery,48,purchase_order,14,
858,1,74,2026-01-13,delivery,18,purchase_order,14,
859,1,447,2026-01-13,delivery,6,purchase_order,20,
860,1,188,2026-01-13,delivery,12,purchase_order,25,
861,1,195,2026-01-13,delivery,24,purchase_order,25,
862,1,218,2026-01-13,delivery,66,purchase_order,25,
863,1,367,2026-01-13,delivery,18,purchase_order,52,
864,1,369,2026-01-13,delivery,6,purchase_order,52,
865,1,372,2026-01-13,delivery,12,purchase_order,52,
866,1,377,2026-01-13,delivery,24,purchase_order,52,
867,1,391,2026-01-13,delivery,12,purchase_order,52,
868,1,5,2026-01-13,delivery,24,purchase_order,57,
869,1,144,2026-01-13,delivery,12,purchase_order,57,
870,1,152,2026-01-13,delivery,6,purchase_order,57,
871,1,167,2026-01-13,delivery,84,purchase_order,57,
872,1,12,2026-01-13,delivery,12,purchase_order,65,
873,1,18,2026-01-13,delivery,24,purchase_order,65,
874,1,31,2026-01-13,delivery,12,purchase_order,65,
875,1,132,2026-01-13,delivery,6,purchase_order,65,
876,1,133,2026-01-13,delivery,24,purchase_order,65,
877,1,136,2026-01-13,delivery,24,purchase_order,65,
878,1,140,2026-01-13,delivery,18,purchase_order,65,
879,1,141,2026-01-13,delivery,24,purchase_order,65,
880,1,154,2026-01-13,delivery,7,purchase_order,65,
881,1,342,2026-01-13,delivery,42,purchase_order,89,
882,1,356,2026-01-13,delivery,6,purchase_order,89,
883,1,50,2026-01-14,delivery,6,purchase_order,2,
884,1,51,2026-01-14,delivery,1,purchase_order,2,
885,1,56,2026-01-14,delivery,60,purchase_order,2,
886,1,59,2026-01-14,delivery,12,purchase_order,2,
887,1,63,2026-01-14,delivery,12,purchase_order,2,
888,1,64,2026-01-14,delivery,13,purchase_order,2,
889,1,66,2026-01-14,delivery,114,purchase_order,2,
890,1,67,2026-01-14,delivery,24,purchase_order,2,
891,1,547,2026-01-14,delivery,6,purchase_order,21,
892,1,563,2026-01-14,delivery,12,purchase_order,21,
893,1,49,2026-01-14,delivery,47,purchase_order,24,
894,1,52,2026-01-14,delivery,24,purchase_order,24,
895,1,61,2026-01-14,delivery,24,purchase_order,24,
896,1,462,2026-01-14,delivery,12,purchase_order,36,
897,1,109,2026-01-14,delivery,12,purchase_order,58,
898,1,122,2026-01-14,delivery,48,purchase_order,58,
899,1,472,2026-01-14,delivery,24,purchase_order,72,
900,1,508,2026-01-14,delivery,12,purchase_order,72,
901,1,92,2026-01-14,delivery,24,purchase_order,86,
902,1,120,2026-01-14,delivery,12,purchase_order,86,
903,1,374,2026-01-14,delivery,15,purchase_order,90,
904,1,375,2026-01-14,delivery,24,purchase_order,90,
905,1,383,2026-01-14,delivery,13,purchase_order,90,
906,1,365,2026-01-14,delivery,60,purchase_order,98,
907,1,396,2026-01-15,delivery,24,purchase_order,19,
908,1,407,2026-01-15,delivery,12,purchase_order,19,
909,1,411,2026-01-15,delivery,6,purchase_order,19,
910,1,53,2026-01-15,delivery,15,purchase_order,31,
911,1,71,2026-01-15,delivery,24,purchase_order,31,
912,1,175,2026-01-15,delivery,24,purchase_order,40,
913,1,222,2026-01-15,delivery,48,purchase_order,41,
914,1,228,2026-01-15,delivery,20,purchase_order,41,
915,1,309,2026-01-15,delivery,24,purchase_order,41,
916,1,313,2026-01-15,delivery,6,purchase_order,41,
917,1,488,2026-01-15,delivery,6,purchase_order,45,
918,1,492,2026-01-15,delivery,6,purchase_order,45,
919,1,497,2026-01-15,delivery,3,purchase_order,45,
920,1,521,2026-01-15,delivery,12,purchase_order,45,
921,1,261,2026-01-15,delivery,12,purchase_order,50,
922,1,267,2026-01-15,delivery,13,purchase_order,50,
923,1,269,2026-01-15,delivery,42,purchase_order,50,
924,1,284,2026-01-15,delivery,12,purchase_order,50,
925,1,297,2026-01-15,delivery,6,purchase_order,50,
926,1,305,2026-01-15,delivery,72,purchase_order,50,
927,1,524,2026-01-15,delivery,4,purchase_order,56,
928,1,171,2026-01-15,delivery,19,purchase_order,59,
929,1,172,2026-01-15,delivery,32,purchase_order,59,
930,1,181,2026-01-15,delivery,5,purchase_order,59,
931,1,215,2026-01-15,delivery,24,purchase_order,59,
932,1,541,2026-01-15,delivery,24,purchase_order,64,
933,1,559,2026-01-15,delivery,6,purchase_order,64,
934,1,225,2026-01-15,delivery,24,purchase_order,69,
935,1,227,2026-01-15,delivery,6,purchase_order,69,
936,1,259,2026-01-15,delivery,12,purchase_order,69,
937,1,272,2026-01-15,delivery,6,purchase_order,69,
938,1,298,2026-01-15,delivery,19,purchase_order,69,
939,1,299,2026-01-15,delivery,60,purchase_order,69,
940,1,15,2026-01-15,delivery,36,purchase_order,74,
941,1,27,2026-01-15,delivery,12,purchase_order,74,
942,1,124,2026-01-15,delivery,60,purchase_order,74,
943,1,143,2026-01-15,delivery,26,purchase_order,74,
944,1,160,2026-01-15,delivery,36,purchase_order,74,
945,1,102,2026-01-15,delivery,18,purchase_order,95,
946,1,116,2026-01-15,delivery,24,purchase_order,95,
947,1,84,2026-01-15,delivery,6,purchase_order,106,
948,1,89,2026-01-15,delivery,12,purchase_order,106,
949,1,112,2026-01-15,delivery,18,purchase_order,106,
950,1,82,2026-01-15,shrinkage,-1,,,Cycle count variance
951,1,207,2026-01-15,shrinkage,-1,,,Cycle count variance
952,1,457,2026-01-16,delivery,12,purchase_order,28,
953,1,469,2026-01-16,delivery,12,purchase_order,28,
954,1,232,2026-01-16,delivery,23,purchase_order,34,
955,1,278,2026-01-16,delivery,72,purchase_order,34,
956,1,525,2026-01-16,delivery,21,purchase_order,37,
957,1,544,2026-01-16,delivery,24,purchase_order,37,
958,1,550,2026-01-16,delivery,12,purchase_order,37,
959,1,565,2026-01-16,delivery,42,purchase_order,37,
960,1,65,2026-01-16,delivery,6,purchase_order,39,
961,1,425,2026-01-16,delivery,3,purchase_order,43,
962,1,456,2026-01-16,delivery,3,purchase_order,44,
963,1,466,2026-01-16,delivery,5,purchase_order,44,
964,1,19,2026-01-16,delivery,24,purchase_order,47,
965,1,37,2026-01-16,delivery,24,purchase_order,47,
966,1,127,2026-01-16,delivery,48,purchase_order,47,
967,1,134,2026-01-16,delivery,72,purchase_order,47,
968,1,142,2026-01-16,delivery,24,purchase_order,47,
969,1,474,2026-01-16,delivery,24,purchase_order,55,
970,1,500,2026-01-16,delivery,1,purchase_order,55,
971,1,99,2026-01-16,delivery,8,purchase_order,76,
972,1,479,2026-01-16,delivery,6,purchase_order,82,
973,1,504,2026-01-16,delivery,14,purchase_order,82,
974,1,505,2026-01-16,delivery,24,purchase_order,82,
975,1,511,2026-01-16,delivery,12,purchase_order,82,
976,1,39,2026-01-16,delivery,12,purchase_order,84,
977,1,137,2026-01-16,delivery,12,purchase_order,84,
978,1,146,2026-01-16,delivery,24,purchase_order,84,
979,1,147,2026-01-16,delivery,6,purchase_order,84,
980,1,150,2026-01-16,delivery,48,purchase_order,84,
981,1,159,2026-01-16,delivery,12,purchase_order,84,
982,1,490,2026-01-16,delivery,6,purchase_order,93,
983,1,510,2026-01-16,delivery,12,purchase_order,93,
984,1,45,2026-01-16,delivery,24,purchase_order,94,
985,1,384,2026-01-16,delivery,12,purchase_order,110,
986,1,392,2026-01-16,delivery,12,purchase_order,110,
987,1,76,2026-01-16,delivery,42,purchase_order,117,
988,1,103,2026-01-16,delivery,12,purchase_order,117,
989,1,111,2026-01-16,delivery,48,purchase_order,117,
990,1,370,2026-01-16,delivery,6,purchase_order,121,
991,1,85,2026-01-16,shrinkage,-2,,,Cycle count variance
992,1,431,2026-01-17,delivery,6,purchase_order,35,
993,1,55,2026-01-17,delivery,24,purchase_order,48,
994,1,69,2026-01-17,delivery,36,purchase_order,48,
995,1,70,2026-01-17,delivery,6,purchase_order,48,
996,1,73,2026-01-17,delivery,24,purchase_order,48,
997,1,467,2026-01-17,delivery,24,purchase_order,54,
998,1,212,2026-01-17,delivery,24,purchase_order,77,
999,1,224,2026-01-17,delivery,6,purchase_order,78,
1000,1,234,2026-01-17,delivery,12,purchase_order,78,
1001,1,252,2026-01-17,delivery,18,purchase_order,78,
1002,1,283,2026-01-17,delivery,24,purchase_order,78,
1003,1,290,2026-01-17,delivery,24,purchase_order,78,
1004,1,294,2026-01-17,delivery,12,purchase_order,78,
1005,1,303,2026-01-17,delivery,24,purchase_order,78,
1006,1,310,2026-01-17,delivery,24,purchase_order,78,
1007,1,323,2026-01-17,delivery,36,purchase_order,120,
1008,1,343,2026-01-17,delivery,12,purchase_order,120,
1009,1,110,2026-01-17,shrinkage,-1,,,Cycle count variance
1010,1,448,2026-01-17,shrinkage,-2,,,Cycle count variance
1011,1,586,2026-01-17,shrinkage,-2,,,Cycle count variance
1012,1,174,2026-01-18,delivery,36,purchase_order,49,
1013,1,184,2026-01-18,delivery,12,purchase_order,49,
1014,1,200,2026-01-18,delivery,24,purchase_order,49,
1015,1,204,2026-01-18,delivery,48,purchase_order,49,
1016,1,414,2026-01-18,delivery,24,purchase_order,53,
1017,1,427,2026-01-18,delivery,54,purchase_order,53,
1018,1,176,2026-01-18,delivery,48,purchase_order,68,
1019,1,177,2026-01-18,delivery,12,purchase_order,68,
1020,1,179,2026-01-18,delivery,24,purchase_order,68,
1021,1,185,2026-01-18,delivery,24,purchase_order,68,
1022,1,199,2026-01-18,delivery,12,purchase_order,68,
1023,1,201,2026-01-18,delivery,18,purchase_order,68,
1024,1,214,2026-01-18,delivery,24,purchase_order,68,
1025,1,528,2026-01-18,delivery,24,purchase_order,83,
1026,1,553,2026-01-18,delivery,6,purchase_order,83,
1027,1,567,2026-01-18,delivery,2,purchase_order,83,
1028,1,183,2026-01-18,delivery,12,purchase_order,87,
1029,1,192,2026-01-18,delivery,12,purchase_order,87,
1030,1,197,2026-01-18,delivery,12,purchase_order,87,
1031,1,376,2026-01-18,delivery,24,purchase_order,99,
1032,1,477,2026-01-18,delivery,6,purchase_order,113,
1033,1,486,2026-01-18,delivery,12,purchase_order,113,
1034,1,499,2026-01-18,delivery,12,purchase_order,113,
1035,1,79,2026-01-18,delivery,6,purchase_order,125,
1036,1,82,2026-01-18,delivery,36,purchase_order,125,
1037,1,86,2026-01-18,delivery,24,purchase_order,125,
1038,1,87,2026-01-18,delivery,12,purchase_order,125,
1039,1,90,2026-01-18,delivery,204,purchase_order,125,
1040,1,93,2026-01-18,delivery,78,purchase_order,125,
1041,1,114,2026-01-18,delivery,24,purchase_order,131,
1042,1,121,2026-01-18,delivery,60,purchase_order,131,
1043,1,220,2026-01-19,delivery,11,purchase_order,60,
1044,1,231,2026-01-19,delivery,12,purchase_order,60,
1045,1,253,2026-01-19,delivery,24,purchase_order,60,
1046,1,258,2026-01-19,delivery,12,purchase_order,60,
1047,1,266,2026-01-19,delivery,12,purchase_order,60,
1048,1,274,2026-01-19,delivery,24,purchase_order,60,
1049,1,293,2026-01-19,delivery,12,purchase_order,60,
1050,1,307,2026-01-19,delivery,24,purchase_order,60,
1051,1,468,2026-01-19,delivery,12,purchase_order,81,
1052,1,577,2026-01-19,delivery,12,purchase_order,104,
1053,1,558,2026-01-19,delivery,96,purchase_order,114,
1054,1,473,2026-01-19,delivery,1,purchase_order,122,
1055,1,482,2026-01-19,delivery,2,purchase_order,122,
1056,1,351,2026-01-19,delivery,12,purchase_order,133,
1057,1,355,2026-01-19,delivery,6,purchase_order,133,
1058,1,373,2026-01-19,delivery,12,purchase_order,134,
1059,1,81,2026-01-19,delivery,10,purchase_order,140,
1060,1,85,2026-01-19,delivery,48,purchase_order,140,
1061,1,96,2026-01-19,delivery,3,purchase_order,140,
1062,1,118,2026-01-19,delivery,114,purchase_order,140,
1063,1,390,2026-01-19,delivery,36,purchase_order,144,
1064,1,371,2026-01-19,delivery,3,purchase_order,153,
1065,1,557,2026-01-20,delivery,12,purchase_order,73,
1066,1,568,2026-01-20,delivery,9,purchase_order,73,
1067,1,569,2026-01-20,delivery,6,purchase_order,73,
1068,1,221,2026-01-20,delivery,24,purchase_order,88,
1069,1,242,2026-01-20,delivery,6,purchase_order,88,
1070,1,245,2026-01-20,delivery,18,purchase_order,88,
1071,1,246,2026-01-20,delivery,36,purchase_order,88,
1072,1,250,2026-01-20,delivery,6,purchase_order,88,
1073,1,273,2026-01-20,delivery,12,purchase_order,88,
1074,1,1,2026-01-20,delivery,35,purchase_order,105,
1075,1,34,2026-01-20,delivery,24,purchase_order,105,
1076,1,139,2026-01-20,delivery,12,purchase_order,105,
1077,1,163,2026-01-20,delivery,6,purchase_order,105,
1078,1,349,2026-01-20,delivery,24,purchase_order,109,
1079,1,354,2026-01-20,delivery,12,purchase_order,109,
1080,1,360,2026-01-20,delivery,3,purchase_order,109,
1081,1,236,2026-01-20,delivery,12,purchase_order,119,
1082,1,240,2026-01-20,delivery,24,purchase_order,119,
1083,1,244,2026-01-20,delivery,18,purchase_order,119,
1084,1,289,2026-01-20,delivery,12,purchase_order,119,
1085,1,7,2026-01-20,delivery,18,purchase_order,124,
1086,1,11,2026-01-20,delivery,24,purchase_order,124,
1087,1,169,2026-01-20,delivery,6,purchase_order,124,
1088,1,80,2026-01-20,shrinkage,-1,,,Cycle count variance
1089,1,395,2026-01-21,delivery,17,purchase_order,70,
1090,1,402,2026-01-21,delivery,24,purchase_order,70,
1091,1,398,2026-01-21,delivery,24,purchase_order,91,
1092,1,408,2026-01-21,delivery,21,purchase_order,91,
1093,1,426,2026-01-21,delivery,6,purchase_order,91,
1094,1,435,2026-01-21,delivery,4,purchase_order,91,
1095,1,178,2026-01-21,delivery,72,purchase_order,96,
1096,1,205,2026-01-21,delivery,8,purchase_order,96,
1097,1,251,2026-01-21,delivery,14,purchase_order,97,
1098,1,256,2026-01-21,delivery,24,purchase_order,97,
1099,1,263,2026-01-21,delivery,48,purchase_order,97,
1100,1,281,2026-01-21,delivery,12,purchase_order,97,
1101,1,517,2026-01-21,delivery,1,purchase_order,102,
1102,1,526,2026-01-21,delivery,6,purchase_order,103,
1103,1,41,2026-01-21,delivery,5,purchase_order,130,
1104,1,44,2026-01-21,delivery,48,purchase_order,130,
1105,1,128,2026-01-21,delivery,48,purchase_order,130,
1106,1,157,2026-01-21,delivery,18,purchase_order,130,
1107,1,166,2026-01-21,delivery,36,purchase_order,130,
1108,1,104,2026-01-21,delivery,88,purchase_order,149,
1109,1,106,2026-01-21,delivery,24,purchase_order,149,
1110,1,446,2026-01-21,shrinkage,-2,,,Cycle count variance
1111,1,454,2026-01-22,delivery,6,purchase_order,63,
1112,1,459,2026-01-22,delivery,24,purchase_order,63,
1113,1,470,2026-01-22,delivery,10,purchase_order,63,
1114,1,208,2026-01-22,delivery,24,purchase_order,107,
1115,1,186,2026-01-22,delivery,24,purchase_order,126,
1116,1,203,2026-01-22,delivery,18,purchase_order,126,
1117,1,552,2026-01-22,delivery,12,purchase_order,129,
1118,1,500,2026-01-22,delivery,1,purchase_order,136,
1119,1,503,2026-01-22,delivery,12,purchase_order,136,
1120,1,513,2026-01-22,delivery,6,purchase_order,136,
1121,1,6,2026-01-22,delivery,84,purchase_order,138,
1122,1,23,2026-01-22,delivery,24,purchase_order,138,
1123,1,36,2026-01-22,delivery,30,purchase_order,138,
1124,1,138,2026-01-22,delivery,24,purchase_order,138,
1125,1,162,2026-01-22,delivery,6,purchase_order,138,
1126,1,110,2026-01-22,delivery,252,purchase_order,155,
1127,1,315,2026-01-22,delivery,24,purchase_order,157,
1128,1,331,2026-01-22,delivery,4,purchase_order,157,
1129,1,347,2026-01-22,delivery,24,purchase_order,157,
1130,1,80,2026-01-22,delivery,24,purchase_order,160,
1131,1,98,2026-01-22,delivery,84,purchase_order,160,
1132,1,101,2026-01-22,delivery,30,purchase_order,160,
1133,1,372,2026-01-22,delivery,12,purchase_order,163,
1134,1,54,2026-01-23,delivery,24,purchase_order,66,
1135,1,57,2026-01-23,delivery,24,purchase_order,66,
1136,1,68,2026-01-23,delivery,48,purchase_order,66,
1137,1,463,2026-01-23,delivery,12,purchase_order,71,
1138,1,8,2026-01-23,delivery,96,purchase_order,115,
1139,1,9,2026-01-23,delivery,12,purchase_order,115,
1140,1,14,2026-01-23,delivery,6,purchase_order,115,
1141,1,20,2026-01-23,delivery,1,purchase_order,115,
1142,1,26,2026-01-23,delivery,24,purchase_order,115,
1143,1,130,2026-01-23,delivery,34,purchase_order,115,
1144,1,158,2026-01-23,delivery,72,purchase_order,115,
1145,1,51,2026-01-23,delivery,1,purchase_order,116,
1146,1,206,2026-01-23,delivery,24,purchase_order,118,
1147,1,209,2026-01-23,delivery,24,purchase_order,118,
1148,1,213,2026-01-23,delivery,12,purchase_order,118,
1149,1,248,2026-01-23,delivery,12,purchase_order,127,
1150,1,304,2026-01-23,delivery,30,purchase_order,127,
1151,1,312,2026-01-23,delivery,12,purchase_order,127,
1152,1,314,2026-01-23,delivery,19,purchase_order,127,
1153,1,529,2026-01-23,delivery,12,purchase_order,137,
1154,1,543,2026-01-23,delivery,6,purchase_order,137,
1155,1,556,2026-01-23,delivery,24,purchase_order,137,
1156,1,494,2026-01-23,delivery,1,purchase_order,146,
1157,1,62,2026-01-24,delivery,72,purchase_order,75,
1158,1,72,2026-01-24,delivery,31,purchase_order,75,
1159,1,394,2026-01-24,delivery,1,purchase_order,100,
1160,1,422,2026-01-24,delivery,24,purchase_order,100,
1161,1,452,2026-01-24,delivery,24,purchase_order,101,
1162,1,455,2026-01-24,delivery,27,purchase_order,101,
1163,1,249,2026-01-24,delivery,8,purchase_order,108,
1164,1,257,2026-01-24,delivery,48,purchase_order,108,
1165,1,262,2026-01-24,delivery,105,purchase_order,108,
1166,1,265,2026-01-24,delivery,12,purchase_order,108,
1167,1,302,2026-01-24,delivery,12,purchase_order,108,
1168,1,478,2026-01-24,delivery,2,purchase_order,128,
1169,1,270,2026-01-24,delivery,12,purchase_order,132,
1170,1,321,2026-01-24,delivery,36,purchase_order,143,
1171,1,356,2026-01-24,delivery,6,purchase_order,143,
1172,1,88,2026-01-24,delivery,3,purchase_order,168,
1173,1,117,2026-01-24,delivery,24,purchase_order,168,
1174,1,320,2026-01-24,delivery,36,purchase_order,171,
1175,1,367,2026-01-24,delivery,18,purchase_order,179,
1176,1,506,2026-01-24,shrinkage,-1,,,Cycle count variance
1177,1,58,2026-01-25,delivery,36,purchase_order,85,
1178,1,464,2026-01-25,delivery,36,purchase_order,92,
1179,1,440,2026-01-25,delivery,6,purchase_order,111,
1180,1,458,2026-01-25,delivery,2,purchase_order,112,
1181,1,460,2026-01-25,delivery,2,purchase_order,112,
1182,1,534,2026-01-25,delivery,24,purchase_order,123,
1183,1,456,2026-01-25,delivery,3,purchase_order,135,
1184,1,182,2026-01-25,delivery,6,purchase_order,141,
1185,1,10,2026-01-25,delivery,18,purchase_order,147,
1186,1,21,2026-01-25,delivery,12,purchase_order,147,
1187,1,48,2026-01-25,delivery,30,purchase_order,147,
1188,1,151,2026-01-25,delivery,17,purchase_order,147,
1189,1,260,2026-01-25,delivery,18,purchase_order,151,
1190,1,318,2026-01-25,delivery,24,purchase_order,152,
1191,1,326,2026-01-25,delivery,24,purchase_order,152,
1192,1,487,2026-01-25,delivery,12,purchase_order,173,
1193,1,495,2026-01-25,delivery,12,purchase_order,173,
1194,1,517,2026-01-25,delivery,1,purchase_order,173,
1195,1,91,2026-01-25,delivery,66,purchase_order,175,
1196,1,95,2026-01-25,delivery,48,purchase_order,175,
1197,1,105,2026-01-25,delivery,48,purchase_order,175,
1198,1,107,2026-01-25,delivery,12,purchase_order,175,
1199,1,113,2026-01-25,delivery,6,purchase_order,175,
1200,1,348,2026-01-25,delivery,12,purchase_order,178,
1201,1,78,2026-01-25,delivery,48,purchase_order,183,
1202,1,115,2026-01-25,delivery,11,purchase_order,183,
1203,1,382,2026-01-25,delivery,12,purchase_order,187,
1204,1,255,2026-01-26,delivery,10,purchase_order,156,
1205,1,219,2026-01-26,delivery,24,purchase_order,162,
1206,1,229,2026-01-26,delivery,6,purchase_order,162,
1207,1,267,2026-01-26,delivery,13,purchase_order,162,
1208,1,275,2026-01-26,delivery,42,purchase_order,162,
1209,1,292,2026-01-26,delivery,24,purchase_order,162,
1210,1,297,2026-01-26,delivery,6,purchase_order,162,
1211,1,309,2026-01-26,delivery,24,purchase_order,162,
1212,1,406,2026-01-27,delivery,24,purchase_order,145,
1213,1,410,2026-01-27,delivery,24,purchase_order,145,
1214,1,424,2026-01-27,delivery,12,purchase_order,145,
1215,1,429,2026-01-27,delivery,7,purchase_order,145,
1216,1,524,2026-01-27,delivery,4,purchase_order,158,
1217,1,13,2026-01-27,delivery,72,purchase_order,159,
1218,1,131,2026-01-27,delivery,18,purchase_order,159,
1219,1,507,2026-01-27,delivery,24,purchase_order,164,
1220,1,38,2026-01-27,delivery,6,purchase_order,166,
1221,1,40,2026-01-27,delivery,36,purchase_order,166,
1222,1,42,2026-01-27,delivery,16,purchase_order,166,
1223,1,43,2026-01-27,delivery,10,purchase_order,166,
1224,1,46,2026-01-27,delivery,30,purchase_order,166,
1225,1,143,2026-01-27,delivery,26,purchase_order,166,
1226,1,164,2026-01-27,delivery,5,purchase_order,166,
1227,1,168,2026-01-27,delivery,18,purchase_order,166,
1228,1,20,2026-01-27,delivery,1,purchase_order,181,
1229,1,330,2026-01-27,delivery,36,purchase_order,186,
1230,1,334,2026-01-27,delivery,24,purchase_order,186,
1231,1,336,2026-01-27,delivery,24,purchase_order,196,
1232,1,338,2026-01-27,delivery,12,purchase_order,196,
1233,1,97,2026-01-27,delivery,24,purchase_order,202,
1234,1,108,2026-01-27,delivery,24,purchase_order,202,
1235,1,374,2026-01-27,delivery,15,purchase_order,206,
1236,1,383,2026-01-27,delivery,13,purchase_order,206,
1237,1,533,2026-01-27,shrinkage,-1,,,Cycle count variance
1238,1,120,2026-01-27,shrinkage,-1,,,Cycle count variance
1239,1,523,2026-01-27,shrinkage,-1,,,Cycle count variance
1240,1,254,2026-01-28,delivery,12,purchase_order,142,
1241,1,60,2026-01-28,delivery,48,purchase_order,148,
1242,1,64,2026-01-28,delivery,13,purchase_order,148,
1243,1,438,2026-01-28,delivery,24,purchase_order,154,
1244,1,175,2026-01-28,delivery,24,purchase_order,161,
1245,1,564,2026-01-28,delivery,12,purchase_order,165,
1246,1,190,2026-01-28,delivery,6,purchase_order,169,
1247,1,218,2026-01-28,delivery,66,purchase_order,176,
1248,1,497,2026-01-28,delivery,3,purchase_order,180,
1249,1,500,2026-01-28,delivery,1,purchase_order,180,
1250,1,589,2026-01-28,delivery,5,purchase_order,191,
1251,1,588,2026-01-28,delivery,6,purchase_order,200,
1252,1,100,2026-01-28,delivery,24,purchase_order,210,
1253,1,372,2026-01-28,delivery,12,purchase_order,215,
1254,1,388,2026-01-28,delivery,12,purchase_order,215,
1255,1,33,2026-01-28,shrinkage,-1,,,Cycle count variance
1256,1,66,2026-01-29,delivery,114,purchase_order,139,
1257,1,198,2026-01-29,delivery,12,purchase_order,150,
1258,1,216,2026-01-29,delivery,24,purchase_order,150,
1259,1,217,2026-01-29,delivery,6,purchase_order,150,
1260,1,172,2026-01-29,delivery,32,purchase_order,184,
1261,1,187,2026-01-29,delivery,24,purchase_order,184,
1262,1,332,2026-01-29,delivery,12,purchase_order,205,
1263,1,342,2026-01-29,delivery,42,purchase_order,205,
1264,1,344,2026-01-29,delivery,6,purchase_order,205,
1265,1,335,2026-01-29,delivery,12,purchase_order,214,
1266,1,365,2026-01-29,delivery,60,purchase_order,214,
1267,1,370,2026-01-29,delivery,6,purchase_order,232,
1268,1,386,2026-01-29,delivery,12,purchase_order,232,
1269,1,46,2026-01-29,shrinkage,-1,,,Cycle count variance
1270,1,474,2026-01-29,shrinkage,-1,,,Cycle count variance
1271,1,28,2026-01-29,shrinkage,-2,,,Cycle count variance
1272,1,52,2026-01-30,delivery,24,purchase_order,167,
1273,1,53,2026-01-30,delivery,15,purchase_order,167,
1274,1,228,2026-01-30,delivery,20,purchase_order,177,
1275,1,237,2026-01-30,delivery,18,purchase_order,177,
1276,1,272,2026-01-30,delivery,6,purchase_order,177,
1277,1,278,2026-01-30,delivery,72,purchase_order,177,
1278,1,285,2026-01-30,delivery,6,purchase_order,177,
1279,1,243,2026-01-30,delivery,42,purchase_order,185,
1280,1,276,2026-01-30,delivery,12,purchase_order,185,
1281,1,294,2026-01-30,delivery,12,purchase_order,185,
1282,1,296,2026-01-30,delivery,24,purchase_order,185,
1283,1,299,2026-01-30,delivery,60,purchase_order,185,
1284,1,310,2026-01-30,delivery,24,purchase_order,185,
1285,1,546,2026-01-30,delivery,6,purchase_order,190,
1286,1,260,2026-01-30,shrinkage,-2,,,Cycle count variance
1287,1,299,2026-01-30,shrinkage,-1,,,Cycle count variance
1288,1,214,2026-01-30,shrinkage,-1,,,Cycle count variance
1289,1,401,2026-01-31,delivery,6,purchase_order,172,
1290,1,423,2026-01-31,delivery,6,purchase_order,172,
1291,1,25,2026-01-31,delivery,102,purchase_order,174,
1292,1,32,2026-01-31,delivery,48,purchase_order,174,
1293,1,123,2026-01-31,delivery,24,purchase_order,174,
1294,1,150,2026-01-31,delivery,48,purchase_order,174,
1295,1,188,2026-01-31,delivery,12,purchase_order,194,
1296,1,230,2026-01-31,delivery,6,purchase_order,195,
1297,1,235,2026-01-31,delivery,6,purchase_order,195,
1298,1,239,2026-01-31,delivery,24,purchase_order,195,
1299,1,271,2026-01-31,delivery,6,purchase_order,195,
1300,1,305,2026-01-31,delivery,72,purchase_order,195,
1301,1,181,2026-01-31,delivery,5,purchase_order,203,
1302,1,222,2026-01-31,delivery,48,purchase_order,204,
1303,1,234,2026-01-31,delivery,12,purchase_order,204,
1304,1,246,2026-01-31,delivery,36,purchase_order,204,
1305,1,283,2026-01-31,delivery,24,purchase_order,204,
1306,1,300,2026-01-31,delivery,12,purchase_order,204,
1307,1,126,2026-01-31,delivery,36,purchase_order,211,
1308,1,137,2026-01-31,delivery,12,purchase_order,211,
1309,1,154,2026-01-31,delivery,7,purchase_order,211,
1310,1,341,2026-01-31,delivery,6,purchase_order,223,
1311,1,337,2026-01-31,delivery,5,purchase_order,231,
1312,1,340,2026-01-31,delivery,12,purchase_order,231,
1313,1,355,2026-01-31,delivery,6,purchase_order,231,
1314,1,99,2026-01-31,delivery,8,purchase_order,244,
1315,1,260,2026-01-31,shrinkage,-1,,,Cycle count variance
1316,1,245,2026-01-31,shrinkage,-1,,,Cycle count variance
1317,1,223,2026-02-01,delivery,6,purchase_order,170,
1318,1,102,2026-02-01,delivery,18,purchase_order,229,
1319,1,329,2026-02-01,delivery,12,purchase_order,240,
1320,1,354,2026-02-01,delivery,12,purchase_order,240,
1321,1,361,2026-02-01,delivery,2,purchase_order,240,
1322,1,327,2026-02-01,delivery,12,purchase_order,247,
1323,1,353,2026-02-01,delivery,12,purchase_order,247,
1324,1,364,2026-02-01,delivery,12,purchase_order,247,
1325,1,368,2026-02-01,delivery,3,purchase_order,248,
1326,1,384,2026-02-01,delivery,12,purchase_order,248,
1327,1,462,2026-02-02,delivery,12,purchase_order,189,
1328,1,17,2026-02-02,delivery,36,purchase_order,192,
1329,1,125,2026-02-02,delivery,6,purchase_order,192,
1330,1,140,2026-02-02,delivery,18,purchase_order,192,
1331,1,162,2026-02-02,delivery,6,purchase_order,192,
1332,1,167,2026-02-02,delivery,84,purchase_order,192,
1333,1,419,2026-02-02,delivery,9,purchase_order,197,
1334,1,482,2026-02-02,delivery,2,purchase_order,199,
1335,1,173,2026-02-02,delivery,12,purchase_order,212,
1336,1,179,2026-02-02,delivery,24,purchase_order,212,
1337,1,551,2026-02-02,delivery,3,purchase_order,218,
1338,1,369,2026-02-02,delivery,6,purchase_order,224,
1339,1,492,2026-02-02,delivery,6,purchase_order,225,
1340,1,561,2026-02-02,delivery,2,purchase_order,226,
1341,1,29,2026-02-02,delivery,24,purchase_order,227,
1342,1,33,2026-02-02,delivery,24,purchase_order,227,
1343,1,127,2026-02-02,delivery,48,purchase_order,227,
1344,1,149,2026-02-02,delivery,12,purchase_order,227,
1345,1,166,2026-02-02,delivery,36,purchase_order,227,
1346,1,575,2026-02-02,delivery,2,purchase_order,235,
1347,1,584,2026-02-02,delivery,6,purchase_order,235,
1348,1,497,2026-02-02,delivery,3,purchase_order,242,
1349,1,374,2026-02-02,delivery,15,purchase_order,258,
1350,1,390,2026-02-02,delivery,36,purchase_order,258,
1351,1,132,2026-02-02,shrinkage,-1,,,Cycle count variance
1352,1,116,2026-02-02,shrinkage,-1,,,Cycle count variance
1353,1,436,2026-02-02,shrinkage,-2,,,Cycle count variance
1354,1,56,2026-02-03,delivery,60,purchase_order,193,
1355,1,71,2026-02-03,delivery,24,purchase_order,193,
1356,1,2,2026-02-03,delivery,180,purchase_order,201,
1357,1,124,2026-02-03,delivery,60,purchase_order,201,
1358,1,147,2026-02-03,delivery,6,purchase_order,201,
1359,1,170,2026-02-03,delivery,3,purchase_order,201,
1360,1,314,2026-02-03,delivery,19,purchase_order,213,
1361,1,86,2026-02-03,delivery,24,purchase_order,262,
1362,1,103,2026-02-03,delivery,12,purchase_order,262,
1363,1,49,2026-02-04,delivery,47,purchase_order,182,
1364,1,51,2026-02-04,delivery,1,purchase_order,182,
1365,1,395,2026-02-04,delivery,17,purchase_order,188,
1366,1,396,2026-02-04,delivery,24,purchase_order,188,
1367,1,427,2026-02-04,delivery,54,purchase_order,207,
1368,1,454,2026-02-04,delivery,6,purchase_order,216,
1369,1,479,2026-02-04,delivery,6,purchase_order,217,
1370,1,171,2026-02-04,delivery,19,purchase_order,221,
1371,1,174,2026-02-04,delivery,36,purchase_order,221,
1372,1,204,2026-02-04,delivery,48,purchase_order,221,
1373,1,211,2026-02-04,delivery,12,purchase_order,221,
1374,1,269,2026-02-04,delivery,42,purchase_order,230,
1375,1,478,2026-02-04,delivery,2,purchase_order,234,
1376,1,489,2026-02-04,delivery,6,purchase_order,234,
1377,1,500,2026-02-04,delivery,1,purchase_order,234,
1378,1,15,2026-02-04,delivery,36,purchase_order,236,
1379,1,144,2026-02-04,delivery,12,purchase_order,236,
1380,1,148,2026-02-04,delivery,24,purchase_order,236,
1381,1,158,2026-02-04,delivery,72,purchase_order,236,
1382,1,159,2026-02-04,delivery,12,purchase_order,236,
1383,1,164,2026-02-04,delivery,5,purchase_order,236,
1384,1,96,2026-02-04,delivery,3,purchase_order,238,
1385,1,4,2026-02-04,delivery,12,purchase_order,243,
1386,1,134,2026-02-04,delivery,72,purchase_order,243,
1387,1,379,2026-02-04,delivery,6,purchase_order,285,
1388,1,27,2026-02-04,shrinkage,-1,,,Cycle count variance
1389,1,461,2026-02-05,delivery,24,purchase_order,198,
1390,1,447,2026-02-05,delivery,6,purchase_order,208,
1391,1,456,2026-02-05,delivery,3,purchase_order,208,
1392,1,457,2026-02-05,delivery,12,purchase_order,208,
1393,1,458,2026-02-05,delivery,2,purchase_order,208,
1394,1,460,2026-02-05,delivery,2,purchase_order,208,
1395,1,55,2026-02-05,delivery,24,purchase_order,209,
1396,1,20,2026-02-05,delivery,1,purchase_order,219,
1397,1,22,2026-02-05,delivery,12,purchase_order,219,
1398,1,251,2026-02-05,delivery,14,purchase_order,239,
1399,1,273,2026-02-05,delivery,12,purchase_order,239,
1400,1,298,2026-02-05,delivery,19,purchase_order,239,
1401,1,308,2026-02-05,delivery,24,purchase_order,239,
1402,1,16,2026-02-05,delivery,18,purchase_order,252,
1403,1,18,2026-02-05,delivery,24,purchase_order,252,
1404,1,30,2026-02-05,delivery,12,purchase_order,252,
1405,1,151,2026-02-05,delivery,17,purchase_order,252,
1406,1,160,2026-02-05,delivery,36,purchase_order,252,
1407,1,163,2026-02-05,delivery,6,purchase_order,252,
1408,1,90,2026-02-05,delivery,204,purchase_order,271,
1409,1,61,2026-02-06,delivery,24,purchase_order,220,
1410,1,69,2026-02-06,delivery,36,purchase_order,220,
1411,1,232,2026-02-06,delivery,23,purchase_order,246,
1412,1,249,2026-02-06,delivery,8,purchase_order,246,
1413,1,252,2026-02-06,delivery,18,purchase_order,246,
1414,1,284,2026-02-06,delivery,12,purchase_order,246,
1415,1,293,2026-02-06,delivery,12,purchase_order,246,
1416,1,114,2026-02-06,delivery,24,purchase_order,254,
1417,1,122,2026-02-06,delivery,48,purchase_order,254,
1418,1,490,2026-02-06,delivery,6,purchase_order,260,
1419,1,504,2026-02-06,delivery,14,purchase_order,260,
1420,1,517,2026-02-06,delivery,1,purchase_order,260,
1421,1,141,2026-02-06,delivery,24,purchase_order,263,
1422,1,473,2026-02-06,delivery,1,purchase_order,268,
1423,1,339,2026-02-06,delivery,6,purchase_order,274,
1424,1,76,2026-02-06,delivery,42,purchase_order,281,
1425,1,110,2026-02-06,delivery,252,purchase_order,281,
1426,1,346,2026-02-06,delivery,5,purchase_order,284,
1427,1,362,2026-02-06,delivery,12,purchase_order,284,
1428,1,421,2026-02-06,shrinkage,-2,,,Cycle count variance
1429,1,206,2026-02-06,shrinkage,-1,,,Cycle count variance
1430,1,287,2026-02-07,delivery,4,purchase_order,222,
1431,1,291,2026-02-07,delivery,18,purchase_order,222,
1432,1,445,2026-02-07,delivery,8,purchase_order,233,
1433,1,186,2026-02-07,delivery,24,purchase_order,245,
1434,1,203,2026-02-07,delivery,18,purchase_order,245,
1435,1,559,2026-02-07,delivery,6,purchase_order,251,
1436,1,565,2026-02-07,delivery,42,purchase_order,251,
1437,1,266,2026-02-07,delivery,12,purchase_order,256,
1438,1,286,2026-02-07,delivery,12,purchase_order,256,
1439,1,289,2026-02-07,delivery,12,purchase_order,256,
1440,1,325,2026-02-07,delivery,6,purchase_order,257,
1441,1,360,2026-02-07,delivery,3,purchase_order,257,
1442,1,553,2026-02-07,delivery,6,purchase_order,261,
1443,1,568,2026-02-07,delivery,9,purchase_order,261,
1444,1,569,2026-02-07,delivery,6,purchase_order,261,
1445,1,175,2026-02-07,delivery,24,purchase_order,264,
1446,1,182,2026-02-07,delivery,6,purchase_order,264,
1447,1,205,2026-02-07,delivery,8,purchase_order,264,
1448,1,216,2026-02-07,delivery,24,purchase_order,264,
1449,1,328,2026-02-07,delivery,36,purchase_order,294,
1450,1,356,2026-02-07,delivery,6,purchase_order,294,
1451,1,373,2026-02-07,delivery,12,purchase_order,304,
1452,1,385,2026-02-07,delivery,12,purchase_order,304,
1453,1,79,2026-02-07,delivery,6,purchase_order,309,
1454,1,85,2026-02-07,delivery,48,purchase_order,309,
1455,1,96,2026-02-07,delivery,3,purchase_order,309,
1456,1,113,2026-02-07,delivery,6,purchase_order,309,
1457,1,116,2026-02-07,delivery,24,purchase_order,309,
1458,1,176,2026-02-07,shrinkage,-2,,,Cycle count variance
1459,1,54,2026-02-08,delivery,24,purchase_order,228,
1460,1,72,2026-02-08,delivery,31,purchase_order,237,
1461,1,242,2026-02-08,delivery,6,purchase_order,265,
1462,1,272,2026-02-08,delivery,6,purchase_order,265,
1463,1,274,2026-02-08,delivery,24,purchase_order,265,
1464,1,319,2026-02-08,delivery,18,purchase_order,266,
1465,1,130,2026-02-08,delivery,34,purchase_order,272,
1466,1,1,2026-02-08,delivery,35,purchase_order,279,
1467,1,14,2026-02-08,delivery,6,purchase_order,279,
1468,1,515,2026-02-08,delivery,5,purchase_order,287,
1469,1,469,2026-02-09,delivery,12,purchase_order,241,
1470,1,431,2026-02-09,delivery,6,purchase_order,249,
1471,1,177,2026-02-09,delivery,12,purchase_order,255,
1472,1,194,2026-02-09,delivery,6,purchase_order,255,
1473,1,198,2026-02-09,delivery,12,purchase_order,255,
1474,1,201,2026-02-09,delivery,18,purchase_order,255,
1475,1,214,2026-02-09,delivery,24,purchase_order,255,
1476,1,217,2026-02-09,delivery,6,purchase_order,255,
1477,1,524,2026-02-09,delivery,4,purchase_order,269,
1478,1,558,2026-02-09,delivery,96,purchase_order,269,
1479,1,260,2026-02-09,delivery,18,purchase_order,273,
1480,1,265,2026-02-09,delivery,12,purchase_order,273,
1481,1,271,2026-02-09,delivery,6,purchase_order,273,
1482,1,482,2026-02-09,delivery,2,purchase_order,276,
1483,1,486,2026-02-09,delivery,12,purchase_order,276,
1484,1,513,2026-02-09,delivery,6,purchase_order,276,
1485,1,19,2026-02-09,delivery,24,purchase_order,289,
1486,1,45,2026-02-09,delivery,24,purchase_order,289,
1487,1,132,2026-02-09,delivery,6,purchase_order,289,
1488,1,143,2026-02-09,delivery,26,purchase_order,289,
1489,1,152,2026-02-09,delivery,6,purchase_order,289,
1490,1,168,2026-02-09,delivery,18,purchase_order,289,
1491,1,169,2026-02-09,delivery,6,purchase_order,289,
1492,1,478,2026-02-09,delivery,2,purchase_order,297,
1493,1,502,2026-02-09,delivery,6,purchase_order,297,
1494,1,112,2026-02-09,delivery,18,purchase_order,302,
1495,1,118,2026-02-09,delivery,114,purchase_order,323,
1496,1,121,2026-02-09,delivery,60,purchase_order,323,
1497,1,39,2026-02-09,shrinkage,-2,,,Cycle count variance
1498,1,53,2026-02-10,delivery,15,purchase_order,253,
1499,1,60,2026-02-10,delivery,48,purchase_order,253,
1500,1,68,2026-02-10,delivery,48,purchase_order,253,
1501,1,70,2026-02-10,delivery,6,purchase_order,253,
1502,1,74,2026-02-10,delivery,18,purchase_order,253,
1503,1,414,2026-02-10,delivery,24,purchase_order,259,
1504,1,525,2026-02-10,delivery,21,purchase_order,277,
1505,1,556,2026-02-10,delivery,24,purchase_order,277,
1506,1,81,2026-02-10,delivery,10,purchase_order,291,
1507,1,82,2026-02-10,delivery,36,purchase_order,291,
1508,1,101,2026-02-10,delivery,30,purchase_order,291,
1509,1,590,2026-02-10,delivery,6,purchase_order,299,
1510,1,20,2026-02-10,delivery,1,purchase_order,300,
1511,1,24,2026-02-10,delivery,24,purchase_order,300,
1512,1,131,2026-02-10,delivery,18,purchase_order,300,
1513,1,170,2026-02-10,delivery,3,purchase_order,300,
1514,1,367,2026-02-10,delivery,18,purchase_order,320,
1515,1,387,2026-02-10,delivery,6,purchase_order,320,
1516,1,392,2026-02-10,delivery,12,purchase_order,320,
1517,1,356,2026-02-10,delivery,6,purchase_order,327,
1518,1,383,2026-02-10,delivery,13,purchase_order,328,
1519,1,388,2026-02-10,delivery,12,purchase_order,337,
1520,1,127,2026-02-10,shrinkage,-2,,,Cycle count variance
1521,1,459,2026-02-11,delivery,24,purchase_order,250,
1522,1,465,2026-02-11,delivery,3,purchase_order,267,
1523,1,577,2026-02-11,delivery,12,purchase_order,278,
1524,1,593,2026-02-11,delivery,6,purchase_order,278,
1525,1,220,2026-02-11,delivery,11,purchase_order,293,
1526,1,257,2026-02-11,delivery,48,purchase_order,293,
1527,1,262,2026-02-11,delivery,105,purchase_order,293,
1528,1,26,2026-02-11,delivery,24,purchase_order,308,
1529,1,42,2026-02-11,delivery,16,purchase_order,308,
1530,1,146,2026-02-11,delivery,24,purchase_order,308,
1531,1,333,2026-02-11,delivery,18,purchase_order,312,
1532,1,492,2026-02-11,delivery,6,purchase_order,314,
1533,1,497,2026-02-11,delivery,3,purchase_order,314,
1534,1,511,2026-02-11,delivery,12,purchase_order,314,
1535,1,115,2026-02-11,delivery,11,purchase_order,333,
1536,1,62,2026-02-12,delivery,72,purchase_order,270,
1537,1,231,2026-02-12,delivery,12,purchase_order,283,
1538,1,250,2026-02-12,delivery,6,purchase_order,283,
1539,1,290,2026-02-12,delivery,24,purchase_order,283,
1540,1,304,2026-02-12,delivery,30,purchase_order,283,
1541,1,470,2026-02-12,delivery,10,purchase_order,286,
1542,1,267,2026-02-12,delivery,13,purchase_order,303,
1543,1,297,2026-02-12,delivery,6,purchase_order,303,
1544,1,238,2026-02-12,delivery,12,purchase_order,311,
1545,1,243,2026-02-12,delivery,42,purchase_order,311,
1546,1,494,2026-02-12,delivery,1,purchase_order,330,
1547,1,389,2026-02-12,delivery,12,purchase_order,344,
1548,1,338,2026-02-12,shrinkage,-2,,,Cycle count variance
1549,1,600,2026-02-12,shrinkage,-1,,,Cycle count variance
1550,1,36,2026-02-12,shrinkage,-1,,,Cycle count variance
1551,1,172,2026-02-13,delivery,32,purchase_order,292,
1552,1,191,2026-02-13,delivery,12,purchase_order,292,
1553,1,528,2026-02-13,delivery,24,purchase_order,298,
1554,1,41,2026-02-13,delivery,5,purchase_order,315,
1555,1,123,2026-02-13,delivery,24,purchase_order,315,
1556,1,150,2026-02-13,delivery,48,purchase_order,315,
1557,1,87,2026-02-13,delivery,12,purchase_order,317,
1558,1,89,2026-02-13,delivery,12,purchase_order,317,
1559,1,93,2026-02-13,delivery,78,purchase_order,317,
1560,1,104,2026-02-13,delivery,88,purchase_order,317,
1561,1,162,2026-02-13,delivery,6,purchase_order,324,
1562,1,331,2026-02-13,delivery,4,purchase_order,336,
1563,1,112,2026-02-13,shrinkage,-2,,,Cycle count variance
1564,1,507,2026-02-13,shrinkage,-1,,,Cycle count variance
1565,1,176,2026-02-14,delivery,48,purchase_order,282,
1566,1,178,2026-02-14,delivery,72,purchase_order,282,
1567,1,184,2026-02-14,delivery,12,purchase_order,282,
1568,1,574,2026-02-14,delivery,6,purchase_order,288,
1569,1,197,2026-02-14,delivery,12,purchase_order,310,
1570,1,181,2026-02-14,delivery,5,purchase_order,318,
1571,1,189,2026-02-14,delivery,3,purchase_order,318,
1572,1,552,2026-02-14,delivery,12,purchase_order,322,
1573,1,473,2026-02-14,delivery,1,purchase_order,339,
1574,1,478,2026-02-14,delivery,2,purchase_order,339,
1575,1,482,2026-02-14,delivery,2,purchase_order,339,
1576,1,103,2026-02-14,delivery,12,purchase_order,350,
1577,1,342,2026-02-14,delivery,42,purchase_order,353,
1578,1,351,2026-02-14,delivery,12,purchase_order,353,
1579,1,353,2026-02-14,delivery,12,purchase_order,353,
1580,1,365,2026-02-14,delivery,60,purchase_order,353,
1581,1,368,2026-02-14,delivery,3,purchase_order,354,
1582,1,370,2026-02-14,delivery,6,purchase_order,354,
1583,1,372,2026-02-14,delivery,12,purchase_order,354,
1584,1,374,2026-02-14,delivery,15,purchase_order,354,
1585,1,73,2026-02-14,shrinkage,-2,,,Cycle count variance
1586,1,174,2026-02-14,shrinkage,-1,,,Cycle count variance
1587,1,243,2026-02-14,shrinkage,-1,,,Cycle count variance
1588,1,58,2026-02-15,delivery,36,purchase_order,280,
1589,1,51,2026-02-15,delivery,1,purchase_order,290,
1590,1,66,2026-02-15,delivery,114,purchase_order,290,
1591,1,464,2026-02-15,delivery,36,purchase_order,296,
1592,1,466,2026-02-15,delivery,5,purchase_order,296,
1593,1,425,2026-02-15,delivery,3,purchase_order,305,
1594,1,437,2026-02-15,delivery,6,purchase_order,305,
1595,1,228,2026-02-15,delivery,20,purchase_order,319,
1596,1,230,2026-02-15,delivery,6,purchase_order,319,
1597,1,234,2026-02-15,delivery,12,purchase_order,319,
1598,1,245,2026-02-15,delivery,18,purchase_order,319,
1599,1,246,2026-02-15,delivery,36,purchase_order,319,
1600,1,310,2026-02-15,delivery,24,purchase_order,319,
1601,1,255,2026-02-15,delivery,10,purchase_order,326,
1602,1,278,2026-02-15,delivery,72,purchase_order,326,
1603,1,295,2026-02-15,delivery,6,purchase_order,326,
1604,1,309,2026-02-15,delivery,24,purchase_order,326,
1605,1,313,2026-02-15,delivery,6,purchase_order,326,
1606,1,507,2026-02-15,delivery,24,purchase_order,346,
1607,1,382,2026-02-15,delivery,12,purchase_order,380,
1608,1,317,2026-02-15,shrinkage,-1,,,Cycle count variance
1609,1,312,2026-02-15,shrinkage,-2,,,Cycle count variance
1610,1,440,2026-02-16,delivery,6,purchase_order,275,
1611,1,394,2026-02-16,delivery,1,purchase_order,295,
1612,1,52,2026-02-16,delivery,24,purchase_order,301,
1613,1,455,2026-02-16,delivery,27,purchase_order,306,
1614,1,458,2026-02-16,delivery,2,purchase_order,306,
1615,1,547,2026-02-16,delivery,6,purchase_order,307,
1616,1,408,2026-02-16,delivery,21,purchase_order,313,
1617,1,171,2026-02-16,delivery,19,purchase_order,325,
1618,1,188,2026-02-16,delivery,12,purchase_order,325,
1619,1,534,2026-02-16,delivery,24,purchase_order,331,
1620,1,8,2026-02-16,delivery,96,purchase_order,340,
1621,1,20,2026-02-16,delivery,1,purchase_order,340,
1622,1,140,2026-02-16,delivery,18,purchase_order,340,
1623,1,142,2026-02-16,delivery,24,purchase_order,340,
1624,1,157,2026-02-16,delivery,18,purchase_order,340,
1625,1,179,2026-02-16,delivery,24,purchase_order,342,
1626,1,190,2026-02-16,delivery,6,purchase_order,342,
1627,1,575,2026-02-16,delivery,2,purchase_order,357,
1628,1,347,2026-02-16,delivery,24,purchase_order,362,
1629,1,355,2026-02-16,delivery,6,purchase_order,362,
1630,1,376,2026-02-16,delivery,24,purchase_order,370,
1631,1,92,2026-02-16,delivery,24,purchase_order,376,
1632,1,98,2026-02-16,delivery,84,purchase_order,376,
1633,1,218,2026-02-17,delivery,66,purchase_order,334,
1634,1,247,2026-02-17,delivery,8,purchase_order,335,
1635,1,305,2026-02-17,delivery,72,purchase_order,335,
1636,1,499,2026-02-17,delivery,12,purchase_order,364,
1637,1,517,2026-02-17,delivery,1,purchase_order,364,
1638,1,322,2026-02-17,delivery,17,purchase_order,379,
1639,1,325,2026-02-17,delivery,6,purchase_order,379,
1640,1,343,2026-02-17,delivery,12,purchase_order,379,
1641,1,346,2026-02-17,delivery,5,purchase_order,379,
1642,1,350,2026-02-17,delivery,6,purchase_order,388,
1643,1,378,2026-02-17,shrinkage,-2,,,Cycle count variance
1644,1,61,2026-02-17,shrinkage,-1,,,Cycle count variance
1645,1,354,2026-02-17,shrinkage,-2,,,Cycle count variance
1646,1,64,2026-02-18,delivery,13,purchase_order,316,
1647,1,457,2026-02-18,delivery,12,purchase_order,321,
1648,1,397,2026-02-18,delivery,6,purchase_order,329,
1649,1,438,2026-02-18,delivery,24,purchase_order,329,
1650,1,396,2026-02-18,delivery,24,purchase_order,338,
1651,1,237,2026-02-18,delivery,18,purchase_order,343,
1652,1,296,2026-02-18,delivery,24,purchase_order,343,
1653,1,10,2026-02-18,delivery,18,purchase_order,348,
1654,1,139,2026-02-18,delivery,12,purchase_order,348,
1655,1,166,2026-02-18,delivery,36,purchase_order,348,
1656,1,186,2026-02-18,delivery,24,purchase_order,351,
1657,1,205,2026-02-18,delivery,8,purchase_order,351,
1658,1,6,2026-02-18,delivery,84,purchase_order,358,
1659,1,124,2026-02-18,delivery,60,purchase_order,358,
1660,1,127,2026-02-18,delivery,48,purchase_order,358,
1661,1,158,2026-02-18,delivery,72,purchase_order,358,
1662,1,167,2026-02-18,delivery,84,purchase_order,358,
1663,1,27,2026-02-18,delivery,12,purchase_order,365,
1664,1,128,2026-02-18,delivery,48,purchase_order,365,
1665,1,170,2026-02-18,delivery,3,purchase_order,365,
1666,1,88,2026-02-18,delivery,3,purchase_order,385,
1667,1,91,2026-02-18,delivery,66,purchase_order,385,
1668,1,109,2026-02-18,delivery,12,purchase_order,395,
1669,1,113,2026-02-18,delivery,6,purchase_order,395,
1670,1,119,2026-02-18,delivery,12,purchase_order,395,
1671,1,378,2026-02-18,delivery,12,purchase_order,405,
1672,1,57,2026-02-19,delivery,24,purchase_order,332,
1673,1,49,2026-02-19,delivery,47,purchase_order,341,
1674,1,252,2026-02-19,delivery,18,purchase_order,352,
1675,1,263,2026-02-19,delivery,48,purchase_order,352,
1676,1,266,2026-02-19,delivery,12,purchase_order,352,
1677,1,294,2026-02-19,delivery,12,purchase_order,352,
1678,1,299,2026-02-19,delivery,60,purchase_order,352,
1679,1,314,2026-02-19,delivery,19,purchase_order,352,
1680,1,187,2026-02-19,delivery,24,purchase_order,360,
1681,1,77,2026-02-19,delivery,6,purchase_order,366,
1682,1,102,2026-02-19,delivery,18,purchase_order,366,
1683,1,208,2026-02-19,delivery,24,purchase_order,367,
1684,1,589,2026-02-19,delivery,5,purchase_order,373,
1685,1,15,2026-02-19,delivery,36,purchase_order,374,
1686,1,17,2026-02-19,delivery,36,purchase_order,374,
1687,1,21,2026-02-19,delivery,12,purchase_order,374,
1688,1,36,2026-02-19,delivery,30,purchase_order,374,
1689,1,38,2026-02-19,delivery,6,purchase_order,374,
1690,1,164,2026-02-19,delivery,5,purchase_order,374,
1691,1,478,2026-02-19,delivery,2,purchase_order,391,
1692,1,482,2026-02-19,delivery,2,purchase_order,391,
1693,1,490,2026-02-19,delivery,6,purchase_order,391,
1694,1,313,2026-02-19,shrinkage,-1,,,Cycle count variance
1695,1,403,2026-02-19,shrinkage,-1,,,Cycle count variance
1696,1,400,2026-02-20,delivery,12,purchase_order,345,
1697,1,456,2026-02-20,delivery,3,purchase_order,356,
1698,1,461,2026-02-20,delivery,24,purchase_order,356,
1699,1,320,2026-02-20,delivery,36,purchase_order,369,
1700,1,337,2026-02-20,delivery,5,purchase_order,369,
1701,1,479,2026-02-20,delivery,6,purchase_order,382,
1702,1,489,2026-02-20,delivery,6,purchase_order,382,
1703,1,500,2026-02-20,delivery,1,purchase_order,382,
1704,1,503,2026-02-20,delivery,12,purchase_order,382,
1705,1,581,2026-02-20,delivery,6,purchase_order,393,
1706,1,488,2026-02-20,delivery,6,purchase_order,400,
1707,1,390,2026-02-20,delivery,36,purchase_order,414,
1708,1,526,2026-02-21,delivery,6,purchase_order,347,
1709,1,411,2026-02-21,delivery,6,purchase_order,355,
1710,1,419,2026-02-21,delivery,9,purchase_order,355,
1711,1,424,2026-02-21,delivery,12,purchase_order,355,
1712,1,285,2026-02-21,delivery,6,purchase_order,361,
1713,1,287,2026-02-21,delivery,4,purchase_order,361,
1714,1,229,2026-02-21,delivery,6,purchase_order,368,
1715,1,232,2026-02-21,delivery,23,purchase_order,368,
1716,1,281,2026-02-21,delivery,12,purchase_order,368,
1717,1,283,2026-02-21,delivery,24,purchase_order,368,
1718,1,198,2026-02-21,delivery,12,purchase_order,377,
1719,1,9,2026-02-21,delivery,12,purchase_order,383,
1720,1,125,2026-02-21,delivery,6,purchase_order,383,
1721,1,143,2026-02-21,delivery,26,purchase_order,383,
1722,1,152,2026-02-21,delivery,6,purchase_order,383,
1723,1,371,2026-02-21,delivery,3,purchase_order,389,
1724,1,20,2026-02-21,delivery,1,purchase_order,394,
1725,1,31,2026-02-21,delivery,12,purchase_order,394,
1726,1,34,2026-02-21,delivery,24,purchase_order,394,
1727,1,48,2026-02-21,delivery,30,purchase_order,394,
1728,1,163,2026-02-21,delivery,6,purchase_order,394,
1729,1,5,2026-02-21,delivery,24,purchase_order,401,
1730,1,126,2026-02-21,delivery,36,purchase_order,401,
1731,1,151,2026-02-21,delivery,17,purchase_order,401,
1732,1,154,2026-02-21,delivery,7,purchase_order,401,
1733,1,321,2026-02-21,delivery,36,purchase_order,404,
1734,1,360,2026-02-21,delivery,3,purchase_order,404,
1735,1,76,2026-02-21,delivery,42,purchase_order,410,
1736,1,95,2026-02-21,delivery,48,purchase_order,410,
1737,1,107,2026-02-21,delivery,12,purchase_order,410,
1738,1,110,2026-02-21,delivery,252,purchase_order,419,
1739,1,111,2026-02-21,delivery,48,purchase_order,419,
1740,1,236,2026-02-22,delivery,12,purchase_order,387,
1741,1,250,2026-02-22,delivery,6,purchase_order,387,
1742,1,251,2026-02-22,delivery,14,purchase_order,387,
1743,1,271,2026-02-22,delivery,6,purchase_order,387,
1744,1,292,2026-02-22,delivery,24,purchase_order,387,
1745,1,308,2026-02-22,delivery,24,purchase_order,387,
1746,1,332,2026-02-22,delivery,12,purchase_order,413,
1747,1,374,2026-02-22,delivery,15,purchase_order,432,
1748,1,188,2026-02-22,shrinkage,-1,,,Cycle count variance
1749,1,41,2026-02-22,shrinkage,-1,,,Cycle count variance
1750,1,371,2026-02-22,shrinkage,-1,,,Cycle count variance
1751,1,73,2026-02-23,delivery,24,purchase_order,359,
1752,1,418,2026-02-23,delivery,6,purchase_order,363,
1753,1,444,2026-02-23,delivery,2,purchase_order,363,
1754,1,460,2026-02-23,delivery,2,purchase_order,371,
1755,1,222,2026-02-23,delivery,48,purchase_order,378,
1756,1,241,2026-02-23,delivery,12,purchase_order,378,
1757,1,269,2026-02-23,delivery,42,purchase_order,378,
1758,1,275,2026-02-23,delivery,42,purchase_order,378,
1759,1,276,2026-02-23,delivery,12,purchase_order,378,
1760,1,312,2026-02-23,delivery,12,purchase_order,378,
1761,1,174,2026-02-23,delivery,36,purchase_order,396,
1762,1,175,2026-02-23,delivery,24,purchase_order,396,
1763,1,215,2026-02-23,delivery,24,purchase_order,396,
1764,1,361,2026-02-23,delivery,2,purchase_order,398,
1765,1,244,2026-02-23,delivery,18,purchase_order,403,
1766,1,311,2026-02-23,delivery,12,purchase_order,403,
1767,1,3,2026-02-23,delivery,12,purchase_order,408,
1768,1,40,2026-02-23,delivery,36,purchase_order,408,
1769,1,42,2026-02-23,delivery,16,purchase_order,408,
1770,1,86,2026-02-23,delivery,24,purchase_order,449,
1771,1,90,2026-02-23,delivery,204,purchase_order,449,
1772,1,96,2026-02-23,delivery,3,purchase_order,449,
1773,1,101,2026-02-23,delivery,30,purchase_order,449,
1774,1,114,2026-02-23,delivery,24,purchase_order,449,
1775,1,411,2026-02-23,shrinkage,-1,,,Cycle count variance
1776,1,484,2026-02-23,shrinkage,-1,,,Cycle count variance
1777,1,557,2026-02-24,delivery,12,purchase_order,372,
1778,1,182,2026-02-24,delivery,6,purchase_order,386,
1779,1,189,2026-02-24,delivery,3,purchase_order,386,
1780,1,213,2026-02-24,delivery,12,purchase_order,386,
1781,1,216,2026-02-24,delivery,24,purchase_order,386,
1782,1,217,2026-02-24,delivery,6,purchase_order,386,
1783,1,525,2026-02-24,delivery,21,purchase_order,392,
1784,1,543,2026-02-24,delivery,6,purchase_order,392,
1785,1,568,2026-02-24,delivery,9,purchase_order,392,
1786,1,261,2026-02-24,delivery,12,purchase_order,397,
1787,1,181,2026-02-24,delivery,5,purchase_order,402,
1788,1,82,2026-02-24,delivery,36,purchase_order,428,
1789,1,84,2026-02-24,delivery,6,purchase_order,428,
1790,1,105,2026-02-24,delivery,48,purchase_order,428,
1791,1,329,2026-02-24,delivery,12,purchase_order,431,
1792,1,348,2026-02-24,delivery,12,purchase_order,431,
1793,1,362,2026-02-24,delivery,12,purchase_order,431,
1794,1,78,2026-02-24,delivery,48,purchase_order,439,
1795,1,122,2026-02-24,delivery,48,purchase_order,439,
1796,1,341,2026-02-24,delivery,6,purchase_order,442,
1797,1,92,2026-02-24,shrinkage,-1,,,Cycle count variance
1798,1,71,2026-02-24,shrinkage,-1,,,Cycle count variance
1799,1,53,2026-02-25,delivery,15,purchase_order,349,
1800,1,56,2026-02-25,delivery,60,purchase_order,349,
1801,1,60,2026-02-25,delivery,48,purchase_order,375,
1802,1,69,2026-02-25,delivery,36,purchase_order,375,
1803,1,429,2026-02-25,delivery,7,purchase_order,381,
1804,1,431,2026-02-25,delivery,6,purchase_order,381,
1805,1,51,2026-02-25,delivery,1,purchase_order,384,
1806,1,71,2026-02-25,delivery,24,purchase_order,384,
1807,1,220,2026-02-25,delivery,11,purchase_order,421,
1808,1,227,2026-02-25,delivery,6,purchase_order,421,
1809,1,239,2026-02-25,delivery,24,purchase_order,421,
1810,1,279,2026-02-25,delivery,6,purchase_order,421,
1811,1,500,2026-02-25,delivery,1,purchase_order,435,
1812,1,336,2026-02-25,delivery,24,purchase_order,452,
1813,1,346,2026-02-25,delivery,5,purchase_order,452,
1814,1,365,2026-02-25,delivery,60,purchase_order,452,
1815,1,369,2026-02-25,delivery,6,purchase_order,453,
1816,1,372,2026-02-25,delivery,12,purchase_order,459,
1817,1,395,2026-02-26,delivery,17,purchase_order,390,
1818,1,394,2026-02-26,delivery,1,purchase_order,399,
1819,1,524,2026-02-26,delivery,4,purchase_order,407,
1820,1,203,2026-02-26,delivery,18,purchase_order,411,
1821,1,270,2026-02-26,delivery,12,purchase_order,412,
1822,1,324,2026-02-26,delivery,48,purchase_order,422,
1823,1,354,2026-02-26,delivery,12,purchase_order,422,
1824,1,473,2026-02-26,delivery,1,purchase_order,425,
1825,1,482,2026-02-26,delivery,2,purchase_order,425,
1826,1,494,2026-02-26,delivery,1,purchase_order,425,
1827,1,583,2026-02-26,delivery,6,purchase_order,426,
1828,1,513,2026-02-26,delivery,6,purchase_order,445,
1829,1,516,2026-02-26,delivery,6,purchase_order,445,
1830,1,364,2026-02-26,delivery,12,purchase_order,458,
1831,1,103,2026-02-26,delivery,12,purchase_order,466,
1832,1,367,2026-02-26,delivery,18,purchase_order,470,
1833,1,368,2026-02-26,delivery,3,purchase_order,470,
1834,1,384,2026-02-26,delivery,12,purchase_order,470,
1835,1,126,2026-02-26,shrinkage,-2,,,Cycle count variance
1836,1,7,2026-02-26,shrinkage,-1,,,Cycle count variance
1837,1,553,2026-02-27,delivery,6,purchase_order,417,
1838,1,554,2026-02-27,delivery,1,purchase_order,417,
1839,1,572,2026-02-27,delivery,6,purchase_order,417,
1840,1,173,2026-02-27,delivery,12,purchase_order,429,
1841,1,2,2026-02-27,delivery,180,purchase_order,437,
1842,1,11,2026-02-27,delivery,24,purchase_order,437,
1843,1,13,2026-02-27,delivery,72,purchase_order,437,
1844,1,28,2026-02-27,delivery,12,purchase_order,437,
1845,1,123,2026-02-27,delivery,24,purchase_order,437,
1846,1,132,2026-02-27,delivery,6,purchase_order,437,
1847,1,159,2026-02-27,delivery,12,purchase_order,437,
1848,1,162,2026-02-27,delivery,6,purchase_order,437,
1849,1,168,2026-02-27,delivery,18,purchase_order,437,
1850,1,170,2026-02-27,delivery,3,purchase_order,437,
1851,1,281,2026-02-27,shrinkage,-2,,,Cycle count variance
1852,1,328,2026-02-27,shrinkage,-1,,,Cycle count variance
1853,1,57,2026-02-27,shrinkage,-1,,,Cycle count variance
1854,1,427,2026-02-28,delivery,54,purchase_order,415,
1855,1,22,2026-02-28,delivery,12,purchase_order,418,
1856,1,46,2026-02-28,delivery,30,purchase_order,418,
1857,1,156,2026-02-28,delivery,6,purchase_order,418,
1858,1,161,2026-02-28,delivery,12,purchase_order,418,
1859,1,235,2026-02-28,delivery,6,purchase_order,430,
1860,1,260,2026-02-28,delivery,18,purchase_order,430,
1861,1,178,2026-02-28,delivery,72,purchase_order,440,
1862,1,179,2026-02-28,delivery,24,purchase_order,440,
1863,1,211,2026-02-28,delivery,12,purchase_order,440,
1864,1,531,2026-02-28,delivery,6,purchase_order,446,
1865,1,565,2026-02-28,delivery,42,purchase_order,446,
1866,1,41,2026-02-28,delivery,5,purchase_order,447,
1867,1,138,2026-02-28,delivery,24,purchase_order,447,
1868,1,243,2026-02-28,delivery,42,purchase_order,451,
1869,1,246,2026-02-28,delivery,36,purchase_order,451,
1870,1,249,2026-02-28,delivery,8,purchase_order,451,
1871,1,290,2026-02-28,delivery,24,purchase_order,451,
1872,1,293,2026-02-28,delivery,12,purchase_order,451,
1873,1,295,2026-02-28,delivery,6,purchase_order,451,
1874,1,300,2026-02-28,delivery,12,purchase_order,451,
1875,1,314,2026-02-28,delivery,19,purchase_order,451,
1876,1,1,2026-02-28,delivery,35,purchase_order,455,
1877,1,135,2026-02-28,delivery,6,purchase_order,455,
1878,1,164,2026-02-28,delivery,5,purchase_order,455,
1879,1,130,2026-02-28,delivery,34,purchase_order,467,
1880,1,382,2026-02-28,delivery,12,purchase_order,488,
1881,1,385,2026-02-28,delivery,12,purchase_order,488,
1882,1,386,2026-02-28,delivery,12,purchase_order,488,
1883,1,392,2026-02-28,delivery,12,purchase_order,488,
1884,1,500,2026-02-28,shrinkage,-1,,,Cycle count variance
1885,1,469,2026-03-01,delivery,12,purchase_order,424,
1886,1,25,2026-03-01,delivery,102,purchase_order,427,
1887,1,134,2026-03-01,delivery,72,purchase_order,427,
1888,1,136,2026-03-01,delivery,24,purchase_order,427,
1889,1,144,2026-03-01,delivery,12,purchase_order,427,
1890,1,150,2026-03-01,delivery,48,purchase_order,427,
1891,1,561,2026-03-01,delivery,2,purchase_order,436,
1892,1,306,2026-03-01,delivery,12,purchase_order,441,
1893,1,307,2026-03-01,delivery,24,purchase_order,441,
1894,1,202,2026-03-01,delivery,6,purchase_order,450,
1895,1,492,2026-03-01,delivery,6,purchase_order,462,
1896,1,495,2026-03-01,delivery,12,purchase_order,462,
1897,1,504,2026-03-01,delivery,14,purchase_order,462,
1898,1,517,2026-03-01,delivery,1,purchase_order,462,
1899,1,600,2026-03-01,delivery,6,purchase_order,464,
1900,1,18,2026-03-01,delivery,24,purchase_order,475,
1901,1,19,2026-03-01,delivery,24,purchase_order,475,
1902,1,141,2026-03-01,delivery,24,purchase_order,475,
1903,1,148,2026-03-01,delivery,24,purchase_order,475,
1904,1,158,2026-03-01,delivery,72,purchase_order,475,
1905,1,373,2026-03-01,delivery,12,purchase_order,480,
1906,1,383,2026-03-01,delivery,13,purchase_order,498,
1907,1,443,2026-03-01,shrinkage,-2,,,Cycle count variance
1908,1,499,2026-03-01,shrinkage,-2,,,Cycle count variance
1909,1,484,2026-03-01,shrinkage,-1,,,Cycle count variance
1910,1,172,2026-03-02,delivery,32,purchase_order,420,
1911,1,183,2026-03-02,delivery,12,purchase_order,420,
1912,1,54,2026-03-02,delivery,24,purchase_order,438,
1913,1,58,2026-03-02,delivery,36,purchase_order,438,
1914,1,68,2026-03-02,delivery,48,purchase_order,438,
1915,1,204,2026-03-02,delivery,48,purchase_order,456,
1916,1,569,2026-03-02,delivery,6,purchase_order,463,
1917,1,198,2026-03-02,delivery,12,purchase_order,468,
1918,1,497,2026-03-02,delivery,3,purchase_order,473,
1919,1,335,2026-03-02,delivery,12,purchase_order,479,
1920,1,97,2026-03-02,delivery,24,purchase_order,485,
1921,1,108,2026-03-02,delivery,24,purchase_order,485,
1922,1,376,2026-03-02,delivery,24,purchase_order,517,
1923,1,192,2026-03-02,shrinkage,-2,,,Cycle count variance
1924,1,159,2026-03-02,shrinkage,-2,,,Cycle count variance
1925,1,401,2026-03-03,delivery,6,purchase_order,406,
1926,1,406,2026-03-03,delivery,24,purchase_order,406,
1927,1,408,2026-03-03,delivery,21,purchase_order,443,
1928,1,463,2026-03-03,delivery,12,purchase_order,444,
1929,1,474,2026-03-03,delivery,24,purchase_order,454,
1930,1,558,2026-03-03,delivery,96,purchase_order,474,
1931,1,559,2026-03-03,delivery,6,purchase_order,474,
1932,1,500,2026-03-03,delivery,1,purchase_order,481,
1933,1,507,2026-03-03,delivery,24,purchase_order,481,
1934,1,24,2026-03-03,delivery,24,purchase_order,483,
1935,1,44,2026-03-03,delivery,48,purchase_order,483,
1936,1,127,2026-03-03,delivery,48,purchase_order,483,
1937,1,137,2026-03-03,delivery,12,purchase_order,483,
1938,1,478,2026-03-03,delivery,2,purchase_order,491,
1939,1,494,2026-03-03,delivery,1,purchase_order,491,
1940,1,510,2026-03-03,shrinkage,-2,,,Cycle count variance
1941,1,55,2026-03-04,delivery,24,purchase_order,409,
1942,1,66,2026-03-04,delivery,114,purchase_order,409,
1943,1,72,2026-03-04,delivery,31,purchase_order,409,
1944,1,462,2026-03-04,delivery,12,purchase_order,416,
1945,1,426,2026-03-04,delivery,6,purchase_order,433,
1946,1,454,2026-03-04,delivery,6,purchase_order,434,
1947,1,466,2026-03-04,delivery,5,purchase_order,434,
1948,1,171,2026-03-04,delivery,19,purchase_order,477,
1949,1,176,2026-03-04,delivery,48,purchase_order,477,
1950,1,10,2026-03-04,delivery,18,purchase_order,493,
1951,1,37,2026-03-04,delivery,24,purchase_order,493,
1952,1,45,2026-03-04,delivery,24,purchase_order,493,
1953,1,143,2026-03-04,delivery,26,purchase_order,493,
1954,1,124,2026-03-04,delivery,60,purchase_order,504,
1955,1,166,2026-03-04,delivery,36,purchase_order,504,
1956,1,391,2026-03-04,delivery,12,purchase_order,508,
1957,1,410,2026-03-05,delivery,24,purchase_order,423,
1958,1,440,2026-03-05,delivery,6,purchase_order,423,
1959,1,262,2026-03-05,delivery,105,purchase_order,469,
1960,1,267,2026-03-05,delivery,13,purchase_order,469,
1961,1,272,2026-03-05,delivery,6,purchase_order,469,
1962,1,556,2026-03-05,delivery,24,purchase_order,482,
1963,1,574,2026-03-05,delivery,6,purchase_order,482,
1964,1,224,2026-03-05,delivery,6,purchase_order,487,
1965,1,234,2026-03-05,delivery,12,purchase_order,487,
1966,1,266,2026-03-05,delivery,12,purchase_order,487,
1967,1,273,2026-03-05,delivery,12,purchase_order,487,
1968,1,276,2026-03-05,delivery,12,purchase_order,487,
1969,1,289,2026-03-05,delivery,12,purchase_order,487,
1970,1,299,2026-03-05,delivery,60,purchase_order,487,
1971,1,309,2026-03-05,delivery,24,purchase_order,487,
1972,1,310,2026-03-05,delivery,24,purchase_order,487,
1973,1,568,2026-03-05,delivery,9,purchase_order,492,
1974,1,473,2026-03-05,delivery,1,purchase_order,501,
1975,1,490,2026-03-05,delivery,6,purchase_order,501,
1976,1,511,2026-03-05,delivery,12,purchase_order,501,
1977,1,342,2026-03-05,delivery,42,purchase_order,507,
1978,1,577,2026-03-05,delivery,12,purchase_order,512,
1979,1,593,2026-03-05,delivery,6,purchase_order,512,
1980,1,359,2026-03-05,delivery,1,purchase_order,527,
1981,1,592,2026-03-05,shrinkage,-1,,,Cycle count variance
1982,1,232,2026-03-05,shrinkage,-1,,,Cycle count variance
1983,1,61,2026-03-06,delivery,24,purchase_order,448,
1984,1,65,2026-03-06,delivery,6,purchase_order,448,
1985,1,74,2026-03-06,delivery,18,purchase_order,448,
1986,1,247,2026-03-06,delivery,8,purchase_order,457,
1987,1,257,2026-03-06,delivery,48,purchase_order,457,
1988,1,265,2026-03-06,delivery,12,purchase_order,457,
1989,1,298,2026-03-06,delivery,19,purchase_order,457,
1990,1,304,2026-03-06,delivery,30,purchase_order,457,
1991,1,407,2026-03-06,delivery,12,purchase_order,460,
1992,1,445,2026-03-06,delivery,8,purchase_order,461,
1993,1,470,2026-03-06,delivery,10,purchase_order,461,
1994,1,435,2026-03-06,delivery,4,purchase_order,471,
1995,1,456,2026-03-06,delivery,3,purchase_order,472,
1996,1,333,2026-03-06,delivery,18,purchase_order,497,
1997,1,353,2026-03-06,delivery,12,purchase_order,497,
1998,1,356,2026-03-06,delivery,6,purchase_order,497,
1999,1,89,2026-03-06,delivery,12,purchase_order,503,
2000,1,99,2026-03-06,delivery,8,purchase_order,503,
2001,1,104,2026-03-06,delivery,88,purchase_order,503,
2002,1,508,2026-03-06,delivery,12,purchase_order,510,
2003,1,477,2026-03-06,delivery,6,purchase_order,520,
2004,1,486,2026-03-06,delivery,12,purchase_order,520,
2005,1,517,2026-03-06,delivery,1,purchase_order,520,
2006,1,521,2026-03-06,delivery,12,purchase_order,520,
2007,1,112,2026-03-06,delivery,18,purchase_order,530,
2008,1,119,2026-03-06,delivery,12,purchase_order,530,
2009,1,116,2026-03-06,delivery,24,purchase_order,536,
2010,1,121,2026-03-06,delivery,60,purchase_order,536,
2011,1,585,2026-03-06,shrinkage,-1,,,Cycle count variance
2012,1,109,2026-03-06,shrinkage,-2,,,Cycle count variance
2013,1,62,2026-03-07,delivery,72,purchase_order,465,
2014,1,186,2026-03-07,delivery,24,purchase_order,486,
2015,1,188,2026-03-07,delivery,12,purchase_order,486,
2016,1,199,2026-03-07,delivery,12,purchase_order,486,
2017,1,201,2026-03-07,delivery,18,purchase_order,486,
2018,1,217,2026-03-07,delivery,6,purchase_order,486,
2019,1,528,2026-03-07,delivery,24,purchase_order,511,
2020,1,547,2026-03-07,delivery,6,purchase_order,511,
2021,1,93,2026-03-07,delivery,78,purchase_order,514,
2022,1,4,2026-03-07,delivery,12,purchase_order,529,
2023,1,14,2026-03-07,delivery,6,purchase_order,529,
2024,1,146,2026-03-07,delivery,24,purchase_order,529,
2025,1,154,2026-03-07,delivery,7,purchase_order,529,
2026,1,331,2026-03-07,delivery,4,purchase_order,538,
2027,1,379,2026-03-07,delivery,6,purchase_order,539,
2028,1,388,2026-03-07,delivery,12,purchase_order,539,
2029,1,390,2026-03-07,delivery,36,purchase_order,556,
2030,1,51,2026-03-08,delivery,1,purchase_order,476,
2031,1,229,2026-03-08,delivery,6,purchase_order,478,
2032,1,294,2026-03-08,delivery,12,purchase_order,478,
2033,1,394,2026-03-08,delivery,1,purchase_order,489,
2034,1,425,2026-03-08,delivery,3,purchase_order,489,
2035,1,438,2026-03-08,delivery,24,purchase_order,489,
2036,1,190,2026-03-08,delivery,6,purchase_order,495,
2037,1,196,2026-03-08,delivery,24,purchase_order,495,
2038,1,216,2026-03-08,delivery,24,purchase_order,495,
2039,1,230,2026-03-08,delivery,6,purchase_order,496,
2040,1,237,2026-03-08,delivery,18,purchase_order,496,
2041,1,245,2026-03-08,delivery,18,purchase_order,496,
2042,1,252,2026-03-08,delivery,18,purchase_order,496,
2043,1,287,2026-03-08,delivery,4,purchase_order,496,
2044,1,297,2026-03-08,delivery,6,purchase_order,496,
2045,1,218,2026-03-08,delivery,66,purchase_order,505,
2046,1,254,2026-03-08,delivery,12,purchase_order,506,
2047,1,277,2026-03-08,delivery,6,purchase_order,506,
2048,1,278,2026-03-08,delivery,72,purchase_order,506,
2049,1,305,2026-03-08,delivery,72,purchase_order,506,
2050,1,115,2026-03-08,delivery,11,purchase_order,524,
2051,1,118,2026-03-08,delivery,114,purchase_order,524,
2052,1,242,2026-03-08,delivery,6,purchase_order,526,
2053,1,251,2026-03-08,delivery,14,purchase_order,526,
2054,1,255,2026-03-08,delivery,10,purchase_order,526,
2055,1,85,2026-03-08,delivery,48,purchase_order,545,
2056,1,87,2026-03-08,delivery,12,purchase_order,545,
2057,1,102,2026-03-08,delivery,18,purchase_order,545,
2058,1,323,2026-03-08,delivery,36,purchase_order,548,
2059,1,330,2026-03-08,delivery,36,purchase_order,548,
2060,1,352,2026-03-08,delivery,6,purchase_order,548,
2061,1,76,2026-03-08,delivery,42,purchase_order,552,
2062,1,110,2026-03-08,delivery,252,purchase_order,552,
2063,1,113,2026-03-08,delivery,6,purchase_order,552,
2064,1,52,2026-03-09,delivery,24,purchase_order,484,
2065,1,53,2026-03-09,delivery,15,purchase_order,484,
2066,1,64,2026-03-09,delivery,13,purchase_order,484,
2067,1,464,2026-03-09,delivery,36,purchase_order,490,
2068,1,411,2026-03-09,delivery,6,purchase_order,499,
2069,1,459,2026-03-09,delivery,24,purchase_order,500,
2070,1,524,2026-03-09,delivery,4,purchase_order,521,
2071,1,561,2026-03-09,delivery,2,purchase_order,521,
2072,1,515,2026-03-09,delivery,5,purchase_order,541,
2073,1,494,2026-03-09,delivery,1,purchase_order,550,
2074,1,497,2026-03-09,delivery,3,purchase_order,550,
2075,1,499,2026-03-09,delivery,12,purchase_order,550,
2076,1,339,2026-03-09,delivery,6,purchase_order,555,
2077,1,486,2026-03-09,shrinkage,-1,,,Cycle count variance
2078,1,50,2026-03-10,delivery,6,purchase_order,494,
2079,1,23,2026-03-10,delivery,24,purchase_order,513,
2080,1,43,2026-03-10,delivery,10,purchase_order,513,
2081,1,131,2026-03-10,delivery,18,purchase_order,513,
2082,1,139,2026-03-10,delivery,12,purchase_order,513,
2083,1,140,2026-03-10,delivery,18,purchase_order,513,
2084,1,167,2026-03-10,delivery,84,purchase_order,513,
2085,1,192,2026-03-10,delivery,12,purchase_order,525,
2086,1,526,2026-03-10,delivery,6,purchase_order,528,
2087,1,534,2026-03-10,delivery,24,purchase_order,534,
2088,1,563,2026-03-10,delivery,12,purchase_order,534,
2089,1,6,2026-03-10,delivery,84,purchase_order,551,
2090,1,39,2026-03-10,delivery,12,purchase_order,551,
2091,1,42,2026-03-10,delivery,16,purchase_order,551,
2092,1,126,2026-03-10,delivery,36,purchase_order,551,
2093,1,81,2026-03-10,delivery,10,purchase_order,562,
2094,1,84,2026-03-10,delivery,6,purchase_order,562,
2095,1,91,2026-03-10,delivery,66,purchase_order,562,
2096,1,117,2026-03-10,delivery,24,purchase_order,562,
2097,1,374,2026-03-10,delivery,15,purchase_order,566,
2098,1,455,2026-03-11,delivery,27,purchase_order,519,
2099,1,458,2026-03-11,delivery,2,purchase_order,519,
2100,1,32,2026-03-11,delivery,48,purchase_order,522,
2101,1,41,2026-03-11,delivery,5,purchase_order,522,
2102,1,151,2026-03-11,delivery,17,purchase_order,522,
2103,1,157,2026-03-11,delivery,18,purchase_order,522,
2104,1,160,2026-03-11,delivery,36,purchase_order,522,
2105,1,162,2026-03-11,delivery,6,purchase_order,522,
2106,1,163,2026-03-11,delivery,6,purchase_order,522,
2107,1,175,2026-03-11,delivery,24,purchase_order,531,
2108,1,208,2026-03-11,delivery,24,purchase_order,531,
2109,1,7,2026-03-11,delivery,18,purchase_order,561,
2110,1,8,2026-03-11,delivery,96,purchase_order,561,
2111,1,26,2026-03-11,delivery,24,purchase_order,561,
2112,1,36,2026-03-11,delivery,30,purchase_order,561,
2113,1,147,2026-03-11,delivery,6,purchase_order,561,
2114,1,152,2026-03-11,delivery,6,purchase_order,561,
2115,1,170,2026-03-11,delivery,3,purchase_order,561,
2116,1,341,2026-03-11,delivery,6,purchase_order,575,
2117,1,362,2026-03-11,delivery,12,purchase_order,575,
2118,1,187,2026-03-12,delivery,24,purchase_order,515,
2119,1,291,2026-03-12,delivery,18,purchase_order,516,
2120,1,312,2026-03-12,delivery,12,purchase_order,516,
2121,1,396,2026-03-12,delivery,24,purchase_order,518,
2122,1,421,2026-03-12,delivery,6,purchase_order,518,
2123,1,429,2026-03-12,delivery,7,purchase_order,518,
2124,1,500,2026-03-12,delivery,1,purchase_order,533,
2125,1,203,2026-03-12,delivery,18,purchase_order,537,
2126,1,551,2026-03-12,delivery,3,purchase_order,542,
2127,1,296,2026-03-12,delivery,24,purchase_order,547,
2128,1,485,2026-03-12,delivery,12,purchase_order,558,
2129,1,489,2026-03-12,delivery,6,purchase_order,558,
2130,1,582,2026-03-12,delivery,6,purchase_order,560,
2131,1,585,2026-03-12,delivery,6,purchase_order,560,
2132,1,588,2026-03-12,delivery,6,purchase_order,560,
2133,1,482,2026-03-12,delivery,2,purchase_order,568,
2134,1,510,2026-03-12,delivery,12,purchase_order,568,
2135,1,79,2026-03-12,delivery,6,purchase_order,572,
2136,1,82,2026-03-12,delivery,36,purchase_order,572,
2137,1,315,2026-03-12,delivery,24,purchase_order,584,
2138,1,332,2026-03-12,delivery,12,purchase_order,584,
2139,1,383,2026-03-12,delivery,13,purchase_order,585,
2140,1,80,2026-03-12,delivery,24,purchase_order,591,
2141,1,83,2026-03-12,delivery,6,purchase_order,591,
2142,1,109,2026-03-12,delivery,12,purchase_order,591,
2143,1,88,2026-03-12,delivery,3,purchase_order,601,
2144,1,60,2026-03-13,delivery,48,purchase_order,523,
2145,1,443,2026-03-13,delivery,6,purchase_order,532,
2146,1,590,2026-03-13,delivery,6,purchase_order,570,
2147,1,27,2026-03-13,delivery,12,purchase_order,579,
2148,1,153,2026-03-13,delivery,6,purchase_order,579,
2149,1,488,2026-03-13,delivery,6,purchase_order,587,
2150,1,497,2026-03-13,delivery,3,purchase_order,587,
2151,1,371,2026-03-13,delivery,3,purchase_order,605,
2152,1,372,2026-03-13,delivery,12,purchase_order,605,
2153,1,49,2026-03-14,delivery,47,purchase_order,502,
2154,1,457,2026-03-14,delivery,12,purchase_order,509,
2155,1,460,2026-03-14,delivery,2,purchase_order,509,
2156,1,70,2026-03-14,delivery,6,purchase_order,535,
2157,1,12,2026-03-14,delivery,12,purchase_order,543,
2158,1,16,2026-03-14,delivery,18,purchase_order,543,
2159,1,17,2026-03-14,delivery,36,purchase_order,543,
2160,1,38,2026-03-14,delivery,6,purchase_order,543,
2161,1,159,2026-03-14,delivery,12,purchase_order,543,
2162,1,168,2026-03-14,delivery,18,purchase_order,543,
2163,1,56,2026-03-14,delivery,60,purchase_order,544,
2164,1,205,2026-03-14,delivery,8,purchase_order,546,
2165,1,222,2026-03-14,delivery,48,purchase_order,554,
2166,1,270,2026-03-14,delivery,12,purchase_order,554,
2167,1,285,2026-03-14,delivery,6,purchase_order,554,
2168,1,360,2026-03-14,delivery,3,purchase_order,565,
2169,1,322,2026-03-14,delivery,17,purchase_order,594,
2170,1,385,2026-03-14,delivery,12,purchase_order,595,
2171,1,316,2026-03-14,delivery,24,purchase_order,616,
2172,1,336,2026-03-14,delivery,24,purchase_order,616,
2173,1,350,2026-03-14,delivery,6,purchase_order,616,
2174,1,114,2026-03-14,delivery,24,purchase_order,621,
2175,1,382,2026-03-14,delivery,12,purchase_order,625,
2176,1,401,2026-03-15,delivery,6,purchase_order,540,
2177,1,427,2026-03-15,delivery,54,purchase_order,549,
2178,1,198,2026-03-15,delivery,12,purchase_order,563,
2179,1,243,2026-03-15,delivery,42,purchase_order,564,
2180,1,274,2026-03-15,delivery,24,purchase_order,564,
2181,1,179,2026-03-15,delivery,24,purchase_order,573,
2182,1,197,2026-03-15,delivery,12,purchase_order,573,
2183,1,548,2026-03-15,delivery,3,purchase_order,578,
2184,1,568,2026-03-15,delivery,9,purchase_order,578,
2185,1,101,2026-03-15,delivery,30,purchase_order,581,
2186,1,541,2026-03-15,delivery,24,purchase_order,588,
2187,1,567,2026-03-15,delivery,2,purchase_order,588,
2188,1,589,2026-03-15,delivery,5,purchase_order,589,
2189,1,319,2026-03-15,delivery,18,purchase_order,604,
2190,1,365,2026-03-15,delivery,60,purchase_order,604,
2191,1,473,2026-03-15,delivery,1,purchase_order,608,
2192,1,599,2026-03-15,delivery,6,purchase_order,610,
2193,1,156,2026-03-15,shrinkage,-2,,,Cycle count variance
2194,1,494,2026-03-15,shrinkage,-2,,,Cycle count variance
2195,1,340,2026-03-15,shrinkage,-1,,,Cycle count variance
2196,1,431,2026-03-16,delivery,6,purchase_order,557,
2197,1,223,2026-03-16,delivery,6,purchase_order,583,
2198,1,249,2026-03-16,delivery,8,purchase_order,583,
2199,1,263,2026-03-16,delivery,48,purchase_order,583,
2200,1,504,2026-03-16,delivery,14,purchase_order,598,
2201,1,164,2026-03-16,delivery,5,purchase_order,613,
2202,1,321,2026-03-16,delivery,36,purchase_order,624,
2203,1,331,2026-03-16,delivery,4,purchase_order,624,
2204,1,347,2026-03-16,delivery,24,purchase_order,624,
2205,1,351,2026-03-16,delivery,12,purchase_order,624,
2206,1,377,2026-03-16,delivery,24,purchase_order,632,
2207,1,392,2026-03-16,delivery,12,purchase_order,632,
2208,1,172,2026-03-17,delivery,32,purchase_order,553,
2209,1,535,2026-03-17,delivery,12,purchase_order,559,
2210,1,545,2026-03-17,delivery,1,purchase_order,559,
2211,1,553,2026-03-17,delivery,6,purchase_order,559,
2212,1,220,2026-03-17,delivery,11,purchase_order,574,
2213,1,228,2026-03-17,delivery,20,purchase_order,574,
2214,1,232,2026-03-17,delivery,23,purchase_order,574,
2215,1,281,2026-03-17,delivery,12,purchase_order,574,
2216,1,283,2026-03-17,delivery,24,purchase_order,574,
2217,1,287,2026-03-17,delivery,4,purchase_order,574,
2218,1,290,2026-03-17,delivery,24,purchase_order,574,
2219,1,308,2026-03-17,delivery,24,purchase_order,574,
2220,1,314,2026-03-17,delivery,19,purchase_order,574,
2221,1,174,2026-03-17,delivery,36,purchase_order,592,
2222,1,182,2026-03-17,delivery,6,purchase_order,592,
2223,1,186,2026-03-17,delivery,24,purchase_order,592,
2224,1,482,2026-03-17,delivery,2,purchase_order,619,
2225,1,500,2026-03-17,delivery,1,purchase_order,619,
2226,1,522,2026-03-17,delivery,6,purchase_order,619,
2227,1,97,2026-03-17,delivery,24,purchase_order,629,
2228,1,100,2026-03-17,delivery,24,purchase_order,629,
2229,1,340,2026-03-17,delivery,12,purchase_order,631,
2230,1,348,2026-03-17,delivery,12,purchase_order,631,
2231,1,90,2026-03-17,delivery,204,purchase_order,637,
2232,1,96,2026-03-17,delivery,3,purchase_order,637,
2233,1,105,2026-03-17,delivery,48,purchase_order,637,
2234,1,525,2026-03-18,delivery,21,purchase_order,569,
2235,1,51,2026-03-18,delivery,1,purchase_order,571,
2236,1,66,2026-03-18,delivery,114,purchase_order,571,
2237,1,394,2026-03-18,delivery,1,purchase_order,576,
2238,1,414,2026-03-18,delivery,24,purchase_order,576,
2239,1,424,2026-03-18,delivery,12,purchase_order,576,
2240,1,435,2026-03-18,delivery,4,purchase_order,576,
2241,1,171,2026-03-18,delivery,19,purchase_order,602,
2242,1,177,2026-03-18,delivery,12,purchase_order,602,
2243,1,189,2026-03-18,delivery,3,purchase_order,602,
2244,1,211,2026-03-18,delivery,12,purchase_order,602,
2245,1,524,2026-03-18,delivery,4,purchase_order,609,
2246,1,549,2026-03-18,delivery,6,purchase_order,609,
2247,1,557,2026-03-18,delivery,12,purchase_order,609,
2248,1,98,2026-03-18,delivery,84,purchase_order,612,
2249,1,103,2026-03-18,delivery,12,purchase_order,612,
2250,1,237,2026-03-18,delivery,18,purchase_order,615,
2251,1,247,2026-03-18,delivery,8,purchase_order,615,
2252,1,20,2026-03-18,delivery,1,purchase_order,620,
2253,1,25,2026-03-18,delivery,102,purchase_order,620,
2254,1,125,2026-03-18,delivery,6,purchase_order,620,
2255,1,158,2026-03-18,delivery,72,purchase_order,620,
2256,1,479,2026-03-18,delivery,6,purchase_order,627,
2257,1,10,2026-03-18,delivery,18,purchase_order,628,
2258,1,127,2026-03-18,delivery,48,purchase_order,628,
2259,1,147,2026-03-18,delivery,6,purchase_order,628,
2260,1,169,2026-03-18,delivery,6,purchase_order,628,
2261,1,161,2026-03-18,shrinkage,-1,,,Cycle count variance
2262,1,395,2026-03-19,delivery,17,purchase_order,567,
2263,1,410,2026-03-19,delivery,24,purchase_order,567,
2264,1,456,2026-03-19,delivery,3,purchase_order,577,
2265,1,69,2026-03-19,delivery,36,purchase_order,580,
2266,1,71,2026-03-19,delivery,24,purchase_order,580,
2267,1,72,2026-03-19,delivery,31,purchase_order,580,
2268,1,225,2026-03-19,delivery,24,purchase_order,593,
2269,1,248,2026-03-19,delivery,12,purchase_order,593,
2270,1,272,2026-03-19,delivery,6,purchase_order,593,
2271,1,275,2026-03-19,delivery,42,purchase_order,593,
2272,1,297,2026-03-19,delivery,6,purchase_order,593,
2273,1,552,2026-03-19,delivery,12,purchase_order,599,
2274,1,246,2026-03-19,delivery,36,purchase_order,603,
2275,1,276,2026-03-19,delivery,12,purchase_order,603,
2276,1,184,2026-03-19,delivery,12,purchase_order,614,
2277,1,214,2026-03-19,delivery,24,purchase_order,614,
2278,1,216,2026-03-19,delivery,24,purchase_order,614,
2279,1,217,2026-03-19,delivery,6,purchase_order,614,
2280,1,95,2026-03-19,delivery,48,purchase_order,646,
2281,1,502,2026-03-19,shrinkage,-1,,,Cycle count variance
2282,1,173,2026-03-20,delivery,12,purchase_order,582,
2283,1,191,2026-03-20,delivery,12,purchase_order,582,
2284,1,206,2026-03-20,delivery,24,purchase_order,582,
2285,1,58,2026-03-20,delivery,36,purchase_order,590,
2286,1,68,2026-03-20,delivery,48,purchase_order,590,
2287,1,437,2026-03-20,delivery,6,purchase_order,596,
2288,1,466,2026-03-20,delivery,5,purchase_order,597,
2289,1,15,2026-03-20,delivery,36,purchase_order,600,
2290,1,132,2026-03-20,delivery,6,purchase_order,600,
2291,1,150,2026-03-20,delivery,48,purchase_order,600,
2292,1,507,2026-03-20,delivery,24,purchase_order,634,
2293,1,513,2026-03-20,delivery,6,purchase_order,634,
2294,1,5,2026-03-20,delivery,24,purchase_order,635,
2295,1,19,2026-03-20,delivery,24,purchase_order,635,
2296,1,40,2026-03-20,delivery,36,purchase_order,635,
2297,1,123,2026-03-20,delivery,24,purchase_order,635,
2298,1,128,2026-03-20,delivery,48,purchase_order,635,
2299,1,134,2026-03-20,delivery,72,purchase_order,635,
2300,1,156,2026-03-20,delivery,6,purchase_order,635,
2301,1,166,2026-03-20,delivery,36,purchase_order,635,
2302,1,320,2026-03-20,delivery,36,purchase_order,649,
2303,1,342,2026-03-20,delivery,42,purchase_order,655,
2304,1,354,2026-03-20,delivery,12,purchase_order,655,
2305,1,355,2026-03-20,delivery,6,purchase_order,655,
2306,1,204,2026-03-21,delivery,48,purchase_order,622,
2307,1,262,2026-03-21,delivery,105,purchase_order,630,
2308,1,266,2026-03-21,delivery,12,purchase_order,630,
2309,1,271,2026-03-21,delivery,6,purchase_order,630,
2310,1,24,2026-03-21,delivery,24,purchase_order,644,
2311,1,124,2026-03-21,delivery,60,purchase_order,644,
2312,1,120,2026-03-21,delivery,12,purchase_order,653,
2313,1,76,2026-03-21,delivery,42,purchase_order,663,
2314,1,88,2026-03-21,delivery,3,purchase_order,663,
2315,1,106,2026-03-21,delivery,24,purchase_order,663,
2316,1,112,2026-03-21,delivery,18,purchase_order,663,
2317,1,329,2026-03-21,delivery,12,purchase_order,665,
2318,1,346,2026-03-21,delivery,5,purchase_order,665,
2319,1,312,2026-03-21,shrinkage,-2,,,Cycle count variance
2320,1,209,2026-03-21,shrinkage,-2,,,Cycle count variance
2321,1,419,2026-03-22,delivery,9,purchase_order,606,
2322,1,438,2026-03-22,delivery,24,purchase_order,606,
2323,1,462,2026-03-22,delivery,12,purchase_order,607,
2324,1,469,2026-03-22,delivery,12,purchase_order,618,
2325,1,238,2026-03-22,delivery,12,purchase_order,623,
2326,1,239,2026-03-22,delivery,24,purchase_order,623,
2327,1,241,2026-03-22,delivery,12,purchase_order,623,
2328,1,244,2026-03-22,delivery,18,purchase_order,623,
2329,1,250,2026-03-22,delivery,6,purchase_order,623,
2330,1,260,2026-03-22,delivery,18,purchase_order,623,
2331,1,292,2026-03-22,delivery,24,purchase_order,623,
2332,1,328,2026-03-22,delivery,36,purchase_order,639,
2333,1,335,2026-03-22,delivery,12,purchase_order,639,
2334,1,344,2026-03-22,delivery,6,purchase_order,639,
2335,1,18,2026-03-22,delivery,24,purchase_order,652,
2336,1,143,2026-03-22,delivery,26,purchase_order,652,
2337,1,486,2026-03-22,delivery,12,purchase_order,659,
2338,1,473,2026-03-22,delivery,1,purchase_order,667,
2339,1,492,2026-03-22,delivery,6,purchase_order,667,
2340,1,577,2026-03-22,delivery,12,purchase_order,669,
2341,1,325,2026-03-22,delivery,6,purchase_order,673,
2342,1,333,2026-03-22,delivery,18,purchase_order,673,
2343,1,334,2026-03-22,delivery,24,purchase_order,673,
2344,1,356,2026-03-22,delivery,6,purchase_order,673,
2345,1,373,2026-03-22,delivery,12,purchase_order,692,
2346,1,454,2026-03-23,delivery,6,purchase_order,586,
2347,1,53,2026-03-23,delivery,15,purchase_order,611,
2348,1,54,2026-03-23,delivery,24,purchase_order,611,
2349,1,55,2026-03-23,delivery,24,purchase_order,611,
2350,1,64,2026-03-23,delivery,13,purchase_order,611,
2351,1,440,2026-03-23,delivery,6,purchase_order,617,
2352,1,444,2026-03-23,delivery,2,purchase_order,617,
2353,1,408,2026-03-23,delivery,21,purchase_order,626,
2354,1,230,2026-03-23,delivery,6,purchase_order,638,
2355,1,257,2026-03-23,delivery,48,purchase_order,638,
2356,1,258,2026-03-23,delivery,12,purchase_order,638,
2357,1,267,2026-03-23,delivery,13,purchase_order,638,
2358,1,558,2026-03-23,delivery,96,purchase_order,643,
2359,1,569,2026-03-23,delivery,6,purchase_order,643,
2360,1,251,2026-03-23,delivery,14,purchase_order,648,
2361,1,269,2026-03-23,delivery,42,purchase_order,648,
2362,1,299,2026-03-23,delivery,60,purchase_order,648,
2363,1,551,2026-03-23,delivery,3,purchase_order,651,
2364,1,236,2026-03-23,delivery,12,purchase_order,654,
2365,1,294,2026-03-23,delivery,12,purchase_order,654,
2366,1,298,2026-03-23,delivery,19,purchase_order,654,
2367,1,388,2026-03-23,delivery,12,purchase_order,656,
2368,1,526,2026-03-23,delivery,6,purchase_order,660,
2369,1,543,2026-03-23,delivery,6,purchase_order,660,
2370,1,571,2026-03-23,delivery,2,purchase_order,660,
2371,1,1,2026-03-23,delivery,35,purchase_order,661,
2372,1,14,2026-03-23,delivery,6,purchase_order,661,
2373,1,20,2026-03-23,delivery,1,purchase_order,661,
2374,1,198,2026-03-23,shrinkage,-2,,,Cycle count variance
2375,1,208,2026-03-23,shrinkage,-2,,,Cycle count variance
2376,1,239,2026-03-23,shrinkage,-1,,,Cycle count variance
2377,1,494,2026-03-24,delivery,1,purchase_order,642,
2378,1,517,2026-03-24,delivery,1,purchase_order,642,
2379,1,178,2026-03-24,delivery,72,purchase_order,647,
2380,1,181,2026-03-24,delivery,5,purchase_order,647,
2381,1,9,2026-03-24,delivery,12,purchase_order,670,
2382,1,42,2026-03-24,delivery,16,purchase_order,670,
2383,1,43,2026-03-24,delivery,10,purchase_order,670,
2384,1,140,2026-03-24,delivery,18,purchase_order,670,
2385,1,86,2026-03-24,delivery,24,purchase_order,680,
2386,1,87,2026-03-24,delivery,12,purchase_order,680,
2387,1,104,2026-03-24,delivery,88,purchase_order,680,
2388,1,122,2026-03-24,delivery,48,purchase_order,680,
2389,1,369,2026-03-24,delivery,6,purchase_order,683,
2390,1,375,2026-03-24,delivery,24,purchase_order,683,
2391,1,85,2026-03-24,delivery,48,purchase_order,698,
2392,1,99,2026-03-24,delivery,8,purchase_order,698,
2393,1,372,2026-03-24,delivery,12,purchase_order,702,
2394,1,390,2026-03-24,delivery,36,purchase_order,702,
2395,1,460,2026-03-25,delivery,2,purchase_order,633,
2396,1,70,2026-03-25,delivery,6,purchase_order,636,
2397,1,445,2026-03-25,delivery,8,purchase_order,641,
2398,1,524,2026-03-25,delivery,4,purchase_order,668,
2399,1,529,2026-03-25,delivery,12,purchase_order,668,
2400,1,548,2026-03-25,delivery,3,purchase_order,668,
2401,1,478,2026-03-25,delivery,2,purchase_order,676,
2402,1,497,2026-03-25,delivery,3,purchase_order,676,
2403,1,502,2026-03-25,delivery,6,purchase_order,676,
2404,1,2,2026-03-25,delivery,180,purchase_order,678,
2405,1,13,2026-03-25,delivery,72,purchase_order,678,
2406,1,34,2026-03-25,delivery,24,purchase_order,678,
2407,1,44,2026-03-25,delivery,48,purchase_order,678,
2408,1,160,2026-03-25,delivery,36,purchase_order,678,
2409,1,162,2026-03-25,delivery,6,purchase_order,678,
2410,1,29,2026-03-25,delivery,24,purchase_order,686,
2411,1,41,2026-03-25,delivery,5,purchase_order,686,
2412,1,130,2026-03-25,delivery,34,purchase_order,686,
2413,1,137,2026-03-25,delivery,12,purchase_order,686,
2414,1,138,2026-03-25,delivery,24,purchase_order,686,
2415,1,151,2026-03-25,delivery,17,purchase_order,686,
2416,1,168,2026-03-25,delivery,18,purchase_order,686,
2417,1,343,2026-03-25,delivery,12,purchase_order,691,
2418,1,353,2026-03-25,delivery,12,purchase_order,691,
2419,1,361,2026-03-25,delivery,2,purchase_order,691,
2420,1,385,2026-03-25,shrinkage,-1,,,Cycle count variance
2421,1,319,2026-03-25,shrinkage,-1,,,Cycle count variance
2422,1,565,2026-03-26,delivery,42,purchase_order,677,
2423,1,570,2026-03-26,delivery,24,purchase_order,677,
2424,1,528,2026-03-26,delivery,24,purchase_order,685,
2425,1,546,2026-03-26,delivery,6,purchase_order,685,
2426,1,559,2026-03-26,delivery,6,purchase_order,685,
2427,1,575,2026-03-26,delivery,2,purchase_order,706,
2428,1,586,2026-03-26,delivery,6,purchase_order,706,
2429,1,89,2026-03-26,delivery,12,purchase_order,709,
2430,1,110,2026-03-26,delivery,252,purchase_order,709,
2431,1,116,2026-03-26,delivery,24,purchase_order,716,
2432,1,81,2026-03-26,delivery,10,purchase_order,726,
2433,1,82,2026-03-26,delivery,36,purchase_order,726,
2434,1,107,2026-03-26,delivery,12,purchase_order,726,
2435,1,108,2026-03-26,delivery,24,purchase_order,726,
2436,1,119,2026-03-26,delivery,12,purchase_order,726,
2437,1,404,2026-03-26,shrinkage,-1,,,Cycle count variance
2438,1,600,2026-03-26,shrinkage,-1,,,Cycle count variance
2439,1,433,2026-03-27,delivery,6,purchase_order,640,
2440,1,273,2026-03-27,delivery,12,purchase_order,672,
2441,1,278,2026-03-27,delivery,72,purchase_order,672,
2442,1,284,2026-03-27,delivery,12,purchase_order,672,
2443,1,289,2026-03-27,delivery,12,purchase_order,672,
2444,1,295,2026-03-27,delivery,6,purchase_order,672,
2445,1,313,2026-03-27,delivery,6,purchase_order,682,
2446,1,93,2026-03-27,delivery,78,purchase_order,688,
2447,1,102,2026-03-27,delivery,18,purchase_order,688,
2448,1,118,2026-03-27,delivery,114,purchase_order,688,
2449,1,511,2026-03-27,delivery,12,purchase_order,695,
2450,1,22,2026-03-27,delivery,12,purchase_order,697,
2451,1,45,2026-03-27,delivery,24,purchase_order,697,
2452,1,48,2026-03-27,delivery,30,purchase_order,697,
2453,1,275,2026-03-27,shrinkage,-2,,,Cycle count variance
2454,1,30,2026-03-27,shrinkage,-1,,,Cycle count variance
2455,1,40,2026-03-27,shrinkage,-1,,,Cycle count variance
2456,1,51,2026-03-28,delivery,1,purchase_order,662,
2457,1,394,2026-03-28,delivery,1,purchase_order,666,
2458,1,564,2026-03-28,delivery,12,purchase_order,696,
2459,1,17,2026-03-28,delivery,36,purchase_order,707,
2460,1,47,2026-03-28,delivery,12,purchase_order,707,
2461,1,133,2026-03-28,delivery,24,purchase_order,707,
2462,1,144,2026-03-28,delivery,12,purchase_order,707,
2463,1,146,2026-03-28,delivery,24,purchase_order,707,
2464,1,167,2026-03-28,delivery,84,purchase_order,707,
2465,1,372,2026-03-28,shrinkage,-1,,,Cycle count variance
2466,1,231,2026-03-28,shrinkage,-1,,,Cycle count variance
2467,1,133,2026-03-28,shrinkage,-2,,,Cycle count variance
2468,1,470,2026-03-29,delivery,10,purchase_order,658,
2469,1,249,2026-03-29,delivery,8,purchase_order,664,
2470,1,300,2026-03-29,delivery,12,purchase_order,664,
2471,1,305,2026-03-29,delivery,72,purchase_order,664,
2472,1,309,2026-03-29,delivery,24,purchase_order,664,
2473,1,52,2026-03-29,delivery,24,purchase_order,671,
2474,1,62,2026-03-29,delivery,72,purchase_order,671,
2475,1,176,2026-03-29,delivery,48,purchase_order,681,
2476,1,179,2026-03-29,delivery,24,purchase_order,681,
2477,1,187,2026-03-29,delivery,24,purchase_order,681,
2478,1,188,2026-03-29,delivery,12,purchase_order,681,
2479,1,205,2026-03-29,delivery,8,purchase_order,681,
2480,1,218,2026-03-29,delivery,66,purchase_order,681,
2481,1,175,2026-03-29,delivery,24,purchase_order,689,
2482,1,201,2026-03-29,delivery,18,purchase_order,689,
2483,1,360,2026-03-29,delivery,3,purchase_order,701,
2484,1,490,2026-03-29,delivery,6,purchase_order,705,
2485,1,172,2026-03-29,delivery,32,purchase_order,710,
2486,1,186,2026-03-29,delivery,24,purchase_order,710,
2487,1,245,2026-03-29,delivery,18,purchase_order,711,
2488,1,291,2026-03-29,delivery,18,purchase_order,711,
2489,1,314,2026-03-29,delivery,19,purchase_order,711,
2490,1,494,2026-03-29,delivery,1,purchase_order,722,
2491,1,515,2026-03-29,delivery,5,purchase_order,722,
2492,1,517,2026-03-29,delivery,1,purchase_order,722,
2493,1,30,2026-03-29,delivery,12,purchase_order,724,
2494,1,141,2026-03-29,delivery,24,purchase_order,724,
2495,1,78,2026-03-29,delivery,48,purchase_order,734,
2496,1,113,2026-03-29,delivery,6,purchase_order,734,
2497,1,121,2026-03-29,delivery,60,purchase_order,734,
2498,1,437,2026-03-29,shrinkage,-2,,,Cycle count variance
2499,1,57,2026-03-30,delivery,24,purchase_order,645,
2500,1,60,2026-03-30,delivery,48,purchase_order,645,
2501,1,65,2026-03-30,delivery,6,purchase_order,645,
2502,1,455,2026-03-30,delivery,27,purchase_order,650,
2503,1,456,2026-03-30,delivery,3,purchase_order,675,
2504,1,461,2026-03-30,delivery,24,purchase_order,675,
2505,1,465,2026-03-30,delivery,3,purchase_order,675,
2506,1,229,2026-03-30,delivery,6,purchase_order,690,
2507,1,286,2026-03-30,delivery,12,purchase_order,690,
2508,1,310,2026-03-30,delivery,24,purchase_order,690,
2509,1,312,2026-03-30,delivery,12,purchase_order,690,
2510,1,417,2026-03-30,delivery,6,purchase_order,693,
2511,1,427,2026-03-30,delivery,54,purchase_order,693,
2512,1,198,2026-03-30,delivery,12,purchase_order,699,
2513,1,261,2026-03-30,delivery,12,purchase_order,700,
2514,1,293,2026-03-30,delivery,12,purchase_order,700,
2515,1,304,2026-03-30,delivery,30,purchase_order,700,
2516,1,318,2026-03-30,delivery,24,purchase_order,712,
2517,1,384,2026-03-30,delivery,12,purchase_order,719,
2518,1,478,2026-03-30,delivery,2,purchase_order,731,
2519,1,507,2026-03-30,delivery,24,purchase_order,731,
2520,1,516,2026-03-30,delivery,6,purchase_order,731,
2521,1,32,2026-03-30,delivery,48,purchase_order,733,
2522,1,38,2026-03-30,delivery,6,purchase_order,733,
2523,1,101,2026-03-30,delivery,30,purchase_order,742,
2524,1,111,2026-03-30,delivery,48,purchase_order,742,
2525,1,77,2026-03-30,delivery,6,purchase_order,753,
2526,1,91,2026-03-30,delivery,66,purchase_order,753,
2527,1,97,2026-03-30,delivery,24,purchase_order,753,
2528,1,103,2026-03-30,delivery,12,purchase_order,753,
2529,1,115,2026-03-30,delivery,11,purchase_order,753,
2530,1,368,2026-03-30,delivery,3,purchase_order,757,
2531,1,370,2026-03-30,delivery,6,purchase_order,757,
2532,1,376,2026-03-30,delivery,24,purchase_order,757,
2533,1,379,2026-03-30,delivery,6,purchase_order,757,
2534,1,385,2026-03-30,delivery,12,purchase_order,757,
2535,1,496,2026-03-30,shrinkage,-2,,,Cycle count variance
2536,1,536,2026-03-30,shrinkage,-1,,,Cycle count variance
2537,1,401,2026-03-31,delivery,6,purchase_order,657,
2538,1,425,2026-03-31,delivery,3,purchase_order,657,
2539,1,49,2026-03-31,delivery,47,purchase_order,687,
2540,1,21,2026-03-31,delivery,12,purchase_order,714,
2541,1,46,2026-03-31,delivery,30,purchase_order,714,
2542,1,159,2026-03-31,delivery,12,purchase_order,714,
2543,1,203,2026-03-31,delivery,18,purchase_order,717,
2544,1,240,2026-03-31,delivery,24,purchase_order,718,
2545,1,301,2026-03-31,delivery,12,purchase_order,718,
2546,1,171,2026-03-31,delivery,19,purchase_order,727,
2547,1,211,2026-03-31,delivery,12,purchase_order,727,
2548,1,216,2026-03-31,delivery,24,purchase_order,727,
2549,1,330,2026-03-31,delivery,36,purchase_order,745,
2550,1,359,2026-03-31,delivery,1,purchase_order,745,
2551,1,365,2026-03-31,delivery,60,purchase_order,745,
2552,1,322,2026-03-31,delivery,17,purchase_order,756,
2553,1,324,2026-03-31,delivery,48,purchase_order,756,
2554,1,331,2026-03-31,delivery,4,purchase_order,756,
2555,1,337,2026-03-31,delivery,5,purchase_order,756,
2556,1,339,2026-03-31,delivery,6,purchase_order,756,
2557,1,348,2026-03-31,delivery,12,purchase_order,756,
2558,1,362,2026-03-31,delivery,12,purchase_order,756,
2559,1,61,2026-04-01,delivery,24,purchase_order,679,
2560,1,418,2026-04-01,delivery,6,purchase_order,684,
2561,1,457,2026-04-01,delivery,12,purchase_order,694,
2562,1,568,2026-04-01,delivery,9,purchase_order,713,
2563,1,234,2026-04-01,delivery,12,purchase_order,728,
2564,1,290,2026-04-01,delivery,24,purchase_order,728,
2565,1,479,2026-04-01,delivery,6,purchase_order,738,
2566,1,489,2026-04-01,delivery,6,purchase_order,738,
2567,1,10,2026-04-01,delivery,18,purchase_order,741,
2568,1,126,2026-04-01,delivery,36,purchase_order,741,
2569,1,142,2026-04-01,delivery,24,purchase_order,741,
2570,1,147,2026-04-01,delivery,6,purchase_order,741,
2571,1,150,2026-04-01,delivery,48,purchase_order,741,
2572,1,152,2026-04-01,delivery,6,purchase_order,741,
2573,1,581,2026-04-01,delivery,6,purchase_order,750,
2574,1,383,2026-04-01,delivery,13,purchase_order,766,
2575,1,387,2026-04-01,delivery,6,purchase_order,766,
2576,1,372,2026-04-01,delivery,12,purchase_order,772,
2577,1,380,2026-04-01,delivery,12,purchase_order,772,
2578,1,382,2026-04-01,delivery,12,purchase_order,781,
2579,1,411,2026-04-02,delivery,6,purchase_order,674,
2580,1,431,2026-04-02,delivery,6,purchase_order,674,
2581,1,464,2026-04-02,delivery,36,purchase_order,704,
2582,1,72,2026-04-02,delivery,31,purchase_order,708,
2583,1,467,2026-04-02,delivery,24,purchase_order,721,
2584,1,551,2026-04-02,delivery,3,purchase_order,723,
2585,1,569,2026-04-02,delivery,6,purchase_order,732,
2586,1,524,2026-04-02,delivery,4,purchase_order,739,
2587,1,556,2026-04-02,delivery,24,purchase_order,739,
2588,1,371,2026-04-02,delivery,3,purchase_order,746,
2589,1,374,2026-04-02,delivery,15,purchase_order,746,
2590,1,484,2026-04-02,delivery,12,purchase_order,768,
2591,1,494,2026-04-02,delivery,1,purchase_order,768,
2592,1,517,2026-04-02,delivery,1,purchase_order,768,
2593,1,321,2026-04-02,delivery,36,purchase_order,771,
2594,1,96,2026-04-02,delivery,3,purchase_order,778,
2595,1,367,2026-04-02,delivery,18,purchase_order,791,
2596,1,56,2026-04-03,delivery,60,purchase_order,715,
2597,1,503,2026-04-03,delivery,12,purchase_order,748,
2598,1,8,2026-04-03,delivery,96,purchase_order,751,
2599,1,11,2026-04-03,delivery,24,purchase_order,751,
2600,1,26,2026-04-03,delivery,24,purchase_order,751,
2601,1,27,2026-04-03,delivery,12,purchase_order,751,
2602,1,131,2026-04-03,delivery,18,purchase_order,751,
2603,1,148,2026-04-03,delivery,24,purchase_order,751,
2604,1,158,2026-04-03,delivery,72,purchase_order,751,
2605,1,592,2026-04-03,delivery,24,purchase_order,760,
2606,1,494,2026-04-03,shrinkage,-1,,,Cycle count variance
2607,1,406,2026-04-04,delivery,24,purchase_order,720,
2608,1,452,2026-04-04,delivery,24,purchase_order,730,
2609,1,460,2026-04-04,delivery,2,purchase_order,730,
2610,1,462,2026-04-04,delivery,12,purchase_order,730,
2611,1,181,2026-04-04,delivery,5,purchase_order,735,
2612,1,189,2026-04-04,delivery,3,purchase_order,735,
2613,1,194,2026-04-04,delivery,6,purchase_order,735,
2614,1,217,2026-04-04,delivery,6,purchase_order,735,
2615,1,589,2026-04-04,delivery,5,purchase_order,740,
2616,1,208,2026-04-04,delivery,24,purchase_order,743,
2617,1,215,2026-04-04,delivery,24,purchase_order,743,
2618,1,488,2026-04-04,delivery,6,purchase_order,759,
2619,1,495,2026-04-04,delivery,12,purchase_order,759,
2620,1,504,2026-04-04,delivery,14,purchase_order,759,
2621,1,92,2026-04-04,delivery,24,purchase_order,763,
2622,1,6,2026-04-04,delivery,84,purchase_order,769,
2623,1,143,2026-04-04,delivery,26,purchase_order,769,
2624,1,154,2026-04-04,delivery,7,purchase_order,769,
2625,1,76,2026-04-04,delivery,42,purchase_order,806,
2626,1,96,2026-04-04,delivery,3,purchase_order,806,
2627,1,396,2026-04-05,delivery,24,purchase_order,703,
2628,1,410,2026-04-05,delivery,24,purchase_order,703,
2629,1,74,2026-04-05,delivery,18,purchase_order,725,
2630,1,407,2026-04-05,delivery,12,purchase_order,729,
2631,1,421,2026-04-05,delivery,6,purchase_order,729,
2632,1,424,2026-04-05,delivery,12,purchase_order,729,
2633,1,442,2026-04-05,delivery,12,purchase_order,729,
2634,1,428,2026-04-05,delivery,12,purchase_order,747,
2635,1,435,2026-04-05,delivery,4,purchase_order,747,
2636,1,525,2026-04-05,delivery,21,purchase_order,749,
2637,1,534,2026-04-05,delivery,24,purchase_order,749,
2638,1,553,2026-04-05,delivery,6,purchase_order,749,
2639,1,571,2026-04-05,delivery,2,purchase_order,749,
2640,1,183,2026-04-05,delivery,12,purchase_order,754,
2641,1,202,2026-04-05,delivery,6,purchase_order,754,
2642,1,228,2026-04-05,delivery,20,purchase_order,755,
2643,1,231,2026-04-05,delivery,12,purchase_order,755,
2644,1,302,2026-04-05,delivery,12,purchase_order,755,
2645,1,7,2026-04-05,delivery,18,purchase_order,761,
2646,1,15,2026-04-05,delivery,36,purchase_order,761,
2647,1,157,2026-04-05,delivery,18,purchase_order,761,
2648,1,170,2026-04-05,delivery,3,purchase_order,761,
2649,1,233,2026-04-05,delivery,12,purchase_order,765,
2650,1,497,2026-04-05,delivery,3,purchase_order,775,
2651,1,1,2026-04-05,delivery,35,purchase_order,777,
2652,1,4,2026-04-05,delivery,12,purchase_order,777,
2653,1,12,2026-04-05,delivery,12,purchase_order,777,
2654,1,14,2026-04-05,delivery,6,purchase_order,777,
2655,1,23,2026-04-05,delivery,24,purchase_order,777,
2656,1,139,2026-04-05,delivery,12,purchase_order,777,
2657,1,162,2026-04-05,delivery,6,purchase_order,777,
2658,1,584,2026-04-05,delivery,6,purchase_order,785,
2659,1,327,2026-04-05,delivery,12,purchase_order,790,
2660,1,355,2026-04-05,delivery,6,purchase_order,790,
2661,1,270,2026-04-05,shrinkage,-1,,,Cycle count variance
2662,1,461,2026-04-05,shrinkage,-2,,,Cycle count variance
2663,1,242,2026-04-06,delivery,6,purchase_order,736,
2664,1,243,2026-04-06,delivery,42,purchase_order,736,
2665,1,247,2026-04-06,delivery,8,purchase_order,736,
2666,1,255,2026-04-06,delivery,10,purchase_order,736,
2667,1,265,2026-04-06,delivery,12,purchase_order,736,
2668,1,282,2026-04-06,delivery,12,purchase_order,736,
2669,1,394,2026-04-06,delivery,1,purchase_order,758,
2670,1,174,2026-04-06,delivery,36,purchase_order,764,
2671,1,496,2026-04-06,delivery,6,purchase_order,784,
2672,1,5,2026-04-06,delivery,24,purchase_order,794,
2673,1,36,2026-04-06,delivery,30,purchase_order,794,
2674,1,132,2026-04-06,delivery,6,purchase_order,794,
2675,1,149,2026-04-06,delivery,12,purchase_order,794,
2676,1,386,2026-04-06,delivery,12,purchase_order,799,
2677,1,320,2026-04-06,delivery,36,purchase_order,808,
2678,1,342,2026-04-06,delivery,42,purchase_order,808,
2679,1,361,2026-04-06,delivery,2,purchase_order,808,
2680,1,88,2026-04-06,delivery,3,purchase_order,812,
2681,1,99,2026-04-06,delivery,8,purchase_order,812,
2682,1,102,2026-04-06,delivery,18,purchase_order,812,
2683,1,246,2026-04-07,delivery,36,purchase_order,744,
2684,1,271,2026-04-07,delivery,6,purchase_order,744,
2685,1,285,2026-04-07,delivery,6,purchase_order,744,
2686,1,297,2026-04-07,delivery,6,purchase_order,744,
2687,1,279,2026-04-07,delivery,6,purchase_order,770,
2688,1,547,2026-04-07,delivery,6,purchase_order,776,
2689,1,223,2026-04-07,delivery,6,purchase_order,779,
2690,1,239,2026-04-07,delivery,24,purchase_order,779,
2691,1,244,2026-04-07,delivery,18,purchase_order,779,
2692,1,249,2026-04-07,delivery,8,purchase_order,779,
2693,1,250,2026-04-07,delivery,6,purchase_order,779,
2694,1,262,2026-04-07,delivery,105,purchase_order,779,
2695,1,283,2026-04-07,delivery,24,purchase_order,779,
2696,1,308,2026-04-07,delivery,24,purchase_order,779,
2697,1,356,2026-04-07,delivery,6,purchase_order,780,
2698,1,359,2026-04-07,delivery,1,purchase_order,780,
2699,1,80,2026-04-07,delivery,24,purchase_order,787,
2700,1,84,2026-04-07,delivery,6,purchase_order,787,
2701,1,114,2026-04-07,delivery,24,purchase_order,787,
2702,1,389,2026-04-07,delivery,12,purchase_order,815,
2703,1,139,2026-04-07,shrinkage,-1,,,Cycle count variance
2704,1,51,2026-04-08,delivery,1,purchase_order,752,
2705,1,53,2026-04-08,delivery,15,purchase_order,752,
2706,1,54,2026-04-08,delivery,24,purchase_order,752,
2707,1,66,2026-04-08,delivery,114,purchase_order,752,
2708,1,408,2026-04-08,delivery,21,purchase_order,767,
2709,1,456,2026-04-08,delivery,3,purchase_order,774,
2710,1,182,2026-04-08,delivery,6,purchase_order,788,
2711,1,197,2026-04-08,delivery,12,purchase_order,788,
2712,1,90,2026-04-08,delivery,204,purchase_order,796,
2713,1,98,2026-04-08,delivery,84,purchase_order,796,
2714,1,473,2026-04-08,delivery,1,purchase_order,802,
2715,1,487,2026-04-08,delivery,12,purchase_order,802,
2716,1,494,2026-04-08,delivery,1,purchase_order,802,
2717,1,511,2026-04-08,delivery,12,purchase_order,802,
2718,1,517,2026-04-08,delivery,1,purchase_order,802,
2719,1,39,2026-04-08,delivery,12,purchase_order,804,
2720,1,166,2026-04-08,delivery,36,purchase_order,804,
2721,1,488,2026-04-08,shrinkage,-1,,,Cycle count variance
2722,1,50,2026-04-08,shrinkage,-2,,,Cycle count variance
2723,1,491,2026-04-08,shrinkage,-1,,,Cycle count variance
2724,1,458,2026-04-09,delivery,2,purchase_order,737,
2725,1,459,2026-04-09,delivery,24,purchase_order,737,
2726,1,55,2026-04-09,delivery,24,purchase_order,762,
2727,1,64,2026-04-09,delivery,13,purchase_order,762,
2728,1,71,2026-04-09,delivery,24,purchase_order,762,
2729,1,415,2026-04-09,delivery,12,purchase_order,773,
2730,1,438,2026-04-09,delivery,24,purchase_order,773,
2731,1,222,2026-04-09,delivery,48,purchase_order,789,
2732,1,232,2026-04-09,delivery,23,purchase_order,789,
2733,1,252,2026-04-09,delivery,18,purchase_order,789,
2734,1,296,2026-04-09,delivery,24,purchase_order,789,
2735,1,548,2026-04-09,delivery,3,purchase_order,793,
2736,1,550,2026-04-09,delivery,12,purchase_order,793,
2737,1,16,2026-04-09,delivery,18,purchase_order,810,
2738,1,18,2026-04-09,delivery,24,purchase_order,810,
2739,1,20,2026-04-09,delivery,1,purchase_order,810,
2740,1,124,2026-04-09,delivery,60,purchase_order,810,
2741,1,127,2026-04-09,delivery,48,purchase_order,810,
2742,1,130,2026-04-09,delivery,34,purchase_order,810,
2743,1,140,2026-04-09,delivery,18,purchase_order,810,
2744,1,332,2026-04-09,delivery,12,purchase_order,814,
2745,1,346,2026-04-09,delivery,5,purchase_order,814,
2746,1,477,2026-04-09,delivery,6,purchase_order,818,
2747,1,390,2026-04-09,delivery,36,purchase_order,826,
2748,1,368,2026-04-09,delivery,3,purchase_order,840,
2749,1,401,2026-04-10,delivery,6,purchase_order,782,
2750,1,466,2026-04-10,delivery,5,purchase_order,783,
2751,1,37,2026-04-10,delivery,24,purchase_order,786,
2752,1,175,2026-04-10,delivery,24,purchase_order,797,
2753,1,198,2026-04-10,delivery,12,purchase_order,797,
2754,1,204,2026-04-10,delivery,48,purchase_order,797,
2755,1,257,2026-04-10,delivery,48,purchase_order,807,
2756,1,299,2026-04-10,delivery,60,purchase_order,807,
2757,1,17,2026-04-10,delivery,36,purchase_order,820,
2758,1,24,2026-04-10,delivery,24,purchase_order,820,
2759,1,25,2026-04-10,delivery,102,purchase_order,820,
2760,1,30,2026-04-10,delivery,12,purchase_order,820,
2761,1,134,2026-04-10,delivery,72,purchase_order,820,
2762,1,168,2026-04-10,delivery,18,purchase_order,820,
2763,1,329,2026-04-10,delivery,12,purchase_order,825,
2764,1,349,2026-04-10,delivery,24,purchase_order,825,
2765,1,86,2026-04-10,delivery,24,purchase_order,830,
2766,1,116,2026-04-10,delivery,24,purchase_order,830,
2767,1,323,2026-04-10,delivery,36,purchase_order,839,
2768,1,333,2026-04-10,delivery,18,purchase_order,839,
2769,1,341,2026-04-10,delivery,6,purchase_order,839,
2770,1,354,2026-04-10,delivery,12,purchase_order,839,
2771,1,511,2026-04-10,shrinkage,-1,,,Cycle count variance
2772,1,125,2026-04-10,shrinkage,-2,,,Cycle count variance
2773,1,381,2026-04-10,shrinkage,-1,,,Cycle count variance
2774,1,395,2026-04-11,delivery,17,purchase_order,792,
2775,1,414,2026-04-11,delivery,24,purchase_order,792,
2776,1,444,2026-04-11,delivery,2,purchase_order,792,
2777,1,230,2026-04-11,delivery,6,purchase_order,813,
2778,1,275,2026-04-11,delivery,42,purchase_order,813,
2779,1,276,2026-04-11,delivery,12,purchase_order,813,
2780,1,298,2026-04-11,delivery,19,purchase_order,813,
2781,1,110,2026-04-11,delivery,252,purchase_order,822,
2782,1,178,2026-04-11,delivery,72,purchase_order,823,
2783,1,190,2026-04-11,delivery,6,purchase_order,823,
2784,1,218,2026-04-11,delivery,66,purchase_order,823,
2785,1,43,2026-04-11,delivery,10,purchase_order,829,
2786,1,336,2026-04-11,delivery,24,purchase_order,833,
2787,1,340,2026-04-11,delivery,12,purchase_order,833,
2788,1,79,2026-04-11,delivery,6,purchase_order,836,
2789,1,96,2026-04-11,delivery,3,purchase_order,836,
2790,1,486,2026-04-11,delivery,12,purchase_order,843,
2791,1,361,2026-04-11,delivery,2,purchase_order,849,
2792,1,378,2026-04-11,delivery,12,purchase_order,850,
2793,1,89,2026-04-11,delivery,12,purchase_order,855,
2794,1,95,2026-04-11,delivery,48,purchase_order,855,
2795,1,112,2026-04-11,delivery,18,purchase_order,855,
2796,1,113,2026-04-11,delivery,6,purchase_order,855,
2797,1,60,2026-04-12,delivery,48,purchase_order,795,
2798,1,419,2026-04-12,delivery,9,purchase_order,800,
2799,1,425,2026-04-12,delivery,3,purchase_order,800,
2800,1,429,2026-04-12,delivery,7,purchase_order,800,
2801,1,526,2026-04-12,delivery,6,purchase_order,819,
2802,1,551,2026-04-12,delivery,3,purchase_order,819,
2803,1,568,2026-04-12,delivery,9,purchase_order,819,
2804,1,260,2026-04-12,delivery,18,purchase_order,824,
2805,1,266,2026-04-12,delivery,12,purchase_order,824,
2806,1,270,2026-04-12,delivery,12,purchase_order,824,
2807,1,305,2026-04-12,delivery,72,purchase_order,824,
2808,1,310,2026-04-12,delivery,24,purchase_order,824,
2809,1,527,2026-04-12,delivery,6,purchase_order,828,
2810,1,567,2026-04-12,delivery,2,purchase_order,828,
2811,1,569,2026-04-12,delivery,6,purchase_order,828,
2812,1,572,2026-04-12,delivery,6,purchase_order,828,
2813,1,40,2026-04-12,delivery,36,purchase_order,835,
2814,1,163,2026-04-12,delivery,6,purchase_order,835,
2815,1,373,2026-04-12,delivery,12,purchase_order,859,
2816,1,374,2026-04-12,delivery,15,purchase_order,859,
2817,1,391,2026-04-12,delivery,12,purchase_order,859,
2818,1,262,2026-04-12,shrinkage,-1,,,Cycle count variance
2819,1,237,2026-04-13,delivery,18,purchase_order,798,
2820,1,294,2026-04-13,delivery,12,purchase_order,798,
2821,1,552,2026-04-13,delivery,12,purchase_order,803,
2822,1,558,2026-04-13,delivery,96,purchase_order,803,
2823,1,559,2026-04-13,delivery,6,purchase_order,803,
2824,1,574,2026-04-13,delivery,6,purchase_order,803,
2825,1,220,2026-04-13,delivery,11,purchase_order,838,
2826,1,278,2026-04-13,delivery,72,purchase_order,838,
2827,1,309,2026-04-13,delivery,24,purchase_order,838,
2828,1,553,2026-04-13,delivery,6,purchase_order,844,
2829,1,577,2026-04-13,delivery,12,purchase_order,853,
2830,1,19,2026-04-13,delivery,24,purchase_order,854,
2831,1,20,2026-04-13,delivery,1,purchase_order,854,
2832,1,41,2026-04-13,delivery,5,purchase_order,854,
2833,1,45,2026-04-13,delivery,24,purchase_order,854,
2834,1,164,2026-04-13,delivery,5,purchase_order,854,
2835,1,335,2026-04-13,delivery,12,purchase_order,868,
2836,1,348,2026-04-13,delivery,12,purchase_order,868,
2837,1,368,2026-04-13,delivery,3,purchase_order,878,
2838,1,399,2026-04-13,shrinkage,-1,,,Cycle count variance
2839,1,162,2026-04-13,shrinkage,-2,,,Cycle count variance
2840,1,461,2026-04-13,shrinkage,-2,,,Cycle count variance
2841,1,470,2026-04-14,delivery,10,purchase_order,801,
2842,1,63,2026-04-14,delivery,12,purchase_order,811,
2843,1,72,2026-04-14,delivery,31,purchase_order,811,
2844,1,423,2026-04-14,delivery,6,purchase_order,816,
2845,1,400,2026-04-14,delivery,12,purchase_order,827,
2846,1,427,2026-04-14,delivery,54,purchase_order,827,
2847,1,186,2026-04-14,delivery,24,purchase_order,831,
2848,1,216,2026-04-14,delivery,24,purchase_order,837,
2849,1,82,2026-04-14,delivery,36,purchase_order,846,
2850,1,473,2026-04-14,delivery,1,purchase_order,851,
2851,1,488,2026-04-14,delivery,6,purchase_order,851,
2852,1,494,2026-04-14,delivery,1,purchase_order,851,
2853,1,104,2026-04-14,delivery,88,purchase_order,864,
2854,1,105,2026-04-14,delivery,48,purchase_order,864,
2855,1,117,2026-04-14,delivery,24,purchase_order,864,
2856,1,118,2026-04-14,delivery,114,purchase_order,864,
2857,1,121,2026-04-14,delivery,60,purchase_order,864,
2858,1,85,2026-04-14,delivery,48,purchase_order,874,
2859,1,101,2026-04-14,delivery,30,purchase_order,874,
2860,1,320,2026-04-14,shrinkage,-2,,,Cycle count variance
2861,1,54,2026-04-14,shrinkage,-1,,,Cycle count variance
2862,1,316,2026-04-14,shrinkage,-2,,,Cycle count variance
2863,1,68,2026-04-15,delivery,48,purchase_order,805,
2864,1,69,2026-04-15,delivery,36,purchase_order,805,
2865,1,524,2026-04-15,delivery,4,purchase_order,852,
2866,1,565,2026-04-15,delivery,42,purchase_order,852,
2867,1,479,2026-04-15,delivery,6,purchase_order,862,
2868,1,507,2026-04-15,delivery,24,purchase_order,862,
2869,1,500,2026-04-15,delivery,1,purchase_order,871,
2870,1,382,2026-04-15,delivery,12,purchase_order,888,
2871,1,383,2026-04-15,delivery,13,purchase_order,888,
2872,1,91,2026-04-15,delivery,66,purchase_order,893,
2873,1,122,2026-04-15,delivery,48,purchase_order,893,
2874,1,321,2026-04-15,delivery,36,purchase_order,897,
2875,1,331,2026-04-15,delivery,4,purchase_order,897,
2876,1,346,2026-04-15,delivery,5,purchase_order,897,
2877,1,362,2026-04-15,delivery,12,purchase_order,897,
2878,1,49,2026-04-16,delivery,47,purchase_order,821,
2879,1,259,2026-04-16,delivery,12,purchase_order,857,
2880,1,314,2026-04-16,delivery,19,purchase_order,857,
2881,1,322,2026-04-16,delivery,17,purchase_order,858,
2882,1,357,2026-04-16,delivery,6,purchase_order,858,
2883,1,363,2026-04-16,delivery,12,purchase_order,858,
2884,1,517,2026-04-16,delivery,1,purchase_order,880,
2885,1,589,2026-04-16,delivery,5,purchase_order,882,
2886,1,9,2026-04-16,shrinkage,-1,,,Cycle count variance
2887,1,118,2026-04-16,shrinkage,-2,,,Cycle count variance
2888,1,457,2026-04-17,delivery,12,purchase_order,809,
2889,1,224,2026-04-17,delivery,6,purchase_order,832,
2890,1,263,2026-04-17,delivery,48,purchase_order,832,
2891,1,251,2026-04-17,delivery,14,purchase_order,848,
2892,1,289,2026-04-17,delivery,12,purchase_order,848,
2893,1,297,2026-04-17,delivery,6,purchase_order,848,
2894,1,172,2026-04-17,delivery,32,purchase_order,856,
2895,1,189,2026-04-17,delivery,3,purchase_order,856,
2896,1,201,2026-04-17,delivery,18,purchase_order,856,
2897,1,203,2026-04-17,delivery,18,purchase_order,856,
2898,1,125,2026-04-17,delivery,6,purchase_order,865,
2899,1,137,2026-04-17,delivery,12,purchase_order,865,
2900,1,160,2026-04-17,delivery,36,purchase_order,865,
2901,1,173,2026-04-17,delivery,12,purchase_order,866,
2902,1,31,2026-04-17,delivery,12,purchase_order,872,
2903,1,42,2026-04-17,delivery,16,purchase_order,872,
2904,1,147,2026-04-17,delivery,6,purchase_order,872,
2905,1,167,2026-04-17,delivery,84,purchase_order,872,
2906,1,77,2026-04-17,delivery,6,purchase_order,909,
2907,1,200,2026-04-17,shrinkage,-2,,,Cycle count variance
2908,1,451,2026-04-18,delivery,12,purchase_order,817,
2909,1,469,2026-04-18,delivery,12,purchase_order,817,
2910,1,50,2026-04-18,delivery,6,purchase_order,845,
2911,1,51,2026-04-18,delivery,1,purchase_order,845,
2912,1,528,2026-04-18,delivery,24,purchase_order,863,
2913,1,548,2026-04-18,delivery,3,purchase_order,863,
2914,1,281,2026-04-18,delivery,12,purchase_order,867,
2915,1,171,2026-04-18,delivery,19,purchase_order,875,
2916,1,206,2026-04-18,delivery,24,purchase_order,875,
2917,1,214,2026-04-18,delivery,24,purchase_order,875,
2918,1,217,2026-04-18,delivery,6,purchase_order,875,
2919,1,360,2026-04-18,delivery,3,purchase_order,877,
2920,1,557,2026-04-18,delivery,12,purchase_order,881,
2921,1,2,2026-04-18,delivery,180,purchase_order,883,
2922,1,10,2026-04-18,delivery,18,purchase_order,883,
2923,1,14,2026-04-18,delivery,6,purchase_order,883,
2924,1,34,2026-04-18,delivery,24,purchase_order,883,
2925,1,44,2026-04-18,delivery,48,purchase_order,883,
2926,1,46,2026-04-18,delivery,30,purchase_order,883,
2927,1,150,2026-04-18,delivery,48,purchase_order,883,
2928,1,87,2026-04-18,delivery,12,purchase_order,885,
2929,1,93,2026-04-18,delivery,78,purchase_order,885,
2930,1,97,2026-04-18,delivery,24,purchase_order,885,
2931,1,115,2026-04-18,delivery,11,purchase_order,885,
2932,1,123,2026-04-18,delivery,24,purchase_order,894,
2933,1,143,2026-04-18,delivery,26,purchase_order,894,
2934,1,478,2026-04-18,delivery,2,purchase_order,906,
2935,1,494,2026-04-18,delivery,1,purchase_order,906,
2936,1,504,2026-04-18,delivery,14,purchase_order,906,
2937,1,513,2026-04-18,delivery,6,purchase_order,906,
2938,1,339,2026-04-18,delivery,6,purchase_order,920,
2939,1,342,2026-04-18,delivery,42,purchase_order,920,
2940,1,430,2026-04-19,delivery,12,purchase_order,841,
2941,1,440,2026-04-19,delivery,6,purchase_order,841,
2942,1,454,2026-04-19,delivery,6,purchase_order,842,
2943,1,188,2026-04-19,delivery,12,purchase_order,847,
2944,1,431,2026-04-19,delivery,6,purchase_order,860,
2945,1,435,2026-04-19,delivery,4,purchase_order,860,
2946,1,445,2026-04-19,delivery,8,purchase_order,861,
2947,1,228,2026-04-19,delivery,20,purchase_order,876,
2948,1,272,2026-04-19,delivery,6,purchase_order,876,
2949,1,304,2026-04-19,delivery,30,purchase_order,876,
2950,1,234,2026-04-19,delivery,12,purchase_order,887,
2951,1,136,2026-04-19,delivery,24,purchase_order,901,
2952,1,151,2026-04-19,delivery,17,purchase_order,901,
2953,1,158,2026-04-19,delivery,72,purchase_order,901,
2954,1,13,2026-04-19,delivery,72,purchase_order,907,
2955,1,15,2026-04-19,delivery,36,purchase_order,907,
2956,1,48,2026-04-19,delivery,30,purchase_order,907,
2957,1,128,2026-04-19,delivery,48,purchase_order,907,
2958,1,131,2026-04-19,delivery,18,purchase_order,907,
2959,1,146,2026-04-19,delivery,24,purchase_order,907,
2960,1,332,2026-04-19,delivery,12,purchase_order,931,
2961,1,365,2026-04-19,delivery,60,purchase_order,931,
2962,1,394,2026-04-20,delivery,1,purchase_order,834,
2963,1,396,2026-04-20,delivery,24,purchase_order,869,
2964,1,401,2026-04-20,delivery,6,purchase_order,869,
2965,1,465,2026-04-20,delivery,3,purchase_order,870,
2966,1,52,2026-04-20,delivery,24,purchase_order,873,
2967,1,56,2026-04-20,delivery,60,purchase_order,873,
2968,1,58,2026-04-20,delivery,36,purchase_order,873,
2969,1,62,2026-04-20,delivery,72,purchase_order,873,
2970,1,64,2026-04-20,delivery,13,purchase_order,873,
2971,1,211,2026-04-20,delivery,12,purchase_order,895,
2972,1,236,2026-04-20,delivery,12,purchase_order,896,
2973,1,242,2026-04-20,delivery,6,purchase_order,896,
2974,1,243,2026-04-20,delivery,42,purchase_order,896,
2975,1,245,2026-04-20,delivery,18,purchase_order,896,
2976,1,246,2026-04-20,delivery,36,purchase_order,896,
2977,1,267,2026-04-20,delivery,13,purchase_order,896,
2978,1,293,2026-04-20,delivery,12,purchase_order,896,
2979,1,306,2026-04-20,delivery,12,purchase_order,896,
2980,1,81,2026-04-20,delivery,10,purchase_order,900,
2981,1,119,2026-04-20,delivery,12,purchase_order,900,
2982,1,328,2026-04-20,delivery,36,purchase_order,912,
2983,1,351,2026-04-20,delivery,12,purchase_order,912,
2984,1,361,2026-04-20,delivery,2,purchase_order,912,
2985,1,364,2026-04-20,delivery,12,purchase_order,912,
2986,1,388,2026-04-20,delivery,12,purchase_order,932,
2987,1,76,2026-04-20,delivery,42,purchase_order,939,
2988,1,108,2026-04-20,delivery,24,purchase_order,939,
2989,1,227,2026-04-20,shrinkage,-1,,,Cycle count variance
2990,1,515,2026-04-21,delivery,5,purchase_order,891,
2991,1,176,2026-04-21,delivery,48,purchase_order,902,
2992,1,187,2026-04-21,delivery,24,purchase_order,902,
2993,1,213,2026-04-21,delivery,12,purchase_order,902,
2994,1,227,2026-04-21,delivery,6,purchase_order,903,
2995,1,230,2026-04-21,delivery,6,purchase_order,903,
2996,1,252,2026-04-21,delivery,18,purchase_order,903,
2997,1,285,2026-04-21,delivery,6,purchase_order,903,
2998,1,292,2026-04-21,delivery,24,purchase_order,903,
2999,1,344,2026-04-21,delivery,6,purchase_order,904,
3000,1,353,2026-04-21,delivery,12,purchase_order,904,
3001,1,500,2026-04-21,delivery,1,purchase_order,914,
3002,1,503,2026-04-21,delivery,12,purchase_order,914,
3003,1,497,2026-04-21,delivery,3,purchase_order,923,
3004,1,506,2026-04-21,delivery,6,purchase_order,923,
3005,1,517,2026-04-21,delivery,1,purchase_order,923,
3006,1,600,2026-04-21,delivery,6,purchase_order,925,
3007,1,96,2026-04-21,delivery,3,purchase_order,928,
3008,1,99,2026-04-21,delivery,8,purchase_order,928,
3009,1,107,2026-04-21,delivery,12,purchase_order,928,
3010,1,109,2026-04-21,delivery,12,purchase_order,928,
3011,1,113,2026-04-21,delivery,6,purchase_order,928,
3012,1,319,2026-04-21,delivery,18,purchase_order,942,
3013,1,329,2026-04-21,delivery,12,purchase_order,942,
3014,1,337,2026-04-21,delivery,5,purchase_order,942,
3015,1,347,2026-04-21,delivery,24,purchase_order,942,
3016,1,358,2026-04-21,delivery,24,purchase_order,942,
3017,1,88,2026-04-21,delivery,3,purchase_order,949,
3018,1,90,2026-04-21,delivery,204,purchase_order,949,
3019,1,102,2026-04-21,delivery,18,purchase_order,949,
3020,1,103,2026-04-21,delivery,12,purchase_order,949,
3021,1,114,2026-04-21,delivery,24,purchase_order,949,
3022,1,315,2026-04-21,delivery,24,purchase_order,951,
3023,1,330,2026-04-21,delivery,36,purchase_order,951,
3024,1,334,2026-04-21,delivery,24,purchase_order,951,
3025,1,334,2026-04-21,shrinkage,-1,,,Cycle count variance
3026,1,410,2026-04-22,delivery,24,purchase_order,889,
3027,1,411,2026-04-22,delivery,6,purchase_order,889,
3028,1,182,2026-04-22,delivery,6,purchase_order,910,
3029,1,9,2026-04-22,delivery,12,purchase_order,926,
3030,1,21,2026-04-22,delivery,12,purchase_order,926,
3031,1,27,2026-04-22,delivery,12,purchase_order,926,
3032,1,38,2026-04-22,delivery,6,purchase_order,926,
3033,1,47,2026-04-22,delivery,12,purchase_order,926,
3034,1,162,2026-04-22,delivery,6,purchase_order,926,
3035,1,585,2026-04-22,delivery,6,purchase_order,936,
3036,1,593,2026-04-22,delivery,6,purchase_order,936,
3037,1,370,2026-04-22,delivery,6,purchase_order,952,
3038,1,353,2026-04-22,shrinkage,-1,,,Cycle count variance
3039,1,177,2026-04-23,delivery,12,purchase_order,886,
3040,1,179,2026-04-23,delivery,24,purchase_order,886,
3041,1,185,2026-04-23,delivery,24,purchase_order,886,
3042,1,198,2026-04-23,delivery,12,purchase_order,886,
3043,1,466,2026-04-23,delivery,5,purchase_order,890,
3044,1,395,2026-04-23,delivery,17,purchase_order,905,
3045,1,408,2026-04-23,delivery,21,purchase_order,905,
3046,1,412,2026-04-23,delivery,6,purchase_order,905,
3047,1,438,2026-04-23,delivery,24,purchase_order,905,
3048,1,280,2026-04-23,delivery,24,purchase_order,911,
3049,1,526,2026-04-23,delivery,6,purchase_order,915,
3050,1,1,2026-04-23,delivery,35,purchase_order,916,
3051,1,3,2026-04-23,delivery,12,purchase_order,916,
3052,1,8,2026-04-23,delivery,96,purchase_order,916,
3053,1,139,2026-04-23,delivery,12,purchase_order,916,
3054,1,152,2026-04-23,delivery,6,purchase_order,916,
3055,1,229,2026-04-23,delivery,6,purchase_order,919,
3056,1,247,2026-04-23,delivery,8,purchase_order,919,
3057,1,249,2026-04-23,delivery,8,purchase_order,919,
3058,1,255,2026-04-23,delivery,10,purchase_order,919,
3059,1,284,2026-04-23,delivery,12,purchase_order,919,
3060,1,312,2026-04-23,delivery,12,purchase_order,919,
3061,1,333,2026-04-23,delivery,18,purchase_order,959,
3062,1,356,2026-04-23,delivery,6,purchase_order,959,
3063,1,332,2026-04-23,shrinkage,-1,,,Cycle count variance
3064,1,304,2026-04-23,shrinkage,-1,,,Cycle count variance
3065,1,66,2026-04-24,delivery,114,purchase_order,884,
3066,1,70,2026-04-24,delivery,6,purchase_order,884,
3067,1,53,2026-04-24,delivery,15,purchase_order,892,
3068,1,73,2026-04-24,delivery,24,purchase_order,892,
3069,1,17,2026-04-24,delivery,36,purchase_order,937,
3070,1,20,2026-04-24,delivery,1,purchase_order,937,
3071,1,126,2026-04-24,delivery,36,purchase_order,937,
3072,1,168,2026-04-24,delivery,18,purchase_order,937,
3073,1,474,2026-04-24,delivery,24,purchase_order,945,
3074,1,492,2026-04-24,delivery,6,purchase_order,945,
3075,1,494,2026-04-24,delivery,1,purchase_order,945,
3076,1,544,2026-04-24,delivery,24,purchase_order,946,
3077,1,555,2026-04-24,delivery,6,purchase_order,946,
3078,1,477,2026-04-24,delivery,6,purchase_order,954,
3079,1,485,2026-04-24,delivery,12,purchase_order,954,
3080,1,86,2026-04-24,delivery,24,purchase_order,966,
3081,1,98,2026-04-24,delivery,84,purchase_order,966,
3082,1,110,2026-04-24,delivery,252,purchase_order,966,
3083,1,111,2026-04-24,delivery,48,purchase_order,966,
3084,1,331,2026-04-24,shrinkage,-2,,,Cycle count variance
3085,1,355,2026-04-24,shrinkage,-1,,,Cycle count variance
3086,1,513,2026-04-24,shrinkage,-1,,,Cycle count variance
3087,1,455,2026-04-25,delivery,27,purchase_order,879,
3088,1,461,2026-04-25,delivery,24,purchase_order,879,
3089,1,462,2026-04-25,delivery,12,purchase_order,879,
3090,1,468,2026-04-25,delivery,12,purchase_order,898,
3091,1,74,2026-04-25,delivery,18,purchase_order,908,
3092,1,397,2026-04-25,delivery,6,purchase_order,913,
3093,1,403,2026-04-25,delivery,6,purchase_order,913,
3094,1,425,2026-04-25,delivery,3,purchase_order,913,
3095,1,175,2026-04-25,delivery,24,purchase_order,918,
3096,1,199,2026-04-25,delivery,12,purchase_order,918,
3097,1,208,2026-04-25,delivery,24,purchase_order,918,
3098,1,210,2026-04-25,delivery,12,purchase_order,918,
3099,1,536,2026-04-25,delivery,6,purchase_order,924,
3100,1,181,2026-04-25,delivery,5,purchase_order,929,
3101,1,186,2026-04-25,delivery,24,purchase_order,929,
3102,1,200,2026-04-25,delivery,24,purchase_order,929,
3103,1,238,2026-04-25,delivery,12,purchase_order,930,
3104,1,258,2026-04-25,delivery,12,purchase_order,930,
3105,1,482,2026-04-25,delivery,2,purchase_order,962,
3106,1,324,2026-04-25,delivery,48,purchase_order,969,
3107,1,355,2026-04-25,delivery,6,purchase_order,969,
3108,1,325,2026-04-25,delivery,6,purchase_order,978,
3109,1,368,2026-04-25,delivery,3,purchase_order,979,
3110,1,59,2026-04-26,delivery,12,purchase_order,899,
3111,1,447,2026-04-26,delivery,6,purchase_order,922,
3112,1,464,2026-04-26,delivery,36,purchase_order,922,
3113,1,184,2026-04-26,delivery,12,purchase_order,940,
3114,1,212,2026-04-26,delivery,24,purchase_order,940,
3115,1,6,2026-04-26,delivery,84,purchase_order,947,
3116,1,28,2026-04-26,delivery,12,purchase_order,947,
3117,1,41,2026-04-26,delivery,5,purchase_order,947,
3118,1,147,2026-04-26,delivery,6,purchase_order,947,
3119,1,250,2026-04-26,delivery,6,purchase_order,950,
3120,1,299,2026-04-26,delivery,60,purchase_order,950,
3121,1,534,2026-04-26,delivery,24,purchase_order,955,
3122,1,561,2026-04-26,delivery,2,purchase_order,955,
3123,1,569,2026-04-26,delivery,6,purchase_order,955,
3124,1,26,2026-04-26,delivery,24,purchase_order,956,
3125,1,124,2026-04-26,delivery,60,purchase_order,956,
3126,1,138,2026-04-26,delivery,24,purchase_order,956,
3127,1,170,2026-04-26,delivery,3,purchase_order,956,
3128,1,32,2026-04-26,delivery,48,purchase_order,964,
3129,1,36,2026-04-26,delivery,30,purchase_order,964,
3130,1,507,2026-04-26,delivery,24,purchase_order,973,
3131,1,18,2026-04-26,delivery,24,purchase_order,975,
3132,1,361,2026-04-26,delivery,2,purchase_order,986,
3133,1,71,2026-04-27,delivery,24,purchase_order,917,
3134,1,60,2026-04-27,delivery,48,purchase_order,927,
3135,1,274,2026-04-27,delivery,24,purchase_order,941,
3136,1,283,2026-04-27,delivery,24,purchase_order,941,
3137,1,290,2026-04-27,delivery,24,purchase_order,941,
3138,1,525,2026-04-27,delivery,21,purchase_order,963,
3139,1,568,2026-04-27,delivery,9,purchase_order,963,
3140,1,372,2026-04-27,delivery,12,purchase_order,970,
3141,1,379,2026-04-27,delivery,6,purchase_order,970,
3142,1,322,2026-04-27,delivery,17,purchase_order,992,
3143,1,336,2026-04-27,delivery,24,purchase_order,992,
3144,1,417,2026-04-28,delivery,6,purchase_order,921,
3145,1,460,2026-04-28,delivery,2,purchase_order,934,
3146,1,463,2026-04-28,delivery,12,purchase_order,934,
3147,1,524,2026-04-28,delivery,4,purchase_order,935,
3148,1,559,2026-04-28,delivery,6,purchase_order,935,
3149,1,174,2026-04-28,delivery,36,purchase_order,957,
3150,1,223,2026-04-28,delivery,6,purchase_order,968,
3151,1,273,2026-04-28,delivery,12,purchase_order,968,
3152,1,294,2026-04-28,delivery,12,purchase_order,968,
3153,1,549,2026-04-28,delivery,6,purchase_order,974,
3154,1,558,2026-04-28,delivery,96,purchase_order,974,
3155,1,566,2026-04-28,delivery,6,purchase_order,974,
3156,1,571,2026-04-28,delivery,2,purchase_order,974,
3157,1,316,2026-04-28,delivery,24,purchase_order,1002,
3158,1,318,2026-04-28,delivery,24,purchase_order,1002,
3159,1,331,2026-04-28,delivery,4,purchase_order,1002,
3160,1,367,2026-04-28,delivery,18,purchase_order,1003,
3161,1,382,2026-04-28,delivery,12,purchase_order,1003,
3162,1,390,2026-04-28,delivery,36,purchase_order,1003,
3163,1,61,2026-04-29,delivery,24,purchase_order,948,
3164,1,65,2026-04-29,delivery,6,purchase_order,948,
3165,1,394,2026-04-29,delivery,1,purchase_order,960,
3166,1,419,2026-04-29,delivery,9,purchase_order,960,
3167,1,435,2026-04-29,delivery,4,purchase_order,960,
3168,1,189,2026-04-29,delivery,3,purchase_order,967,
3169,1,196,2026-04-29,delivery,24,purchase_order,967,
3170,1,197,2026-04-29,delivery,12,purchase_order,967,
3171,1,216,2026-04-29,delivery,24,purchase_order,967,
3172,1,237,2026-04-29,delivery,18,purchase_order,977,
3173,1,262,2026-04-29,delivery,105,purchase_order,977,
3174,1,287,2026-04-29,delivery,4,purchase_order,977,
3175,1,288,2026-04-29,delivery,12,purchase_order,977,
3176,1,79,2026-04-29,delivery,6,purchase_order,983,
3177,1,112,2026-04-29,delivery,18,purchase_order,983,
3178,1,478,2026-04-29,delivery,2,purchase_order,988,
3179,1,497,2026-04-29,delivery,3,purchase_order,988,
3180,1,511,2026-04-29,delivery,12,purchase_order,988,
3181,1,19,2026-04-29,delivery,24,purchase_order,989,
3182,1,23,2026-04-29,delivery,24,purchase_order,989,
3183,1,127,2026-04-29,delivery,48,purchase_order,989,
3184,1,132,2026-04-29,delivery,6,purchase_order,989,
3185,1,166,2026-04-29,delivery,36,purchase_order,989,
3186,1,490,2026-04-29,delivery,6,purchase_order,995,
3187,1,500,2026-04-29,delivery,1,purchase_order,995,
3188,1,121,2026-04-29,delivery,60,purchase_order,999,
3189,1,51,2026-04-30,delivery,1,purchase_order,938,
3190,1,424,2026-04-30,delivery,12,purchase_order,953,
3191,1,448,2026-04-30,delivery,12,purchase_order,961,
3192,1,456,2026-04-30,delivery,3,purchase_order,961,
3193,1,5,2026-04-30,delivery,24,purchase_order,982,
3194,1,10,2026-04-30,delivery,18,purchase_order,982,
3195,1,11,2026-04-30,delivery,24,purchase_order,982,
3196,1,25,2026-04-30,delivery,102,purchase_order,982,
3197,1,144,2026-04-30,delivery,12,purchase_order,982,
3198,1,163,2026-04-30,delivery,6,purchase_order,982,
3199,1,190,2026-04-30,delivery,6,purchase_order,984,
3200,1,82,2026-04-30,delivery,36,purchase_order,990,
3201,1,7,2026-04-30,delivery,18,purchase_order,997,
3202,1,24,2026-04-30,delivery,24,purchase_order,997,
3203,1,40,2026-04-30,delivery,36,purchase_order,997,
3204,1,45,2026-04-30,delivery,24,purchase_order,997,
3205,1,588,2026-04-30,delivery,6,purchase_order,1007,
3206,1,12,2026-04-30,delivery,12,purchase_order,1008,
3207,1,16,2026-04-30,delivery,18,purchase_order,1008,
3208,1,22,2026-04-30,delivery,12,purchase_order,1008,
3209,1,150,2026-04-30,delivery,48,purchase_order,1008,
3210,1,164,2026-04-30,delivery,5,purchase_order,1008,
3211,1,320,2026-04-30,delivery,36,purchase_order,1010,
3212,1,323,2026-04-30,delivery,36,purchase_order,1010,
3213,1,339,2026-04-30,delivery,6,purchase_order,1010,
3214,1,78,2026-04-30,delivery,48,purchase_order,1022,
3215,1,104,2026-04-30,delivery,88,purchase_order,1022,
3216,1,113,2026-04-30,delivery,6,purchase_order,1022,
3217,1,115,2026-04-30,delivery,11,purchase_order,1022,
3218,1,413,2026-05-01,delivery,6,purchase_order,933,
3219,1,222,2026-05-01,delivery,48,purchase_order,958,
3220,1,254,2026-05-01,delivery,12,purchase_order,958,
3221,1,269,2026-05-01,delivery,42,purchase_order,958,
3222,1,276,2026-05-01,delivery,12,purchase_order,958,
3223,1,297,2026-05-01,delivery,6,purchase_order,958,
3224,1,54,2026-05-01,delivery,24,purchase_order,965,
3225,1,55,2026-05-01,delivery,24,purchase_order,965,
3226,1,72,2026-05-01,delivery,31,purchase_order,965,
3227,1,205,2026-05-01,delivery,8,purchase_order,976,
3228,1,587,2026-05-01,delivery,1,purchase_order,981,
3229,1,543,2026-05-01,delivery,6,purchase_order,996,
3230,1,547,2026-05-01,delivery,6,purchase_order,996,
3231,1,548,2026-05-01,delivery,3,purchase_order,996,
3232,1,552,2026-05-01,delivery,12,purchase_order,996,
3233,1,556,2026-05-01,delivery,24,purchase_order,996,
3234,1,172,2026-05-01,delivery,32,purchase_order,1000,
3235,1,92,2026-05-01,delivery,24,purchase_order,1015,
3236,1,101,2026-05-01,delivery,30,purchase_order,1015,
3237,1,116,2026-05-01,delivery,24,purchase_order,1015,
3238,1,346,2026-05-01,delivery,5,purchase_order,1025,
3239,1,376,2026-05-01,shrinkage,-2,,,Cycle count variance
3240,1,349,2026-05-01,shrinkage,-2,,,Cycle count variance
3241,1,297,2026-05-01,shrinkage,-2,,,Cycle count variance
3242,1,429,2026-05-02,delivery,7,purchase_order,943,
3243,1,459,2026-05-02,delivery,24,purchase_order,944,
3244,1,426,2026-05-02,delivery,6,purchase_order,980,
3245,1,295,2026-05-02,delivery,6,purchase_order,985,
3246,1,498,2026-05-02,delivery,12,purchase_order,1012,
3247,1,482,2026-05-02,delivery,2,purchase_order,1019,
3248,1,499,2026-05-02,delivery,12,purchase_order,1019,
3249,1,4,2026-05-02,delivery,12,purchase_order,1020,
3250,1,31,2026-05-02,delivery,12,purchase_order,1020,
3251,1,168,2026-05-02,delivery,18,purchase_order,1020,
3252,1,93,2026-05-02,delivery,78,purchase_order,1046,
3253,1,96,2026-05-02,delivery,3,purchase_order,1046,
3254,1,122,2026-05-02,delivery,48,purchase_order,1046,
3255,1,374,2026-05-02,delivery,15,purchase_order,1050,
3256,1,376,2026-05-02,delivery,24,purchase_order,1050,
3257,1,392,2026-05-02,delivery,12,purchase_order,1050,
3258,1,502,2026-05-02,shrinkage,-1,,,Cycle count variance
3259,1,4,2026-05-02,shrinkage,-1,,,Cycle count variance
3260,1,297,2026-05-02,shrinkage,-2,,,Cycle count variance
3261,1,401,2026-05-03,delivery,6,purchase_order,971,
3262,1,433,2026-05-03,delivery,6,purchase_order,971,
3263,1,457,2026-05-03,delivery,12,purchase_order,972,
3264,1,469,2026-05-03,delivery,12,purchase_order,987,
3265,1,244,2026-05-03,delivery,18,purchase_order,1001,
3266,1,257,2026-05-03,delivery,48,purchase_order,1001,
3267,1,260,2026-05-03,delivery,18,purchase_order,1001,
3268,1,271,2026-05-03,delivery,6,purchase_order,1001,
3269,1,278,2026-05-03,delivery,72,purchase_order,1001,
3270,1,298,2026-05-03,delivery,19,purchase_order,1001,
3271,1,554,2026-05-03,delivery,1,purchase_order,1006,
3272,1,224,2026-05-03,delivery,6,purchase_order,1009,
3273,1,309,2026-05-03,delivery,24,purchase_order,1009,
3274,1,563,2026-05-03,delivery,12,purchase_order,1013,
3275,1,510,2026-05-03,delivery,12,purchase_order,1027,
3276,1,135,2026-05-03,shrinkage,-1,,,Cycle count variance
3277,1,397,2026-05-03,shrinkage,-1,,,Cycle count variance
3278,1,377,2026-05-03,shrinkage,-1,,,Cycle count variance
3279,1,470,2026-05-04,delivery,10,purchase_order,994,
3280,1,515,2026-05-04,delivery,5,purchase_order,1005,
3281,1,516,2026-05-04,delivery,6,purchase_order,1005,
3282,1,348,2026-05-04,delivery,12,purchase_order,1017,
3283,1,571,2026-05-04,delivery,2,purchase_order,1028,
3284,1,143,2026-05-04,delivery,26,purchase_order,1030,
3285,1,153,2026-05-04,delivery,6,purchase_order,1030,
3286,1,160,2026-05-04,delivery,36,purchase_order,1030,
3287,1,502,2026-05-04,delivery,6,purchase_order,1034,
3288,1,504,2026-05-04,delivery,14,purchase_order,1034,
3289,1,492,2026-05-04,delivery,6,purchase_order,1043,
3290,1,91,2026-05-04,delivery,66,purchase_order,1057,
3291,1,95,2026-05-04,delivery,48,purchase_order,1057,
3292,1,103,2026-05-04,delivery,12,purchase_order,1057,
3293,1,239,2026-05-05,delivery,24,purchase_order,991,
3294,1,248,2026-05-05,delivery,12,purchase_order,991,
3295,1,261,2026-05-05,delivery,12,purchase_order,991,
3296,1,300,2026-05-05,delivery,12,purchase_order,991,
3297,1,414,2026-05-05,delivery,24,purchase_order,1004,
3298,1,431,2026-05-05,delivery,6,purchase_order,1004,
3299,1,85,2026-05-05,delivery,48,purchase_order,1029,
3300,1,89,2026-05-05,delivery,12,purchase_order,1029,
3301,1,14,2026-05-05,delivery,6,purchase_order,1036,
3302,1,20,2026-05-05,delivery,1,purchase_order,1036,
3303,1,43,2026-05-05,delivery,10,purchase_order,1036,
3304,1,44,2026-05-05,delivery,48,purchase_order,1036,
3305,1,130,2026-05-05,delivery,34,purchase_order,1036,
3306,1,340,2026-05-05,delivery,12,purchase_order,1069,
3307,1,342,2026-05-05,delivery,42,purchase_order,1069,
3308,1,352,2026-05-05,shrinkage,-2,,,Cycle count variance
3309,1,39,2026-05-05,shrinkage,-2,,,Cycle count variance
3310,1,422,2026-05-05,shrinkage,-2,,,Cycle count variance
3311,1,524,2026-05-06,delivery,4,purchase_order,1035,
3312,1,84,2026-05-06,delivery,6,purchase_order,1038,
3313,1,94,2026-05-06,delivery,12,purchase_order,1038,
3314,1,97,2026-05-06,delivery,24,purchase_order,1038,
3315,1,118,2026-05-06,delivery,114,purchase_order,1038,
3316,1,1,2026-05-06,delivery,35,purchase_order,1044,
3317,1,140,2026-05-06,delivery,18,purchase_order,1044,
3318,1,156,2026-05-06,delivery,6,purchase_order,1044,
3319,1,321,2026-05-06,delivery,36,purchase_order,1049,
3320,1,327,2026-05-06,delivery,12,purchase_order,1049,
3321,1,335,2026-05-06,delivery,12,purchase_order,1049,
3322,1,354,2026-05-06,delivery,12,purchase_order,1049,
3323,1,360,2026-05-06,delivery,3,purchase_order,1049,
3324,1,486,2026-05-06,delivery,12,purchase_order,1053,
3325,1,497,2026-05-06,delivery,3,purchase_order,1053,
3326,1,385,2026-05-06,delivery,12,purchase_order,1060,
3327,1,371,2026-05-06,delivery,3,purchase_order,1086,
3328,1,438,2026-05-06,shrinkage,-2,,,Cycle count variance
3329,1,69,2026-05-07,delivery,36,purchase_order,1014,
3330,1,181,2026-05-07,delivery,5,purchase_order,1031,
3331,1,198,2026-05-07,delivery,12,purchase_order,1031,
3332,1,201,2026-05-07,delivery,18,purchase_order,1031,
3333,1,217,2026-05-07,delivery,6,purchase_order,1031,
3334,1,219,2026-05-07,delivery,24,purchase_order,1032,
3335,1,231,2026-05-07,delivery,12,purchase_order,1032,
3336,1,232,2026-05-07,delivery,23,purchase_order,1032,
3337,1,241,2026-05-07,delivery,12,purchase_order,1032,
3338,1,267,2026-05-07,delivery,13,purchase_order,1032,
3339,1,291,2026-05-07,delivery,18,purchase_order,1032,
3340,1,310,2026-05-07,delivery,24,purchase_order,1032,
3341,1,178,2026-05-07,delivery,72,purchase_order,1039,
3342,1,182,2026-05-07,delivery,6,purchase_order,1039,
3343,1,186,2026-05-07,delivery,24,purchase_order,1039,
3344,1,188,2026-05-07,delivery,12,purchase_order,1039,
3345,1,204,2026-05-07,delivery,48,purchase_order,1039,
3346,1,218,2026-05-07,delivery,66,purchase_order,1039,
3347,1,243,2026-05-07,delivery,42,purchase_order,1040,
3348,1,249,2026-05-07,delivery,8,purchase_order,1040,
3349,1,296,2026-05-07,delivery,24,purchase_order,1040,
3350,1,108,2026-05-07,delivery,24,purchase_order,1075,
3351,1,109,2026-05-07,delivery,12,purchase_order,1075,
3352,1,110,2026-05-07,delivery,252,purchase_order,1075,
3353,1,81,2026-05-07,delivery,10,purchase_order,1083,
3354,1,102,2026-05-07,delivery,18,purchase_order,1083,
3355,1,113,2026-05-07,delivery,6,purchase_order,1083,
3356,1,427,2026-05-08,delivery,54,purchase_order,993,
3357,1,440,2026-05-08,delivery,6,purchase_order,993,
3358,1,266,2026-05-08,delivery,12,purchase_order,1016,
3359,1,308,2026-05-08,delivery,24,purchase_order,1016,
3360,1,313,2026-05-08,delivery,6,purchase_order,1016,
3361,1,454,2026-05-08,delivery,6,purchase_order,1018,
3362,1,460,2026-05-08,delivery,2,purchase_order,1026,
3363,1,539,2026-05-08,delivery,6,purchase_order,1054,
3364,1,565,2026-05-08,delivery,42,purchase_order,1054,
3365,1,575,2026-05-08,delivery,2,purchase_order,1064,
3366,1,579,2026-05-08,delivery,6,purchase_order,1064,
3367,1,76,2026-05-08,delivery,42,purchase_order,1092,
3368,1,90,2026-05-08,delivery,204,purchase_order,1092,
3369,1,49,2026-05-09,delivery,47,purchase_order,998,
3370,1,68,2026-05-09,delivery,48,purchase_order,998,
3371,1,183,2026-05-09,delivery,12,purchase_order,1023,
3372,1,234,2026-05-09,delivery,12,purchase_order,1024,
3373,1,251,2026-05-09,delivery,14,purchase_order,1024,
3374,1,445,2026-05-09,delivery,8,purchase_order,1033,
3375,1,418,2026-05-09,delivery,6,purchase_order,1041,
3376,1,2,2026-05-09,delivery,180,purchase_order,1055,
3377,1,15,2026-05-09,delivery,36,purchase_order,1055,
3378,1,27,2026-05-09,delivery,12,purchase_order,1055,
3379,1,37,2026-05-09,delivery,24,purchase_order,1055,
3380,1,137,2026-05-09,delivery,12,purchase_order,1055,
3381,1,141,2026-05-09,delivery,24,purchase_order,1055,
3382,1,157,2026-05-09,delivery,18,purchase_order,1055,
3383,1,167,2026-05-09,delivery,84,purchase_order,1055,
3384,1,541,2026-05-09,delivery,24,purchase_order,1063,
3385,1,568,2026-05-09,delivery,9,purchase_order,1063,
3386,1,569,2026-05-09,delivery,6,purchase_order,1063,
3387,1,80,2026-05-09,delivery,24,purchase_order,1066,
3388,1,105,2026-05-09,delivery,48,purchase_order,1066,
3389,1,107,2026-05-09,delivery,12,purchase_order,1066,
3390,1,478,2026-05-09,delivery,2,purchase_order,1079,
3391,1,490,2026-05-09,delivery,6,purchase_order,1079,
3392,1,500,2026-05-09,delivery,1,purchase_order,1079,
3393,1,353,2026-05-09,delivery,12,purchase_order,1103,
3394,1,365,2026-05-09,delivery,60,purchase_order,1103,
3395,1,454,2026-05-09,shrinkage,-1,,,Cycle count variance
3396,1,249,2026-05-09,shrinkage,-1,,,Cycle count variance
3397,1,438,2026-05-10,delivery,24,purchase_order,1011,
3398,1,58,2026-05-10,delivery,36,purchase_order,1021,
3399,1,171,2026-05-10,delivery,19,purchase_order,1047,
3400,1,221,2026-05-10,delivery,24,purchase_order,1048,
3401,1,227,2026-05-10,delivery,6,purchase_order,1048,
3402,1,228,2026-05-10,delivery,20,purchase_order,1048,
3403,1,246,2026-05-10,delivery,36,purchase_order,1048,
3404,1,252,2026-05-10,delivery,18,purchase_order,1048,
3405,1,265,2026-05-10,delivery,12,purchase_order,1048,
3406,1,285,2026-05-10,delivery,6,purchase_order,1048,
3407,1,304,2026-05-10,delivery,30,purchase_order,1048,
3408,1,305,2026-05-10,delivery,72,purchase_order,1048,
3409,1,229,2026-05-10,delivery,6,purchase_order,1068,
3410,1,276,2026-05-10,delivery,12,purchase_order,1068,
3411,1,299,2026-05-10,delivery,60,purchase_order,1068,
3412,1,312,2026-05-10,delivery,12,purchase_order,1068,
3413,1,528,2026-05-10,delivery,24,purchase_order,1072,
3414,1,540,2026-05-10,delivery,12,purchase_order,1072,
3415,1,551,2026-05-10,delivery,3,purchase_order,1072,
3416,1,553,2026-05-10,delivery,6,purchase_order,1072,
3417,1,564,2026-05-10,delivery,12,purchase_order,1072,
3418,1,17,2026-05-10,delivery,36,purchase_order,1073,
3419,1,21,2026-05-10,delivery,12,purchase_order,1073,
3420,1,123,2026-05-10,delivery,24,purchase_order,1073,
3421,1,158,2026-05-10,delivery,72,purchase_order,1073,
3422,1,589,2026-05-10,delivery,5,purchase_order,1089,
3423,1,322,2026-05-10,delivery,17,purchase_order,1095,
3424,1,329,2026-05-10,delivery,12,purchase_order,1095,
3425,1,333,2026-05-10,delivery,18,purchase_order,1095,
3426,1,368,2026-05-10,delivery,3,purchase_order,1104,
3427,1,158,2026-05-10,shrinkage,-2,,,Cycle count variance
3428,1,51,2026-05-11,delivery,1,purchase_order,1037,
3429,1,64,2026-05-11,delivery,13,purchase_order,1037,
3430,1,66,2026-05-11,delivery,114,purchase_order,1037,
3431,1,53,2026-05-11,delivery,15,purchase_order,1045,
3432,1,395,2026-05-11,delivery,17,purchase_order,1051,
3433,1,435,2026-05-11,delivery,4,purchase_order,1051,
3434,1,458,2026-05-11,delivery,2,purchase_order,1052,
3435,1,236,2026-05-11,delivery,12,purchase_order,1059,
3436,1,245,2026-05-11,delivery,18,purchase_order,1059,
3437,1,255,2026-05-11,delivery,10,purchase_order,1059,
3438,1,263,2026-05-11,delivery,48,purchase_order,1059,
3439,1,270,2026-05-11,delivery,12,purchase_order,1059,
3440,1,275,2026-05-11,delivery,42,purchase_order,1059,
3441,1,293,2026-05-11,delivery,12,purchase_order,1059,
3442,1,297,2026-05-11,delivery,6,purchase_order,1059,
3443,1,314,2026-05-11,delivery,19,purchase_order,1059,
3444,1,521,2026-05-11,delivery,12,purchase_order,1062,
3445,1,6,2026-05-11,delivery,84,purchase_order,1090,
3446,1,26,2026-05-11,delivery,24,purchase_order,1090,
3447,1,35,2026-05-11,delivery,24,purchase_order,1090,
3448,1,154,2026-05-11,delivery,7,purchase_order,1090,
3449,1,162,2026-05-11,delivery,6,purchase_order,1090,
3450,1,99,2026-05-11,delivery,8,purchase_order,1110,
3451,1,114,2026-05-11,delivery,24,purchase_order,1110,
3452,1,115,2026-05-11,delivery,11,purchase_order,1110,
3453,1,117,2026-05-11,delivery,24,purchase_order,1110,
3454,1,388,2026-05-11,delivery,12,purchase_order,1124,
3455,1,561,2026-05-11,shrinkage,-2,,,Cycle count variance
3456,1,456,2026-05-12,delivery,3,purchase_order,1042,
3457,1,70,2026-05-12,delivery,6,purchase_order,1056,
3458,1,8,2026-05-12,delivery,96,purchase_order,1065,
3459,1,30,2026-05-12,delivery,12,purchase_order,1065,
3460,1,38,2026-05-12,delivery,6,purchase_order,1065,
3461,1,41,2026-05-12,delivery,5,purchase_order,1065,
3462,1,42,2026-05-12,delivery,16,purchase_order,1065,
3463,1,46,2026-05-12,delivery,30,purchase_order,1065,
3464,1,134,2026-05-12,delivery,72,purchase_order,1065,
3465,1,146,2026-05-12,delivery,24,purchase_order,1065,
3466,1,151,2026-05-12,delivery,17,purchase_order,1065,
3467,1,159,2026-05-12,delivery,12,purchase_order,1065,
3468,1,179,2026-05-12,delivery,24,purchase_order,1067,
3469,1,180,2026-05-12,delivery,12,purchase_order,1067,
3470,1,187,2026-05-12,delivery,24,purchase_order,1067,
3471,1,194,2026-05-12,delivery,6,purchase_order,1067,
3472,1,216,2026-05-12,delivery,24,purchase_order,1067,
3473,1,311,2026-05-12,delivery,12,purchase_order,1076,
3474,1,571,2026-05-12,delivery,2,purchase_order,1080,
3475,1,20,2026-05-12,delivery,1,purchase_order,1081,
3476,1,29,2026-05-12,delivery,24,purchase_order,1081,
3477,1,48,2026-05-12,delivery,30,purchase_order,1081,
3478,1,170,2026-05-12,delivery,3,purchase_order,1081,
3479,1,352,2026-05-12,delivery,6,purchase_order,1085,
3480,1,362,2026-05-12,delivery,12,purchase_order,1085,
3481,1,507,2026-05-12,delivery,24,purchase_order,1087,
3482,1,527,2026-05-12,delivery,6,purchase_order,1088,
3483,1,559,2026-05-12,delivery,6,purchase_order,1088,
3484,1,173,2026-05-12,delivery,12,purchase_order,1093,
3485,1,203,2026-05-12,delivery,18,purchase_order,1093,
3486,1,13,2026-05-12,delivery,72,purchase_order,1099,
3487,1,168,2026-05-12,delivery,18,purchase_order,1099,
3488,1,330,2026-05-12,delivery,36,purchase_order,1113,
3489,1,339,2026-05-12,delivery,6,purchase_order,1113,
3490,1,359,2026-05-12,delivery,1,purchase_order,1113,
3491,1,373,2026-05-12,delivery,12,purchase_order,1114,
3492,1,383,2026-05-12,delivery,13,purchase_order,1114,
3493,1,384,2026-05-12,delivery,12,purchase_order,1114,
3494,1,337,2026-05-12,delivery,5,purchase_order,1133,
3495,1,351,2026-05-12,delivery,12,purchase_order,1133,
3496,1,356,2026-05-12,delivery,6,purchase_order,1133,
3497,1,175,2026-05-13,delivery,24,purchase_order,1058,
3498,1,461,2026-05-13,delivery,24,purchase_order,1071,
3499,1,464,2026-05-13,delivery,36,purchase_order,1071,
3500,1,437,2026-05-13,delivery,6,purchase_order,1077,
3501,1,286,2026-05-13,delivery,12,purchase_order,1084,
3502,1,289,2026-05-13,delivery,12,purchase_order,1094,
3503,1,82,2026-05-13,delivery,36,purchase_order,1101,
3504,1,106,2026-05-13,delivery,24,purchase_order,1101,
3505,1,488,2026-05-13,delivery,6,purchase_order,1106,
3506,1,101,2026-05-13,delivery,30,purchase_order,1120,
3507,1,119,2026-05-13,delivery,12,purchase_order,1120,
3508,1,324,2026-05-13,delivery,48,purchase_order,1123,
3509,1,331,2026-05-13,delivery,4,purchase_order,1123,
3510,1,336,2026-05-13,delivery,24,purchase_order,1123,
3511,1,536,2026-05-13,shrinkage,-1,,,Cycle count variance
3512,1,407,2026-05-14,delivery,12,purchase_order,1061,
3513,1,410,2026-05-14,delivery,24,purchase_order,1061,
3514,1,425,2026-05-14,delivery,3,purchase_order,1061,
3515,1,546,2026-05-14,delivery,6,purchase_order,1097,
3516,1,567,2026-05-14,delivery,2,purchase_order,1097,
3517,1,587,2026-05-14,delivery,1,purchase_order,1107,
3518,1,12,2026-05-14,delivery,12,purchase_order,1108,
3519,1,14,2026-05-14,delivery,6,purchase_order,1108,
3520,1,16,2026-05-14,delivery,18,purchase_order,1108,
3521,1,131,2026-05-14,delivery,18,purchase_order,1108,
3522,1,150,2026-05-14,delivery,48,purchase_order,1108,
3523,1,494,2026-05-14,delivery,1,purchase_order,1117,
3524,1,513,2026-05-14,delivery,6,purchase_order,1117,
3525,1,520,2026-05-14,delivery,12,purchase_order,1117,
3526,1,472,2026-05-14,delivery,24,purchase_order,1127,
3527,1,489,2026-05-14,delivery,6,purchase_order,1127,
3528,1,62,2026-05-15,delivery,72,purchase_order,1074,
3529,1,455,2026-05-15,delivery,27,purchase_order,1078,
3530,1,462,2026-05-15,delivery,12,purchase_order,1078,
3531,1,56,2026-05-15,delivery,60,purchase_order,1082,
3532,1,404,2026-05-15,delivery,6,purchase_order,1096,
3533,1,581,2026-05-15,delivery,6,purchase_order,1098,
3534,1,583,2026-05-15,delivery,6,purchase_order,1098,
3535,1,191,2026-05-15,delivery,12,purchase_order,1121,
3536,1,211,2026-05-15,delivery,12,purchase_order,1121,
3537,1,217,2026-05-15,delivery,6,purchase_order,1121,
3538,1,584,2026-05-15,delivery,6,purchase_order,1128,
3539,1,374,2026-05-15,delivery,15,purchase_order,1151,
3540,1,340,2026-05-15,shrinkage,-2,,,Cycle count variance
3541,1,174,2026-05-16,delivery,36,purchase_order,1102,
3542,1,176,2026-05-16,delivery,48,purchase_order,1102,
3543,1,222,2026-05-16,delivery,48,purchase_order,1112,
3544,1,230,2026-05-16,delivery,6,purchase_order,1112,
3545,1,238,2026-05-16,delivery,12,purchase_order,1112,
3546,1,242,2026-05-16,delivery,6,purchase_order,1112,
3547,1,249,2026-05-16,delivery,8,purchase_order,1112,
3548,1,283,2026-05-16,delivery,24,purchase_order,1112,
3549,1,294,2026-05-16,delivery,12,purchase_order,1112,
3550,1,554,2026-05-16,delivery,1,purchase_order,1118,
3551,1,558,2026-05-16,delivery,96,purchase_order,1118,
3552,1,19,2026-05-16,delivery,24,purchase_order,1129,
3553,1,126,2026-05-16,delivery,36,purchase_order,1129,
3554,1,166,2026-05-16,delivery,36,purchase_order,1129,
3555,1,86,2026-05-16,delivery,24,purchase_order,1131,
3556,1,87,2026-05-16,delivery,12,purchase_order,1131,
3557,1,98,2026-05-16,delivery,84,purchase_order,1131,
3558,1,112,2026-05-16,delivery,18,purchase_order,1131,
3559,1,25,2026-05-16,delivery,102,purchase_order,1138,
3560,1,39,2026-05-16,delivery,12,purchase_order,1138,
3561,1,125,2026-05-16,delivery,6,purchase_order,1138,
3562,1,164,2026-05-16,delivery,5,purchase_order,1138,
3563,1,321,2026-05-16,delivery,36,purchase_order,1142,
3564,1,323,2026-05-16,delivery,36,purchase_order,1142,
3565,1,328,2026-05-16,delivery,36,purchase_order,1142,
3566,1,332,2026-05-16,delivery,12,purchase_order,1142,
3567,1,341,2026-05-16,delivery,6,purchase_order,1142,
3568,1,121,2026-05-16,delivery,60,purchase_order,1147,
3569,1,355,2026-05-16,delivery,6,purchase_order,1160,
3570,1,103,2026-05-16,delivery,12,purchase_order,1164,
3571,1,369,2026-05-16,delivery,6,purchase_order,1167,
3572,1,85,2026-05-16,delivery,48,purchase_order,1173,
3573,1,96,2026-05-16,delivery,3,purchase_order,1173,
3574,1,104,2026-05-16,delivery,88,purchase_order,1173,
3575,1,110,2026-05-16,delivery,252,purchase_order,1173,
3576,1,111,2026-05-16,delivery,48,purchase_order,1173,
3577,1,396,2026-05-17,delivery,24,purchase_order,1070,
3578,1,401,2026-05-17,delivery,6,purchase_order,1070,
3579,1,423,2026-05-17,delivery,6,purchase_order,1070,
3580,1,272,2026-05-17,delivery,6,purchase_order,1132,
3581,1,292,2026-05-17,delivery,24,purchase_order,1132,
3582,1,511,2026-05-17,delivery,12,purchase_order,1136,
3583,1,574,2026-05-17,delivery,6,purchase_order,1137,
3584,1,526,2026-05-17,delivery,6,purchase_order,1144,
3585,1,534,2026-05-17,delivery,24,purchase_order,1144,
3586,1,543,2026-05-17,delivery,6,purchase_order,1144,
3587,1,561,2026-05-17,delivery,2,purchase_order,1144,
3588,1,327,2026-05-17,delivery,12,purchase_order,1150,
3589,1,40,2026-05-17,delivery,36,purchase_order,1156,
3590,1,41,2026-05-17,delivery,5,purchase_order,1156,
3591,1,127,2026-05-17,delivery,48,purchase_order,1156,
3592,1,57,2026-05-17,shrinkage,-1,,,Cycle count variance
3593,1,467,2026-05-17,shrinkage,-1,,,Cycle count variance
3594,1,122,2026-05-17,shrinkage,-1,,,Cycle count variance
3595,1,60,2026-05-18,delivery,48,purchase_order,1091,
3596,1,71,2026-05-18,delivery,24,purchase_order,1100,
3597,1,400,2026-05-18,delivery,12,purchase_order,1105,
3598,1,429,2026-05-18,delivery,7,purchase_order,1105,
3599,1,5,2026-05-18,delivery,24,purchase_order,1119,
3600,1,10,2026-05-18,delivery,18,purchase_order,1119,
3601,1,36,2026-05-18,delivery,30,purchase_order,1119,
3602,1,45,2026-05-18,delivery,24,purchase_order,1119,
3603,1,142,2026-05-18,delivery,24,purchase_order,1119,
3604,1,148,2026-05-18,delivery,24,purchase_order,1119,
3605,1,189,2026-05-18,delivery,3,purchase_order,1140,
3606,1,247,2026-05-18,delivery,8,purchase_order,1141,
3607,1,251,2026-05-18,delivery,14,purchase_order,1141,
3608,1,262,2026-05-18,delivery,105,purchase_order,1141,
3609,1,359,2026-05-18,delivery,1,purchase_order,1166,
3610,1,361,2026-05-18,delivery,2,purchase_order,1166,
3611,1,372,2026-05-18,delivery,12,purchase_order,1177,
3612,1,382,2026-05-18,delivery,12,purchase_order,1187,
3613,1,370,2026-05-18,shrinkage,-1,,,Cycle count variance
3614,1,269,2026-05-18,shrinkage,-1,,,Cycle count variance
3615,1,181,2026-05-19,delivery,5,purchase_order,1111,
3616,1,214,2026-05-19,delivery,24,purchase_order,1111,
3617,1,469,2026-05-19,delivery,12,purchase_order,1126,
3618,1,172,2026-05-19,delivery,32,purchase_order,1148,
3619,1,529,2026-05-19,delivery,12,purchase_order,1154,
3620,1,599,2026-05-19,delivery,6,purchase_order,1155,
3621,1,186,2026-05-19,delivery,24,purchase_order,1158,
3622,1,198,2026-05-19,delivery,12,purchase_order,1158,
3623,1,538,2026-05-19,delivery,24,purchase_order,1161,
3624,1,547,2026-05-19,delivery,6,purchase_order,1161,
3625,1,1,2026-05-19,delivery,35,purchase_order,1162,
3626,1,24,2026-05-19,delivery,24,purchase_order,1162,
3627,1,138,2026-05-19,delivery,24,purchase_order,1162,
3628,1,116,2026-05-19,delivery,24,purchase_order,1183,
3629,1,122,2026-05-19,delivery,48,purchase_order,1183,
3630,1,320,2026-05-19,delivery,36,purchase_order,1186,
3631,1,322,2026-05-19,delivery,17,purchase_order,1186,
3632,1,325,2026-05-19,delivery,6,purchase_order,1186,
3633,1,91,2026-05-19,delivery,66,purchase_order,1191,
3634,1,118,2026-05-19,delivery,114,purchase_order,1191,
3635,1,220,2026-05-20,delivery,11,purchase_order,1122,
3636,1,307,2026-05-20,delivery,24,purchase_order,1122,
3637,1,419,2026-05-20,delivery,9,purchase_order,1125,
3638,1,431,2026-05-20,delivery,6,purchase_order,1125,
3639,1,72,2026-05-20,delivery,31,purchase_order,1130,
3640,1,454,2026-05-20,delivery,6,purchase_order,1143,
3641,1,466,2026-05-20,delivery,5,purchase_order,1143,
3642,1,223,2026-05-20,delivery,6,purchase_order,1149,
3643,1,300,2026-05-20,delivery,12,purchase_order,1149,
3644,1,494,2026-05-20,delivery,1,purchase_order,1169,
3645,1,7,2026-05-20,delivery,18,purchase_order,1171,
3646,1,9,2026-05-20,delivery,12,purchase_order,1171,
3647,1,15,2026-05-20,delivery,36,purchase_order,1171,
3648,1,43,2026-05-20,delivery,10,purchase_order,1171,
3649,1,124,2026-05-20,delivery,60,purchase_order,1171,
3650,1,170,2026-05-20,delivery,3,purchase_order,1171,
3651,1,329,2026-05-20,delivery,12,purchase_order,1176,
3652,1,319,2026-05-20,delivery,18,purchase_order,1194,
3653,1,370,2026-05-20,delivery,6,purchase_order,1195,
3654,1,466,2026-05-20,shrinkage,-1,,,Cycle count variance
3655,1,429,2026-05-20,shrinkage,-1,,,Cycle count variance
3656,1,394,2026-05-21,delivery,1,purchase_order,1134,
3657,1,470,2026-05-21,delivery,10,purchase_order,1135,
3658,1,18,2026-05-21,delivery,24,purchase_order,1145,
3659,1,20,2026-05-21,delivery,1,purchase_order,1145,
3660,1,152,2026-05-21,delivery,6,purchase_order,1145,
3661,1,240,2026-05-21,delivery,24,purchase_order,1165,
3662,1,244,2026-05-21,delivery,18,purchase_order,1165,
3663,1,290,2026-05-21,delivery,24,purchase_order,1165,
3664,1,306,2026-05-21,delivery,12,purchase_order,1165,
3665,1,587,2026-05-21,delivery,1,purchase_order,1170,
3666,1,42,2026-05-21,delivery,16,purchase_order,1181,
3667,1,44,2026-05-21,delivery,48,purchase_order,1181,
3668,1,139,2026-05-21,delivery,12,purchase_order,1181,
3669,1,161,2026-05-21,delivery,12,purchase_order,1181,
3670,1,334,2026-05-21,delivery,24,purchase_order,1206,
3671,1,361,2026-05-21,delivery,2,purchase_order,1206,
3672,1,362,2026-05-21,delivery,12,purchase_order,1206,
3673,1,335,2026-05-21,shrinkage,-1,,,Cycle count variance
3674,1,258,2026-05-21,shrinkage,-2,,,Cycle count variance
3675,1,52,2026-05-22,delivery,24,purchase_order,1109,
3676,1,406,2026-05-22,delivery,24,purchase_order,1115,
3677,1,408,2026-05-22,delivery,21,purchase_order,1115,
3678,1,457,2026-05-22,delivery,12,purchase_order,1116,
3679,1,456,2026-05-22,delivery,3,purchase_order,1153,
3680,1,459,2026-05-22,delivery,24,purchase_order,1153,
3681,1,525,2026-05-22,delivery,21,purchase_order,1180,
3682,1,22,2026-05-22,delivery,12,purchase_order,1189,
3683,1,76,2026-05-22,delivery,42,purchase_order,1209,
3684,1,100,2026-05-22,delivery,24,purchase_order,1209,
3685,1,326,2026-05-22,delivery,24,purchase_order,1219,
3686,1,51,2026-05-23,delivery,1,purchase_order,1139,
3687,1,54,2026-05-23,delivery,24,purchase_order,1157,
3688,1,55,2026-05-23,delivery,24,purchase_order,1157,
3689,1,205,2026-05-23,delivery,8,purchase_order,1174,
3690,1,215,2026-05-23,delivery,24,purchase_order,1174,
3691,1,216,2026-05-23,delivery,24,purchase_order,1174,
3692,1,271,2026-05-23,delivery,6,purchase_order,1175,
3693,1,278,2026-05-23,delivery,72,purchase_order,1175,
3694,1,303,2026-05-23,delivery,24,purchase_order,1175,
3695,1,554,2026-05-23,delivery,1,purchase_order,1188,
3696,1,471,2026-05-23,delivery,6,purchase_order,1198,
3697,1,492,2026-05-23,delivery,6,purchase_order,1198,
3698,1,500,2026-05-23,delivery,1,purchase_order,1198,
3699,1,504,2026-05-23,delivery,14,purchase_order,1198,
3700,1,577,2026-05-23,delivery,12,purchase_order,1200,
3701,1,379,2026-05-23,delivery,6,purchase_order,1226,
3702,1,49,2026-05-24,delivery,47,purchase_order,1146,
3703,1,70,2026-05-24,delivery,6,purchase_order,1146,
3704,1,237,2026-05-24,delivery,18,purchase_order,1159,
3705,1,256,2026-05-24,delivery,24,purchase_order,1159,
3706,1,284,2026-05-24,delivery,12,purchase_order,1159,
3707,1,298,2026-05-24,delivery,19,purchase_order,1159,
3708,1,73,2026-05-24,delivery,24,purchase_order,1172,
3709,1,496,2026-05-24,delivery,6,purchase_order,1179,
3710,1,508,2026-05-24,delivery,12,purchase_order,1179,
3711,1,515,2026-05-24,delivery,5,purchase_order,1179,
3712,1,517,2026-05-24,delivery,1,purchase_order,1179,
3713,1,175,2026-05-24,delivery,24,purchase_order,1192,
3714,1,197,2026-05-24,delivery,12,purchase_order,1192,
3715,1,218,2026-05-24,delivery,66,purchase_order,1192,
3716,1,524,2026-05-24,delivery,4,purchase_order,1199,
3717,1,556,2026-05-24,delivery,24,purchase_order,1199,
3718,1,89,2026-05-24,delivery,12,purchase_order,1203,
3719,1,97,2026-05-24,delivery,24,purchase_order,1203,
3720,1,195,2026-05-24,delivery,24,purchase_order,1204,
3721,1,567,2026-05-24,delivery,2,purchase_order,1207,
3722,1,571,2026-05-24,delivery,2,purchase_order,1207,
3723,1,17,2026-05-24,delivery,36,purchase_order,1208,
3724,1,26,2026-05-24,delivery,24,purchase_order,1208,
3725,1,149,2026-05-24,delivery,12,purchase_order,1208,
3726,1,158,2026-05-24,delivery,72,purchase_order,1208,
3727,1,79,2026-05-24,delivery,6,purchase_order,1216,
3728,1,367,2026-05-24,delivery,18,purchase_order,1235,
3729,1,373,2026-05-24,delivery,12,purchase_order,1245,
3730,1,502,2026-05-24,shrinkage,-1,,,Cycle count variance
3731,1,573,2026-05-24,shrinkage,-1,,,Cycle count variance
3732,1,80,2026-05-24,shrinkage,-1,,,Cycle count variance
3733,1,57,2026-05-25,delivery,24,purchase_order,1163,
3734,1,74,2026-05-25,delivery,18,purchase_order,1163,
3735,1,427,2026-05-25,delivery,54,purchase_order,1168,
3736,1,171,2026-05-25,delivery,19,purchase_order,1184,
3737,1,182,2026-05-25,delivery,6,purchase_order,1184,
3738,1,234,2026-05-25,delivery,12,purchase_order,1193,
3739,1,243,2026-05-25,delivery,42,purchase_order,1193,
3740,1,257,2026-05-25,delivery,48,purchase_order,1193,
3741,1,270,2026-05-25,delivery,12,purchase_order,1193,
3742,1,285,2026-05-25,delivery,6,purchase_order,1193,
3743,1,239,2026-05-25,delivery,24,purchase_order,1205,
3744,1,249,2026-05-25,delivery,8,purchase_order,1205,
3745,1,294,2026-05-25,delivery,12,purchase_order,1205,
3746,1,507,2026-05-25,delivery,24,purchase_order,1220,
3747,1,81,2026-05-25,delivery,10,purchase_order,1222,
3748,1,93,2026-05-25,delivery,78,purchase_order,1222,
3749,1,113,2026-05-25,delivery,6,purchase_order,1222,
3750,1,120,2026-05-25,delivery,12,purchase_order,1222,
3751,1,335,2026-05-25,delivery,12,purchase_order,1234,
3752,1,411,2026-05-26,delivery,6,purchase_order,1152,
3753,1,440,2026-05-26,delivery,6,purchase_order,1152,
3754,1,397,2026-05-26,delivery,6,purchase_order,1178,
3755,1,422,2026-05-26,delivery,24,purchase_order,1178,
3756,1,424,2026-05-26,delivery,12,purchase_order,1178,
3757,1,425,2026-05-26,delivery,3,purchase_order,1178,
3758,1,438,2026-05-26,delivery,24,purchase_order,1178,
3759,1,61,2026-05-26,delivery,24,purchase_order,1182,
3760,1,64,2026-05-26,delivery,13,purchase_order,1182,
3761,1,333,2026-05-26,delivery,18,purchase_order,1212,
3762,1,346,2026-05-26,delivery,5,purchase_order,1212,
3763,1,523,2026-05-26,delivery,12,purchase_order,1214,
3764,1,548,2026-05-26,delivery,3,purchase_order,1214,
3765,1,568,2026-05-26,delivery,9,purchase_order,1214,
3766,1,20,2026-05-26,delivery,1,purchase_order,1221,
3767,1,21,2026-05-26,delivery,12,purchase_order,1221,
3768,1,143,2026-05-26,delivery,26,purchase_order,1221,
3769,1,154,2026-05-26,delivery,7,purchase_order,1221,
3770,1,546,2026-05-26,shrinkage,-1,,,Cycle count variance
3771,1,144,2026-05-26,shrinkage,-2,,,Cycle count variance
3772,1,284,2026-05-26,shrinkage,-1,,,Cycle count variance
3773,1,273,2026-05-27,delivery,12,purchase_order,1185,
3774,1,302,2026-05-27,delivery,12,purchase_order,1185,
3775,1,53,2026-05-27,delivery,15,purchase_order,1190,
3776,1,58,2026-05-27,delivery,36,purchase_order,1190,
3777,1,66,2026-05-27,delivery,114,purchase_order,1190,
3778,1,68,2026-05-27,delivery,48,purchase_order,1190,
3779,1,462,2026-05-27,delivery,12,purchase_order,1197,
3780,1,23,2026-05-27,delivery,24,purchase_order,1201,
3781,1,147,2026-05-27,delivery,6,purchase_order,1201,
3782,1,160,2026-05-27,delivery,36,purchase_order,1201,
3783,1,204,2026-05-27,delivery,48,purchase_order,1210,
3784,1,2,2026-05-27,delivery,180,purchase_order,1215,
3785,1,4,2026-05-27,delivery,12,purchase_order,1215,
3786,1,32,2026-05-27,delivery,48,purchase_order,1215,
3787,1,41,2026-05-27,delivery,5,purchase_order,1215,
3788,1,6,2026-05-27,delivery,84,purchase_order,1229,
3789,1,8,2026-05-27,delivery,96,purchase_order,1229,
3790,1,27,2026-05-27,delivery,12,purchase_order,1229,
3791,1,31,2026-05-27,delivery,12,purchase_order,1229,
3792,1,125,2026-05-27,delivery,6,purchase_order,1229,
3793,1,130,2026-05-27,delivery,34,purchase_order,1229,
3794,1,132,2026-05-27,delivery,6,purchase_order,1229,
3795,1,136,2026-05-27,delivery,24,purchase_order,1229,
3796,1,150,2026-05-27,delivery,48,purchase_order,1229,
3797,1,167,2026-05-27,delivery,84,purchase_order,1229,
3798,1,477,2026-05-27,delivery,6,purchase_order,1238,
3799,1,10,2026-05-27,delivery,18,purchase_order,1240,
3800,1,11,2026-05-27,delivery,24,purchase_order,1240,
3801,1,14,2026-05-27,delivery,6,purchase_order,1240,
3802,1,48,2026-05-27,delivery,30,purchase_order,1240,
3803,1,82,2026-05-27,delivery,36,purchase_order,1241,
3804,1,95,2026-05-27,delivery,48,purchase_order,1241,
3805,1,102,2026-05-27,delivery,18,purchase_order,1241,
3806,1,77,2026-05-27,delivery,6,purchase_order,1252,
3807,1,105,2026-05-27,delivery,48,purchase_order,1252,
3808,1,107,2026-05-27,delivery,12,purchase_order,1252,
3809,1,108,2026-05-27,delivery,24,purchase_order,1252,
3810,1,322,2026-05-27,delivery,17,purchase_order,1255,
3811,1,332,2026-05-27,delivery,12,purchase_order,1255,
3812,1,348,2026-05-27,delivery,12,purchase_order,1255,
3813,1,401,2026-05-28,delivery,6,purchase_order,1196,
3814,1,444,2026-05-28,delivery,2,purchase_order,1196,
3815,1,50,2026-05-28,delivery,6,purchase_order,1202,
3816,1,177,2026-05-28,delivery,12,purchase_order,1223,
3817,1,181,2026-05-28,delivery,5,purchase_order,1223,
3818,1,272,2026-05-28,delivery,6,purchase_order,1224,
3819,1,275,2026-05-28,delivery,42,purchase_order,1224,
3820,1,281,2026-05-28,delivery,12,purchase_order,1224,
3821,1,289,2026-05-28,delivery,12,purchase_order,1224,
3822,1,316,2026-05-28,delivery,24,purchase_order,1225,
3823,1,330,2026-05-28,delivery,36,purchase_order,1225,
3824,1,340,2026-05-28,delivery,12,purchase_order,1225,
3825,1,78,2026-05-28,delivery,48,purchase_order,1231,
3826,1,90,2026-05-28,delivery,204,purchase_order,1231,
3827,1,99,2026-05-28,delivery,8,purchase_order,1231,
3828,1,119,2026-05-28,delivery,12,purchase_order,1231,
3829,1,315,2026-05-28,delivery,24,purchase_order,1244,
3830,1,336,2026-05-28,delivery,24,purchase_order,1244,
3831,1,356,2026-05-28,delivery,6,purchase_order,1244,
3832,1,385,2026-05-28,delivery,12,purchase_order,1256,
3833,1,490,2026-05-28,delivery,6,purchase_order,1259,
3834,1,499,2026-05-28,delivery,12,purchase_order,1259,
3835,1,502,2026-05-28,delivery,6,purchase_order,1259,
3836,1,517,2026-05-28,delivery,1,purchase_order,1259,
3837,1,331,2026-05-28,delivery,4,purchase_order,1265,
3838,1,386,2026-05-28,delivery,12,purchase_order,1266,
3839,1,390,2026-05-28,delivery,36,purchase_order,1276,
3840,1,208,2026-05-29,delivery,24,purchase_order,1217,
3841,1,531,2026-05-29,delivery,6,purchase_order,1228,
3842,1,559,2026-05-29,delivery,6,purchase_order,1228,
3843,1,565,2026-05-29,delivery,42,purchase_order,1228,
3844,1,526,2026-05-29,delivery,6,purchase_order,1239,
3845,1,561,2026-05-29,delivery,2,purchase_order,1239,
3846,1,227,2026-05-29,delivery,6,purchase_order,1243,
3847,1,228,2026-05-29,delivery,20,purchase_order,1243,
3848,1,253,2026-05-29,delivery,24,purchase_order,1243,
3849,1,267,2026-05-29,delivery,13,purchase_order,1243,
3850,1,297,2026-05-29,delivery,6,purchase_order,1243,
3851,1,308,2026-05-29,delivery,24,purchase_order,1243,
3852,1,42,2026-05-29,delivery,16,purchase_order,1261,
3853,1,128,2026-05-29,delivery,48,purchase_order,1261,
3854,1,140,2026-05-29,delivery,18,purchase_order,1261,
3855,1,156,2026-05-29,delivery,6,purchase_order,1261,
3856,1,168,2026-05-29,delivery,18,purchase_order,1261,
3857,1,101,2026-05-29,delivery,30,purchase_order,1272,
3858,1,109,2026-05-29,delivery,12,purchase_order,1272,
3859,1,114,2026-05-29,delivery,24,purchase_order,1272,
3860,1,321,2026-05-29,delivery,36,purchase_order,1275,
3861,1,347,2026-05-29,delivery,24,purchase_order,1275,
3862,1,144,2026-05-29,shrinkage,-2,,,Cycle count variance
3863,1,280,2026-05-29,shrinkage,-2,,,Cycle count variance
3864,1,266,2026-05-30,delivery,12,purchase_order,1211,
3865,1,312,2026-05-30,delivery,12,purchase_order,1211,
3866,1,314,2026-05-30,delivery,19,purchase_order,1211,
3867,1,179,2026-05-30,delivery,24,purchase_order,1232,
3868,1,190,2026-05-30,delivery,6,purchase_order,1242,
3869,1,203,2026-05-30,delivery,18,purchase_order,1242,
3870,1,209,2026-05-30,delivery,24,purchase_order,1242,
3871,1,553,2026-05-30,delivery,6,purchase_order,1249,
3872,1,554,2026-05-30,delivery,1,purchase_order,1249,
3873,1,555,2026-05-30,delivery,6,purchase_order,1249,
3874,1,383,2026-05-30,delivery,13,purchase_order,1285,
3875,1,85,2026-05-30,delivery,48,purchase_order,1297,
3876,1,88,2026-05-30,delivery,3,purchase_order,1297,
3877,1,92,2026-05-30,delivery,24,purchase_order,1297,
3878,1,115,2026-05-30,delivery,11,purchase_order,1297,
3879,1,116,2026-05-30,delivery,24,purchase_order,1297,
3880,1,121,2026-05-30,delivery,60,purchase_order,1297,
3881,1,232,2026-05-31,delivery,23,purchase_order,1218,
3882,1,246,2026-05-31,delivery,36,purchase_order,1218,
3883,1,260,2026-05-31,delivery,18,purchase_order,1218,
3884,1,269,2026-05-31,delivery,42,purchase_order,1218,
3885,1,276,2026-05-31,delivery,12,purchase_order,1218,
3886,1,293,2026-05-31,delivery,12,purchase_order,1218,
3887,1,309,2026-05-31,delivery,24,purchase_order,1218,
3888,1,410,2026-05-31,delivery,24,purchase_order,1227,
3889,1,429,2026-05-31,delivery,7,purchase_order,1227,
3890,1,235,2026-05-31,delivery,6,purchase_order,1233,
3891,1,251,2026-05-31,delivery,14,purchase_order,1233,
3892,1,296,2026-05-31,delivery,24,purchase_order,1233,
3893,1,304,2026-05-31,delivery,30,purchase_order,1233,
3894,1,305,2026-05-31,delivery,72,purchase_order,1233,
3895,1,310,2026-05-31,delivery,24,purchase_order,1233,
3896,1,313,2026-05-31,delivery,6,purchase_order,1233,
3897,1,189,2026-05-31,delivery,3,purchase_order,1253,
3898,1,236,2026-05-31,delivery,12,purchase_order,1254,
3899,1,265,2026-05-31,delivery,12,purchase_order,1254,
3900,1,299,2026-05-31,delivery,60,purchase_order,1254,
3901,1,558,2026-05-31,delivery,96,purchase_order,1260,
3902,1,569,2026-05-31,delivery,6,purchase_order,1260,
3903,1,522,2026-05-31,delivery,6,purchase_order,1278,
3904,1,98,2026-05-31,delivery,84,purchase_order,1281,
3905,1,110,2026-05-31,delivery,252,purchase_order,1281,
3906,1,318,2026-05-31,delivery,24,purchase_order,1284,
3907,1,327,2026-05-31,delivery,12,purchase_order,1284,
3908,1,337,2026-05-31,delivery,5,purchase_order,1284,
3909,1,339,2026-05-31,delivery,6,purchase_order,1284,
3910,1,360,2026-05-31,delivery,3,purchase_order,1284,
3911,1,329,2026-05-31,delivery,12,purchase_order,1291,
3912,1,371,2026-05-31,delivery,3,purchase_order,1292,
3913,1,374,2026-05-31,delivery,15,purchase_order,1292,
3914,1,388,2026-05-31,delivery,12,purchase_order,1292,
3915,1,60,2026-06-01,delivery,48,purchase_order,1230,
3916,1,69,2026-06-01,delivery,36,purchase_order,1230,
3917,1,71,2026-06-01,delivery,24,purchase_order,1230,
3918,1,445,2026-06-01,delivery,8,purchase_order,1237,
3919,1,467,2026-06-01,delivery,24,purchase_order,1237,
3920,1,479,2026-06-01,delivery,6,purchase_order,1248,
3921,1,250,2026-06-01,delivery,6,purchase_order,1264,
3922,1,571,2026-06-01,delivery,2,purchase_order,1269,
3923,1,557,2026-06-01,delivery,12,purchase_order,1279,
3924,1,146,2026-06-01,delivery,24,purchase_order,1282,
3925,1,163,2026-06-01,delivery,6,purchase_order,1282,
3926,1,164,2026-06-01,delivery,5,purchase_order,1282,
3927,1,323,2026-06-01,delivery,36,purchase_order,1309,
3928,1,205,2026-06-01,shrinkage,-2,,,Cycle count variance
3929,1,414,2026-06-02,delivery,24,purchase_order,1213,
3930,1,428,2026-06-02,delivery,12,purchase_order,1213,
3931,1,455,2026-06-02,delivery,27,purchase_order,1247,
3932,1,456,2026-06-02,delivery,3,purchase_order,1247,
3933,1,13,2026-06-02,delivery,72,purchase_order,1250,
3934,1,15,2026-06-02,delivery,36,purchase_order,1250,
3935,1,30,2026-06-02,delivery,12,purchase_order,1250,
3936,1,34,2026-06-02,delivery,24,purchase_order,1250,
3937,1,45,2026-06-02,delivery,24,purchase_order,1250,
3938,1,56,2026-06-02,delivery,60,purchase_order,1251,
3939,1,466,2026-06-02,delivery,5,purchase_order,1258,
3940,1,198,2026-06-02,delivery,12,purchase_order,1263,
3941,1,20,2026-06-02,delivery,1,purchase_order,1270,
3942,1,25,2026-06-02,delivery,102,purchase_order,1270,
3943,1,166,2026-06-02,delivery,36,purchase_order,1270,
3944,1,482,2026-06-02,delivery,2,purchase_order,1295,
3945,1,486,2026-06-02,delivery,12,purchase_order,1295,
3946,1,497,2026-06-02,delivery,3,purchase_order,1295,
3947,1,375,2026-06-02,delivery,24,purchase_order,1320,
3948,1,376,2026-06-02,delivery,24,purchase_order,1320,
3949,1,295,2026-06-02,shrinkage,-1,,,Cycle count variance
3950,1,182,2026-06-02,shrinkage,-1,,,Cycle count variance
3951,1,178,2026-06-03,delivery,72,purchase_order,1273,
3952,1,186,2026-06-03,delivery,24,purchase_order,1273,
3953,1,552,2026-06-03,delivery,12,purchase_order,1288,
3954,1,1,2026-06-03,delivery,35,purchase_order,1289,
3955,1,16,2026-06-03,delivery,18,purchase_order,1289,
3956,1,19,2026-06-03,delivery,24,purchase_order,1289,
3957,1,38,2026-06-03,delivery,6,purchase_order,1289,
3958,1,112,2026-06-03,delivery,18,purchase_order,1316,
3959,1,122,2026-06-03,delivery,48,purchase_order,1316,
3960,1,353,2026-06-03,delivery,12,purchase_order,1319,
3961,1,372,2026-06-03,delivery,12,purchase_order,1330,
3962,1,369,2026-06-03,delivery,6,purchase_order,1338,
3963,1,395,2026-06-04,delivery,17,purchase_order,1246,
3964,1,399,2026-06-04,delivery,12,purchase_order,1246,
3965,1,398,2026-06-04,delivery,24,purchase_order,1257,
3966,1,431,2026-06-04,delivery,6,purchase_order,1257,
3967,1,433,2026-06-04,delivery,6,purchase_order,1257,
3968,1,51,2026-06-04,delivery,1,purchase_order,1262,
3969,1,408,2026-06-04,delivery,21,purchase_order,1267,
3970,1,437,2026-06-04,delivery,6,purchase_order,1267,
3971,1,425,2026-06-04,delivery,3,purchase_order,1277,
3972,1,435,2026-06-04,delivery,4,purchase_order,1277,
3973,1,17,2026-06-04,delivery,36,purchase_order,1296,
3974,1,24,2026-06-04,delivery,24,purchase_order,1296,
3975,1,46,2026-06-04,delivery,30,purchase_order,1296,
3976,1,144,2026-06-04,delivery,12,purchase_order,1296,
3977,1,151,2026-06-04,delivery,17,purchase_order,1296,
3978,1,478,2026-06-04,delivery,2,purchase_order,1312,
3979,1,504,2026-06-04,delivery,14,purchase_order,1312,
3980,1,517,2026-06-04,delivery,1,purchase_order,1312,
3981,1,82,2026-06-04,delivery,36,purchase_order,1335,
3982,1,91,2026-06-04,delivery,66,purchase_order,1335,
3983,1,104,2026-06-04,delivery,88,purchase_order,1335,
3984,1,298,2026-06-04,shrinkage,-1,,,Cycle count variance
3985,1,6,2026-06-04,shrinkage,-1,,,Cycle count variance
3986,1,396,2026-06-05,delivery,24,purchase_order,1236,
3987,1,65,2026-06-05,delivery,6,purchase_order,1271,
3988,1,187,2026-06-05,delivery,24,purchase_order,1283,
3989,1,211,2026-06-05,delivery,12,purchase_order,1283,
3990,1,461,2026-06-05,delivery,24,purchase_order,1286,
3991,1,487,2026-06-05,delivery,12,purchase_order,1287,
3992,1,233,2026-06-05,delivery,12,purchase_order,1290,
3993,1,252,2026-06-05,delivery,18,purchase_order,1290,
3994,1,287,2026-06-05,delivery,4,purchase_order,1290,
3995,1,188,2026-06-05,delivery,12,purchase_order,1298,
3996,1,324,2026-06-05,delivery,48,purchase_order,1300,
3997,1,342,2026-06-05,delivery,42,purchase_order,1300,
3998,1,350,2026-06-05,delivery,6,purchase_order,1300,
3999,1,352,2026-06-05,delivery,6,purchase_order,1300,
4000,1,354,2026-06-05,delivery,12,purchase_order,1300,
4001,1,80,2026-06-05,delivery,24,purchase_order,1306,
4002,1,86,2026-06-05,delivery,24,purchase_order,1306,
4003,1,223,2026-06-05,delivery,6,purchase_order,1308,
4004,1,230,2026-06-05,delivery,6,purchase_order,1308,
4005,1,262,2026-06-05,delivery,105,purchase_order,1308,
4006,1,278,2026-06-05,delivery,72,purchase_order,1308,
4007,1,292,2026-06-05,delivery,24,purchase_order,1308,
4008,1,18,2026-06-05,delivery,24,purchase_order,1325,
4009,1,124,2026-06-05,delivery,60,purchase_order,1325,
4010,1,245,2026-06-06,delivery,18,purchase_order,1274,
4011,1,263,2026-06-06,delivery,48,purchase_order,1274,
4012,1,295,2026-06-06,delivery,6,purchase_order,1274,
4013,1,419,2026-06-06,delivery,9,purchase_order,1293,
4014,1,444,2026-06-06,delivery,2,purchase_order,1293,
4015,1,525,2026-06-06,delivery,21,purchase_order,1303,
4016,1,561,2026-06-06,delivery,2,purchase_order,1303,
4017,1,567,2026-06-06,delivery,2,purchase_order,1303,
4018,1,568,2026-06-06,delivery,9,purchase_order,1303,
4019,1,5,2026-06-06,delivery,24,purchase_order,1304,
4020,1,10,2026-06-06,delivery,18,purchase_order,1304,
4021,1,36,2026-06-06,delivery,30,purchase_order,1304,
4022,1,162,2026-06-06,delivery,6,purchase_order,1304,
4023,1,554,2026-06-06,delivery,1,purchase_order,1313,
4024,1,489,2026-06-06,delivery,6,purchase_order,1323,
4025,1,509,2026-06-06,delivery,12,purchase_order,1323,
4026,1,505,2026-06-06,delivery,24,purchase_order,1332,
4027,1,507,2026-06-06,delivery,24,purchase_order,1332,
4028,1,20,2026-06-06,delivery,1,purchase_order,1334,
4029,1,26,2026-06-06,delivery,24,purchase_order,1334,
4030,1,127,2026-06-06,delivery,48,purchase_order,1334,
4031,1,159,2026-06-06,delivery,12,purchase_order,1334,
4032,1,365,2026-06-06,delivery,60,purchase_order,1337,
4033,1,118,2026-06-06,delivery,114,purchase_order,1344,
4034,1,76,2026-06-06,delivery,42,purchase_order,1351,
4035,1,93,2026-06-06,delivery,78,purchase_order,1351,
4036,1,97,2026-06-06,delivery,24,purchase_order,1351,
4037,1,321,2026-06-06,delivery,36,purchase_order,1354,
4038,1,174,2026-06-06,shrinkage,-2,,,Cycle count variance
4039,1,70,2026-06-07,delivery,6,purchase_order,1280,
4040,1,470,2026-06-07,delivery,10,purchase_order,1294,
4041,1,255,2026-06-07,delivery,10,purchase_order,1299,
4042,1,291,2026-06-07,delivery,18,purchase_order,1299,
4043,1,294,2026-06-07,delivery,12,purchase_order,1299,
4044,1,460,2026-06-07,delivery,2,purchase_order,1301,
4045,1,465,2026-06-07,delivery,3,purchase_order,1301,
4046,1,513,2026-06-07,delivery,6,purchase_order,1302,
4047,1,217,2026-06-07,delivery,6,purchase_order,1307,
4048,1,12,2026-06-07,delivery,12,purchase_order,1314,
4049,1,41,2026-06-07,delivery,5,purchase_order,1314,
4050,1,157,2026-06-07,delivery,18,purchase_order,1314,
4051,1,174,2026-06-07,delivery,36,purchase_order,1317,
4052,1,189,2026-06-07,delivery,3,purchase_order,1317,
4053,1,201,2026-06-07,delivery,18,purchase_order,1317,
4054,1,587,2026-06-07,delivery,1,purchase_order,1333,
4055,1,482,2026-06-07,delivery,2,purchase_order,1341,
4056,1,488,2026-06-07,delivery,6,purchase_order,1341,
4057,1,494,2026-06-07,delivery,1,purchase_order,1341,
4058,1,320,2026-06-07,delivery,36,purchase_order,1346,
4059,1,325,2026-06-07,delivery,6,purchase_order,1346,
4060,1,333,2026-06-07,delivery,18,purchase_order,1346,
4061,1,364,2026-06-07,delivery,12,purchase_order,1346,
4062,1,391,2026-06-07,delivery,12,purchase_order,1361,
4063,1,392,2026-06-07,delivery,12,purchase_order,1361,
4064,1,523,2026-06-07,shrinkage,-1,,,Cycle count variance
4065,1,447,2026-06-08,delivery,6,purchase_order,1268,
4066,1,454,2026-06-08,delivery,6,purchase_order,1268,
4067,1,55,2026-06-08,delivery,24,purchase_order,1305,
4068,1,72,2026-06-08,delivery,31,purchase_order,1305,
4069,1,248,2026-06-08,delivery,12,purchase_order,1318,
4070,1,272,2026-06-08,delivery,6,purchase_order,1318,
4071,1,283,2026-06-08,delivery,24,purchase_order,1318,
4072,1,290,2026-06-08,delivery,24,purchase_order,1318,
4073,1,300,2026-06-08,delivery,12,purchase_order,1318,
4074,1,238,2026-06-08,delivery,12,purchase_order,1328,
4075,1,259,2026-06-08,delivery,12,purchase_order,1328,
4076,1,286,2026-06-08,delivery,12,purchase_order,1328,
4077,1,336,2026-06-08,delivery,24,purchase_order,1329,
4078,1,343,2026-06-08,delivery,12,purchase_order,1329,
4079,1,526,2026-06-08,delivery,6,purchase_order,1342,
4080,1,528,2026-06-08,delivery,24,purchase_order,1342,
4081,1,7,2026-06-08,delivery,18,purchase_order,1349,
4082,1,40,2026-06-08,delivery,36,purchase_order,1349,
4083,1,126,2026-06-08,delivery,36,purchase_order,1349,
4084,1,131,2026-06-08,delivery,18,purchase_order,1349,
4085,1,152,2026-06-08,delivery,6,purchase_order,1349,
4086,1,169,2026-06-08,delivery,6,purchase_order,1349,
4087,1,319,2026-06-08,delivery,18,purchase_order,1360,
4088,1,79,2026-06-08,delivery,6,purchase_order,1367,
4089,1,81,2026-06-08,delivery,10,purchase_order,1367,
4090,1,89,2026-06-08,delivery,12,purchase_order,1367,
4091,1,90,2026-06-08,delivery,204,purchase_order,1367,
4092,1,111,2026-06-08,delivery,48,purchase_order,1367,
4093,1,113,2026-06-08,delivery,6,purchase_order,1367,
4094,1,377,2026-06-08,delivery,24,purchase_order,1371,
4095,1,382,2026-06-08,delivery,12,purchase_order,1371,
4096,1,590,2026-06-08,shrinkage,-2,,,Cycle count variance
4097,1,484,2026-06-08,shrinkage,-1,,,Cycle count variance
4098,1,440,2026-06-09,delivery,6,purchase_order,1310,
4099,1,511,2026-06-09,delivery,12,purchase_order,1348,
4100,1,322,2026-06-09,delivery,17,purchase_order,1370,
4101,1,331,2026-06-09,delivery,4,purchase_order,1370,
4102,1,332,2026-06-09,delivery,12,purchase_order,1370,
4103,1,337,2026-06-09,delivery,5,purchase_order,1370,
4104,1,84,2026-06-09,delivery,6,purchase_order,1378,
4105,1,99,2026-06-09,delivery,8,purchase_order,1378,
4106,1,103,2026-06-09,delivery,12,purchase_order,1378,
4107,1,82,2026-06-09,shrinkage,-1,,,Cycle count variance
4108,1,494,2026-06-09,shrinkage,-2,,,Cycle count variance
4109,1,62,2026-06-10,delivery,72,purchase_order,1315,
4110,1,401,2026-06-10,delivery,6,purchase_order,1321,
4111,1,427,2026-06-10,delivery,54,purchase_order,1321,
4112,1,438,2026-06-10,delivery,24,purchase_order,1321,
4113,1,206,2026-06-10,delivery,24,purchase_order,1327,
4114,1,216,2026-06-10,delivery,24,purchase_order,1327,
4115,1,37,2026-06-10,delivery,24,purchase_order,1343,
4116,1,42,2026-06-10,delivery,16,purchase_order,1343,
4117,1,43,2026-06-10,delivery,10,purchase_order,1343,
4118,1,134,2026-06-10,delivery,72,purchase_order,1343,
4119,1,328,2026-06-10,delivery,36,purchase_order,1381,
4120,1,339,2026-06-10,delivery,6,purchase_order,1381,
4121,1,101,2026-06-10,delivery,30,purchase_order,1388,
4122,1,289,2026-06-10,shrinkage,-1,,,Cycle count variance
4123,1,265,2026-06-10,shrinkage,-1,,,Cycle count variance
4124,1,313,2026-06-10,shrinkage,-1,,,Cycle count variance
4125,1,464,2026-06-11,delivery,36,purchase_order,1311,
4126,1,469,2026-06-11,delivery,12,purchase_order,1311,
4127,1,457,2026-06-11,delivery,12,purchase_order,1322,
4128,1,463,2026-06-11,delivery,12,purchase_order,1322,
4129,1,530,2026-06-11,delivery,6,purchase_order,1324,
4130,1,534,2026-06-11,delivery,24,purchase_order,1324,
4131,1,222,2026-06-11,delivery,48,purchase_order,1345,
4132,1,229,2026-06-11,delivery,6,purchase_order,1345,
4133,1,244,2026-06-11,delivery,18,purchase_order,1345,
4134,1,247,2026-06-11,delivery,8,purchase_order,1345,
4135,1,273,2026-06-11,delivery,12,purchase_order,1345,
4136,1,550,2026-06-11,delivery,12,purchase_order,1356,
4137,1,559,2026-06-11,delivery,6,purchase_order,1356,
4138,1,15,2026-06-11,delivery,36,purchase_order,1357,
4139,1,158,2026-06-11,delivery,72,purchase_order,1357,
4140,1,495,2026-06-11,delivery,12,purchase_order,1364,
4141,1,515,2026-06-11,delivery,5,purchase_order,1364,
4142,1,8,2026-06-11,delivery,96,purchase_order,1366,
4143,1,9,2026-06-11,delivery,12,purchase_order,1366,
4144,1,22,2026-06-11,delivery,12,purchase_order,1366,
4145,1,38,2026-06-11,delivery,6,purchase_order,1366,
4146,1,132,2026-06-11,delivery,6,purchase_order,1366,
4147,1,143,2026-06-11,delivery,26,purchase_order,1366,
4148,1,492,2026-06-11,delivery,6,purchase_order,1373,
4149,1,517,2026-06-11,delivery,1,purchase_order,1373,
4150,1,87,2026-06-11,delivery,12,purchase_order,1396,
4151,1,102,2026-06-11,delivery,18,purchase_order,1396,
4152,1,110,2026-06-11,delivery,252,purchase_order,1396,
4153,1,311,2026-06-11,shrinkage,-1,,,Cycle count variance
4154,1,425,2026-06-11,shrinkage,-2,,,Cycle count variance
4155,1,462,2026-06-12,delivery,12,purchase_order,1331,
4156,1,393,2026-06-12,delivery,6,purchase_order,1339,
4157,1,424,2026-06-12,delivery,12,purchase_order,1339,
4158,1,450,2026-06-12,delivery,12,purchase_order,1340,
4159,1,237,2026-06-12,delivery,18,purchase_order,1353,
4160,1,276,2026-06-12,delivery,12,purchase_order,1353,
4161,1,198,2026-06-12,delivery,12,purchase_order,1358,
4162,1,200,2026-06-12,delivery,24,purchase_order,1358,
4163,1,524,2026-06-12,delivery,4,purchase_order,1365,
4164,1,547,2026-06-12,delivery,6,purchase_order,1365,
4165,1,583,2026-06-12,delivery,6,purchase_order,1375,
4166,1,482,2026-06-12,delivery,2,purchase_order,1383,
4167,1,589,2026-06-12,delivery,5,purchase_order,1385,
4168,1,330,2026-06-12,delivery,36,purchase_order,1390,
4169,1,346,2026-06-12,delivery,5,purchase_order,1390,
4170,1,400,2026-06-12,shrinkage,-1,,,Cycle count variance
4171,1,49,2026-06-13,delivery,47,purchase_order,1326,
4172,1,53,2026-06-13,delivery,15,purchase_order,1326,
4173,1,172,2026-06-13,delivery,32,purchase_order,1336,
4174,1,182,2026-06-13,delivery,6,purchase_order,1336,
4175,1,202,2026-06-13,delivery,6,purchase_order,1336,
4176,1,459,2026-06-13,delivery,24,purchase_order,1347,
4177,1,468,2026-06-13,delivery,12,purchase_order,1347,
4178,1,58,2026-06-13,delivery,36,purchase_order,1350,
4179,1,60,2026-06-13,delivery,48,purchase_order,1350,
4180,1,64,2026-06-13,delivery,13,purchase_order,1350,
4181,1,66,2026-06-13,delivery,114,purchase_order,1350,
4182,1,68,2026-06-13,delivery,48,purchase_order,1350,
4183,1,478,2026-06-13,delivery,2,purchase_order,1355,
4184,1,503,2026-06-13,delivery,12,purchase_order,1355,
4185,1,510,2026-06-13,delivery,12,purchase_order,1355,
4186,1,554,2026-06-13,delivery,1,purchase_order,1374,
4187,1,564,2026-06-13,delivery,12,purchase_order,1374,
4188,1,565,2026-06-13,delivery,42,purchase_order,1374,
4189,1,490,2026-06-13,delivery,6,purchase_order,1392,
4190,1,497,2026-06-13,delivery,3,purchase_order,1392,
4191,1,590,2026-06-13,delivery,6,purchase_order,1394,
4192,1,379,2026-06-13,delivery,6,purchase_order,1413,
4193,1,292,2026-06-13,shrinkage,-1,,,Cycle count variance
4194,1,3,2026-06-13,shrinkage,-2,,,Cycle count variance
4195,1,252,2026-06-13,shrinkage,-1,,,Cycle count variance
4196,1,241,2026-06-14,delivery,12,purchase_order,1359,
4197,1,243,2026-06-14,delivery,42,purchase_order,1359,
4198,1,251,2026-06-14,delivery,14,purchase_order,1359,
4199,1,254,2026-06-14,delivery,12,purchase_order,1359,
4200,1,282,2026-06-14,delivery,12,purchase_order,1359,
4201,1,310,2026-06-14,delivery,24,purchase_order,1359,
4202,1,312,2026-06-14,delivery,12,purchase_order,1359,
4203,1,425,2026-06-14,delivery,3,purchase_order,1362,
4204,1,220,2026-06-14,delivery,11,purchase_order,1380,
4205,1,249,2026-06-14,delivery,8,purchase_order,1380,
4206,1,257,2026-06-14,delivery,48,purchase_order,1380,
4207,1,284,2026-06-14,delivery,12,purchase_order,1380,
4208,1,541,2026-06-14,delivery,24,purchase_order,1384,
4209,1,569,2026-06-14,delivery,6,purchase_order,1384,
4210,1,558,2026-06-14,delivery,96,purchase_order,1393,
4211,1,494,2026-06-14,delivery,1,purchase_order,1399,
4212,1,96,2026-06-14,delivery,3,purchase_order,1402,
4213,1,117,2026-06-14,delivery,24,purchase_order,1402,
4214,1,340,2026-06-14,delivery,12,purchase_order,1404,
4215,1,344,2026-06-14,delivery,6,purchase_order,1404,
4216,1,119,2026-06-14,delivery,12,purchase_order,1409,
4217,1,327,2026-06-14,delivery,12,purchase_order,1412,
4218,1,335,2026-06-14,delivery,12,purchase_order,1412,
4219,1,356,2026-06-14,delivery,6,purchase_order,1412,
4220,1,360,2026-06-14,delivery,3,purchase_order,1412,
4221,1,290,2026-06-14,shrinkage,-2,,,Cycle count variance
4222,1,262,2026-06-14,shrinkage,-1,,,Cycle count variance
4223,1,181,2026-06-15,delivery,5,purchase_order,1352,
4224,1,184,2026-06-15,delivery,12,purchase_order,1352,
4225,1,456,2026-06-15,delivery,3,purchase_order,1363,
4226,1,274,2026-06-15,delivery,24,purchase_order,1369,
4227,1,297,2026-06-15,delivery,6,purchase_order,1369,
4228,1,298,2026-06-15,delivery,19,purchase_order,1369,
4229,1,309,2026-06-15,delivery,24,purchase_order,1369,
4230,1,479,2026-06-15,delivery,6,purchase_order,1406,
4231,1,83,2026-06-15,delivery,6,purchase_order,1417,
4232,1,116,2026-06-15,delivery,24,purchase_order,1417,
4233,1,315,2026-06-15,delivery,24,purchase_order,1420,
4234,1,374,2026-06-15,delivery,15,purchase_order,1421,
4235,1,125,2026-06-15,shrinkage,-1,,,Cycle count variance
4236,1,143,2026-06-15,shrinkage,-2,,,Cycle count variance
4237,1,2,2026-06-16,delivery,180,purchase_order,1376,
4238,1,3,2026-06-16,delivery,12,purchase_order,1376,
4239,1,4,2026-06-16,delivery,12,purchase_order,1376,
4240,1,6,2026-06-16,delivery,84,purchase_order,1376,
4241,1,44,2026-06-16,delivery,48,purchase_order,1376,
4242,1,141,2026-06-16,delivery,24,purchase_order,1376,
4243,1,154,2026-06-16,delivery,7,purchase_order,1376,
4244,1,170,2026-06-16,delivery,3,purchase_order,1376,
4245,1,218,2026-06-16,delivery,66,purchase_order,1379,
4246,1,48,2026-06-16,delivery,30,purchase_order,1395,
4247,1,150,2026-06-16,delivery,48,purchase_order,1395,
4248,1,10,2026-06-16,delivery,18,purchase_order,1400,
4249,1,14,2026-06-16,delivery,6,purchase_order,1400,
4250,1,17,2026-06-16,delivery,36,purchase_order,1400,
4251,1,25,2026-06-16,delivery,102,purchase_order,1400,
4252,1,41,2026-06-16,delivery,5,purchase_order,1400,
4253,1,137,2026-06-16,delivery,12,purchase_order,1400,
4254,1,267,2026-06-16,delivery,13,purchase_order,1403,
4255,1,329,2026-06-16,delivery,12,purchase_order,1429,
4256,1,351,2026-06-16,delivery,12,purchase_order,1429,
4257,1,540,2026-06-16,shrinkage,-2,,,Cycle count variance
4258,1,280,2026-06-16,shrinkage,-1,,,Cycle count variance
4259,1,176,2026-06-17,delivery,48,purchase_order,1368,
4260,1,214,2026-06-17,delivery,24,purchase_order,1368,
4261,1,410,2026-06-17,delivery,24,purchase_order,1372,
4262,1,1,2026-06-17,delivery,35,purchase_order,1386,
4263,1,123,2026-06-17,delivery,24,purchase_order,1386,
4264,1,168,2026-06-17,delivery,18,purchase_order,1386,
4265,1,19,2026-06-17,delivery,24,purchase_order,1408,
4266,1,29,2026-06-17,delivery,24,purchase_order,1408,
4267,1,31,2026-06-17,delivery,12,purchase_order,1408,
4268,1,32,2026-06-17,delivery,48,purchase_order,1408,
4269,1,125,2026-06-17,delivery,6,purchase_order,1408,
4270,1,148,2026-06-17,delivery,24,purchase_order,1408,
4271,1,164,2026-06-17,delivery,5,purchase_order,1408,
4272,1,246,2026-06-17,delivery,36,purchase_order,1411,
4273,1,275,2026-06-17,delivery,42,purchase_order,1411,
4274,1,305,2026-06-17,delivery,72,purchase_order,1411,
4275,1,24,2026-06-17,delivery,24,purchase_order,1416,
4276,1,45,2026-06-17,delivery,24,purchase_order,1416,
4277,1,140,2026-06-17,delivery,18,purchase_order,1416,
4278,1,502,2026-06-17,delivery,6,purchase_order,1423,
4279,1,105,2026-06-17,delivery,48,purchase_order,1427,
4280,1,106,2026-06-17,delivery,24,purchase_order,1427,
4281,1,112,2026-06-17,delivery,18,purchase_order,1427,
4282,1,114,2026-06-17,delivery,24,purchase_order,1427,
4283,1,121,2026-06-17,delivery,60,purchase_order,1427,
4284,1,82,2026-06-17,delivery,36,purchase_order,1434,
4285,1,98,2026-06-17,delivery,84,purchase_order,1434,
4286,1,104,2026-06-17,delivery,88,purchase_order,1434,
4287,1,115,2026-06-17,delivery,11,purchase_order,1444,
4288,1,78,2026-06-17,delivery,48,purchase_order,1450,
4289,1,79,2026-06-17,delivery,6,purchase_order,1450,
4290,1,81,2026-06-17,delivery,10,purchase_order,1450,
4291,1,95,2026-06-17,delivery,48,purchase_order,1450,
4292,1,78,2026-06-17,shrinkage,-1,,,Cycle count variance
4293,1,531,2026-06-17,shrinkage,-2,,,Cycle count variance
4294,1,74,2026-06-18,delivery,18,purchase_order,1387,
4295,1,396,2026-06-18,delivery,24,purchase_order,1391,
4296,1,408,2026-06-18,delivery,21,purchase_order,1391,
4297,1,426,2026-06-18,delivery,6,purchase_order,1391,
4298,1,444,2026-06-18,delivery,2,purchase_order,1391,
4299,1,473,2026-06-18,delivery,1,purchase_order,1414,
4300,1,500,2026-06-18,delivery,1,purchase_order,1414,
4301,1,517,2026-06-18,delivery,1,purchase_order,1414,
4302,1,368,2026-06-18,delivery,3,purchase_order,1438,
4303,1,373,2026-06-18,delivery,12,purchase_order,1438,
4304,1,387,2026-06-18,delivery,6,purchase_order,1438,
4305,1,187,2026-06-18,shrinkage,-2,,,Cycle count variance
4306,1,234,2026-06-19,delivery,12,purchase_order,1389,
4307,1,242,2026-06-19,delivery,6,purchase_order,1389,
4308,1,270,2026-06-19,delivery,12,purchase_order,1389,
4309,1,299,2026-06-19,delivery,60,purchase_order,1389,
4310,1,314,2026-06-19,delivery,19,purchase_order,1389,
4311,1,460,2026-06-19,delivery,2,purchase_order,1398,
4312,1,52,2026-06-19,delivery,24,purchase_order,1401,
4313,1,71,2026-06-19,delivery,24,purchase_order,1401,
4314,1,179,2026-06-19,delivery,24,purchase_order,1410,
4315,1,553,2026-06-19,delivery,6,purchase_order,1415,
4316,1,556,2026-06-19,delivery,24,purchase_order,1415,
4317,1,568,2026-06-19,delivery,9,purchase_order,1415,
4318,1,175,2026-06-19,delivery,24,purchase_order,1418,
4319,1,23,2026-06-19,delivery,24,purchase_order,1425,
4320,1,26,2026-06-19,delivery,24,purchase_order,1425,
4321,1,33,2026-06-19,delivery,24,purchase_order,1425,
4322,1,42,2026-06-19,delivery,16,purchase_order,1425,
4323,1,130,2026-06-19,delivery,34,purchase_order,1425,
4324,1,151,2026-06-19,delivery,17,purchase_order,1425,
4325,1,5,2026-06-19,delivery,24,purchase_order,1432,
4326,1,15,2026-06-19,delivery,36,purchase_order,1432,
4327,1,18,2026-06-19,delivery,24,purchase_order,1432,
4328,1,21,2026-06-19,delivery,12,purchase_order,1432,
4329,1,27,2026-06-19,delivery,12,purchase_order,1432,
4330,1,46,2026-06-19,delivery,30,purchase_order,1432,
4331,1,167,2026-06-19,delivery,84,purchase_order,1432,
4332,1,321,2026-06-19,delivery,36,purchase_order,1437,
4333,1,323,2026-06-19,delivery,36,purchase_order,1437,
4334,1,333,2026-06-19,delivery,18,purchase_order,1437,
4335,1,354,2026-06-19,delivery,12,purchase_order,1437,
4336,1,355,2026-06-19,delivery,6,purchase_order,1437,
4337,1,366,2026-06-19,delivery,24,purchase_order,1437,
4338,1,494,2026-06-19,delivery,1,purchase_order,1441,
4339,1,339,2026-06-19,delivery,6,purchase_order,1452,
4340,1,384,2026-06-19,delivery,12,purchase_order,1469,
4341,1,431,2026-06-19,shrinkage,-1,,,Cycle count variance
4342,1,560,2026-06-19,shrinkage,-1,,,Cycle count variance
4343,1,231,2026-06-20,delivery,12,purchase_order,1397,
4344,1,232,2026-06-20,delivery,23,purchase_order,1397,
4345,1,250,2026-06-20,delivery,6,purchase_order,1397,
4346,1,293,2026-06-20,delivery,12,purchase_order,1397,
4347,1,466,2026-06-20,delivery,5,purchase_order,1405,
4348,1,239,2026-06-20,delivery,24,purchase_order,1419,
4349,1,296,2026-06-20,delivery,24,purchase_order,1419,
4350,1,308,2026-06-20,delivery,24,purchase_order,1419,
4351,1,224,2026-06-20,delivery,6,purchase_order,1436,
4352,1,228,2026-06-20,delivery,20,purchase_order,1436,
4353,1,252,2026-06-20,delivery,18,purchase_order,1436,
4354,1,258,2026-06-20,delivery,12,purchase_order,1436,
4355,1,269,2026-06-20,delivery,42,purchase_order,1436,
4356,1,289,2026-06-20,delivery,12,purchase_order,1436,
4357,1,551,2026-06-20,delivery,3,purchase_order,1442,
4358,1,559,2026-06-20,delivery,6,purchase_order,1442,
4359,1,566,2026-06-20,delivery,6,purchase_order,1442,
4360,1,567,2026-06-20,delivery,2,purchase_order,1442,
4361,1,571,2026-06-20,delivery,2,purchase_order,1442,
4362,1,86,2026-06-20,delivery,24,purchase_order,1456,
4363,1,107,2026-06-20,delivery,12,purchase_order,1456,
4364,1,108,2026-06-20,delivery,24,purchase_order,1456,
4365,1,122,2026-06-20,delivery,48,purchase_order,1456,
4366,1,319,2026-06-20,delivery,18,purchase_order,1459,
4367,1,332,2026-06-20,delivery,12,purchase_order,1459,
4368,1,336,2026-06-20,delivery,24,purchase_order,1459,
4369,1,341,2026-06-20,delivery,6,purchase_order,1459,
4370,1,54,2026-06-20,shrinkage,-2,,,Cycle count variance
4371,1,51,2026-06-21,delivery,1,purchase_order,1377,
4372,1,411,2026-06-21,delivery,6,purchase_order,1382,
4373,1,418,2026-06-21,delivery,6,purchase_order,1382,
4374,1,563,2026-06-21,delivery,12,purchase_order,1407,
4375,1,572,2026-06-21,delivery,6,purchase_order,1407,
4376,1,235,2026-06-21,delivery,6,purchase_order,1428,
4377,1,236,2026-06-21,delivery,12,purchase_order,1428,
4378,1,268,2026-06-21,delivery,24,purchase_order,1428,
4379,1,526,2026-06-21,delivery,6,purchase_order,1431,
4380,1,554,2026-06-21,delivery,1,purchase_order,1431,
4381,1,561,2026-06-21,delivery,2,purchase_order,1431,
4382,1,11,2026-06-21,delivery,24,purchase_order,1443,
4383,1,13,2026-06-21,delivery,72,purchase_order,1443,
4384,1,20,2026-06-21,delivery,1,purchase_order,1443,
4385,1,139,2026-06-21,delivery,12,purchase_order,1443,
4386,1,166,2026-06-21,delivery,36,purchase_order,1443,
4387,1,474,2026-06-21,delivery,24,purchase_order,1447,
4388,1,507,2026-06-21,delivery,24,purchase_order,1447,
4389,1,16,2026-06-21,delivery,18,purchase_order,1448,
4390,1,30,2026-06-21,delivery,12,purchase_order,1455,
4391,1,143,2026-06-21,delivery,26,purchase_order,1455,
4392,1,162,2026-06-21,delivery,6,purchase_order,1455,
4393,1,170,2026-06-21,delivery,3,purchase_order,1455,
4394,1,324,2026-06-21,delivery,48,purchase_order,1468,
4395,1,349,2026-06-21,delivery,24,purchase_order,1468,
4396,1,385,2026-06-21,delivery,12,purchase_order,1486,
4397,1,402,2026-06-21,shrinkage,-2,,,Cycle count variance
4398,1,343,2026-06-21,shrinkage,-1,,,Cycle count variance
4399,1,53,2026-06-21,shrinkage,-1,,,Cycle count variance
4400,1,394,2026-06-22,delivery,1,purchase_order,1422,
4401,1,400,2026-06-22,delivery,12,purchase_order,1422,
4402,1,414,2026-06-22,delivery,24,purchase_order,1422,
4403,1,419,2026-06-22,delivery,9,purchase_order,1422,
4404,1,423,2026-06-22,delivery,6,purchase_order,1422,
4405,1,482,2026-06-22,delivery,2,purchase_order,1453,
4406,1,504,2026-06-22,delivery,14,purchase_order,1453,
4407,1,350,2026-06-22,shrinkage,-1,,,Cycle count variance
4408,1,117,2026-06-22,shrinkage,-1,,,Cycle count variance
4409,1,147,2026-06-22,shrinkage,-1,,,Cycle count variance
4410,1,529,2026-06-23,delivery,12,purchase_order,1424,
4411,1,536,2026-06-23,delivery,6,purchase_order,1424,
4412,1,543,2026-06-23,delivery,6,purchase_order,1424,
4413,1,574,2026-06-23,delivery,6,purchase_order,1424,
4414,1,56,2026-06-23,delivery,60,purchase_order,1426,
4415,1,70,2026-06-23,delivery,6,purchase_order,1426,
4416,1,186,2026-06-23,delivery,24,purchase_order,1435,
4417,1,213,2026-06-23,delivery,12,purchase_order,1435,
4418,1,189,2026-06-23,delivery,3,purchase_order,1445,
4419,1,216,2026-06-23,delivery,24,purchase_order,1445,
4420,1,287,2026-06-23,delivery,4,purchase_order,1451,
4421,1,294,2026-06-23,delivery,12,purchase_order,1451,
4422,1,500,2026-06-23,delivery,1,purchase_order,1471,
4423,1,518,2026-06-23,delivery,12,purchase_order,1471,
4424,1,76,2026-06-23,delivery,42,purchase_order,1475,
4425,1,85,2026-06-23,delivery,48,purchase_order,1475,
4426,1,89,2026-06-23,delivery,12,purchase_order,1475,
4427,1,91,2026-06-23,delivery,66,purchase_order,1475,
4428,1,90,2026-06-23,delivery,204,purchase_order,1482,
4429,1,93,2026-06-23,delivery,78,purchase_order,1482,
4430,1,101,2026-06-23,delivery,30,purchase_order,1482,
4431,1,110,2026-06-23,delivery,252,purchase_order,1482,
4432,1,118,2026-06-23,delivery,114,purchase_order,1482,
4433,1,320,2026-06-23,delivery,36,purchase_order,1485,
4434,1,322,2026-06-23,delivery,17,purchase_order,1485,
4435,1,325,2026-06-23,delivery,6,purchase_order,1485,
4436,1,328,2026-06-23,delivery,36,purchase_order,1485,
4437,1,334,2026-06-23,delivery,24,purchase_order,1485,
4438,1,203,2026-06-23,shrinkage,-2,,,Cycle count variance
4439,1,264,2026-06-23,shrinkage,-1,,,Cycle count variance
4440,1,233,2026-06-23,shrinkage,-1,,,Cycle count variance
4441,1,395,2026-06-24,delivery,17,purchase_order,1430,
4442,1,401,2026-06-24,delivery,6,purchase_order,1430,
4443,1,431,2026-06-24,delivery,6,purchase_order,1430,
4444,1,442,2026-06-24,delivery,12,purchase_order,1430,
4445,1,54,2026-06-24,delivery,24,purchase_order,1433,
4446,1,470,2026-06-24,delivery,10,purchase_order,1440,
4447,1,549,2026-06-24,delivery,6,purchase_order,1454,
4448,1,177,2026-06-24,delivery,12,purchase_order,1457,
4449,1,211,2026-06-24,delivery,12,purchase_order,1457,
4450,1,39,2026-06-24,delivery,12,purchase_order,1464,
4451,1,173,2026-06-24,delivery,12,purchase_order,1466,
4452,1,191,2026-06-24,delivery,12,purchase_order,1466,
4453,1,192,2026-06-24,delivery,12,purchase_order,1466,
4454,1,204,2026-06-24,delivery,48,purchase_order,1466,
4455,1,33,2026-06-24,shrinkage,-1,,,Cycle count variance
4456,1,427,2026-06-25,delivery,54,purchase_order,1439,
4457,1,429,2026-06-25,delivery,7,purchase_order,1439,
4458,1,440,2026-06-25,delivery,6,purchase_order,1439,
4459,1,452,2026-06-25,delivery,24,purchase_order,1446,
4460,1,456,2026-06-25,delivery,3,purchase_order,1446,
4461,1,266,2026-06-25,delivery,12,purchase_order,1458,
4462,1,278,2026-06-25,delivery,72,purchase_order,1458,
4463,1,304,2026-06-25,delivery,30,purchase_order,1458,
4464,1,524,2026-06-25,delivery,4,purchase_order,1463,
4465,1,527,2026-06-25,delivery,6,purchase_order,1463,
4466,1,10,2026-06-25,delivery,18,purchase_order,1491,
4467,1,14,2026-06-25,delivery,6,purchase_order,1491,
4468,1,20,2026-06-25,delivery,1,purchase_order,1491,
4469,1,152,2026-06-25,delivery,6,purchase_order,1491,
4470,1,87,2026-06-25,delivery,12,purchase_order,1493,
4471,1,97,2026-06-25,delivery,24,purchase_order,1493,
4472,1,316,2026-06-25,delivery,24,purchase_order,1496,
4473,1,361,2026-06-25,delivery,2,purchase_order,1496,
4474,1,383,2026-06-25,delivery,13,purchase_order,1521,
4475,1,269,2026-06-25,shrinkage,-1,,,Cycle count variance
4476,1,61,2026-06-26,delivery,24,purchase_order,1449,
4477,1,69,2026-06-26,delivery,36,purchase_order,1449,
4478,1,478,2026-06-26,delivery,2,purchase_order,1462,
4479,1,497,2026-06-26,delivery,3,purchase_order,1462,
4480,1,512,2026-06-26,delivery,12,purchase_order,1462,
4481,1,552,2026-06-26,delivery,12,purchase_order,1472,
4482,1,8,2026-06-26,delivery,96,purchase_order,1473,
4483,1,34,2026-06-26,delivery,24,purchase_order,1473,
4484,1,36,2026-06-26,delivery,30,purchase_order,1473,
4485,1,40,2026-06-26,delivery,36,purchase_order,1473,
4486,1,43,2026-06-26,delivery,10,purchase_order,1473,
4487,1,222,2026-06-26,delivery,48,purchase_order,1484,
4488,1,290,2026-06-26,delivery,24,purchase_order,1484,
4489,1,575,2026-06-26,delivery,2,purchase_order,1490,
4490,1,490,2026-06-26,delivery,6,purchase_order,1498,
4491,1,517,2026-06-26,delivery,1,purchase_order,1498,
4492,1,317,2026-06-26,delivery,24,purchase_order,1504,
4493,1,96,2026-06-26,delivery,3,purchase_order,1517,
4494,1,454,2026-06-27,delivery,6,purchase_order,1461,
4495,1,469,2026-06-27,delivery,12,purchase_order,1461,
4496,1,171,2026-06-27,delivery,19,purchase_order,1476,
4497,1,187,2026-06-27,delivery,24,purchase_order,1476,
4498,1,265,2026-06-27,delivery,12,purchase_order,1477,
4499,1,285,2026-06-27,delivery,6,purchase_order,1477,
4500,1,7,2026-06-27,delivery,18,purchase_order,1481,
4501,1,12,2026-06-27,delivery,12,purchase_order,1481,
4502,1,124,2026-06-27,delivery,60,purchase_order,1481,
4503,1,131,2026-06-27,delivery,18,purchase_order,1481,
4504,1,160,2026-06-27,delivery,36,purchase_order,1481,
4505,1,17,2026-06-27,delivery,36,purchase_order,1500,
4506,1,42,2026-06-27,delivery,16,purchase_order,1500,
4507,1,147,2026-06-27,delivery,6,purchase_order,1500,
4508,1,330,2026-06-27,delivery,36,purchase_order,1520,
4509,1,333,2026-06-27,delivery,18,purchase_order,1520,
4510,1,360,2026-06-27,delivery,3,purchase_order,1520,
4511,1,370,2026-06-27,delivery,6,purchase_order,1530,
4512,1,372,2026-06-27,delivery,12,purchase_order,1530,
4513,1,378,2026-06-27,delivery,12,purchase_order,1530,
4514,1,382,2026-06-27,delivery,12,purchase_order,1530,
4515,1,407,2026-06-28,delivery,12,purchase_order,1460,
4516,1,438,2026-06-28,delivery,24,purchase_order,1470,
4517,1,534,2026-06-28,delivery,24,purchase_order,1480,
4518,1,557,2026-06-28,delivery,12,purchase_order,1480,
4519,1,569,2026-06-28,delivery,6,purchase_order,1480,
4520,1,109,2026-06-28,delivery,12,purchase_order,1502,
4521,1,27,2026-06-28,delivery,12,purchase_order,1507,
4522,1,127,2026-06-28,delivery,48,purchase_order,1507,
4523,1,158,2026-06-28,delivery,72,purchase_order,1507,
4524,1,375,2026-06-28,shrinkage,-1,,,Cycle count variance
4525,1,474,2026-06-28,shrinkage,-1,,,Cycle count variance
4526,1,49,2026-06-29,delivery,47,purchase_order,1465,
4527,1,238,2026-06-29,delivery,12,purchase_order,1467,
4528,1,260,2026-06-29,delivery,18,purchase_order,1467,
4529,1,281,2026-06-29,delivery,12,purchase_order,1467,
4530,1,291,2026-06-29,delivery,18,purchase_order,1467,
4531,1,178,2026-06-29,delivery,72,purchase_order,1483,
4532,1,181,2026-06-29,delivery,5,purchase_order,1483,
4533,1,203,2026-06-29,delivery,18,purchase_order,1483,
4534,1,205,2026-06-29,delivery,8,purchase_order,1483,
4535,1,525,2026-06-29,delivery,21,purchase_order,1489,
4536,1,217,2026-06-29,delivery,6,purchase_order,1494,
4537,1,546,2026-06-29,delivery,6,purchase_order,1499,
4538,1,554,2026-06-29,delivery,1,purchase_order,1499,
4539,1,368,2026-06-29,delivery,3,purchase_order,1511,
4540,1,388,2026-06-29,delivery,12,purchase_order,1511,
4541,1,389,2026-06-29,delivery,12,purchase_order,1511,
4542,1,521,2026-06-29,delivery,12,purchase_order,1513,
4543,1,531,2026-06-29,delivery,6,purchase_order,1514,
4544,1,581,2026-06-29,delivery,6,purchase_order,1523,
4545,1,9,2026-06-29,delivery,12,purchase_order,1524,
4546,1,15,2026-06-29,delivery,36,purchase_order,1524,
4547,1,20,2026-06-29,delivery,1,purchase_order,1524,
4548,1,150,2026-06-29,delivery,48,purchase_order,1524,
4549,1,318,2026-06-29,delivery,24,purchase_order,1539,
4550,1,348,2026-06-29,delivery,12,purchase_order,1539,
4551,1,365,2026-06-29,delivery,60,purchase_order,1539,
4552,1,427,2026-06-29,shrinkage,-2,,,Cycle count variance
4553,1,449,2026-06-29,shrinkage,-2,,,Cycle count variance
4554,1,410,2026-06-30,delivery,24,purchase_order,1478,
4555,1,435,2026-06-30,delivery,4,purchase_order,1478,
4556,1,425,2026-06-30,delivery,3,purchase_order,1487,
4557,1,255,2026-06-30,delivery,10,purchase_order,1495,
4558,1,262,2026-06-30,delivery,105,purchase_order,1495,
4559,1,300,2026-06-30,delivery,12,purchase_order,1495,
4560,1,310,2026-06-30,delivery,24,purchase_order,1495,
4561,1,548,2026-06-30,delivery,3,purchase_order,1506,
4562,1,220,2026-06-30,delivery,11,purchase_order,1510,
4563,1,482,2026-06-30,delivery,2,purchase_order,1532,
4564,1,92,2026-06-30,delivery,24,purchase_order,1536,
4565,1,96,2026-06-30,delivery,3,purchase_order,1536,
4566,1,102,2026-06-30,delivery,18,purchase_order,1536,
4567,1,77,2026-06-30,delivery,6,purchase_order,1544,
4568,1,82,2026-06-30,delivery,36,purchase_order,1544,
4569,1,116,2026-06-30,delivery,24,purchase_order,1544,
4570,1,76,2026-06-30,delivery,42,purchase_order,1552,
4571,1,88,2026-06-30,delivery,3,purchase_order,1552,
4572,1,112,2026-06-30,delivery,18,purchase_order,1552,
4573,1,121,2026-06-30,delivery,60,purchase_order,1552,
4574,1,321,2026-06-30,delivery,36,purchase_order,1555,
4575,1,322,2026-06-30,delivery,17,purchase_order,1555,
4576,1,331,2026-06-30,delivery,4,purchase_order,1555,
4577,1,143,2026-06-30,shrinkage,-2,,,Cycle count variance
