sale_id,store_id,business_date,user_id
1,1,2026-01-02,8
2,1,2026-01-02,3
3,1,2026-01-02,8
4,1,2026-01-02,8
5,1,2026-01-02,6
6,1,2026-01-02,3
7,1,2026-01-02,2
8,1,2026-01-02,8
9,1,2026-01-02,6
10,1,2026-01-02,2
11,1,2026-01-02,5
12,1,2026-01-02,5
13,1,2026-01-02,3
14,1,2026-01-02,5
15,1,2026-01-02,6
16,1,2026-01-02,6
17,1,2026-01-02,2
18,1,2026-01-02,8
19,1,2026-01-02,3
20,1,2026-01-02,2
21,1,2026-01-02,2
22,1,2026-01-02,4
23,1,2026-01-02,5
24,1,2026-01-02,2
25,1,2026-01-02,2
26,1,2026-01-02,2
27,1,2026-01-02,3
28,1,2026-01-02,2
29,1,2026-01-02,2
30,1,2026-01-02,2
31,1,2026-01-02,3
32,1,2026-01-02,4
33,1,2026-01-02,3
34,1,2026-01-02,6
35,1,2026-01-02,7
36,1,2026-01-02,7
37,1,2026-01-02,7
38,1,2026-01-02,5
39,1,2026-01-02,2
40,1,2026-01-02,5
41,1,2026-01-02,2
42,1,2026-01-02,4
43,1,2026-01-02,3
44,1,2026-01-02,8
45,1,2026-01-02,4
46,1,2026-01-02,5
47,1,2026-01-02,8
48,1,2026-01-02,6
49,1,2026-01-02,7
50,1,2026-01-02,8
51,1,2026-01-02,5
52,1,2026-01-02,3
53,1,2026-01-02,7
54,1,2026-01-02,8
55,1,2026-01-02,5
56,1,2026-01-02,4
57,1,2026-01-02,7
58,1,2026-01-02,3
59,1,2026-01-02,7
60,1,2026-01-02,6
61,1,2026-01-02,2
62,1,2026-01-02,8
63,1,2026-01-02,2
64,1,2026-01-02,3
65,1,2026-01-02,3
66,1,2026-01-02,4
67,1,2026-01-02,4
68,1,2026-01-02,5
69,1,2026-01-02,6
70,1,2026-01-02,6
71,1,2026-01-02,2
72,1,2026-01-02,8
73,1,2026-01-02,5
74,1,2026-01-02,5
75,1,2026-01-02,4
76,1,2026-01-02,3
77,1,2026-01-02,8
78,1,2026-01-02,7
79,1,2026-01-02,3
80,1,2026-01-02,3
81,1,2026-01-02,6
82,1,2026-01-02,6
83,1,2026-01-02,5
84,1,2026-01-02,2
85,1,2026-01-02,8
86,1,2026-01-02,4
87,1,2026-01-02,3
88,1,2026-01-02,4
89,1,2026-01-02,3
90,1,2026-01-02,7
91,1,2026-01-02,3
92,1,2026-01-02,3
93,1,2026-01-02,3
94,1,2026-01-02,6
95,1,2026-01-02,3
96,1,2026-01-02,8
97,1,2026-01-02,7
98,1,2026-01-02,5
99,1,2026-01-03,3
100,1,2026-01-03,2
101,1,2026-01-03,6
102,1,2026-01-03,6
103,1,2026-01-03,4
104,1,2026-01-03,8
105,1,2026-01-03,2
106,1,2026-01-03,8
107,1,2026-01-03,7
108,1,2026-01-03,2
109,1,2026-01-03,8
110,1,2026-01-03,6
111,1,2026-01-03,2
112,1,2026-01-03,5
113,1,2026-01-03,4
114,1,2026-01-03,2
115,1,2026-01-03,8
116,1,2026-01-03,3
117,1,2026-01-03,6
118,1,2026-01-03,4
119,1,2026-01-03,8
120,1,2026-01-03,6
121,1,2026-01-03,2
122,1,2026-01-03,7
123,1,2026-01-03,5
124,1,2026-01-03,6
125,1,2026-01-03,4
126,1,2026-01-03,2
127,1,2026-01-03,3
128,1,2026-01-03,7
129,1,2026-01-03,8
130,1,2026-01-03,7
131,1,2026-01-03,2
132,1,2026-01-03,4
133,1,2026-01-03,8
134,1,2026-01-03,2
135,1,2026-01-03,7
136,1,2026-01-03,3
137,1,2026-01-03,5
138,1,2026-01-03,3
139,1,2026-01-03,6
140,1,2026-01-03,4
141,1,2026-01-03,2
142,1,2026-01-03,5
143,1,2026-01-03,2
144,1,2026-01-03,7
145,1,2026-01-03,4
146,1,2026-01-03,3
147,1,2026-01-03,4
148,1,2026-01-03,6
149,1,2026-01-03,8
150,1,2026-01-03,5
151,1,2026-01-03,8
152,1,2026-01-03,8
153,1,2026-01-03,8
154,1,2026-01-03,2
155,1,2026-01-03,4
156,1,2026-01-03,2
157,1,2026-01-03,4
158,1,2026-01-03,2
159,1,2026-01-03,3
160,1,2026-01-03,6
161,1,2026-01-03,4
162,1,2026-01-03,7
163,1,2026-01-03,7
164,1,2026-01-03,2
165,1,2026-01-03,2
166,1,2026-01-03,2
167,1,2026-01-03,2
168,1,2026-01-03,4
169,1,2026-01-03,5
170,1,2026-01-03,4
171,1,2026-01-03,4
172,1,2026-01-03,7
173,1,2026-01-03,2
174,1,2026-01-03,4
175,1,2026-01-03,7
176,1,2026-01-03,5
177,1,2026-01-03,5
178,1,2026-01-03,3
179,1,2026-01-03,4
180,1,2026-01-03,6
181,1,2026-01-03,2
182,1,2026-01-03,7
183,1,2026-01-03,6
184,1,2026-01-03,2
185,1,2026-01-03,4
186,1,2026-01-03,7
187,1,2026-01-03,3
188,1,2026-01-03,2
189,1,2026-01-03,6
190,1,2026-01-03,5
191,1,2026-01-03,8
192,1,2026-01-03,2
193,1,2026-01-03,8
194,1,2026-01-03,6
195,1,2026-01-03,7
196,1,2026-01-03,8
197,1,2026-01-03,3
198,1,2026-01-03,3
199,1,2026-01-03,4
200,1,2026-01-03,2
201,1,2026-01-03,8
202,1,2026-01-03,5
203,1,2026-01-03,5
204,1,2026-01-03,5
205,1,2026-01-03,2
206,1,2026-01-03,8
207,1,2026-01-03,5
208,1,2026-01-03,3
209,1,2026-01-03,8
210,1,2026-01-03,2
211,1,2026-01-03,5
212,1,2026-01-03,8
213,1,2026-01-03,3
214,1,2026-01-04,5
215,1,2026-01-04,6
216,1,2026-01-04,8
217,1,2026-01-04,5
218,1,2026-01-04,4
219,1,2026-01-04,3
220,1,2026-01-04,6
221,1,2026-01-04,5
222,1,2026-01-04,7
223,1,2026-01-04,6
224,1,2026-01-04,2
225,1,2026-01-04,8
226,1,2026-01-04,3
227,1,2026-01-04,2
228,1,2026-01-04,8
229,1,2026-01-04,6
230,1,2026-01-04,6
231,1,2026-01-04,5
232,1,2026-01-04,4
233,1,2026-01-04,8
234,1,2026-01-04,3
235,1,2026-01-04,2
236,1,2026-01-04,4
237,1,2026-01-04,8
238,1,2026-01-04,4
239,1,2026-01-04,5
240,1,2026-01-04,4
241,1,2026-01-04,3
242,1,2026-01-04,6
243,1,2026-01-04,6
244,1,2026-01-04,3
245,1,2026-01-04,8
246,1,2026-01-04,2
247,1,2026-01-04,5
248,1,2026-01-04,7
249,1,2026-01-04,3
250,1,2026-01-04,2
251,1,2026-01-04,5
252,1,2026-01-04,3
253,1,2026-01-04,6
254,1,2026-01-04,4
255,1,2026-01-04,4
256,1,2026-01-04,5
257,1,2026-01-04,6
258,1,2026-01-04,5
259,1,2026-01-04,2
260,1,2026-01-04,6
261,1,2026-01-04,6
262,1,2026-01-04,6
263,1,2026-01-04,8
264,1,2026-01-04,6
265,1,2026-01-04,3
266,1,2026-01-04,6
267,1,2026-01-04,3
268,1,2026-01-04,5
269,1,2026-01-04,2
270,1,2026-01-04,5
271,1,2026-01-04,3
272,1,2026-01-04,8
273,1,2026-01-04,4
274,1,2026-01-04,2
275,1,2026-01-04,2
276,1,2026-01-04,2
277,1,2026-01-04,3
278,1,2026-01-04,6
279,1,2026-01-04,6
280,1,2026-01-04,4
281,1,2026-01-04,8
282,1,2026-01-04,5
283,1,2026-01-04,4
284,1,2026-01-04,8
285,1,2026-01-04,5
286,1,2026-01-04,6
287,1,2026-01-04,2
288,1,2026-01-04,2
289,1,2026-01-04,5
290,1,2026-01-04,3
291,1,2026-01-04,3
292,1,2026-01-04,7
293,1,2026-01-04,3
294,1,2026-01-04,7
295,1,2026-01-04,7
296,1,2026-01-04,4
297,1,2026-01-04,5
298,1,2026-01-04,8
299,1,2026-01-04,8
300,1,2026-01-04,6
301,1,2026-01-04,2
302,1,2026-01-04,7
303,1,2026-01-04,7
304,1,2026-01-04,7
305,1,2026-01-04,7
306,1,2026-01-04,3
307,1,2026-01-04,3
308,1,2026-01-04,7
309,1,2026-01-04,7
310,1,2026-01-04,6
311,1,2026-01-04,3
312,1,2026-01-04,7
313,1,2026-01-04,7
314,1,2026-01-04,7
315,1,2026-01-04,8
316,1,2026-01-04,4
317,1,2026-01-04,7
318,1,2026-01-04,2
319,1,2026-01-04,5
320,1,2026-01-04,3
321,1,2026-01-04,7
322,1,2026-01-04,7
323,1,2026-01-04,7
324,1,2026-01-04,5
325,1,2026-01-04,3
326,1,2026-01-04,2
327,1,2026-01-04,6
328,1,2026-01-05,7
329,1,2026-01-05,6
330,1,2026-01-05,6
331,1,2026-01-05,3
332,1,2026-01-05,8
333,1,2026-01-05,4
334,1,2026-01-05,4
335,1,2026-01-05,2
336,1,2026-01-05,3
337,1,2026-01-05,2
338,1,2026-01-05,6
339,1,2026-01-05,3
340,1,2026-01-05,4
341,1,2026-01-05,3
342,1,2026-01-05,5
343,1,2026-01-05,3
344,1,2026-01-05,5
345,1,2026-01-05,5
346,1,2026-01-05,7
347,1,2026-01-05,5
348,1,2026-01-05,2
349,1,2026-01-05,2
350,1,2026-01-05,6
351,1,2026-01-05,5
352,1,2026-01-05,2
353,1,2026-01-05,2
354,1,2026-01-05,4
355,1,2026-01-05,7
356,1,2026-01-05,2
357,1,2026-01-05,3
358,1,2026-01-05,6
359,1,2026-01-05,2
360,1,2026-01-05,8
361,1,2026-01-05,8
362,1,2026-01-05,2
363,1,2026-01-05,2
364,1,2026-01-05,6
365,1,2026-01-05,8
366,1,2026-01-05,4
367,1,2026-01-05,2
368,1,2026-01-05,7
369,1,2026-01-05,2
370,1,2026-01-05,4
371,1,2026-01-05,7
372,1,2026-01-05,4
373,1,2026-01-05,8
374,1,2026-01-05,5
375,1,2026-01-05,7
376,1,2026-01-05,5
377,1,2026-01-05,8
378,1,2026-01-05,7
379,1,2026-01-05,7
380,1,2026-01-05,7
381,1,2026-01-05,2
382,1,2026-01-05,4
383,1,2026-01-05,6
384,1,2026-01-05,4
385,1,2026-01-05,8
386,1,2026-01-05,5
387,1,2026-01-05,8
388,1,2026-01-05,4
389,1,2026-01-05,4
390,1,2026-01-05,7
391,1,2026-01-05,6
392,1,2026-01-05,4
393,1,2026-01-05,7
394,1,2026-01-05,7
395,1,2026-01-05,7
396,1,2026-01-05,3
397,1,2026-01-05,7
398,1,2026-01-05,8
399,1,2026-01-05,4
400,1,2026-01-05,8
401,1,2026-01-05,2
402,1,2026-01-06,8
403,1,2026-01-06,8
404,1,2026-01-06,4
405,1,2026-01-06,4
406,1,2026-01-06,6
407,1,2026-01-06,3
408,1,2026-01-06,2
409,1,2026-01-06,7
410,1,2026-01-06,7
411,1,2026-01-06,8
412,1,2026-01-06,2
413,1,2026-01-06,8
414,1,2026-01-06,4
415,1,2026-01-06,2
416,1,2026-01-06,8
417,1,2026-01-06,8
418,1,2026-01-06,2
419,1,2026-01-06,6
420,1,2026-01-06,6
421,1,2026-01-06,4
422,1,2026-01-06,6
423,1,2026-01-06,6
424,1,2026-01-06,6
425,1,2026-01-06,3
426,1,2026-01-06,8
427,1,2026-01-06,6
428,1,2026-01-06,5
429,1,2026-01-06,6
430,1,2026-01-06,7
431,1,2026-01-06,7
432,1,2026-01-06,6
433,1,2026-01-06,6
434,1,2026-01-06,7
435,1,2026-01-06,2
436,1,2026-01-06,3
437,1,2026-01-06,6
438,1,2026-01-06,2
439,1,2026-01-06,8
440,1,2026-01-06,3
441,1,2026-01-06,7
442,1,2026-01-06,8
443,1,2026-01-06,5
444,1,2026-01-06,4
445,1,2026-01-06,2
446,1,2026-01-06,3
447,1,2026-01-06,3
448,1,2026-01-06,2
449,1,2026-01-06,5
450,1,2026-01-06,7
451,1,2026-01-06,2
452,1,2026-01-06,7
453,1,2026-01-06,3
454,1,2026-01-06,8
455,1,2026-01-06,4
456,1,2026-01-06,8
457,1,2026-01-06,6
458,1,2026-01-06,2
459,1,2026-01-06,7
460,1,2026-01-06,5
461,1,2026-01-06,6
462,1,2026-01-06,8
463,1,2026-01-06,6
464,1,2026-01-06,8
465,1,2026-01-06,6
466,1,2026-01-06,6
467,1,2026-01-06,3
468,1,2026-01-06,7
469,1,2026-01-06,8
470,1,2026-01-06,5
471,1,2026-01-06,7
472,1,2026-01-06,5
473,1,2026-01-06,3
474,1,2026-01-06,7
475,1,2026-01-06,5
476,1,2026-01-06,7
477,1,2026-01-06,8
478,1,2026-01-06,8
479,1,2026-01-06,2
480,1,2026-01-06,8
481,1,2026-01-06,2
482,1,2026-01-06,4
483,1,2026-01-06,8
484,1,2026-01-06,6
485,1,2026-01-06,5
486,1,2026-01-06,2
487,1,2026-01-06,2
488,1,2026-01-07,3
489,1,2026-01-07,4
490,1,2026-01-07,3
491,1,2026-01-07,6
492,1,2026-01-07,6
493,1,2026-01-07,3
494,1,2026-01-07,4
495,1,2026-01-07,6
496,1,2026-01-07,3
497,1,2026-01-07,4
498,1,2026-01-07,4
499,1,2026-01-07,2
500,1,2026-01-07,5
501,1,2026-01-07,6
502,1,2026-01-07,3
503,1,2026-01-07,2
504,1,2026-01-07,7
505,1,2026-01-07,7
506,1,2026-01-07,3
507,1,2026-01-07,3
508,1,2026-01-07,5
509,1,2026-01-07,6
510,1,2026-01-07,7
511,1,2026-01-07,2
512,1,2026-01-07,8
513,1,2026-01-07,5
514,1,2026-01-07,7
515,1,2026-01-07,5
516,1,2026-01-07,7
517,1,2026-01-07,6
518,1,2026-01-07,6
519,1,2026-01-07,3
520,1,2026-01-07,3
521,1,2026-01-07,4
522,1,2026-01-07,7
523,1,2026-01-07,4
524,1,2026-01-07,4
525,1,2026-01-07,3
526,1,2026-01-07,5
527,1,2026-01-07,4
528,1,2026-01-07,5
529,1,2026-01-07,5
530,1,2026-01-07,7
531,1,2026-01-07,3
532,1,2026-01-07,7
533,1,2026-01-07,5
534,1,2026-01-07,2
535,1,2026-01-07,2
536,1,2026-01-07,6
537,1,2026-01-07,4
538,1,2026-01-07,6
539,1,2026-01-07,8
540,1,2026-01-07,6
541,1,2026-01-07,7
542,1,2026-01-07,5
543,1,2026-01-07,7
544,1,2026-01-07,8
545,1,2026-01-07,6
546,1,2026-01-07,7
547,1,2026-01-07,8
548,1,2026-01-07,5
549,1,2026-01-07,5
550,1,2026-01-07,4
551,1,2026-01-07,3
552,1,2026-01-07,2
553,1,2026-01-07,5
554,1,2026-01-07,5
555,1,2026-01-07,6
556,1,2026-01-07,3
557,1,2026-01-07,6
558,1,2026-01-07,7
559,1,2026-01-07,3
560,1,2026-01-07,5
561,1,2026-01-07,2
562,1,2026-01-07,2
563,1,2026-01-07,3
564,1,2026-01-07,7
565,1,2026-01-07,5
566,1,2026-01-07,6
567,1,2026-01-07,4
568,1,2026-01-07,5
569,1,2026-01-07,6
570,1,2026-01-07,2
571,1,2026-01-07,2
572,1,2026-01-07,6
573,1,2026-01-07,5
574,1,2026-01-07,8
575,1,2026-01-07,2
576,1,2026-01-07,2
577,1,2026-01-07,2
578,1,2026-01-07,8
579,1,2026-01-07,4
580,1,2026-01-07,4
581,1,2026-01-07,4
582,1,2026-01-07,2
583,1,2026-01-07,8
584,1,2026-01-07,7
585,1,2026-01-07,6
586,1,2026-01-07,5
587,1,2026-01-07,5
588,1,2026-01-07,6
589,1,2026-01-07,5
590,1,2026-01-07,5
591,1,2026-01-07,2
592,1,2026-01-07,7
593,1,2026-01-07,3
594,1,2026-01-08,5
595,1,2026-01-08,8
596,1,2026-01-08,4
597,1,2026-01-08,6
598,1,2026-01-08,3
599,1,2026-01-08,7
600,1,2026-01-08,3
601,1,2026-01-08,4
602,1,2026-01-08,7
603,1,2026-01-08,3
604,1,2026-01-08,2
605,1,2026-01-08,5
606,1,2026-01-08,6
607,1,2026-01-08,6
608,1,2026-01-08,7
609,1,2026-01-08,7
610,1,2026-01-08,2
611,1,2026-01-08,7
612,1,2026-01-08,5
613,1,2026-01-08,6
614,1,2026-01-08,8
615,1,2026-01-08,5
616,1,2026-01-08,5
617,1,2026-01-08,8
618,1,2026-01-08,7
619,1,2026-01-08,2
620,1,2026-01-08,5
621,1,2026-01-08,8
622,1,2026-01-08,5
623,1,2026-01-08,4
624,1,2026-01-08,7
625,1,2026-01-08,5
626,1,2026-01-08,2
627,1,2026-01-08,6
628,1,2026-01-08,7
629,1,2026-01-08,7
630,1,2026-01-08,8
631,1,2026-01-08,7
632,1,2026-01-08,8
633,1,2026-01-08,6
634,1,2026-01-08,6
635,1,2026-01-08,8
636,1,2026-01-08,3
637,1,2026-01-08,2
638,1,2026-01-08,6
639,1,2026-01-08,7
640,1,2026-01-08,3
641,1,2026-01-08,7
642,1,2026-01-08,8
643,1,2026-01-08,2
644,1,2026-01-08,3
645,1,2026-01-08,4
646,1,2026-01-08,7
647,1,2026-01-08,3
648,1,2026-01-08,2
649,1,2026-01-08,2
650,1,2026-01-08,8
651,1,2026-01-08,5
652,1,2026-01-08,5
653,1,2026-01-08,6
654,1,2026-01-08,7
655,1,2026-01-08,7
656,1,2026-01-08,5
657,1,2026-01-08,6
658,1,2026-01-08,4
659,1,2026-01-08,2
660,1,2026-01-08,7
661,1,2026-01-08,4
662,1,2026-01-08,4
663,1,2026-01-08,2
664,1,2026-01-08,5
665,1,2026-01-08,8
666,1,2026-01-08,6
667,1,2026-01-08,4
668,1,2026-01-08,2
669,1,2026-01-08,5
670,1,2026-01-08,6
671,1,2026-01-08,6
672,1,2026-01-08,2
673,1,2026-01-08,5
674,1,2026-01-08,7
675,1,2026-01-08,6
676,1,2026-01-08,2
677,1,2026-01-08,2
678,1,2026-01-08,2
679,1,2026-01-08,8
680,1,2026-01-08,6
681,1,2026-01-08,2
682,1,2026-01-08,6
683,1,2026-01-08,4
684,1,2026-01-08,4
685,1,2026-01-08,3
686,1,2026-01-08,3
687,1,2026-01-08,6
688,1,2026-01-08,6
689,1,2026-01-09,3
690,1,2026-01-09,6
691,1,2026-01-09,5
692,1,2026-01-09,5
693,1,2026-01-09,3
694,1,2026-01-09,5
695,1,2026-01-09,3
696,1,2026-01-09,4
697,1,2026-01-09,8
698,1,2026-01-09,5
699,1,2026-01-09,6
700,1,2026-01-09,2
701,1,2026-01-09,5
702,1,2026-01-09,4
703,1,2026-01-09,4
704,1,2026-01-09,4
705,1,2026-01-09,6
706,1,2026-01-09,2
707,1,2026-01-09,5
708,1,2026-01-09,4
709,1,2026-01-09,2
710,1,2026-01-09,5
711,1,2026-01-09,3
712,1,2026-01-09,2
713,1,2026-01-09,7
714,1,2026-01-09,4
715,1,2026-01-09,7
716,1,2026-01-09,8
717,1,2026-01-09,5
718,1,2026-01-09,5
719,1,2026-01-09,5
720,1,2026-01-09,2
721,1,2026-01-09,3
722,1,2026-01-09,6
723,1,2026-01-09,5
724,1,2026-01-09,2
725,1,2026-01-09,3
726,1,2026-01-09,5
727,1,2026-01-09,6
728,1,2026-01-09,7
729,1,2026-01-09,2
730,1,2026-01-09,8
731,1,2026-01-09,2
732,1,2026-01-09,6
733,1,2026-01-09,6
734,1,2026-01-09,4
735,1,2026-01-09,7
736,1,2026-01-09,5
737,1,2026-01-09,8
738,1,2026-01-09,7
739,1,2026-01-09,4
740,1,2026-01-09,3
741,1,2026-01-09,5
742,1,2026-01-09,3
743,1,2026-01-09,3
744,1,2026-01-09,3
745,1,2026-01-09,5
746,1,2026-01-09,2
747,1,2026-01-09,3
748,1,2026-01-09,3
749,1,2026-01-09,8
750,1,2026-01-09,6
751,1,2026-01-09,5
752,1,2026-01-09,2
753,1,2026-01-09,7
754,1,2026-01-09,4
755,1,2026-01-09,4
756,1,2026-01-09,3
757,1,2026-01-09,3
758,1,2026-01-09,4
759,1,2026-01-09,5
760,1,2026-01-09,6
761,1,2026-01-09,6
762,1,2026-01-09,2
763,1,2026-01-09,8
764,1,2026-01-09,5
765,1,2026-01-09,3
766,1,2026-01-09,5
767,1,2026-01-09,5
768,1,2026-01-09,2
769,1,2026-01-09,4
770,1,2026-01-09,8
771,1,2026-01-09,3
772,1,2026-01-09,7
773,1,2026-01-09,6
774,1,2026-01-09,8
775,1,2026-01-09,7
776,1,2026-01-09,8
777,1,2026-01-09,6
778,1,2026-01-09,3
779,1,2026-01-09,6
780,1,2026-01-09,7
781,1,2026-01-09,4
782,1,2026-01-09,3
783,1,2026-01-09,6
784,1,2026-01-09,6
785,1,2026-01-09,5
786,1,2026-01-09,8
787,1,2026-01-09,6
788,1,2026-01-09,4
789,1,2026-01-09,4
790,1,2026-01-09,7
791,1,2026-01-09,2
792,1,2026-01-09,5
793,1,2026-01-09,5
794,1,2026-01-09,6
795,1,2026-01-09,6
796,1,2026-01-09,2
797,1,2026-01-09,5
798,1,2026-01-09,2
799,1,2026-01-09,5
800,1,2026-01-10,6
801,1,2026-01-10,7
802,1,2026-01-10,6
803,1,2026-01-10,5
804,1,2026-01-10,4
805,1,2026-01-10,3
806,1,2026-01-10,5
807,1,2026-01-10,2
808,1,2026-01-10,5
809,1,2026-01-10,6
810,1,2026-01-10,2
811,1,2026-01-10,5
812,1,2026-01-10,4
813,1,2026-01-10,2
814,1,2026-01-10,3
815,1,2026-01-10,8
816,1,2026-01-10,7
817,1,2026-01-10,4
818,1,2026-01-10,5
819,1,2026-01-10,4
820,1,2026-01-10,6
821,1,2026-01-10,7
822,1,2026-01-10,5
823,1,2026-01-10,5
824,1,2026-01-10,6
825,1,2026-01-10,5
826,1,2026-01-10,7
827,1,2026-01-10,7
828,1,2026-01-10,3
829,1,2026-01-10,2
830,1,2026-01-10,6
831,1,2026-01-10,3
832,1,2026-01-10,3
833,1,2026-01-10,3
834,1,2026-01-10,2
835,1,2026-01-10,7
836,1,2026-01-10,2
837,1,2026-01-10,7
838,1,2026-01-10,7
839,1,2026-01-10,2
840,1,2026-01-10,2
841,1,2026-01-10,2
842,1,2026-01-10,6
843,1,2026-01-10,4
844,1,2026-01-10,6
845,1,2026-01-10,8
846,1,2026-01-10,6
847,1,2026-01-10,6
848,1,2026-01-10,8
849,1,2026-01-10,8
850,1,2026-01-10,4
851,1,2026-01-10,7
852,1,2026-01-10,5
853,1,2026-01-10,3
854,1,2026-01-10,6
855,1,2026-01-10,7
856,1,2026-01-10,3
857,1,2026-01-10,3
858,1,2026-01-10,8
859,1,2026-01-10,8
860,1,2026-01-10,4
861,1,2026-01-10,8
862,1,2026-01-10,5
863,1,2026-01-10,8
864,1,2026-01-10,8
865,1,2026-01-10,7
866,1,2026-01-10,5
867,1,2026-01-10,4
868,1,2026-01-10,6
869,1,2026-01-10,6
870,1,2026-01-10,8
871,1,2026-01-10,7
872,1,2026-01-10,3
873,1,2026-01-10,8
874,1,2026-01-10,6
875,1,2026-01-10,6
876,1,2026-01-10,3
877,1,2026-01-10,4
878,1,2026-01-10,3
879,1,2026-01-10,4
880,1,2026-01-10,5
881,1,2026-01-10,6
882,1,2026-01-10,5
883,1,2026-01-10,7
884,1,2026-01-10,7
885,1,2026-01-10,7
886,1,2026-01-10,8
887,1,2026-01-10,6
888,1,2026-01-10,2
889,1,2026-01-10,2
890,1,2026-01-10,2
891,1,2026-01-10,8
892,1,2026-01-10,4
893,1,2026-01-10,6
894,1,2026-01-10,6
895,1,2026-01-10,5
896,1,2026-01-10,3
897,1,2026-01-10,8
898,1,2026-01-10,6
899,1,2026-01-10,2
900,1,2026-01-10,8
901,1,2026-01-10,4
902,1,2026-01-10,3
903,1,2026-01-10,6
904,1,2026-01-10,4
905,1,2026-01-10,7
906,1,2026-01-10,8
907,1,2026-01-10,7
908,1,2026-01-10,8
909,1,2026-01-10,4
910,1,2026-01-10,7
911,1,2026-01-10,3
912,1,2026-01-10,2
913,1,2026-01-10,4
914,1,2026-01-10,8
915,1,2026-01-10,2
916,1,2026-01-10,6
917,1,2026-01-11,7
918,1,2026-01-11,3
919,1,2026-01-11,8
920,1,2026-01-11,2
921,1,2026-01-11,7
922,1,2026-01-11,7
923,1,2026-01-11,8
924,1,2026-01-11,8
925,1,2026-01-11,2
926,1,2026-01-11,2
927,1,2026-01-11,4
928,1,2026-01-11,8
929,1,2026-01-11,4
930,1,2026-01-11,5
931,1,2026-01-11,3
932,1,2026-01-11,8
933,1,2026-01-11,2
934,1,2026-01-11,4
935,1,2026-01-11,4
936,1,2026-01-11,4
937,1,2026-01-11,5
938,1,2026-01-11,7
939,1,2026-01-11,8
940,1,2026-01-11,5
941,1,2026-01-11,7
942,1,2026-01-11,2
943,1,2026-01-11,4
944,1,2026-01-11,4
945,1,2026-01-11,5
946,1,2026-01-11,2
947,1,2026-01-11,2
948,1,2026-01-11,7
949,1,2026-01-11,5
950,1,2026-01-11,7
951,1,2026-01-11,6
952,1,2026-01-11,5
953,1,2026-01-11,3
954,1,2026-01-11,3
955,1,2026-01-11,2
956,1,2026-01-11,6
957,1,2026-01-11,2
958,1,2026-01-11,5
959,1,2026-01-11,6
960,1,2026-01-11,4
961,1,2026-01-11,4
962,1,2026-01-11,4
963,1,2026-01-11,8
964,1,2026-01-11,6
965,1,2026-01-11,6
966,1,2026-01-11,8
967,1,2026-01-11,2
968,1,2026-01-11,5
969,1,2026-01-11,8
970,1,2026-01-11,5
971,1,2026-01-11,7
972,1,2026-01-11,2
973,1,2026-01-11,7
974,1,2026-01-11,8
975,1,2026-01-11,4
976,1,2026-01-11,4
977,1,2026-01-11,8
978,1,2026-01-11,8
979,1,2026-01-11,3
980,1,2026-01-11,5
981,1,2026-01-11,2
982,1,2026-01-11,5
983,1,2026-01-11,6
984,1,2026-01-11,7
985,1,2026-01-11,7
986,1,2026-01-11,3
987,1,2026-01-11,3
988,1,2026-01-11,6
989,1,2026-01-11,2
990,1,2026-01-11,3
991,1,2026-01-11,6
992,1,2026-01-11,3
993,1,2026-01-11,7
994,1,2026-01-11,7
995,1,2026-01-11,4
996,1,2026-01-11,3
997,1,2026-01-11,5
998,1,2026-01-11,5
999,1,2026-01-11,4
1000,1,2026-01-11,8
1001,1,2026-01-11,8
1002,1,2026-01-11,2
1003,1,2026-01-11,5
1004,1,2026-01-11,6
1005,1,2026-01-11,3
1006,1,2026-01-11,3
1007,1,2026-01-11,2
1008,1,2026-01-11,4
1009,1,2026-01-11,3
1010,1,2026-01-11,4
1011,1,2026-01-11,4
1012,1,2026-01-11,8
1013,1,2026-01-11,6
1014,1,2026-01-11,2
1015,1,2026-01-11,8
1016,1,2026-01-11,6
1017,1,2026-01-11,8
1018,1,2026-01-11,6
1019,1,2026-01-11,4
1020,1,2026-01-11,6
1021,1,2026-01-11,2
1022,1,2026-01-11,3
1023,1,2026-01-11,2
1024,1,2026-01-11,4
1025,1,2026-01-11,2
1026,1,2026-01-11,8
1027,1,2026-01-11,8
1028,1,2026-01-11,4
1029,1,2026-01-11,3
1030,1,2026-01-11,7
1031,1,2026-01-11,8
1032,1,2026-01-11,6
1033,1,2026-01-11,7
1034,1,2026-01-11,6
1035,1,2026-01-11,4
1036,1,2026-01-11,8
1037,1,2026-01-11,6
1038,1,2026-01-11,2
1039,1,2026-01-11,6
1040,1,2026-01-11,2
1041,1,2026-01-11,7
1042,1,2026-01-11,5
1043,1,2026-01-11,3
1044,1,2026-01-11,8
1045,1,2026-01-11,5
1046,1,2026-01-11,4
1047,1,2026-01-11,7
1048,1,2026-01-11,6
1049,1,2026-01-11,5
1050,1,2026-01-11,5
1051,1,2026-01-11,5
1052,1,2026-01-11,7
1053,1,2026-01-11,7
1054,1,2026-01-11,6
1055,1,2026-01-11,7
1056,1,2026-01-12,7
1057,1,2026-01-12,6
1058,1,2026-01-12,8
1059,1,2026-01-12,3
1060,1,2026-01-12,7
1061,1,2026-01-12,3
1062,1,2026-01-12,5
1063,1,2026-01-12,8
1064,1,2026-01-12,6
1065,1,2026-01-12,2
1066,1,2026-01-12,2
1067,1,2026-01-12,4
1068,1,2026-01-12,4
1069,1,2026-01-12,8
1070,1,2026-01-12,6
1071,1,2026-01-12,3
1072,1,2026-01-12,2
1073,1,2026-01-12,5
1074,1,2026-01-12,2
1075,1,2026-01-12,7
1076,1,2026-01-12,8
1077,1,2026-01-12,8
1078,1,2026-01-12,6
1079,1,2026-01-12,5
1080,1,2026-01-12,5
1081,1,2026-01-12,8
1082,1,2026-01-12,8
1083,1,2026-01-12,4
1084,1,2026-01-12,3
1085,1,2026-01-12,7
1086,1,2026-01-12,3
1087,1,2026-01-12,2
1088,1,2026-01-12,8
1089,1,2026-01-12,6
1090,1,2026-01-12,8
1091,1,2026-01-12,7
1092,1,2026-01-12,7
1093,1,2026-01-12,4
1094,1,2026-01-12,5
1095,1,2026-01-12,5
1096,1,2026-01-12,5
1097,1,2026-01-12,3
1098,1,2026-01-12,7
1099,1,2026-01-12,7
1100,1,2026-01-12,7
1101,1,2026-01-12,3
1102,1,2026-01-12,8
1103,1,2026-01-12,8
1104,1,2026-01-12,6
1105,1,2026-01-12,3
1106,1,2026-01-12,2
1107,1,2026-01-12,3
1108,1,2026-01-12,8
1109,1,2026-01-12,7
1110,1,2026-01-12,2
1111,1,2026-01-12,4
1112,1,2026-01-12,4
1113,1,2026-01-12,6
1114,1,2026-01-12,8
1115,1,2026-01-12,7
1116,1,2026-01-12,7
1117,1,2026-01-12,4
1118,1,2026-01-12,8
1119,1,2026-01-12,2
1120,1,2026-01-12,8
1121,1,2026-01-12,8
1122,1,2026-01-12,8
1123,1,2026-01-12,2
1124,1,2026-01-12,4
1125,1,2026-01-12,7
1126,1,2026-01-12,5
1127,1,2026-01-12,6
1128,1,2026-01-12,5
1129,1,2026-01-12,6
1130,1,2026-01-12,3
1131,1,2026-01-12,6
1132,1,2026-01-12,8
1133,1,2026-01-12,8
1134,1,2026-01-12,5
1135,1,2026-01-12,6
1136,1,2026-01-12,4
1137,1,2026-01-12,6
1138,1,2026-01-12,6
1139,1,2026-01-12,4
1140,1,2026-01-12,7
1141,1,2026-01-12,4
1142,1,2026-01-12,2
1143,1,2026-01-12,3
1144,1,2026-01-12,4
1145,1,2026-01-12,4
1146,1,2026-01-12,4
1147,1,2026-01-12,5
1148,1,2026-01-12,5
1149,1,2026-01-12,6
1150,1,2026-01-12,3
1151,1,2026-01-13,8
1152,1,2026-01-13,5
1153,1,2026-01-13,7
1154,1,2026-01-13,4
1155,1,2026-01-13,2
1156,1,2026-01-13,6
1157,1,2026-01-13,5
1158,1,2026-01-13,3
1159,1,2026-01-13,2
1160,1,2026-01-13,2
1161,1,2026-01-13,7
1162,1,2026-01-13,4
1163,1,2026-01-13,8
1164,1,2026-01-13,6
1165,1,2026-01-13,4
1166,1,2026-01-13,4
1167,1,2026-01-13,2
1168,1,2026-01-13,6
1169,1,2026-01-13,7
1170,1,2026-01-13,8
1171,1,2026-01-13,3
1172,1,2026-01-13,4
1173,1,2026-01-13,7
1174,1,2026-01-13,4
1175,1,2026-01-13,2
1176,1,2026-01-13,8
1177,1,2026-01-13,7
1178,1,2026-01-13,4
1179,1,2026-01-13,3
1180,1,2026-01-13,3
1181,1,2026-01-13,5
1182,1,2026-01-13,6
1183,1,2026-01-13,4
1184,1,2026-01-13,5
1185,1,2026-01-13,7
1186,1,2026-01-13,3
1187,1,2026-01-13,7
1188,1,2026-01-13,6
1189,1,2026-01-13,7
1190,1,2026-01-13,3
1191,1,2026-01-13,4
1192,1,2026-01-13,3
1193,1,2026-01-13,8
1194,1,2026-01-13,5
1195,1,2026-01-13,6
1196,1,2026-01-13,4
1197,1,2026-01-13,5
1198,1,2026-01-13,4
1199,1,2026-01-13,5
1200,1,2026-01-13,7
1201,1,2026-01-13,8
1202,1,2026-01-13,5
1203,1,2026-01-13,8
1204,1,2026-01-13,2
1205,1,2026-01-13,5
1206,1,2026-01-13,5
1207,1,2026-01-13,8
1208,1,2026-01-13,8
1209,1,2026-01-13,8
1210,1,2026-01-13,8
1211,1,2026-01-13,2
1212,1,2026-01-13,7
1213,1,2026-01-13,8
1214,1,2026-01-13,8
1215,1,2026-01-13,4
1216,1,2026-01-13,2
1217,1,2026-01-13,5
1218,1,2026-01-13,8
1219,1,2026-01-13,7
1220,1,2026-01-13,5
1221,1,2026-01-13,2
1222,1,2026-01-13,6
1223,1,2026-01-13,6
1224,1,2026-01-13,4
1225,1,2026-01-13,5
1226,1,2026-01-13,3
1227,1,2026-01-13,5
1228,1,2026-01-13,7
1229,1,2026-01-13,4
1230,1,2026-01-13,4
1231,1,2026-01-13,4
1232,1,2026-01-13,3
1233,1,2026-01-13,6
1234,1,2026-01-13,2
1235,1,2026-01-13,6
1236,1,2026-01-13,8
1237,1,2026-01-13,2
1238,1,2026-01-13,8
1239,1,2026-01-13,2
1240,1,2026-01-13,3
1241,1,2026-01-13,4
1242,1,2026-01-13,6
1243,1,2026-01-13,3
1244,1,2026-01-13,8
1245,1,2026-01-13,4
1246,1,2026-01-13,3
1247,1,2026-01-13,6
1248,1,2026-01-13,8
1249,1,2026-01-13,7
1250,1,2026-01-13,8
1251,1,2026-01-13,5
1252,1,2026-01-13,3
1253,1,2026-01-13,5
1254,1,2026-01-13,2
1255,1,2026-01-13,5
1256,1,2026-01-13,5
1257,1,2026-01-13,3
1258,1,2026-01-13,3
1259,1,2026-01-13,8
1260,1,2026-01-13,3
1261,1,2026-01-13,8
1262,1,2026-01-13,5
1263,1,2026-01-14,7
1264,1,2026-01-14,7
1265,1,2026-01-14,4
1266,1,2026-01-14,8
1267,1,2026-01-14,3
1268,1,2026-01-14,5
1269,1,2026-01-14,8
1270,1,2026-01-14,6
1271,1,2026-01-14,4
1272,1,2026-01-14,3
1273,1,2026-01-14,2
1274,1,2026-01-14,5
1275,1,2026-01-14,4
1276,1,2026-01-14,3
1277,1,2026-01-14,7
1278,1,2026-01-14,5
1279,1,2026-01-14,5
1280,1,2026-01-14,8
1281,1,2026-01-14,8
1282,1,2026-01-14,7
1283,1,2026-01-14,3
1284,1,2026-01-14,4
1285,1,2026-01-14,6
1286,1,2026-01-14,2
1287,1,2026-01-14,3
1288,1,2026-01-14,5
1289,1,2026-01-14,6
1290,1,2026-01-14,3
1291,1,2026-01-14,3
1292,1,2026-01-14,2
1293,1,2026-01-14,3
1294,1,2026-01-14,2
1295,1,2026-01-14,3
1296,1,2026-01-14,4
1297,1,2026-01-14,4
1298,1,2026-01-14,3
1299,1,2026-01-14,3
1300,1,2026-01-14,3
1301,1,2026-01-14,6
1302,1,2026-01-14,7
1303,1,2026-01-14,5
1304,1,2026-01-14,8
1305,1,2026-01-14,5
1306,1,2026-01-14,3
1307,1,2026-01-14,5
1308,1,2026-01-14,4
1309,1,2026-01-14,8
1310,1,2026-01-14,3
1311,1,2026-01-14,4
1312,1,2026-01-14,8
1313,1,2026-01-14,3
1314,1,2026-01-14,7
1315,1,2026-01-14,7
1316,1,2026-01-14,5
1317,1,2026-01-14,4
1318,1,2026-01-14,8
1319,1,2026-01-14,8
1320,1,2026-01-14,6
1321,1,2026-01-14,3
1322,1,2026-01-14,7
1323,1,2026-01-14,6
1324,1,2026-01-14,8
1325,1,2026-01-14,2
1326,1,2026-01-14,8
1327,1,2026-01-14,2
1328,1,2026-01-14,2
1329,1,2026-01-14,2
1330,1,2026-01-14,2
1331,1,2026-01-14,7
1332,1,2026-01-14,7
1333,1,2026-01-14,6
1334,1,2026-01-14,4
1335,1,2026-01-14,2
1336,1,2026-01-14,3
1337,1,2026-01-14,5
1338,1,2026-01-14,5
1339,1,2026-01-14,7
1340,1,2026-01-14,5
1341,1,2026-01-14,3
1342,1,2026-01-14,3
1343,1,2026-01-14,2
1344,1,2026-01-14,7
1345,1,2026-01-14,8
1346,1,2026-01-14,7
1347,1,2026-01-14,5
1348,1,2026-01-14,8
1349,1,2026-01-14,3
1350,1,2026-01-14,2
1351,1,2026-01-14,8
1352,1,2026-01-14,8
1353,1,2026-01-14,5
1354,1,2026-01-15,8
1355,1,2026-01-15,4
1356,1,2026-01-15,4
1357,1,2026-01-15,5
1358,1,2026-01-15,8
1359,1,2026-01-15,7
1360,1,2026-01-15,7
1361,1,2026-01-15,3
1362,1,2026-01-15,4
1363,1,2026-01-15,8
1364,1,2026-01-15,6
1365,1,2026-01-15,8
1366,1,2026-01-15,2
1367,1,2026-01-15,2
1368,1,2026-01-15,4
1369,1,2026-01-15,6
1370,1,2026-01-15,4
1371,1,2026-01-15,3
1372,1,2026-01-15,5
1373,1,2026-01-15,3
1374,1,2026-01-15,3
1375,1,2026-01-15,8
1376,1,2026-01-15,7
1377,1,2026-01-15,3
1378,1,2026-01-15,4
1379,1,2026-01-15,8
1380,1,2026-01-15,2
1381,1,2026-01-15,7
1382,1,2026-01-15,2
1383,1,2026-01-15,6
1384,1,2026-01-15,2
1385,1,2026-01-15,3
1386,1,2026-01-15,2
1387,1,2026-01-15,4
1388,1,2026-01-15,6
1389,1,2026-01-15,8
1390,1,2026-01-15,7
1391,1,2026-01-15,8
1392,1,2026-01-15,4
1393,1,2026-01-15,6
1394,1,2026-01-15,8
1395,1,2026-01-15,4
1396,1,2026-01-15,6
1397,1,2026-01-15,7
1398,1,2026-01-15,2
1399,1,2026-01-15,6
1400,1,2026-01-15,6
1401,1,2026-01-15,3
1402,1,2026-01-15,2
1403,1,2026-01-15,8
1404,1,2026-01-15,2
1405,1,2026-01-15,8
1406,1,2026-01-15,4
1407,1,2026-01-15,8
1408,1,2026-01-15,6
1409,1,2026-01-15,6
1410,1,2026-01-15,6
1411,1,2026-01-15,8
1412,1,2026-01-15,8
1413,1,2026-01-15,4
1414,1,2026-01-15,2
1415,1,2026-01-15,7
1416,1,2026-01-15,6
1417,1,2026-01-15,3
1418,1,2026-01-15,5
1419,1,2026-01-15,4
1420,1,2026-01-15,2
1421,1,2026-01-15,4
1422,1,2026-01-15,4
1423,1,2026-01-15,4
1424,1,2026-01-15,4
1425,1,2026-01-15,8
1426,1,2026-01-15,4
1427,1,2026-01-15,6
1428,1,2026-01-15,7
1429,1,2026-01-15,6
1430,1,2026-01-15,2
1431,1,2026-01-15,4
1432,1,2026-01-15,6
1433,1,2026-01-15,8
1434,1,2026-01-15,6
1435,1,2026-01-15,8
1436,1,2026-01-15,2
1437,1,2026-01-15,2
1438,1,2026-01-15,2
1439,1,2026-01-15,3
1440,1,2026-01-16,6
1441,1,2026-01-16,6
1442,1,2026-01-16,7
1443,1,2026-01-16,4
1444,1,2026-01-16,4
1445,1,2026-01-16,7
1446,1,2026-01-16,7
1447,1,2026-01-16,6
1448,1,2026-01-16,3
1449,1,2026-01-16,5
1450,1,2026-01-16,5
1451,1,2026-01-16,6
1452,1,2026-01-16,7
1453,1,2026-01-16,4
1454,1,2026-01-16,6
1455,1,2026-01-16,4
1456,1,2026-01-16,4
1457,1,2026-01-16,2
1458,1,2026-01-16,7
1459,1,2026-01-16,4
1460,1,2026-01-16,2
1461,1,2026-01-16,8
1462,1,2026-01-16,3
1463,1,2026-01-16,4
1464,1,2026-01-16,5
1465,1,2026-01-16,4
1466,1,2026-01-16,6
1467,1,2026-01-16,3
1468,1,2026-01-16,6
1469,1,2026-01-16,5
1470,1,2026-01-16,4
1471,1,2026-01-16,3
1472,1,2026-01-16,7
1473,1,2026-01-16,2
1474,1,2026-01-16,2
1475,1,2026-01-16,8
1476,1,2026-01-16,8
1477,1,2026-01-16,6
1478,1,2026-01-16,2
1479,1,2026-01-16,3
1480,1,2026-01-16,5
1481,1,2026-01-16,6
1482,1,2026-01-16,4
1483,1,2026-01-16,8
1484,1,2026-01-16,8
1485,1,2026-01-16,3
1486,1,2026-01-16,3
1487,1,2026-01-16,5
1488,1,2026-01-16,5
1489,1,2026-01-16,2
1490,1,2026-01-16,6
1491,1,2026-01-16,6
1492,1,2026-01-16,7
1493,1,2026-01-16,7
1494,1,2026-01-16,5
1495,1,2026-01-16,6
1496,1,2026-01-16,3
1497,1,2026-01-16,5
1498,1,2026-01-16,3
1499,1,2026-01-16,8
1500,1,2026-01-16,7
1501,1,2026-01-16,2
1502,1,2026-01-16,7
1503,1,2026-01-16,2
1504,1,2026-01-16,2
1505,1,2026-01-16,7
1506,1,2026-01-16,5
1507,1,2026-01-16,4
1508,1,2026-01-16,8
1509,1,2026-01-16,2
1510,1,2026-01-16,6
1511,1,2026-01-16,4
1512,1,2026-01-16,8
1513,1,2026-01-16,4
1514,1,2026-01-16,8
1515,1,2026-01-16,6
1516,1,2026-01-16,6
1517,1,2026-01-16,7
1518,1,2026-01-16,8
1519,1,2026-01-16,4
1520,1,2026-01-16,5
1521,1,2026-01-16,3
1522,1,2026-01-16,5
1523,1,2026-01-16,2
1524,1,2026-01-16,6
1525,1,2026-01-16,7
1526,1,2026-01-16,3
1527,1,2026-01-16,7
1528,1,2026-01-16,3
1529,1,2026-01-16,7
1530,1,2026-01-16,8
1531,1,2026-01-16,3
1532,1,2026-01-16,3
1533,1,2026-01-16,7
1534,1,2026-01-16,8
1535,1,2026-01-16,8
1536,1,2026-01-16,6
1537,1,2026-01-16,3
1538,1,2026-01-16,4
1539,1,2026-01-16,5
1540,1,2026-01-16,4
1541,1,2026-01-16,6
1542,1,2026-01-16,8
1543,1,2026-01-16,2
1544,1,2026-01-16,2
1545,1,2026-01-16,4
1546,1,2026-01-16,3
1547,1,2026-01-16,8
1548,1,2026-01-16,3
1549,1,2026-01-17,4
1550,1,2026-01-17,7
1551,1,2026-01-17,5
1552,1,2026-01-17,8
1553,1,2026-01-17,8
1554,1,2026-01-17,4
1555,1,2026-01-17,2
1556,1,2026-01-17,5
1557,1,2026-01-17,8
1558,1,2026-01-17,8
1559,1,2026-01-17,6
1560,1,2026-01-17,8
1561,1,2026-01-17,5
1562,1,2026-01-17,7
1563,1,2026-01-17,3
1564,1,2026-01-17,6
1565,1,2026-01-17,8
1566,1,2026-01-17,5
1567,1,2026-01-17,6
1568,1,2026-01-17,5
1569,1,2026-01-17,5
1570,1,2026-01-17,7
1571,1,2026-01-17,3
1572,1,2026-01-17,6
1573,1,2026-01-17,7
1574,1,2026-01-17,7
1575,1,2026-01-17,6
1576,1,2026-01-17,5
1577,1,2026-01-17,4
1578,1,2026-01-17,7
1579,1,2026-01-17,2
1580,1,2026-01-17,7
1581,1,2026-01-17,5
1582,1,2026-01-17,5
1583,1,2026-01-17,8
1584,1,2026-01-17,8
1585,1,2026-01-17,3
1586,1,2026-01-17,5
1587,1,2026-01-17,6
1588,1,2026-01-17,7
1589,1,2026-01-17,6
1590,1,2026-01-17,8
1591,1,2026-01-17,2
1592,1,2026-01-17,4
1593,1,2026-01-17,6
1594,1,2026-01-17,5
1595,1,2026-01-17,7
1596,1,2026-01-17,5
1597,1,2026-01-17,8
1598,1,2026-01-17,7
1599,1,2026-01-17,8
1600,1,2026-01-17,2
1601,1,2026-01-17,4
1602,1,2026-01-17,7
1603,1,2026-01-17,6
1604,1,2026-01-17,4
1605,1,2026-01-17,5
1606,1,2026-01-17,3
1607,1,2026-01-17,8
1608,1,2026-01-17,4
1609,1,2026-01-17,7
1610,1,2026-01-17,8
1611,1,2026-01-17,6
1612,1,2026-01-17,5
1613,1,2026-01-17,6
1614,1,2026-01-17,4
1615,1,2026-01-17,8
1616,1,2026-01-17,6
1617,1,2026-01-17,2
1618,1,2026-01-17,4
1619,1,2026-01-17,8
1620,1,2026-01-17,4
1621,1,2026-01-17,7
1622,1,2026-01-17,2
1623,1,2026-01-17,3
1624,1,2026-01-17,4
1625,1,2026-01-17,4
1626,1,2026-01-17,8
1627,1,2026-01-17,8
1628,1,2026-01-17,3
1629,1,2026-01-17,5
1630,1,2026-01-17,8
1631,1,2026-01-17,7
1632,1,2026-01-17,7
1633,1,2026-01-17,8
1634,1,2026-01-17,6
1635,1,2026-01-17,8
1636,1,2026-01-17,3
1637,1,2026-01-17,2
1638,1,2026-01-17,8
1639,1,2026-01-17,3
1640,1,2026-01-17,6
1641,1,2026-01-17,8
1642,1,2026-01-17,2
1643,1,2026-01-17,3
1644,1,2026-01-17,4
1645,1,2026-01-17,7
1646,1,2026-01-17,5
1647,1,2026-01-17,4
1648,1,2026-01-17,7
1649,1,2026-01-17,5
1650,1,2026-01-17,4
1651,1,2026-01-17,3
1652,1,2026-01-18,3
1653,1,2026-01-18,8
1654,1,2026-01-18,8
1655,1,2026-01-18,8
1656,1,2026-01-18,4
1657,1,2026-01-18,4
1658,1,2026-01-18,5
1659,1,2026-01-18,5
1660,1,2026-01-18,7
1661,1,2026-01-18,5
1662,1,2026-01-18,3
1663,1,2026-01-18,5
1664,1,2026-01-18,7
1665,1,2026-01-18,3
1666,1,2026-01-18,4
1667,1,2026-01-18,8
1668,1,2026-01-18,5
1669,1,2026-01-18,6
1670,1,2026-01-18,5
1671,1,2026-01-18,7
1672,1,2026-01-18,7
1673,1,2026-01-18,8
1674,1,2026-01-18,6
1675,1,2026-01-18,6
1676,1,2026-01-18,8
1677,1,2026-01-18,3
1678,1,2026-01-18,4
1679,1,2026-01-18,3
1680,1,2026-01-18,8
1681,1,2026-01-18,8
1682,1,2026-01-18,5
1683,1,2026-01-18,6
1684,1,2026-01-18,6
1685,1,2026-01-18,6
1686,1,2026-01-18,6
1687,1,2026-01-18,7
1688,1,2026-01-18,3
1689,1,2026-01-18,2
1690,1,2026-01-18,7
1691,1,2026-01-18,2
1692,1,2026-01-18,8
1693,1,2026-01-18,2
1694,1,2026-01-18,8
1695,1,2026-01-18,8
1696,1,2026-01-18,5
1697,1,2026-01-18,6
1698,1,2026-01-18,7
1699,1,2026-01-18,3
1700,1,2026-01-18,2
1701,1,2026-01-18,4
1702,1,2026-01-18,5
1703,1,2026-01-18,7
1704,1,2026-01-18,6
1705,1,2026-01-18,3
1706,1,2026-01-18,7
1707,1,2026-01-18,8
1708,1,2026-01-18,4
1709,1,2026-01-18,4
1710,1,2026-01-18,8
1711,1,2026-01-18,7
1712,1,2026-01-18,6
1713,1,2026-01-18,5
1714,1,2026-01-18,7
1715,1,2026-01-18,5
1716,1,2026-01-18,5
1717,1,2026-01-18,6
1718,1,2026-01-18,5
1719,1,2026-01-18,2
1720,1,2026-01-18,4
1721,1,2026-01-18,6
1722,1,2026-01-18,4
1723,1,2026-01-18,8
1724,1,2026-01-18,5
1725,1,2026-01-18,8
1726,1,2026-01-18,5
1727,1,2026-01-18,3
1728,1,2026-01-18,6
1729,1,2026-01-18,4
1730,1,2026-01-18,5
1731,1,2026-01-18,7
1732,1,2026-01-18,2
1733,1,2026-01-18,8
1734,1,2026-01-18,2
1735,1,2026-01-18,3
1736,1,2026-01-18,2
1737,1,2026-01-18,2
1738,1,2026-01-18,2
1739,1,2026-01-18,3
1740,1,2026-01-18,5
1741,1,2026-01-18,2
1742,1,2026-01-18,2
1743,1,2026-01-18,4
1744,1,2026-01-18,7
1745,1,2026-01-18,7
1746,1,2026-01-18,8
1747,1,2026-01-18,2
1748,1,2026-01-18,4
1749,1,2026-01-18,3
1750,1,2026-01-18,2
1751,1,2026-01-18,7
1752,1,2026-01-18,6
1753,1,2026-01-18,7
1754,1,2026-01-18,2
1755,1,2026-01-18,3
1756,1,2026-01-18,8
1757,1,2026-01-18,4
1758,1,2026-01-18,5
1759,1,2026-01-18,6
1760,1,2026-01-18,6
1761,1,2026-01-18,4
1762,1,2026-01-18,8
1763,1,2026-01-18,7
1764,1,2026-01-18,8
1765,1,2026-01-18,3
1766,1,2026-01-18,7
1767,1,2026-01-18,5
1768,1,2026-01-18,8
1769,1,2026-01-18,6
1770,1,2026-01-18,8
1771,1,2026-01-18,3
1772,1,2026-01-18,6
1773,1,2026-01-18,5
1774,1,2026-01-18,4
1775,1,2026-01-19,7
1776,1,2026-01-19,6
1777,1,2026-01-19,8
1778,1,2026-01-19,7
1779,1,2026-01-19,4
1780,1,2026-01-19,4
1781,1,2026-01-19,6
1782,1,2026-01-19,4
1783,1,2026-01-19,6
1784,1,2026-01-19,8
1785,1,2026-01-19,7
1786,1,2026-01-19,7
1787,1,2026-01-19,4
1788,1,2026-01-19,2
1789,1,2026-01-19,2
1790,1,2026-01-19,2
1791,1,2026-01-19,6
1792,1,2026-01-19,5
1793,1,2026-01-19,5
1794,1,2026-01-19,8
1795,1,2026-01-19,5
1796,1,2026-01-19,6
1797,1,2026-01-19,2
1798,1,2026-01-19,2
1799,1,2026-01-19,4
1800,1,2026-01-19,6
1801,1,2026-01-19,2
1802,1,2026-01-19,8
1803,1,2026-01-19,2
1804,1,2026-01-19,7
1805,1,2026-01-19,2
1806,1,2026-01-19,4
1807,1,2026-01-19,8
1808,1,2026-01-19,7
1809,1,2026-01-19,7
1810,1,2026-01-19,8
1811,1,2026-01-19,2
1812,1,2026-01-19,7
1813,1,2026-01-19,8
1814,1,2026-01-19,4
1815,1,2026-01-19,7
1816,1,2026-01-19,3
1817,1,2026-01-19,3
1818,1,2026-01-19,7
1819,1,2026-01-19,5
1820,1,2026-01-19,2
1821,1,2026-01-19,8
1822,1,2026-01-19,4
1823,1,2026-01-19,3
1824,1,2026-01-19,7
1825,1,2026-01-19,2
1826,1,2026-01-19,5
1827,1,2026-01-19,4
1828,1,2026-01-19,8
1829,1,2026-01-19,4
1830,1,2026-01-19,7
1831,1,2026-01-19,5
1832,1,2026-01-19,4
1833,1,2026-01-19,6
1834,1,2026-01-19,3
1835,1,2026-01-19,8
1836,1,2026-01-19,2
1837,1,2026-01-19,6
1838,1,2026-01-19,8
1839,1,2026-01-19,6
1840,1,2026-01-19,3
1841,1,2026-01-19,5
1842,1,2026-01-19,6
1843,1,2026-01-19,4
1844,1,2026-01-19,4
1845,1,2026-01-19,7
1846,1,2026-01-19,5
1847,1,2026-01-19,4
1848,1,2026-01-19,5
1849,1,2026-01-19,5
1850,1,2026-01-19,8
1851,1,2026-01-19,4
1852,1,2026-01-19,8
1853,1,2026-01-19,3
1854,1,2026-01-19,3
1855,1,2026-01-19,3
1856,1,2026-01-20,2
1857,1,2026-01-20,5
1858,1,2026-01-20,5
1859,1,2026-01-20,7
1860,1,2026-01-20,4
1861,1,2026-01-20,5
1862,1,2026-01-20,8
1863,1,2026-01-20,3
1864,1,2026-01-20,6
1865,1,2026-01-20,5
1866,1,2026-01-20,8
1867,1,2026-01-20,4
1868,1,2026-01-20,7
1869,1,2026-01-20,3
1870,1,2026-01-20,2
1871,1,2026-01-20,5
1872,1,2026-01-20,7
1873,1,2026-01-20,5
1874,1,2026-01-20,3
1875,1,2026-01-20,6
1876,1,2026-01-20,6
1877,1,2026-01-20,2
1878,1,2026-01-20,2
1879,1,2026-01-20,7
1880,1,2026-01-20,6
1881,1,2026-01-20,6
1882,1,2026-01-20,5
1883,1,2026-01-20,3
1884,1,2026-01-20,8
1885,1,2026-01-20,5
1886,1,2026-01-20,2
1887,1,2026-01-20,4
1888,1,2026-01-20,5
1889,1,2026-01-20,8
1890,1,2026-01-20,8
1891,1,2026-01-20,4
1892,1,2026-01-20,5
1893,1,2026-01-20,7
1894,1,2026-01-20,5
1895,1,2026-01-20,4
1896,1,2026-01-20,3
1897,1,2026-01-20,3
1898,1,2026-01-20,5
1899,1,2026-01-20,7
1900,1,2026-01-20,2
1901,1,2026-01-20,2
1902,1,2026-01-20,2
1903,1,2026-01-20,2
1904,1,2026-01-20,2
1905,1,2026-01-20,7
1906,1,2026-01-20,5
1907,1,2026-01-20,4
1908,1,2026-01-20,6
1909,1,2026-01-20,3
1910,1,2026-01-20,8
1911,1,2026-01-20,5
1912,1,2026-01-20,2
1913,1,2026-01-20,3
1914,1,2026-01-20,2
1915,1,2026-01-20,8
1916,1,2026-01-20,8
1917,1,2026-01-20,5
1918,1,2026-01-20,5
1919,1,2026-01-20,7
1920,1,2026-01-20,3
1921,1,2026-01-20,5
1922,1,2026-01-20,4
1923,1,2026-01-20,2
1924,1,2026-01-20,3
1925,1,2026-01-20,5
1926,1,2026-01-20,4
1927,1,2026-01-20,3
1928,1,2026-01-20,3
1929,1,2026-01-20,7
1930,1,2026-01-20,4
1931,1,2026-01-20,5
1932,1,2026-01-20,6
1933,1,2026-01-20,7
1934,1,2026-01-20,3
1935,1,2026-01-20,6
1936,1,2026-01-20,6
1937,1,2026-01-20,6
1938,1,2026-01-20,4
1939,1,2026-01-20,3
1940,1,2026-01-20,6
1941,1,2026-01-20,5
1942,1,2026-01-20,4
1943,1,2026-01-20,3
1944,1,2026-01-20,2
1945,1,2026-01-21,4
1946,1,2026-01-21,3
1947,1,2026-01-21,7
1948,1,2026-01-21,6
1949,1,2026-01-21,7
1950,1,2026-01-21,7
1951,1,2026-01-21,7
1952,1,2026-01-21,4
1953,1,2026-01-21,6
1954,1,2026-01-21,6
1955,1,2026-01-21,3
1956,1,2026-01-21,6
1957,1,2026-01-21,5
1958,1,2026-01-21,4
1959,1,2026-01-21,6
1960,1,2026-01-21,2
1961,1,2026-01-21,6
1962,1,2026-01-21,7
1963,1,2026-01-21,3
1964,1,2026-01-21,8
1965,1,2026-01-21,7
1966,1,2026-01-21,8
1967,1,2026-01-21,8
1968,1,2026-01-21,5
1969,1,2026-01-21,6
1970,1,2026-01-21,5
1971,1,2026-01-21,6
1972,1,2026-01-21,6
1973,1,2026-01-21,6
1974,1,2026-01-21,7
1975,1,2026-01-21,7
1976,1,2026-01-21,2
1977,1,2026-01-21,4
1978,1,2026-01-21,4
1979,1,2026-01-21,3
1980,1,2026-01-21,3
1981,1,2026-01-21,8
1982,1,2026-01-21,7
1983,1,2026-01-21,4
1984,1,2026-01-21,3
1985,1,2026-01-21,8
1986,1,2026-01-21,3
1987,1,2026-01-21,2
1988,1,2026-01-21,6
1989,1,2026-01-21,5
1990,1,2026-01-21,2
1991,1,2026-01-21,8
1992,1,2026-01-21,4
1993,1,2026-01-21,8
1994,1,2026-01-21,5
1995,1,2026-01-21,2
1996,1,2026-01-21,6
1997,1,2026-01-21,7
1998,1,2026-01-21,4
1999,1,2026-01-21,8
2000,1,2026-01-21,7
2001,1,2026-01-21,7
2002,1,2026-01-21,3
2003,1,2026-01-21,2
2004,1,2026-01-21,3
2005,1,2026-01-21,7
2006,1,2026-01-21,6
2007,1,2026-01-21,6
2008,1,2026-01-21,2
2009,1,2026-01-21,5
2010,1,2026-01-21,2
2011,1,2026-01-21,3
2012,1,2026-01-21,8
2013,1,2026-01-21,2
2014,1,2026-01-21,4
2015,1,2026-01-21,7
2016,1,2026-01-21,6
2017,1,2026-01-21,5
2018,1,2026-01-21,4
2019,1,2026-01-21,5
2020,1,2026-01-21,7
2021,1,2026-01-21,8
2022,1,2026-01-21,6
2023,1,2026-01-21,8
2024,1,2026-01-21,2
2025,1,2026-01-21,3
2026,1,2026-01-21,3
2027,1,2026-01-21,2
2028,1,2026-01-21,7
2029,1,2026-01-21,2
2030,1,2026-01-21,4
2031,1,2026-01-21,5
2032,1,2026-01-21,2
2033,1,2026-01-21,6
2034,1,2026-01-21,5
2035,1,2026-01-21,7
2036,1,2026-01-21,6
2037,1,2026-01-21,7
2038,1,2026-01-21,6
2039,1,2026-01-21,7
2040,1,2026-01-21,6
2041,1,2026-01-21,2
2042,1,2026-01-21,8
2043,1,2026-01-21,2
2044,1,2026-01-22,6
2045,1,2026-01-22,6
2046,1,2026-01-22,6
2047,1,2026-01-22,5
2048,1,2026-01-22,7
2049,1,2026-01-22,5
2050,1,2026-01-22,6
2051,1,2026-01-22,7
2052,1,2026-01-22,7
2053,1,2026-01-22,5
2054,1,2026-01-22,7
2055,1,2026-01-22,6
2056,1,2026-01-22,8
2057,1,2026-01-22,7
2058,1,2026-01-22,6
2059,1,2026-01-22,6
2060,1,2026-01-22,4
2061,1,2026-01-22,5
2062,1,2026-01-22,2
2063,1,2026-01-22,4
2064,1,2026-01-22,2
2065,1,2026-01-22,6
2066,1,2026-01-22,7
2067,1,2026-01-22,2
2068,1,2026-01-22,7
2069,1,2026-01-22,8
2070,1,2026-01-22,7
2071,1,2026-01-22,8
2072,1,2026-01-22,2
2073,1,2026-01-22,7
2074,1,2026-01-22,3
2075,1,2026-01-22,7
2076,1,2026-01-22,4
2077,1,2026-01-22,2
2078,1,2026-01-22,6
2079,1,2026-01-22,4
2080,1,2026-01-22,7
2081,1,2026-01-22,8
2082,1,2026-01-22,3
2083,1,2026-01-22,5
2084,1,2026-01-22,2
2085,1,2026-01-22,6
2086,1,2026-01-22,6
2087,1,2026-01-22,8
2088,1,2026-01-22,5
2089,1,2026-01-22,5
2090,1,2026-01-22,8
2091,1,2026-01-22,8
2092,1,2026-01-22,5
2093,1,2026-01-22,3
2094,1,2026-01-22,6
2095,1,2026-01-22,3
2096,1,2026-01-22,8
2097,1,2026-01-22,7
2098,1,2026-01-22,7
2099,1,2026-01-22,5
2100,1,2026-01-22,2
2101,1,2026-01-22,8
2102,1,2026-01-22,6
2103,1,2026-01-22,2
2104,1,2026-01-22,5
2105,1,2026-01-22,8
2106,1,2026-01-22,6
2107,1,2026-01-22,3
2108,1,2026-01-22,6
2109,1,2026-01-22,2
2110,1,2026-01-22,5
2111,1,2026-01-22,2
2112,1,2026-01-22,3
2113,1,2026-01-22,6
2114,1,2026-01-22,8
2115,1,2026-01-22,4
2116,1,2026-01-22,6
2117,1,2026-01-22,5
2118,1,2026-01-22,5
2119,1,2026-01-22,5
2120,1,2026-01-22,3
2121,1,2026-01-22,6
2122,1,2026-01-22,8
2123,1,2026-01-22,3
2124,1,2026-01-22,7
2125,1,2026-01-22,2
2126,1,2026-01-22,5
2127,1,2026-01-22,2
2128,1,2026-01-22,4
2129,1,2026-01-22,5
2130,1,2026-01-22,8
2131,1,2026-01-22,2
2132,1,2026-01-22,5
2133,1,2026-01-22,7
2134,1,2026-01-22,6
2135,1,2026-01-22,5
2136,1,2026-01-22,4
2137,1,2026-01-22,4
2138,1,2026-01-22,7
2139,1,2026-01-22,2
2140,1,2026-01-22,3
2141,1,2026-01-22,6
2142,1,2026-01-22,7
2143,1,2026-01-22,5
2144,1,2026-01-22,6
2145,1,2026-01-22,5
2146,1,2026-01-23,4
2147,1,2026-01-23,6
2148,1,2026-01-23,4
2149,1,2026-01-23,6
2150,1,2026-01-23,8
2151,1,2026-01-23,2
2152,1,2026-01-23,7
2153,1,2026-01-23,4
2154,1,2026-01-23,4
2155,1,2026-01-23,8
2156,1,2026-01-23,2
2157,1,2026-01-23,2
2158,1,2026-01-23,3
2159,1,2026-01-23,8
2160,1,2026-01-23,7
2161,1,2026-01-23,4
2162,1,2026-01-23,4
2163,1,2026-01-23,5
2164,1,2026-01-23,7
2165,1,2026-01-23,4
2166,1,2026-01-23,7
2167,1,2026-01-23,2
2168,1,2026-01-23,6
2169,1,2026-01-23,2
2170,1,2026-01-23,6
2171,1,2026-01-23,4
2172,1,2026-01-23,7
2173,1,2026-01-23,7
2174,1,2026-01-23,3
2175,1,2026-01-23,6
2176,1,2026-01-23,8
2177,1,2026-01-23,8
2178,1,2026-01-23,6
2179,1,2026-01-23,8
2180,1,2026-01-23,4
2181,1,2026-01-23,5
2182,1,2026-01-23,8
2183,1,2026-01-23,8
2184,1,2026-01-23,3
2185,1,2026-01-23,3
2186,1,2026-01-23,6
2187,1,2026-01-23,3
2188,1,2026-01-23,4
2189,1,2026-01-23,6
2190,1,2026-01-23,6
2191,1,2026-01-23,8
2192,1,2026-01-23,8
2193,1,2026-01-23,7
2194,1,2026-01-23,2
2195,1,2026-01-23,4
2196,1,2026-01-23,8
2197,1,2026-01-23,8
2198,1,2026-01-23,3
2199,1,2026-01-23,5
2200,1,2026-01-23,5
2201,1,2026-01-23,7
2202,1,2026-01-23,2
2203,1,2026-01-23,7
2204,1,2026-01-23,2
2205,1,2026-01-23,4
2206,1,2026-01-23,2
2207,1,2026-01-23,6
2208,1,2026-01-23,6
2209,1,2026-01-23,5
2210,1,2026-01-23,5
2211,1,2026-01-23,3
2212,1,2026-01-23,3
2213,1,2026-01-23,7
2214,1,2026-01-23,4
2215,1,2026-01-23,5
2216,1,2026-01-23,7
2217,1,2026-01-23,6
2218,1,2026-01-23,6
2219,1,2026-01-23,6
2220,1,2026-01-23,8
2221,1,2026-01-23,7
2222,1,2026-01-23,8
2223,1,2026-01-23,8
2224,1,2026-01-23,7
2225,1,2026-01-23,4
2226,1,2026-01-23,3
2227,1,2026-01-23,3
2228,1,2026-01-23,6
2229,1,2026-01-23,2
2230,1,2026-01-23,2
2231,1,2026-01-23,4
2232,1,2026-01-23,8
2233,1,2026-01-23,6
2234,1,2026-01-23,2
2235,1,2026-01-23,4
2236,1,2026-01-23,4
2237,1,2026-01-23,7
2238,1,2026-01-23,2
2239,1,2026-01-23,4
2240,1,2026-01-23,4
2241,1,2026-01-23,6
2242,1,2026-01-23,4
2243,1,2026-01-23,8
2244,1,2026-01-23,6
2245,1,2026-01-23,7
2246,1,2026-01-23,4
2247,1,2026-01-23,2
2248,1,2026-01-23,5
2249,1,2026-01-23,6
2250,1,2026-01-23,8
2251,1,2026-01-23,8
2252,1,2026-01-23,4
2253,1,2026-01-23,4
2254,1,2026-01-24,7
2255,1,2026-01-24,5
2256,1,2026-01-24,4
2257,1,2026-01-24,4
2258,1,2026-01-24,3
2259,1,2026-01-24,5
2260,1,2026-01-24,8
2261,1,2026-01-24,2
2262,1,2026-01-24,3
2263,1,2026-01-24,7
2264,1,2026-01-24,6
2265,1,2026-01-24,4
2266,1,2026-01-24,5
2267,1,2026-01-24,4
2268,1,2026-01-24,4
2269,1,2026-01-24,3
2270,1,2026-01-24,3
2271,1,2026-01-24,7
2272,1,2026-01-24,8
2273,1,2026-01-24,5
2274,1,2026-01-24,7
2275,1,2026-01-24,3
2276,1,2026-01-24,3
2277,1,2026-01-24,3
2278,1,2026-01-24,6
2279,1,2026-01-24,7
2280,1,2026-01-24,5
2281,1,2026-01-24,7
2282,1,2026-01-24,4
2283,1,2026-01-24,3
2284,1,2026-01-24,4
2285,1,2026-01-24,6
2286,1,2026-01-24,8
2287,1,2026-01-24,7
2288,1,2026-01-24,6
2289,1,2026-01-24,6
2290,1,2026-01-24,8
2291,1,2026-01-24,6
2292,1,2026-01-24,3
2293,1,2026-01-24,5
2294,1,2026-01-24,5
2295,1,2026-01-24,3
2296,1,2026-01-24,7
2297,1,2026-01-24,2
2298,1,2026-01-24,7
2299,1,2026-01-24,5
2300,1,2026-01-24,8
2301,1,2026-01-24,5
2302,1,2026-01-24,3
2303,1,2026-01-24,7
2304,1,2026-01-24,6
2305,1,2026-01-24,6
2306,1,2026-01-24,2
2307,1,2026-01-24,3
2308,1,2026-01-24,8
2309,1,2026-01-24,7
2310,1,2026-01-24,7
2311,1,2026-01-24,5
2312,1,2026-01-24,7
2313,1,2026-01-24,8
2314,1,2026-01-24,2
2315,1,2026-01-24,7
2316,1,2026-01-24,2
2317,1,2026-01-24,2
2318,1,2026-01-24,2
2319,1,2026-01-24,7
2320,1,2026-01-24,8
2321,1,2026-01-24,3
2322,1,2026-01-24,4
2323,1,2026-01-24,5
2324,1,2026-01-24,3
2325,1,2026-01-24,4
2326,1,2026-01-24,2
2327,1,2026-01-24,8
2328,1,2026-01-24,5
2329,1,2026-01-24,4
2330,1,2026-01-24,4
2331,1,2026-01-24,4
2332,1,2026-01-24,8
2333,1,2026-01-24,6
2334,1,2026-01-24,8
2335,1,2026-01-24,2
2336,1,2026-01-24,2
2337,1,2026-01-24,7
2338,1,2026-01-24,5
2339,1,2026-01-24,6
2340,1,2026-01-24,5
2341,1,2026-01-24,7
2342,1,2026-01-24,7
2343,1,2026-01-24,4
2344,1,2026-01-24,6
2345,1,2026-01-24,2
2346,1,2026-01-24,6
2347,1,2026-01-24,4
2348,1,2026-01-24,5
2349,1,2026-01-24,2
2350,1,2026-01-24,4
2351,1,2026-01-24,6
2352,1,2026-01-24,3
2353,1,2026-01-24,8
2354,1,2026-01-24,2
2355,1,2026-01-24,4
2356,1,2026-01-24,6
2357,1,2026-01-24,2
2358,1,2026-01-24,4
2359,1,2026-01-24,6
2360,1,2026-01-24,7
2361,1,2026-01-24,7
2362,1,2026-01-24,5
2363,1,2026-01-24,7
2364,1,2026-01-24,7
2365,1,2026-01-24,6
2366,1,2026-01-24,5
2367,1,2026-01-24,5
2368,1,2026-01-24,6
2369,1,2026-01-24,7
2370,1,2026-01-24,5
2371,1,2026-01-24,3
2372,1,2026-01-24,4
2373,1,2026-01-24,2
2374,1,2026-01-24,6
2375,1,2026-01-24,6
2376,1,2026-01-24,4
2377,1,2026-01-24,2
2378,1,2026-01-24,7
2379,1,2026-01-24,2
2380,1,2026-01-24,7
2381,1,2026-01-24,7
2382,1,2026-01-24,3
2383,1,2026-01-24,8
2384,1,2026-01-24,2
2385,1,2026-01-24,6
2386,1,2026-01-24,4
2387,1,2026-01-24,6
2388,1,2026-01-24,3
2389,1,2026-01-24,3
2390,1,2026-01-24,7
2391,1,2026-01-24,7
2392,1,2026-01-24,5
2393,1,2026-01-24,5
2394,1,2026-01-24,7
2395,1,2026-01-24,5
2396,1,2026-01-25,3
2397,1,2026-01-25,5
2398,1,2026-01-25,3
2399,1,2026-01-25,4
2400,1,2026-01-25,2
2401,1,2026-01-25,5
2402,1,2026-01-25,3
2403,1,2026-01-25,8
2404,1,2026-01-25,8
2405,1,2026-01-25,5
2406,1,2026-01-25,3
2407,1,2026-01-25,5
2408,1,2026-01-25,5
2409,1,2026-01-25,2
2410,1,2026-01-25,2
2411,1,2026-01-25,6
2412,1,2026-01-25,7
2413,1,2026-01-25,4
2414,1,2026-01-25,6
2415,1,2026-01-25,2
2416,1,2026-01-25,6
2417,1,2026-01-25,5
2418,1,2026-01-25,8
2419,1,2026-01-25,4
2420,1,2026-01-25,4
2421,1,2026-01-25,6
2422,1,2026-01-25,8
2423,1,2026-01-25,6
2424,1,2026-01-25,6
2425,1,2026-01-25,2
2426,1,2026-01-25,2
2427,1,2026-01-25,3
2428,1,2026-01-25,4
2429,1,2026-01-25,5
2430,1,2026-01-25,7
2431,1,2026-01-25,4
2432,1,2026-01-25,6
2433,1,2026-01-25,7
2434,1,2026-01-25,7
2435,1,2026-01-25,8
2436,1,2026-01-25,7
2437,1,2026-01-25,5
2438,1,2026-01-25,6
2439,1,2026-01-25,4
2440,1,2026-01-25,6
2441,1,2026-01-25,3
2442,1,2026-01-25,5
2443,1,2026-01-25,6
2444,1,2026-01-25,8
2445,1,2026-01-25,2
2446,1,2026-01-25,8
2447,1,2026-01-25,7
2448,1,2026-01-25,5
2449,1,2026-01-25,4
2450,1,2026-01-25,5
2451,1,2026-01-25,4
2452,1,2026-01-25,3
2453,1,2026-01-25,2
2454,1,2026-01-25,2
2455,1,2026-01-25,5
2456,1,2026-01-25,8
2457,1,2026-01-25,5
2458,1,2026-01-25,6
2459,1,2026-01-25,8
2460,1,2026-01-25,7
2461,1,2026-01-25,5
2462,1,2026-01-25,4
2463,1,2026-01-25,8
2464,1,2026-01-25,5
2465,1,2026-01-25,8
2466,1,2026-01-25,5
2467,1,2026-01-25,8
2468,1,2026-01-25,6
2469,1,2026-01-25,4
2470,1,2026-01-25,2
2471,1,2026-01-25,4
2472,1,2026-01-25,7
2473,1,2026-01-25,3
2474,1,2026-01-25,3
2475,1,2026-01-25,6
2476,1,2026-01-25,2
2477,1,2026-01-25,6
2478,1,2026-01-25,8
2479,1,2026-01-25,7
2480,1,2026-01-25,3
2481,1,2026-01-25,5
2482,1,2026-01-25,5
2483,1,2026-01-25,7
2484,1,2026-01-25,4
2485,1,2026-01-25,7
2486,1,2026-01-25,5
2487,1,2026-01-25,4
2488,1,2026-01-25,8
2489,1,2026-01-25,8
2490,1,2026-01-25,6
2491,1,2026-01-25,7
2492,1,2026-01-25,6
2493,1,2026-01-25,4
2494,1,2026-01-25,2
2495,1,2026-01-25,5
2496,1,2026-01-25,7
2497,1,2026-01-25,2
2498,1,2026-01-25,2
2499,1,2026-01-25,7
2500,1,2026-01-25,3
2501,1,2026-01-25,7
2502,1,2026-01-25,5
2503,1,2026-01-25,4
2504,1,2026-01-25,4
2505,1,2026-01-25,8
2506,1,2026-01-25,6
2507,1,2026-01-25,5
2508,1,2026-01-25,8
2509,1,2026-01-25,8
2510,1,2026-01-25,6
2511,1,2026-01-25,2
2512,1,2026-01-25,5
2513,1,2026-01-25,5
2514,1,2026-01-25,7
2515,1,2026-01-25,2
2516,1,2026-01-25,5
2517,1,2026-01-25,5
2518,1,2026-01-25,4
2519,1,2026-01-25,6
2520,1,2026-01-25,5
2521,1,2026-01-25,8
2522,1,2026-01-25,3
2523,1,2026-01-25,8
2524,1,2026-01-25,6
2525,1,2026-01-25,3
2526,1,2026-01-25,5
2527,1,2026-01-25,4
2528,1,2026-01-25,7
2529,1,2026-01-25,7
2530,1,2026-01-25,4
2531,1,2026-01-25,3
2532,1,2026-01-25,4
2533,1,2026-01-26,8
2534,1,2026-01-26,5
2535,1,2026-01-26,5
2536,1,2026-01-26,5
2537,1,2026-01-26,8
2538,1,2026-01-26,8
2539,1,2026-01-26,4
2540,1,2026-01-26,3
2541,1,2026-01-26,2
2542,1,2026-01-26,4
2543,1,2026-01-26,6
2544,1,2026-01-26,3
2545,1,2026-01-26,3
2546,1,2026-01-26,7
2547,1,2026-01-26,8
2548,1,2026-01-26,3
2549,1,2026-01-26,7
2550,1,2026-01-26,7
2551,1,2026-01-26,5
2552,1,2026-01-26,5
2553,1,2026-01-26,6
2554,1,2026-01-26,7
2555,1,2026-01-26,3
2556,1,2026-01-26,7
2557,1,2026-01-26,5
2558,1,2026-01-26,2
2559,1,2026-01-26,2
2560,1,2026-01-26,3
2561,1,2026-01-26,7
2562,1,2026-01-26,5
2563,1,2026-01-26,8
2564,1,2026-01-26,6
2565,1,2026-01-26,3
2566,1,2026-01-26,5
2567,1,2026-01-26,4
2568,1,2026-01-26,2
2569,1,2026-01-26,3
2570,1,2026-01-26,8
2571,1,2026-01-26,7
2572,1,2026-01-26,4
2573,1,2026-01-26,4
2574,1,2026-01-26,3
2575,1,2026-01-26,8
2576,1,2026-01-26,5
2577,1,2026-01-26,6
2578,1,2026-01-26,5
2579,1,2026-01-26,4
2580,1,2026-01-26,7
2581,1,2026-01-26,8
2582,1,2026-01-26,8
2583,1,2026-01-26,7
2584,1,2026-01-26,7
2585,1,2026-01-26,8
2586,1,2026-01-26,5
2587,1,2026-01-26,3
2588,1,2026-01-26,3
2589,1,2026-01-26,7
2590,1,2026-01-26,7
2591,1,2026-01-26,8
2592,1,2026-01-26,7
2593,1,2026-01-26,5
2594,1,2026-01-26,8
2595,1,2026-01-26,6
2596,1,2026-01-26,6
2597,1,2026-01-26,4
2598,1,2026-01-26,7
2599,1,2026-01-26,2
2600,1,2026-01-27,3
2601,1,2026-01-27,7
2602,1,2026-01-27,7
2603,1,2026-01-27,7
2604,1,2026-01-27,5
2605,1,2026-01-27,6
2606,1,2026-01-27,2
2607,1,2026-01-27,8
2608,1,2026-01-27,3
2609,1,2026-01-27,6
2610,1,2026-01-27,5
2611,1,2026-01-27,3
2612,1,2026-01-27,4
2613,1,2026-01-27,8
2614,1,2026-01-27,3
2615,1,2026-01-27,8
2616,1,2026-01-27,6
2617,1,2026-01-27,6
2618,1,2026-01-27,8
2619,1,2026-01-27,5
2620,1,2026-01-27,4
2621,1,2026-01-27,2
2622,1,2026-01-27,3
2623,1,2026-01-27,3
2624,1,2026-01-27,7
2625,1,2026-01-27,5
2626,1,2026-01-27,7
2627,1,2026-01-27,4
2628,1,2026-01-27,8
2629,1,2026-01-27,3
2630,1,2026-01-27,2
2631,1,2026-01-27,8
2632,1,2026-01-27,2
2633,1,2026-01-27,7
2634,1,2026-01-27,3
2635,1,2026-01-27,8
2636,1,2026-01-27,8
2637,1,2026-01-27,6
2638,1,2026-01-27,5
2639,1,2026-01-27,8
2640,1,2026-01-27,5
2641,1,2026-01-27,3
2642,1,2026-01-27,8
2643,1,2026-01-27,8
2644,1,2026-01-27,5
2645,1,2026-01-27,2
2646,1,2026-01-27,3
2647,1,2026-01-27,4
2648,1,2026-01-27,3
2649,1,2026-01-27,2
2650,1,2026-01-27,2
2651,1,2026-01-27,2
2652,1,2026-01-27,7
2653,1,2026-01-27,5
2654,1,2026-01-27,8
2655,1,2026-01-27,5
2656,1,2026-01-27,4
2657,1,2026-01-27,3
2658,1,2026-01-27,3
2659,1,2026-01-27,2
2660,1,2026-01-27,5
2661,1,2026-01-27,2
2662,1,2026-01-27,4
2663,1,2026-01-27,3
2664,1,2026-01-27,3
2665,1,2026-01-27,6
2666,1,2026-01-27,5
2667,1,2026-01-27,2
2668,1,2026-01-27,5
2669,1,2026-01-27,4
2670,1,2026-01-27,7
2671,1,2026-01-27,3
2672,1,2026-01-27,8
2673,1,2026-01-27,3
2674,1,2026-01-27,8
2675,1,2026-01-27,5
2676,1,2026-01-27,3
2677,1,2026-01-27,4
2678,1,2026-01-27,3
2679,1,2026-01-27,5
2680,1,2026-01-27,2
2681,1,2026-01-27,3
2682,1,2026-01-27,2
2683,1,2026-01-27,6
2684,1,2026-01-27,5
2685,1,2026-01-28,8
2686,1,2026-01-28,5
2687,1,2026-01-28,4
2688,1,2026-01-28,5
2689,1,2026-01-28,4
2690,1,2026-01-28,4
2691,1,2026-01-28,7
2692,1,2026-01-28,8
2693,1,2026-01-28,7
2694,1,2026-01-28,4
2695,1,2026-01-28,5
2696,1,2026-01-28,2
2697,1,2026-01-28,6
2698,1,2026-01-28,4
2699,1,2026-01-28,8
2700,1,2026-01-28,6
2701,1,2026-01-28,6
2702,1,2026-01-28,6
2703,1,2026-01-28,4
2704,1,2026-01-28,6
2705,1,2026-01-28,3
2706,1,2026-01-28,3
2707,1,2026-01-28,3
2708,1,2026-01-28,4
2709,1,2026-01-28,2
2710,1,2026-01-28,8
2711,1,2026-01-28,8
2712,1,2026-01-28,6
2713,1,2026-01-28,4
2714,1,2026-01-28,6
2715,1,2026-01-28,8
2716,1,2026-01-28,4
2717,1,2026-01-28,2
2718,1,2026-01-28,7
2719,1,2026-01-28,6
2720,1,2026-01-28,2
2721,1,2026-01-28,2
2722,1,2026-01-28,3
2723,1,2026-01-28,6
2724,1,2026-01-28,3
2725,1,2026-01-28,6
2726,1,2026-01-28,6
2727,1,2026-01-28,8
2728,1,2026-01-28,8
2729,1,2026-01-28,5
2730,1,2026-01-28,2
2731,1,2026-01-28,5
2732,1,2026-01-28,3
2733,1,2026-01-28,4
2734,1,2026-01-28,2
2735,1,2026-01-28,8
2736,1,2026-01-28,4
2737,1,2026-01-28,8
2738,1,2026-01-28,5
2739,1,2026-01-28,7
2740,1,2026-01-28,4
2741,1,2026-01-28,4
2742,1,2026-01-28,2
2743,1,2026-01-28,5
2744,1,2026-01-28,3
2745,1,2026-01-28,2
2746,1,2026-01-28,5
2747,1,2026-01-28,4
2748,1,2026-01-28,3
2749,1,2026-01-28,3
2750,1,2026-01-28,8
2751,1,2026-01-28,4
2752,1,2026-01-28,3
2753,1,2026-01-28,4
2754,1,2026-01-28,7
2755,1,2026-01-28,8
2756,1,2026-01-28,8
2757,1,2026-01-28,8
2758,1,2026-01-28,6
2759,1,2026-01-28,2
2760,1,2026-01-28,6
2761,1,2026-01-28,4
2762,1,2026-01-28,8
2763,1,2026-01-28,5
2764,1,2026-01-28,7
2765,1,2026-01-28,7
2766,1,2026-01-28,5
2767,1,2026-01-28,4
2768,1,2026-01-28,8
2769,1,2026-01-28,2
2770,1,2026-01-28,6
2771,1,2026-01-28,3
2772,1,2026-01-28,6
2773,1,2026-01-28,7
2774,1,2026-01-28,3
2775,1,2026-01-28,7
2776,1,2026-01-28,6
2777,1,2026-01-28,8
2778,1,2026-01-28,7
2779,1,2026-01-28,4
2780,1,2026-01-29,4
2781,1,2026-01-29,6
2782,1,2026-01-29,8
2783,1,2026-01-29,7
2784,1,2026-01-29,8
2785,1,2026-01-29,3
2786,1,2026-01-29,4
2787,1,2026-01-29,2
2788,1,2026-01-29,2
2789,1,2026-01-29,3
2790,1,2026-01-29,7
2791,1,2026-01-29,7
2792,1,2026-01-29,6
2793,1,2026-01-29,2
2794,1,2026-01-29,2
2795,1,2026-01-29,7
2796,1,2026-01-29,2
2797,1,2026-01-29,5
2798,1,2026-01-29,7
2799,1,2026-01-29,7
2800,1,2026-01-29,3
2801,1,2026-01-29,5
2802,1,2026-01-29,5
2803,1,2026-01-29,8
2804,1,2026-01-29,4
2805,1,2026-01-29,5
2806,1,2026-01-29,5
2807,1,2026-01-29,7
2808,1,2026-01-29,6
2809,1,2026-01-29,5
2810,1,2026-01-29,5
2811,1,2026-01-29,3
2812,1,2026-01-29,5
2813,1,2026-01-29,8
2814,1,2026-01-29,6
2815,1,2026-01-29,5
2816,1,2026-01-29,8
2817,1,2026-01-29,6
2818,1,2026-01-29,3
2819,1,2026-01-29,5
2820,1,2026-01-29,8
2821,1,2026-01-29,2
2822,1,2026-01-29,6
2823,1,2026-01-29,4
2824,1,2026-01-29,8
2825,1,2026-01-29,5
2826,1,2026-01-29,3
2827,1,2026-01-29,4
2828,1,2026-01-29,6
2829,1,2026-01-29,5
2830,1,2026-01-29,7
2831,1,2026-01-29,2
2832,1,2026-01-29,8
2833,1,2026-01-29,2
2834,1,2026-01-29,5
2835,1,2026-01-29,8
2836,1,2026-01-29,3
2837,1,2026-01-29,2
2838,1,2026-01-29,4
2839,1,2026-01-29,4
2840,1,2026-01-29,8
2841,1,2026-01-29,3
2842,1,2026-01-29,2
2843,1,2026-01-29,3
2844,1,2026-01-29,5
2845,1,2026-01-29,7
2846,1,2026-01-29,6
2847,1,2026-01-29,7
2848,1,2026-01-29,8
2849,1,2026-01-29,6
2850,1,2026-01-29,4
2851,1,2026-01-29,7
2852,1,2026-01-29,4
2853,1,2026-01-29,4
2854,1,2026-01-29,5
2855,1,2026-01-29,6
2856,1,2026-01-29,8
2857,1,2026-01-29,3
2858,1,2026-01-29,3
2859,1,2026-01-29,5
2860,1,2026-01-29,7
2861,1,2026-01-29,8
2862,1,2026-01-29,3
2863,1,2026-01-29,5
2864,1,2026-01-29,5
2865,1,2026-01-29,2
2866,1,2026-01-29,6
2867,1,2026-01-29,2
2868,1,2026-01-29,7
2869,1,2026-01-29,2
2870,1,2026-01-29,6
2871,1,2026-01-29,8
2872,1,2026-01-29,7
2873,1,2026-01-29,7
2874,1,2026-01-29,7
2875,1,2026-01-29,3
2876,1,2026-01-29,4
2877,1,2026-01-29,3
2878,1,2026-01-29,2
2879,1,2026-01-29,7
2880,1,2026-01-29,2
2881,1,2026-01-29,3
2882,1,2026-01-30,5
2883,1,2026-01-30,3
2884,1,2026-01-30,5
2885,1,2026-01-30,4
2886,1,2026-01-30,3
2887,1,2026-01-30,2
2888,1,2026-01-30,6
2889,1,2026-01-30,8
2890,1,2026-01-30,5
2891,1,2026-01-30,3
2892,1,2026-01-30,6
2893,1,2026-01-30,5
2894,1,2026-01-30,4
2895,1,2026-01-30,5
2896,1,2026-01-30,2
2897,1,2026-01-30,6
2898,1,2026-01-30,4
2899,1,2026-01-30,8
2900,1,2026-01-30,8
2901,1,2026-01-30,5
2902,1,2026-01-30,4
2903,1,2026-01-30,7
2904,1,2026-01-30,4
2905,1,2026-01-30,4
2906,1,2026-01-30,4
2907,1,2026-01-30,2
2908,1,2026-01-30,6
2909,1,2026-01-30,4
2910,1,2026-01-30,7
2911,1,2026-01-30,2
2912,1,2026-01-30,8
2913,1,2026-01-30,4
2914,1,2026-01-30,2
2915,1,2026-01-30,5
2916,1,2026-01-30,5
2917,1,2026-01-30,4
2918,1,2026-01-30,6
2919,1,2026-01-30,8
2920,1,2026-01-30,4
2921,1,2026-01-30,6
2922,1,2026-01-30,3
2923,1,2026-01-30,2
2924,1,2026-01-30,7
2925,1,2026-01-30,7
2926,1,2026-01-30,2
2927,1,2026-01-30,4
2928,1,2026-01-30,4
2929,1,2026-01-30,2
2930,1,2026-01-30,5
2931,1,2026-01-30,3
2932,1,2026-01-30,5
2933,1,2026-01-30,5
2934,1,2026-01-30,6
2935,1,2026-01-30,7
2936,1,2026-01-30,6
2937,1,2026-01-30,8
2938,1,2026-01-30,5
2939,1,2026-01-30,8
2940,1,2026-01-30,2
2941,1,2026-01-30,2
2942,1,2026-01-30,7
2943,1,2026-01-30,6
2944,1,2026-01-30,5
2945,1,2026-01-30,4
2946,1,2026-01-30,6
2947,1,2026-01-30,5
2948,1,2026-01-30,5
2949,1,2026-01-30,5
2950,1,2026-01-30,4
2951,1,2026-01-30,4
2952,1,2026-01-30,8
2953,1,2026-01-30,7
2954,1,2026-01-30,2
2955,1,2026-01-30,2
2956,1,2026-01-30,6
2957,1,2026-01-30,5
2958,1,2026-01-30,2
2959,1,2026-01-30,4
2960,1,2026-01-30,5
2961,1,2026-01-30,5
2962,1,2026-01-30,6
2963,1,2026-01-30,8
2964,1,2026-01-30,2
2965,1,2026-01-30,8
2966,1,2026-01-30,7
2967,1,2026-01-30,5
2968,1,2026-01-30,4
2969,1,2026-01-30,4
2970,1,2026-01-30,4
2971,1,2026-01-30,3
2972,1,2026-01-30,4
2973,1,2026-01-30,6
2974,1,2026-01-30,6
2975,1,2026-01-30,2
2976,1,2026-01-30,2
2977,1,2026-01-30,8
2978,1,2026-01-30,2
2979,1,2026-01-30,5
2980,1,2026-01-30,7
2981,1,2026-01-30,5
2982,1,2026-01-30,2
2983,1,2026-01-30,6
2984,1,2026-01-30,8
2985,1,2026-01-30,6
2986,1,2026-01-30,4
2987,1,2026-01-30,3
2988,1,2026-01-31,8
2989,1,2026-01-31,4
2990,1,2026-01-31,3
2991,1,2026-01-31,2
2992,1,2026-01-31,2
2993,1,2026-01-31,7
2994,1,2026-01-31,5
2995,1,2026-01-31,5
2996,1,2026-01-31,8
2997,1,2026-01-31,2
2998,1,2026-01-31,5
2999,1,2026-01-31,8
3000,1,2026-01-31,8
3001,1,2026-01-31,5
3002,1,2026-01-31,8
3003,1,2026-01-31,5
3004,1,2026-01-31,5
3005,1,2026-01-31,3
3006,1,2026-01-31,8
3007,1,2026-01-31,2
3008,1,2026-01-31,2
3009,1,2026-01-31,2
3010,1,2026-01-31,8
3011,1,2026-01-31,8
3012,1,2026-01-31,5
3013,1,2026-01-31,3
3014,1,2026-01-31,2
3015,1,2026-01-31,8
3016,1,2026-01-31,7
3017,1,2026-01-31,6
3018,1,2026-01-31,3
3019,1,2026-01-31,5
3020,1,2026-01-31,8
3021,1,2026-01-31,8
3022,1,2026-01-31,2
3023,1,2026-01-31,4
3024,1,2026-01-31,8
3025,1,2026-01-31,6
3026,1,2026-01-31,4
3027,1,2026-01-31,3
3028,1,2026-01-31,6
3029,1,2026-01-31,5
3030,1,2026-01-31,3
3031,1,2026-01-31,7
3032,1,2026-01-31,2
3033,1,2026-01-31,7
3034,1,2026-01-31,5
3035,1,2026-01-31,5
3036,1,2026-01-31,5
3037,1,2026-01-31,4
3038,1,2026-01-31,7
3039,1,2026-01-31,7
3040,1,2026-01-31,5
3041,1,2026-01-31,8
3042,1,2026-01-31,3
3043,1,2026-01-31,3
3044,1,2026-01-31,5
3045,1,2026-01-31,7
3046,1,2026-01-31,5
3047,1,2026-01-31,8
3048,1,2026-01-31,4
3049,1,2026-01-31,5
3050,1,2026-01-31,4
3051,1,2026-01-31,2
3052,1,2026-01-31,5
3053,1,2026-01-31,3
3054,1,2026-01-31,7
3055,1,2026-01-31,6
3056,1,2026-01-31,3
3057,1,2026-01-31,4
3058,1,2026-01-31,5
3059,1,2026-01-31,3
3060,1,2026-01-31,3
3061,1,2026-01-31,6
3062,1,2026-01-31,5
3063,1,2026-01-31,3
3064,1,2026-01-31,6
3065,1,2026-01-31,5
3066,1,2026-01-31,2
3067,1,2026-01-31,5
3068,1,2026-01-31,8
3069,1,2026-01-31,4
3070,1,2026-01-31,3
3071,1,2026-01-31,5
3072,1,2026-01-31,3
3073,1,2026-01-31,8
3074,1,2026-01-31,4
3075,1,2026-01-31,5
3076,1,2026-01-31,3
3077,1,2026-01-31,2
3078,1,2026-01-31,6
3079,1,2026-01-31,3
3080,1,2026-01-31,8
3081,1,2026-01-31,5
3082,1,2026-01-31,2
3083,1,2026-01-31,6
3084,1,2026-01-31,8
3085,1,2026-01-31,2
3086,1,2026-01-31,3
3087,1,2026-01-31,5
3088,1,2026-01-31,7
3089,1,2026-01-31,6
3090,1,2026-01-31,5
3091,1,2026-01-31,3
3092,1,2026-01-31,4
3093,1,2026-01-31,6
3094,1,2026-01-31,2
3095,1,2026-01-31,3
3096,1,2026-01-31,2
3097,1,2026-01-31,5
3098,1,2026-01-31,8
3099,1,2026-02-01,4
3100,1,2026-02-01,4
3101,1,2026-02-01,3
3102,1,2026-02-01,8
3103,1,2026-02-01,8
3104,1,2026-02-01,8
3105,1,2026-02-01,8
3106,1,2026-02-01,2
3107,1,2026-02-01,3
3108,1,2026-02-01,6
3109,1,2026-02-01,3
3110,1,2026-02-01,3
3111,1,2026-02-01,4
3112,1,2026-02-01,7
3113,1,2026-02-01,5
3114,1,2026-02-01,6
3115,1,2026-02-01,8
3116,1,2026-02-01,8
3117,1,2026-02-01,2
3118,1,2026-02-01,6
3119,1,2026-02-01,3
3120,1,2026-02-01,4
3121,1,2026-02-01,7
3122,1,2026-02-01,8
3123,1,2026-02-01,8
3124,1,2026-02-01,3
3125,1,2026-02-01,8
3126,1,2026-02-01,6
3127,1,2026-02-01,6
3128,1,2026-02-01,8
3129,1,2026-02-01,4
3130,1,2026-02-01,2
3131,1,2026-02-01,5
3132,1,2026-02-01,5
3133,1,2026-02-01,6
3134,1,2026-02-01,3
3135,1,2026-02-01,4
3136,1,2026-02-01,7
3137,1,2026-02-01,3
3138,1,2026-02-01,7
3139,1,2026-02-01,5
3140,1,2026-02-01,8
3141,1,2026-02-01,6
3142,1,2026-02-01,5
3143,1,2026-02-01,2
3144,1,2026-02-01,4
3145,1,2026-02-01,5
3146,1,2026-02-01,7
3147,1,2026-02-01,3
3148,1,2026-02-01,2
3149,1,2026-02-01,3
3150,1,2026-02-01,5
3151,1,2026-02-01,5
3152,1,2026-02-01,6
3153,1,2026-02-01,4
3154,1,2026-02-01,3
3155,1,2026-02-01,8
3156,1,2026-02-01,4
3157,1,2026-02-01,3
3158,1,2026-02-01,8
3159,1,2026-02-01,7
3160,1,2026-02-01,2
3161,1,2026-02-01,7
3162,1,2026-02-01,4
3163,1,2026-02-01,5
3164,1,2026-02-01,8
3165,1,2026-02-01,5
3166,1,2026-02-01,2
3167,1,2026-02-01,3
3168,1,2026-02-01,3
3169,1,2026-02-01,4
3170,1,2026-02-01,4
3171,1,2026-02-01,2
3172,1,2026-02-01,2
3173,1,2026-02-01,7
3174,1,2026-02-01,3
3175,1,2026-02-01,6
3176,1,2026-02-01,3
3177,1,2026-02-01,8
3178,1,2026-02-01,4
3179,1,2026-02-01,6
3180,1,2026-02-01,4
3181,1,2026-02-01,6
3182,1,2026-02-01,2
3183,1,2026-02-01,3
3184,1,2026-02-01,3
3185,1,2026-02-01,2
3186,1,2026-02-01,6
3187,1,2026-02-01,7
3188,1,2026-02-01,4
3189,1,2026-02-01,2
3190,1,2026-02-01,6
3191,1,2026-02-01,6
3192,1,2026-02-01,8
3193,1,2026-02-01,6
3194,1,2026-02-01,3
3195,1,2026-02-01,7
3196,1,2026-02-01,7
3197,1,2026-02-01,3
3198,1,2026-02-01,2
3199,1,2026-02-01,4
3200,1,2026-02-01,3
3201,1,2026-02-01,5
3202,1,2026-02-01,6
3203,1,2026-02-01,4
3204,1,2026-02-01,8
3205,1,2026-02-01,8
3206,1,2026-02-01,8
3207,1,2026-02-01,8
3208,1,2026-02-01,4
3209,1,2026-02-02,4
3210,1,2026-02-02,5
3211,1,2026-02-02,2
3212,1,2026-02-02,7
3213,1,2026-02-02,6
3214,1,2026-02-02,7
3215,1,2026-02-02,5
3216,1,2026-02-02,6
3217,1,2026-02-02,6
3218,1,2026-02-02,8
3219,1,2026-02-02,4
3220,1,2026-02-02,8
3221,1,2026-02-02,2
3222,1,2026-02-02,5
3223,1,2026-02-02,8
3224,1,2026-02-02,5
3225,1,2026-02-02,6
3226,1,2026-02-02,8
3227,1,2026-02-02,3
3228,1,2026-02-02,4
3229,1,2026-02-02,3
3230,1,2026-02-02,3
3231,1,2026-02-02,5
3232,1,2026-02-02,2
3233,1,2026-02-02,6
3234,1,2026-02-02,7
3235,1,2026-02-02,5
3236,1,2026-02-02,5
3237,1,2026-02-02,8
3238,1,2026-02-02,3
3239,1,2026-02-02,2
3240,1,2026-02-02,5
3241,1,2026-02-02,8
3242,1,2026-02-02,3
3243,1,2026-02-02,6
3244,1,2026-02-02,6
3245,1,2026-02-02,6
3246,1,2026-02-02,7
3247,1,2026-02-02,3
3248,1,2026-02-02,7
3249,1,2026-02-02,3
3250,1,2026-02-02,6
3251,1,2026-02-02,7
3252,1,2026-02-02,4
3253,1,2026-02-02,7
3254,1,2026-02-02,2
3255,1,2026-02-02,5
3256,1,2026-02-02,7
3257,1,2026-02-02,2
3258,1,2026-02-02,4
3259,1,2026-02-02,3
3260,1,2026-02-02,8
3261,1,2026-02-02,2
3262,1,2026-02-02,8
3263,1,2026-02-02,7
3264,1,2026-02-02,6
3265,1,2026-02-02,2
3266,1,2026-02-02,6
3267,1,2026-02-02,6
3268,1,2026-02-02,3
3269,1,2026-02-02,4
3270,1,2026-02-02,8
3271,1,2026-02-02,3
3272,1,2026-02-02,8
3273,1,2026-02-02,2
3274,1,2026-02-02,7
3275,1,2026-02-02,3
3276,1,2026-02-02,6
3277,1,2026-02-02,3
3278,1,2026-02-02,3
3279,1,2026-02-02,2
3280,1,2026-02-02,3
3281,1,2026-02-02,5
3282,1,2026-02-02,4
3283,1,2026-02-02,5
3284,1,2026-02-02,6
3285,1,2026-02-02,6
3286,1,2026-02-02,6
3287,1,2026-02-02,5
3288,1,2026-02-02,5
3289,1,2026-02-02,6
3290,1,2026-02-02,6
3291,1,2026-02-02,6
3292,1,2026-02-02,8
3293,1,2026-02-02,8
3294,1,2026-02-02,4
3295,1,2026-02-02,3
3296,1,2026-02-02,7
3297,1,2026-02-03,8
3298,1,2026-02-03,6
3299,1,2026-02-03,5
3300,1,2026-02-03,6
3301,1,2026-02-03,6
3302,1,2026-02-03,3
3303,1,2026-02-03,7
3304,1,2026-02-03,5
3305,1,2026-02-03,3
3306,1,2026-02-03,6
3307,1,2026-02-03,7
3308,1,2026-02-03,4
3309,1,2026-02-03,8
3310,1,2026-02-03,2
3311,1,2026-02-03,2
3312,1,2026-02-03,3
3313,1,2026-02-03,3
3314,1,2026-02-03,6
3315,1,2026-02-03,2
3316,1,2026-02-03,7
3317,1,2026-02-03,8
3318,1,2026-02-03,8
3319,1,2026-02-03,5
3320,1,2026-02-03,5
3321,1,2026-02-03,4
3322,1,2026-02-03,3
3323,1,2026-02-03,5
3324,1,2026-02-03,3
3325,1,2026-02-03,5
3326,1,2026-02-03,7
3327,1,2026-02-03,8
3328,1,2026-02-03,7
3329,1,2026-02-03,5
3330,1,2026-02-03,5
3331,1,2026-02-03,8
3332,1,2026-02-03,4
3333,1,2026-02-03,5
3334,1,2026-02-03,6
3335,1,2026-02-03,8
3336,1,2026-02-03,4
3337,1,2026-02-03,4
3338,1,2026-02-03,3
3339,1,2026-02-03,7
3340,1,2026-02-03,8
3341,1,2026-02-03,6
3342,1,2026-02-03,3
3343,1,2026-02-03,8
3344,1,2026-02-03,2
3345,1,2026-02-03,4
3346,1,2026-02-03,2
3347,1,2026-02-03,3
3348,1,2026-02-03,3
3349,1,2026-02-03,8
3350,1,2026-02-03,8
3351,1,2026-02-03,7
3352,1,2026-02-03,2
3353,1,2026-02-03,8
3354,1,2026-02-03,5
3355,1,2026-02-03,2
3356,1,2026-02-03,8
3357,1,2026-02-03,5
3358,1,2026-02-03,4
3359,1,2026-02-03,7
3360,1,2026-02-03,8
3361,1,2026-02-03,6
3362,1,2026-02-03,2
3363,1,2026-02-03,8
3364,1,2026-02-03,2
3365,1,2026-02-03,3
3366,1,2026-02-03,8
3367,1,2026-02-03,6
3368,1,2026-02-03,4
3369,1,2026-02-03,4
3370,1,2026-02-03,7
3371,1,2026-02-03,7
3372,1,2026-02-03,8
3373,1,2026-02-03,8
3374,1,2026-02-03,6
3375,1,2026-02-03,2
3376,1,2026-02-03,2
3377,1,2026-02-03,8
3378,1,2026-02-03,2
3379,1,2026-02-03,6
3380,1,2026-02-03,4
3381,1,2026-02-03,3
3382,1,2026-02-03,5
3383,1,2026-02-03,3
3384,1,2026-02-03,2
3385,1,2026-02-03,5
3386,1,2026-02-03,5
3387,1,2026-02-03,4
3388,1,2026-02-04,8
3389,1,2026-02-04,5
3390,1,2026-02-04,8
3391,1,2026-02-04,8
3392,1,2026-02-04,4
3393,1,2026-02-04,3
3394,1,2026-02-04,6
3395,1,2026-02-04,6
3396,1,2026-02-04,8
3397,1,2026-02-04,5
3398,1,2026-02-04,8
3399,1,2026-02-04,8
3400,1,2026-02-04,7
3401,1,2026-02-04,6
3402,1,2026-02-04,4
3403,1,2026-02-04,2
3404,1,2026-02-04,8
3405,1,2026-02-04,7
3406,1,2026-02-04,3
3407,1,2026-02-04,4
3408,1,2026-02-04,8
3409,1,2026-02-04,2
3410,1,2026-02-04,5
3411,1,2026-02-04,3
3412,1,2026-02-04,6
3413,1,2026-02-04,7
3414,1,2026-02-04,6
3415,1,2026-02-04,4
3416,1,2026-02-04,7
3417,1,2026-02-04,6
3418,1,2026-02-04,3
3419,1,2026-02-04,8
3420,1,2026-02-04,2
3421,1,2026-02-04,6
3422,1,2026-02-04,2
3423,1,2026-02-04,6
3424,1,2026-02-04,8
3425,1,2026-02-04,3
3426,1,2026-02-04,2
3427,1,2026-02-04,8
3428,1,2026-02-04,7
3429,1,2026-02-04,5
3430,1,2026-02-04,2
3431,1,2026-02-04,6
3432,1,2026-02-04,8
3433,1,2026-02-04,2
3434,1,2026-02-04,5
3435,1,2026-02-04,5
3436,1,2026-02-04,5
3437,1,2026-02-04,7
3438,1,2026-02-04,7
3439,1,2026-02-04,8
3440,1,2026-02-04,6
3441,1,2026-02-04,3
3442,1,2026-02-04,8
3443,1,2026-02-04,4
3444,1,2026-02-04,8
3445,1,2026-02-04,6
3446,1,2026-02-04,4
3447,1,2026-02-04,3
3448,1,2026-02-04,2
3449,1,2026-02-04,2
3450,1,2026-02-04,4
3451,1,2026-02-04,8
3452,1,2026-02-04,4
3453,1,2026-02-04,4
3454,1,2026-02-04,7
3455,1,2026-02-04,4
3456,1,2026-02-04,2
3457,1,2026-02-04,3
3458,1,2026-02-04,4
3459,1,2026-02-04,2
3460,1,2026-02-04,2
3461,1,2026-02-04,6
3462,1,2026-02-04,8
3463,1,2026-02-04,6
3464,1,2026-02-04,2
3465,1,2026-02-04,5
3466,1,2026-02-04,5
3467,1,2026-02-04,2
3468,1,2026-02-04,4
3469,1,2026-02-04,3
3470,1,2026-02-04,7
3471,1,2026-02-04,5
3472,1,2026-02-04,5
3473,1,2026-02-04,3
3474,1,2026-02-04,8
3475,1,2026-02-04,5
3476,1,2026-02-04,7
3477,1,2026-02-04,8
3478,1,2026-02-04,5
3479,1,2026-02-04,6
3480,1,2026-02-04,4
3481,1,2026-02-05,7
3482,1,2026-02-05,8
3483,1,2026-02-05,7
3484,1,2026-02-05,4
3485,1,2026-02-05,7
3486,1,2026-02-05,4
3487,1,2026-02-05,3
3488,1,2026-02-05,2
3489,1,2026-02-05,5
3490,1,2026-02-05,7
3491,1,2026-02-05,8
3492,1,2026-02-05,4
3493,1,2026-02-05,5
3494,1,2026-02-05,3
3495,1,2026-02-05,3
3496,1,2026-02-05,5
3497,1,2026-02-05,5
3498,1,2026-02-05,2
3499,1,2026-02-05,6
3500,1,2026-02-05,7
3501,1,2026-02-05,2
3502,1,2026-02-05,4
3503,1,2026-02-05,7
3504,1,2026-02-05,5
3505,1,2026-02-05,3
3506,1,2026-02-05,2
3507,1,2026-02-05,6
3508,1,2026-02-05,6
3509,1,2026-02-05,8
3510,1,2026-02-05,8
3511,1,2026-02-05,5
3512,1,2026-02-05,8
3513,1,2026-02-05,7
3514,1,2026-02-05,2
3515,1,2026-02-05,2
3516,1,2026-02-05,2
3517,1,2026-02-05,2
3518,1,2026-02-05,4
3519,1,2026-02-05,2
3520,1,2026-02-05,3
3521,1,2026-02-05,7
3522,1,2026-02-05,2
3523,1,2026-02-05,5
3524,1,2026-02-05,7
3525,1,2026-02-05,4
3526,1,2026-02-05,4
3527,1,2026-02-05,3
3528,1,2026-02-05,3
3529,1,2026-02-05,5
3530,1,2026-02-05,7
3531,1,2026-02-05,8
3532,1,2026-02-05,6
3533,1,2026-02-05,4
3534,1,2026-02-05,5
3535,1,2026-02-05,8
3536,1,2026-02-05,4
3537,1,2026-02-05,3
3538,1,2026-02-05,2
3539,1,2026-02-05,2
3540,1,2026-02-05,7
3541,1,2026-02-05,5
3542,1,2026-02-05,2
3543,1,2026-02-05,6
3544,1,2026-02-05,8
3545,1,2026-02-05,4
3546,1,2026-02-05,2
3547,1,2026-02-05,4
3548,1,2026-02-05,2
3549,1,2026-02-05,6
3550,1,2026-02-05,5
3551,1,2026-02-05,6
3552,1,2026-02-05,3
3553,1,2026-02-05,8
3554,1,2026-02-05,4
3555,1,2026-02-05,7
3556,1,2026-02-05,8
3557,1,2026-02-05,8
3558,1,2026-02-05,8
3559,1,2026-02-05,7
3560,1,2026-02-05,6
3561,1,2026-02-05,7
3562,1,2026-02-05,4
3563,1,2026-02-05,2
3564,1,2026-02-06,6
3565,1,2026-02-06,7
3566,1,2026-02-06,5
3567,1,2026-02-06,8
3568,1,2026-02-06,8
3569,1,2026-02-06,4
3570,1,2026-02-06,4
3571,1,2026-02-06,3
3572,1,2026-02-06,6
3573,1,2026-02-06,5
3574,1,2026-02-06,8
3575,1,2026-02-06,5
3576,1,2026-02-06,6
3577,1,2026-02-06,3
3578,1,2026-02-06,8
3579,1,2026-02-06,2
3580,1,2026-02-06,2
3581,1,2026-02-06,8
3582,1,2026-02-06,6
3583,1,2026-02-06,3
3584,1,2026-02-06,4
3585,1,2026-02-06,5
3586,1,2026-02-06,2
3587,1,2026-02-06,4
3588,1,2026-02-06,6
3589,1,2026-02-06,3
3590,1,2026-02-06,2
3591,1,2026-02-06,7
3592,1,2026-02-06,4
3593,1,2026-02-06,8
3594,1,2026-02-06,2
3595,1,2026-02-06,2
3596,1,2026-02-06,3
3597,1,2026-02-06,4
3598,1,2026-02-06,5
3599,1,2026-02-06,3
3600,1,2026-02-06,2
3601,1,2026-02-06,4
3602,1,2026-02-06,8
3603,1,2026-02-06,7
3604,1,2026-02-06,5
3605,1,2026-02-06,4
3606,1,2026-02-06,8
3607,1,2026-02-06,3
3608,1,2026-02-06,2
3609,1,2026-02-06,5
3610,1,2026-02-06,2
3611,1,2026-02-06,7
3612,1,2026-02-06,5
3613,1,2026-02-06,3
3614,1,2026-02-06,5
3615,1,2026-02-06,7
3616,1,2026-02-06,8
3617,1,2026-02-06,6
3618,1,2026-02-06,4
3619,1,2026-02-06,8
3620,1,2026-02-06,5
3621,1,2026-02-06,3
3622,1,2026-02-06,7
3623,1,2026-02-06,5
3624,1,2026-02-06,6
3625,1,2026-02-06,4
3626,1,2026-02-06,4
3627,1,2026-02-06,5
3628,1,2026-02-06,7
3629,1,2026-02-06,6
3630,1,2026-02-06,6
3631,1,2026-02-06,8
3632,1,2026-02-06,4
3633,1,2026-02-06,3
3634,1,2026-02-06,5
3635,1,2026-02-06,6
3636,1,2026-02-06,4
3637,1,2026-02-06,5
3638,1,2026-02-06,3
3639,1,2026-02-06,7
3640,1,2026-02-06,3
3641,1,2026-02-06,7
3642,1,2026-02-06,4
3643,1,2026-02-06,6
3644,1,2026-02-06,3
3645,1,2026-02-06,3
3646,1,2026-02-06,3
3647,1,2026-02-06,5
3648,1,2026-02-06,7
3649,1,2026-02-06,7
3650,1,2026-02-06,5
3651,1,2026-02-06,8
3652,1,2026-02-06,4
3653,1,2026-02-06,6
3654,1,2026-02-06,2
3655,1,2026-02-06,2
3656,1,2026-02-06,6
3657,1,2026-02-06,3
3658,1,2026-02-06,7
3659,1,2026-02-06,3
3660,1,2026-02-06,2
3661,1,2026-02-06,6
3662,1,2026-02-06,8
3663,1,2026-02-06,3
3664,1,2026-02-06,7
3665,1,2026-02-06,4
3666,1,2026-02-06,4
3667,1,2026-02-06,7
3668,1,2026-02-06,2
3669,1,2026-02-06,4
3670,1,2026-02-06,5
3671,1,2026-02-06,8
3672,1,2026-02-06,8
3673,1,2026-02-06,8
3674,1,2026-02-06,2
3675,1,2026-02-07,6
3676,1,2026-02-07,3
3677,1,2026-02-07,8
3678,1,2026-02-07,5
3679,1,2026-02-07,2
3680,1,2026-02-07,7
3681,1,2026-02-07,2
3682,1,2026-02-07,8
3683,1,2026-02-07,3
3684,1,2026-02-07,5
3685,1,2026-02-07,5
3686,1,2026-02-07,7
3687,1,2026-02-07,6
3688,1,2026-02-07,7
3689,1,2026-02-07,2
3690,1,2026-02-07,6
3691,1,2026-02-07,5
3692,1,2026-02-07,4
3693,1,2026-02-07,3
3694,1,2026-02-07,8
3695,1,2026-02-07,4
3696,1,2026-02-07,6
3697,1,2026-02-07,7
3698,1,2026-02-07,2
3699,1,2026-02-07,7
3700,1,2026-02-07,7
3701,1,2026-02-07,5
3702,1,2026-02-07,7
3703,1,2026-02-07,6
3704,1,2026-02-07,7
3705,1,2026-02-07,6
3706,1,2026-02-07,3
3707,1,2026-02-07,4
3708,1,2026-02-07,2
3709,1,2026-02-07,2
3710,1,2026-02-07,6
3711,1,2026-02-07,3
3712,1,2026-02-07,6
3713,1,2026-02-07,8
3714,1,2026-02-07,7
3715,1,2026-02-07,3
3716,1,2026-02-07,8
3717,1,2026-02-07,7
3718,1,2026-02-07,4
3719,1,2026-02-07,7
3720,1,2026-02-07,5
3721,1,2026-02-07,4
3722,1,2026-02-07,8
3723,1,2026-02-07,6
3724,1,2026-02-07,4
3725,1,2026-02-07,7
3726,1,2026-02-07,4
3727,1,2026-02-07,2
3728,1,2026-02-07,2
3729,1,2026-02-07,8
3730,1,2026-02-07,6
3731,1,2026-02-07,2
3732,1,2026-02-07,5
3733,1,2026-02-07,8
3734,1,2026-02-07,7
3735,1,2026-02-07,3
3736,1,2026-02-07,3
3737,1,2026-02-07,7
3738,1,2026-02-07,4
3739,1,2026-02-07,4
3740,1,2026-02-07,7
3741,1,2026-02-07,3
3742,1,2026-02-07,2
3743,1,2026-02-07,8
3744,1,2026-02-07,6
3745,1,2026-02-07,4
3746,1,2026-02-07,2
3747,1,2026-02-07,5
3748,1,2026-02-07,4
3749,1,2026-02-07,2
3750,1,2026-02-07,8
3751,1,2026-02-07,8
3752,1,2026-02-07,2
3753,1,2026-02-07,6
3754,1,2026-02-07,8
3755,1,2026-02-07,5
3756,1,2026-02-07,7
3757,1,2026-02-07,2
3758,1,2026-02-07,3
3759,1,2026-02-07,8
3760,1,2026-02-07,2
3761,1,2026-02-07,3
3762,1,2026-02-07,8
3763,1,2026-02-07,3
3764,1,2026-02-07,2
3765,1,2026-02-07,3
3766,1,2026-02-07,8
3767,1,2026-02-07,5
3768,1,2026-02-07,2
3769,1,2026-02-07,2
3770,1,2026-02-07,2
3771,1,2026-02-07,6
3772,1,2026-02-07,6
3773,1,2026-02-07,2
3774,1,2026-02-07,8
3775,1,2026-02-07,3
3776,1,2026-02-07,8
3777,1,2026-02-07,3
3778,1,2026-02-08,8
3779,1,2026-02-08,4
3780,1,2026-02-08,2
3781,1,2026-02-08,8
3782,1,2026-02-08,6
3783,1,2026-02-08,8
3784,1,2026-02-08,6
3785,1,2026-02-08,5
3786,1,2026-02-08,3
3787,1,2026-02-08,7
3788,1,2026-02-08,8
3789,1,2026-02-08,6
3790,1,2026-02-08,8
3791,1,2026-02-08,2
3792,1,2026-02-08,6
3793,1,2026-02-08,8
3794,1,2026-02-08,4
3795,1,2026-02-08,6
3796,1,2026-02-08,7
3797,1,2026-02-08,8
3798,1,2026-02-08,7
3799,1,2026-02-08,3
3800,1,2026-02-08,2
3801,1,2026-02-08,7
3802,1,2026-02-08,7
3803,1,2026-02-08,7
3804,1,2026-02-08,4
3805,1,2026-02-08,4
3806,1,2026-02-08,8
3807,1,2026-02-08,4
3808,1,2026-02-08,7
3809,1,2026-02-08,4
3810,1,2026-02-08,4
3811,1,2026-02-08,2
3812,1,2026-02-08,2
3813,1,2026-02-08,2
3814,1,2026-02-08,6
3815,1,2026-02-08,8
3816,1,2026-02-08,7
3817,1,2026-02-08,7
3818,1,2026-02-08,3
3819,1,2026-02-08,7
3820,1,2026-02-08,3
3821,1,2026-02-08,3
3822,1,2026-02-08,2
3823,1,2026-02-08,8
3824,1,2026-02-08,3
3825,1,2026-02-08,4
3826,1,2026-02-08,3
3827,1,2026-02-08,3
3828,1,2026-02-08,8
3829,1,2026-02-08,3
3830,1,2026-02-08,5
3831,1,2026-02-08,3
3832,1,2026-02-08,6
3833,1,2026-02-08,7
3834,1,2026-02-08,3
3835,1,2026-02-08,2
3836,1,2026-02-08,7
3837,1,2026-02-08,6
3838,1,2026-02-08,3
3839,1,2026-02-08,4
3840,1,2026-02-08,8
3841,1,2026-02-08,6
3842,1,2026-02-08,3
3843,1,2026-02-08,6
3844,1,2026-02-08,8
3845,1,2026-02-08,5
3846,1,2026-02-08,4
3847,1,2026-02-08,2
3848,1,2026-02-08,8
3849,1,2026-02-08,2
3850,1,2026-02-08,4
3851,1,2026-02-08,2
3852,1,2026-02-08,4
3853,1,2026-02-08,2
3854,1,2026-02-08,6
3855,1,2026-02-08,3
3856,1,2026-02-08,4
3857,1,2026-02-08,4
3858,1,2026-02-08,8
3859,1,2026-02-08,7
3860,1,2026-02-08,6
3861,1,2026-02-08,8
3862,1,2026-02-08,8
3863,1,2026-02-08,5
3864,1,2026-02-08,5
3865,1,2026-02-08,3
3866,1,2026-02-08,7
3867,1,2026-02-08,6
3868,1,2026-02-08,2
3869,1,2026-02-08,8
3870,1,2026-02-08,5
3871,1,2026-02-08,8
3872,1,2026-02-08,4
3873,1,2026-02-08,7
3874,1,2026-02-08,5
3875,1,2026-02-08,6
3876,1,2026-02-08,5
3877,1,2026-02-08,3
3878,1,2026-02-08,6
3879,1,2026-02-08,3
3880,1,2026-02-08,6
3881,1,2026-02-08,7
3882,1,2026-02-08,8
3883,1,2026-02-08,4
3884,1,2026-02-08,6
3885,1,2026-02-08,2
3886,1,2026-02-08,5
3887,1,2026-02-08,5
3888,1,2026-02-09,2
3889,1,2026-02-09,7
3890,1,2026-02-09,8
3891,1,2026-02-09,2
3892,1,2026-02-09,3
3893,1,2026-02-09,5
3894,1,2026-02-09,3
3895,1,2026-02-09,4
3896,1,2026-02-09,8
3897,1,2026-02-09,2
3898,1,2026-02-09,3
3899,1,2026-02-09,3
3900,1,2026-02-09,8
3901,1,2026-02-09,7
3902,1,2026-02-09,4
3903,1,2026-02-09,4
3904,1,2026-02-09,6
3905,1,2026-02-09,4
3906,1,2026-02-09,2
3907,1,2026-02-09,2
3908,1,2026-02-09,3
3909,1,2026-02-09,5
3910,1,2026-02-09,6
3911,1,2026-02-09,5
3912,1,2026-02-09,3
3913,1,2026-02-09,4
3914,1,2026-02-09,6
3915,1,2026-02-09,8
3916,1,2026-02-09,4
3917,1,2026-02-09,5
3918,1,2026-02-09,3
3919,1,2026-02-09,6
3920,1,2026-02-09,6
3921,1,2026-02-09,4
3922,1,2026-02-09,8
3923,1,2026-02-09,7
3924,1,2026-02-09,2
3925,1,2026-02-09,5
3926,1,2026-02-09,5
3927,1,2026-02-09,8
3928,1,2026-02-09,2
3929,1,2026-02-09,6
3930,1,2026-02-09,4
3931,1,2026-02-09,8
3932,1,2026-02-09,6
3933,1,2026-02-09,3
3934,1,2026-02-09,7
3935,1,2026-02-09,6
3936,1,2026-02-09,2
3937,1,2026-02-09,7
3938,1,2026-02-09,5
3939,1,2026-02-09,7
3940,1,2026-02-09,7
3941,1,2026-02-09,5
3942,1,2026-02-09,8
3943,1,2026-02-09,6
3944,1,2026-02-09,7
3945,1,2026-02-09,4
3946,1,2026-02-09,6
3947,1,2026-02-09,3
3948,1,2026-02-09,8
3949,1,2026-02-09,8
3950,1,2026-02-09,7
3951,1,2026-02-09,7
3952,1,2026-02-09,4
3953,1,2026-02-09,7
3954,1,2026-02-09,7
3955,1,2026-02-09,6
3956,1,2026-02-09,2
3957,1,2026-02-09,3
3958,1,2026-02-09,2
3959,1,2026-02-09,8
3960,1,2026-02-09,5
3961,1,2026-02-09,3
3962,1,2026-02-09,6
3963,1,2026-02-09,3
3964,1,2026-02-09,6
3965,1,2026-02-09,4
3966,1,2026-02-09,4
3967,1,2026-02-10,7
3968,1,2026-02-10,8
3969,1,2026-02-10,3
3970,1,2026-02-10,5
3971,1,2026-02-10,7
3972,1,2026-02-10,5
3973,1,2026-02-10,5
3974,1,2026-02-10,2
3975,1,2026-02-10,6
3976,1,2026-02-10,8
3977,1,2026-02-10,8
3978,1,2026-02-10,3
3979,1,2026-02-10,8
3980,1,2026-02-10,8
3981,1,2026-02-10,8
3982,1,2026-02-10,6
3983,1,2026-02-10,2
3984,1,2026-02-10,5
3985,1,2026-02-10,6
3986,1,2026-02-10,7
3987,1,2026-02-10,5
3988,1,2026-02-10,5
3989,1,2026-02-10,5
3990,1,2026-02-10,3
3991,1,2026-02-10,6
3992,1,2026-02-10,7
3993,1,2026-02-10,8
3994,1,2026-02-10,8
3995,1,2026-02-10,6
3996,1,2026-02-10,7
3997,1,2026-02-10,5
3998,1,2026-02-10,8
3999,1,2026-02-10,8
4000,1,2026-02-10,4
4001,1,2026-02-10,7
4002,1,2026-02-10,4
4003,1,2026-02-10,8
4004,1,2026-02-10,6
4005,1,2026-02-10,6
4006,1,2026-02-10,7
4007,1,2026-02-10,3
4008,1,2026-02-10,5
4009,1,2026-02-10,4
4010,1,2026-02-10,4
4011,1,2026-02-10,3
4012,1,2026-02-10,8
4013,1,2026-02-10,5
4014,1,2026-02-10,7
4015,1,2026-02-10,6
4016,1,2026-02-10,5
4017,1,2026-02-10,3
4018,1,2026-02-10,8
4019,1,2026-02-10,2
4020,1,2026-02-10,7
4021,1,2026-02-10,5
4022,1,2026-02-10,3
4023,1,2026-02-10,8
4024,1,2026-02-10,2
4025,1,2026-02-10,3
4026,1,2026-02-10,7
4027,1,2026-02-10,5
4028,1,2026-02-10,2
4029,1,2026-02-10,7
4030,1,2026-02-10,8
4031,1,2026-02-10,5
4032,1,2026-02-10,2
4033,1,2026-02-10,3
4034,1,2026-02-10,7
4035,1,2026-02-10,6
4036,1,2026-02-10,7
4037,1,2026-02-10,7
4038,1,2026-02-10,4
4039,1,2026-02-10,8
4040,1,2026-02-10,7
4041,1,2026-02-10,4
4042,1,2026-02-10,3
4043,1,2026-02-10,7
4044,1,2026-02-10,4
4045,1,2026-02-10,4
4046,1,2026-02-10,5
4047,1,2026-02-10,3
4048,1,2026-02-10,6
4049,1,2026-02-10,7
4050,1,2026-02-10,8
4051,1,2026-02-10,4
4052,1,2026-02-11,6
4053,1,2026-02-11,4
4054,1,2026-02-11,2
4055,1,2026-02-11,8
4056,1,2026-02-11,8
4057,1,2026-02-11,2
4058,1,2026-02-11,6
4059,1,2026-02-11,3
4060,1,2026-02-11,4
4061,1,2026-02-11,5
4062,1,2026-02-11,8
4063,1,2026-02-11,2
4064,1,2026-02-11,2
4065,1,2026-02-11,6
4066,1,2026-02-11,4
4067,1,2026-02-11,4
4068,1,2026-02-11,2
4069,1,2026-02-11,8
4070,1,2026-02-11,8
4071,1,2026-02-11,2
4072,1,2026-02-11,3
4073,1,2026-02-11,2
4074,1,2026-02-11,4
4075,1,2026-02-11,2
4076,1,2026-02-11,7
4077,1,2026-02-11,3
4078,1,2026-02-11,2
4079,1,2026-02-11,3
4080,1,2026-02-11,6
4081,1,2026-02-11,5
4082,1,2026-02-11,5
4083,1,2026-02-11,3
4084,1,2026-02-11,4
4085,1,2026-02-11,6
4086,1,2026-02-11,5
4087,1,2026-02-11,8
4088,1,2026-02-11,4
4089,1,2026-02-11,3
4090,1,2026-02-11,4
4091,1,2026-02-11,4
4092,1,2026-02-11,7
4093,1,2026-02-11,7
4094,1,2026-02-11,5
4095,1,2026-02-11,8
4096,1,2026-02-11,4
4097,1,2026-02-11,6
4098,1,2026-02-11,5
4099,1,2026-02-11,3
4100,1,2026-02-11,6
4101,1,2026-02-11,6
4102,1,2026-02-11,7
4103,1,2026-02-11,2
4104,1,2026-02-11,4
4105,1,2026-02-11,7
4106,1,2026-02-11,8
4107,1,2026-02-11,5
4108,1,2026-02-11,4
4109,1,2026-02-11,4
4110,1,2026-02-11,3
4111,1,2026-02-11,2
4112,1,2026-02-11,8
4113,1,2026-02-11,3
4114,1,2026-02-11,7
4115,1,2026-02-11,3
4116,1,2026-02-11,8
4117,1,2026-02-11,8
4118,1,2026-02-11,6
4119,1,2026-02-11,7
4120,1,2026-02-11,4
4121,1,2026-02-11,7
4122,1,2026-02-11,5
4123,1,2026-02-11,3
4124,1,2026-02-11,4
4125,1,2026-02-11,5
4126,1,2026-02-11,8
4127,1,2026-02-11,3
4128,1,2026-02-11,5
4129,1,2026-02-11,3
4130,1,2026-02-11,8
4131,1,2026-02-11,8
4132,1,2026-02-11,7
4133,1,2026-02-11,3
4134,1,2026-02-11,4
4135,1,2026-02-11,7
4136,1,2026-02-11,4
4137,1,2026-02-11,5
4138,1,2026-02-11,8
4139,1,2026-02-11,4
4140,1,2026-02-11,7
4141,1,2026-02-11,6
4142,1,2026-02-11,4
4143,1,2026-02-11,3
4144,1,2026-02-11,5
4145,1,2026-02-11,5
4146,1,2026-02-11,2
4147,1,2026-02-11,4
4148,1,2026-02-11,6
4149,1,2026-02-11,2
4150,1,2026-02-12,6
4151,1,2026-02-12,7
4152,1,2026-02-12,3
4153,1,2026-02-12,2
4154,1,2026-02-12,3
4155,1,2026-02-12,7
4156,1,2026-02-12,5
4157,1,2026-02-12,7
4158,1,2026-02-12,7
4159,1,2026-02-12,2
4160,1,2026-02-12,2
4161,1,2026-02-12,5
4162,1,2026-02-12,8
4163,1,2026-02-12,6
4164,1,2026-02-12,4
4165,1,2026-02-12,3
4166,1,2026-02-12,7
4167,1,2026-02-12,4
4168,1,2026-02-12,6
4169,1,2026-02-12,4
4170,1,2026-02-12,7
4171,1,2026-02-12,3
4172,1,2026-02-12,4
4173,1,2026-02-12,2
4174,1,2026-02-12,4
4175,1,2026-02-12,3
4176,1,2026-02-12,6
4177,1,2026-02-12,5
4178,1,2026-02-12,7
4179,1,2026-02-12,6
4180,1,2026-02-12,7
4181,1,2026-02-12,4
4182,1,2026-02-12,8
4183,1,2026-02-12,8
4184,1,2026-02-12,3
4185,1,2026-02-12,2
4186,1,2026-02-12,5
4187,1,2026-02-12,8
4188,1,2026-02-12,4
4189,1,2026-02-12,5
4190,1,2026-02-12,4
4191,1,2026-02-12,8
4192,1,2026-02-12,4
4193,1,2026-02-12,8
4194,1,2026-02-12,6
4195,1,2026-02-12,7
4196,1,2026-02-12,8
4197,1,2026-02-12,2
4198,1,2026-02-12,8
4199,1,2026-02-12,2
4200,1,2026-02-12,2
4201,1,2026-02-12,2
4202,1,2026-02-12,4
4203,1,2026-02-12,8
4204,1,2026-02-12,8
4205,1,2026-02-12,5
4206,1,2026-02-12,5
4207,1,2026-02-12,7
4208,1,2026-02-12,8
4209,1,2026-02-12,3
4210,1,2026-02-12,8
4211,1,2026-02-12,8
4212,1,2026-02-12,8
4213,1,2026-02-12,2
4214,1,2026-02-12,5
4215,1,2026-02-12,3
4216,1,2026-02-12,7
4217,1,2026-02-12,8
4218,1,2026-02-12,8
4219,1,2026-02-12,8
4220,1,2026-02-12,8
4221,1,2026-02-12,5
4222,1,2026-02-12,8
4223,1,2026-02-12,5
4224,1,2026-02-12,8
4225,1,2026-02-12,8
4226,1,2026-02-12,5
4227,1,2026-02-12,5
4228,1,2026-02-12,2
4229,1,2026-02-12,3
4230,1,2026-02-12,6
4231,1,2026-02-12,6
4232,1,2026-02-12,5
4233,1,2026-02-12,8
4234,1,2026-02-12,2
4235,1,2026-02-12,4
4236,1,2026-02-12,7
4237,1,2026-02-12,6
4238,1,2026-02-12,8
4239,1,2026-02-12,6
4240,1,2026-02-12,4
4241,1,2026-02-12,4
4242,1,2026-02-12,7
4243,1,2026-02-12,3
4244,1,2026-02-12,5
4245,1,2026-02-12,3
4246,1,2026-02-12,7
4247,1,2026-02-12,7
4248,1,2026-02-12,5
4249,1,2026-02-12,6
4250,1,2026-02-12,4
4251,1,2026-02-13,7
4252,1,2026-02-13,5
4253,1,2026-02-13,2
4254,1,2026-02-13,5
4255,1,2026-02-13,6
4256,1,2026-02-13,2
4257,1,2026-02-13,8
4258,1,2026-02-13,3
4259,1,2026-02-13,2
4260,1,2026-02-13,8
4261,1,2026-02-13,6
4262,1,2026-02-13,3
4263,1,2026-02-13,7
4264,1,2026-02-13,4
4265,1,2026-02-13,3
4266,1,2026-02-13,6
4267,1,2026-02-13,6
4268,1,2026-02-13,4
4269,1,2026-02-13,7
4270,1,2026-02-13,6
4271,1,2026-02-13,6
4272,1,2026-02-13,7
4273,1,2026-02-13,5
4274,1,2026-02-13,4
4275,1,2026-02-13,8
4276,1,2026-02-13,4
4277,1,2026-02-13,2
4278,1,2026-02-13,5
4279,1,2026-02-13,7
4280,1,2026-02-13,4
4281,1,2026-02-13,6
4282,1,2026-02-13,6
4283,1,2026-02-13,2
4284,1,2026-02-13,2
4285,1,2026-02-13,8
4286,1,2026-02-13,5
4287,1,2026-02-13,3
4288,1,2026-02-13,6
4289,1,2026-02-13,8
4290,1,2026-02-13,3
4291,1,2026-02-13,8
4292,1,2026-02-13,7
4293,1,2026-02-13,3
4294,1,2026-02-13,4
4295,1,2026-02-13,2
4296,1,2026-02-13,5
4297,1,2026-02-13,3
4298,1,2026-02-13,8
4299,1,2026-02-13,4
4300,1,2026-02-13,3
4301,1,2026-02-13,6
4302,1,2026-02-13,2
4303,1,2026-02-13,4
4304,1,2026-02-13,3
4305,1,2026-02-13,5
4306,1,2026-02-13,2
4307,1,2026-02-13,6
4308,1,2026-02-13,8
4309,1,2026-02-13,2
4310,1,2026-02-13,7
4311,1,2026-02-13,3
4312,1,2026-02-13,8
4313,1,2026-02-13,5
4314,1,2026-02-13,2
4315,1,2026-02-13,5
4316,1,2026-02-13,8
4317,1,2026-02-13,3
4318,1,2026-02-13,8
4319,1,2026-02-13,6
4320,1,2026-02-13,5
4321,1,2026-02-13,6
4322,1,2026-02-13,6
4323,1,2026-02-13,2
4324,1,2026-02-13,8
4325,1,2026-02-13,3
4326,1,2026-02-13,2
4327,1,2026-02-13,6
4328,1,2026-02-13,7
4329,1,2026-02-13,4
4330,1,2026-02-13,8
4331,1,2026-02-13,4
4332,1,2026-02-13,2
4333,1,2026-02-13,8
4334,1,2026-02-13,8
4335,1,2026-02-13,7
4336,1,2026-02-13,7
4337,1,2026-02-13,5
4338,1,2026-02-13,2
4339,1,2026-02-13,2
4340,1,2026-02-13,8
4341,1,2026-02-13,7
4342,1,2026-02-13,8
4343,1,2026-02-13,4
4344,1,2026-02-13,6
4345,1,2026-02-13,7
4346,1,2026-02-13,5
4347,1,2026-02-13,5
4348,1,2026-02-13,8
4349,1,2026-02-13,6
4350,1,2026-02-13,6
4351,1,2026-02-13,6
4352,1,2026-02-13,5
4353,1,2026-02-13,7
4354,1,2026-02-13,5
4355,1,2026-02-13,4
4356,1,2026-02-13,7
4357,1,2026-02-13,7
4358,1,2026-02-13,8
4359,1,2026-02-13,6
4360,1,2026-02-13,5
4361,1,2026-02-13,3
4362,1,2026-02-13,7
4363,1,2026-02-13,7
4364,1,2026-02-13,3
4365,1,2026-02-14,4
4366,1,2026-02-14,6
4367,1,2026-02-14,4
4368,1,2026-02-14,3
4369,1,2026-02-14,6
4370,1,2026-02-14,7
4371,1,2026-02-14,5
4372,1,2026-02-14,2
4373,1,2026-02-14,2
4374,1,2026-02-14,3
4375,1,2026-02-14,4
4376,1,2026-02-14,6
4377,1,2026-02-14,2
4378,1,2026-02-14,6
4379,1,2026-02-14,7
4380,1,2026-02-14,6
4381,1,2026-02-14,2
4382,1,2026-02-14,2
4383,1,2026-02-14,7
4384,1,2026-02-14,4
4385,1,2026-02-14,8
4386,1,2026-02-14,7
4387,1,2026-02-14,6
4388,1,2026-02-14,8
4389,1,2026-02-14,5
4390,1,2026-02-14,2
4391,1,2026-02-14,8
4392,1,2026-02-14,6
4393,1,2026-02-14,7
4394,1,2026-02-14,7
4395,1,2026-02-14,5
4396,1,2026-02-14,7
4397,1,2026-02-14,2
4398,1,2026-02-14,5
4399,1,2026-02-14,5
4400,1,2026-02-14,2
4401,1,2026-02-14,3
4402,1,2026-02-14,5
4403,1,2026-02-14,6
4404,1,2026-02-14,8
4405,1,2026-02-14,2
4406,1,2026-02-14,3
4407,1,2026-02-14,5
4408,1,2026-02-14,5
4409,1,2026-02-14,3
4410,1,2026-02-14,3
4411,1,2026-02-14,3
4412,1,2026-02-14,2
4413,1,2026-02-14,8
4414,1,2026-02-14,8
4415,1,2026-02-14,6
4416,1,2026-02-14,5
4417,1,2026-02-14,7
4418,1,2026-02-14,6
4419,1,2026-02-14,7
4420,1,2026-02-14,2
4421,1,2026-02-14,8
4422,1,2026-02-14,3
4423,1,2026-02-14,3
4424,1,2026-02-14,7
4425,1,2026-02-14,4
4426,1,2026-02-14,5
4427,1,2026-02-14,5
4428,1,2026-02-14,6
4429,1,2026-02-14,5
4430,1,2026-02-14,3
4431,1,2026-02-14,4
4432,1,2026-02-14,2
4433,1,2026-02-14,3
4434,1,2026-02-14,7
4435,1,2026-02-14,5
4436,1,2026-02-14,7
4437,1,2026-02-14,5
4438,1,2026-02-14,6
4439,1,2026-02-14,3
4440,1,2026-02-14,3
4441,1,2026-02-14,8
4442,1,2026-02-14,4
4443,1,2026-02-14,3
4444,1,2026-02-14,7
4445,1,2026-02-14,8
4446,1,2026-02-14,8
4447,1,2026-02-14,3
4448,1,2026-02-14,5
4449,1,2026-02-14,3
4450,1,2026-02-14,3
4451,1,2026-02-14,4
4452,1,2026-02-14,6
4453,1,2026-02-14,7
4454,1,2026-02-14,3
4455,1,2026-02-14,3
4456,1,2026-02-14,6
4457,1,2026-02-14,6
4458,1,2026-02-14,8
4459,1,2026-02-14,8
4460,1,2026-02-14,2
4461,1,2026-02-14,3
4462,1,2026-02-14,8
4463,1,2026-02-14,8
4464,1,2026-02-14,5
4465,1,2026-02-14,4
4466,1,2026-02-14,3
4467,1,2026-02-14,7
4468,1,2026-02-14,3
4469,1,2026-02-14,3
4470,1,2026-02-14,3
4471,1,2026-02-14,3
4472,1,2026-02-14,3
4473,1,2026-02-14,3
4474,1,2026-02-14,7
4475,1,2026-02-14,2
4476,1,2026-02-14,2
4477,1,2026-02-14,8
4478,1,2026-02-14,6
4479,1,2026-02-14,5
4480,1,2026-02-14,4
4481,1,2026-02-14,8
4482,1,2026-02-14,2
4483,1,2026-02-14,8
4484,1,2026-02-14,6
4485,1,2026-02-14,3
4486,1,2026-02-14,5
4487,1,2026-02-14,8
4488,1,2026-02-14,4
4489,1,2026-02-15,7
4490,1,2026-02-15,4
4491,1,2026-02-15,3
4492,1,2026-02-15,2
4493,1,2026-02-15,4
4494,1,2026-02-15,3
4495,1,2026-02-15,3
4496,1,2026-02-15,3
4497,1,2026-02-15,6
4498,1,2026-02-15,8
4499,1,2026-02-15,4
4500,1,2026-02-15,3
4501,1,2026-02-15,4
4502,1,2026-02-15,6
4503,1,2026-02-15,8
4504,1,2026-02-15,4
4505,1,2026-02-15,4
4506,1,2026-02-15,3
4507,1,2026-02-15,8
4508,1,2026-02-15,2
4509,1,2026-02-15,5
4510,1,2026-02-15,8
4511,1,2026-02-15,7
4512,1,2026-02-15,2
4513,1,2026-02-15,3
4514,1,2026-02-15,4
4515,1,2026-02-15,6
4516,1,2026-02-15,3
4517,1,2026-02-15,8
4518,1,2026-02-15,8
4519,1,2026-02-15,7
4520,1,2026-02-15,2
4521,1,2026-02-15,7
4522,1,2026-02-15,5
4523,1,2026-02-15,3
4524,1,2026-02-15,7
4525,1,2026-02-15,2
4526,1,2026-02-15,7
4527,1,2026-02-15,2
4528,1,2026-02-15,8
4529,1,2026-02-15,6
4530,1,2026-02-15,8
4531,1,2026-02-15,7
4532,1,2026-02-15,5
4533,1,2026-02-15,7
4534,1,2026-02-15,7
4535,1,2026-02-15,5
4536,1,2026-02-15,2
4537,1,2026-02-15,7
4538,1,2026-02-15,7
4539,1,2026-02-15,2
4540,1,2026-02-15,5
4541,1,2026-02-15,6
4542,1,2026-02-15,5
4543,1,2026-02-15,6
4544,1,2026-02-15,8
4545,1,2026-02-15,3
4546,1,2026-02-15,6
4547,1,2026-02-15,4
4548,1,2026-02-15,4
4549,1,2026-02-15,5
4550,1,2026-02-15,7
4551,1,2026-02-15,7
4552,1,2026-02-15,7
4553,1,2026-02-15,6
4554,1,2026-02-15,7
4555,1,2026-02-15,7
4556,1,2026-02-15,6
4557,1,2026-02-15,8
4558,1,2026-02-15,4
4559,1,2026-02-15,6
4560,1,2026-02-15,6
4561,1,2026-02-15,6
4562,1,2026-02-15,3
4563,1,2026-02-15,2
4564,1,2026-02-15,4
4565,1,2026-02-15,8
4566,1,2026-02-15,7
4567,1,2026-02-15,8
4568,1,2026-02-15,5
4569,1,2026-02-15,6
4570,1,2026-02-15,8
4571,1,2026-02-15,7
4572,1,2026-02-15,2
4573,1,2026-02-16,6
4574,1,2026-02-16,6
4575,1,2026-02-16,2
4576,1,2026-02-16,2
4577,1,2026-02-16,5
4578,1,2026-02-16,5
4579,1,2026-02-16,8
4580,1,2026-02-16,8
4581,1,2026-02-16,3
4582,1,2026-02-16,5
4583,1,2026-02-16,3
4584,1,2026-02-16,6
4585,1,2026-02-16,4
4586,1,2026-02-16,5
4587,1,2026-02-16,8
4588,1,2026-02-16,3
4589,1,2026-02-16,3
4590,1,2026-02-16,7
4591,1,2026-02-16,4
4592,1,2026-02-16,3
4593,1,2026-02-16,2
4594,1,2026-02-16,6
4595,1,2026-02-16,3
4596,1,2026-02-16,7
4597,1,2026-02-16,6
4598,1,2026-02-16,7
4599,1,2026-02-16,4
4600,1,2026-02-16,4
4601,1,2026-02-16,7
4602,1,2026-02-16,7
4603,1,2026-02-16,8
4604,1,2026-02-16,6
4605,1,2026-02-16,2
4606,1,2026-02-16,6
4607,1,2026-02-16,5
4608,1,2026-02-16,6
4609,1,2026-02-16,5
4610,1,2026-02-16,2
4611,1,2026-02-16,2
4612,1,2026-02-16,6
4613,1,2026-02-16,2
4614,1,2026-02-16,4
4615,1,2026-02-16,2
4616,1,2026-02-16,7
4617,1,2026-02-16,7
4618,1,2026-02-16,3
4619,1,2026-02-16,6
4620,1,2026-02-16,5
4621,1,2026-02-16,4
4622,1,2026-02-16,5
4623,1,2026-02-16,5
4624,1,2026-02-16,2
4625,1,2026-02-16,6
4626,1,2026-02-16,6
4627,1,2026-02-16,6
4628,1,2026-02-16,4
4629,1,2026-02-16,7
4630,1,2026-02-16,2
4631,1,2026-02-16,6
4632,1,2026-02-16,8
4633,1,2026-02-16,2
4634,1,2026-02-16,2
4635,1,2026-02-16,3
4636,1,2026-02-16,7
4637,1,2026-02-16,3
4638,1,2026-02-16,5
4639,1,2026-02-16,6
4640,1,2026-02-16,2
4641,1,2026-02-16,7
4642,1,2026-02-16,6
4643,1,2026-02-16,3
4644,1,2026-02-16,3
4645,1,2026-02-16,7
4646,1,2026-02-16,5
4647,1,2026-02-17,5
4648,1,2026-02-17,2
4649,1,2026-02-17,6
4650,1,2026-02-17,5
4651,1,2026-02-17,4
4652,1,2026-02-17,8
4653,1,2026-02-17,6
4654,1,2026-02-17,6
4655,1,2026-02-17,4
4656,1,2026-02-17,4
4657,1,2026-02-17,7
4658,1,2026-02-17,6
4659,1,2026-02-17,8
4660,1,2026-02-17,5
4661,1,2026-02-17,8
4662,1,2026-02-17,2
4663,1,2026-02-17,4
4664,1,2026-02-17,3
4665,1,2026-02-17,3
4666,1,2026-02-17,3
4667,1,2026-02-17,6
4668,1,2026-02-17,7
4669,1,2026-02-17,7
4670,1,2026-02-17,6
4671,1,2026-02-17,4
4672,1,2026-02-17,8
4673,1,2026-02-17,4
4674,1,2026-02-17,5
4675,1,2026-02-17,5
4676,1,2026-02-17,5
4677,1,2026-02-17,8
4678,1,2026-02-17,6
4679,1,2026-02-17,4
4680,1,2026-02-17,6
4681,1,2026-02-17,8
4682,1,2026-02-17,5
4683,1,2026-02-17,4
4684,1,2026-02-17,4
4685,1,2026-02-17,4
4686,1,2026-02-17,7
4687,1,2026-02-17,6
4688,1,2026-02-17,8
4689,1,2026-02-17,8
4690,1,2026-02-17,2
4691,1,2026-02-17,2
4692,1,2026-02-17,7
4693,1,2026-02-17,7
4694,1,2026-02-17,4
4695,1,2026-02-17,4
4696,1,2026-02-17,3
4697,1,2026-02-17,3
4698,1,2026-02-17,2
4699,1,2026-02-17,7
4700,1,2026-02-17,6
4701,1,2026-02-17,6
4702,1,2026-02-17,6
4703,1,2026-02-17,6
4704,1,2026-02-17,8
4705,1,2026-02-17,2
4706,1,2026-02-17,6
4707,1,2026-02-17,8
4708,1,2026-02-17,2
4709,1,2026-02-17,7
4710,1,2026-02-17,8
4711,1,2026-02-17,4
4712,1,2026-02-17,8
4713,1,2026-02-17,3
4714,1,2026-02-17,2
4715,1,2026-02-17,3
4716,1,2026-02-17,8
4717,1,2026-02-17,2
4718,1,2026-02-17,8
4719,1,2026-02-17,2
4720,1,2026-02-17,5
4721,1,2026-02-17,2
4722,1,2026-02-17,8
4723,1,2026-02-17,4
4724,1,2026-02-17,4
4725,1,2026-02-17,4
4726,1,2026-02-17,3
4727,1,2026-02-17,3
4728,1,2026-02-17,5
4729,1,2026-02-17,4
4730,1,2026-02-17,2
4731,1,2026-02-17,6
4732,1,2026-02-17,5
4733,1,2026-02-17,8
4734,1,2026-02-17,2
4735,1,2026-02-17,5
4736,1,2026-02-17,4
4737,1,2026-02-17,6
4738,1,2026-02-18,2
4739,1,2026-02-18,5
4740,1,2026-02-18,5
4741,1,2026-02-18,8
4742,1,2026-02-18,7
4743,1,2026-02-18,4
4744,1,2026-02-18,4
4745,1,2026-02-18,5
4746,1,2026-02-18,2
4747,1,2026-02-18,6
4748,1,2026-02-18,7
4749,1,2026-02-18,3
4750,1,2026-02-18,8
4751,1,2026-02-18,3
4752,1,2026-02-18,3
4753,1,2026-02-18,8
4754,1,2026-02-18,2
4755,1,2026-02-18,2
4756,1,2026-02-18,6
4757,1,2026-02-18,8
4758,1,2026-02-18,4
4759,1,2026-02-18,6
4760,1,2026-02-18,7
4761,1,2026-02-18,6
4762,1,2026-02-18,8
4763,1,2026-02-18,2
4764,1,2026-02-18,7
4765,1,2026-02-18,8
4766,1,2026-02-18,3
4767,1,2026-02-18,8
4768,1,2026-02-18,6
4769,1,2026-02-18,7
4770,1,2026-02-18,2
4771,1,2026-02-18,6
4772,1,2026-02-18,2
4773,1,2026-02-18,2
4774,1,2026-02-18,4
4775,1,2026-02-18,4
4776,1,2026-02-18,5
4777,1,2026-02-18,4
4778,1,2026-02-18,4
4779,1,2026-02-18,3
4780,1,2026-02-18,6
4781,1,2026-02-18,6
4782,1,2026-02-18,4
4783,1,2026-02-18,4
4784,1,2026-02-18,7
4785,1,2026-02-18,2
4786,1,2026-02-18,3
4787,1,2026-02-18,6
4788,1,2026-02-18,3
4789,1,2026-02-18,8
4790,1,2026-02-18,8
4791,1,2026-02-18,4
4792,1,2026-02-18,7
4793,1,2026-02-18,7
4794,1,2026-02-18,3
4795,1,2026-02-18,7
4796,1,2026-02-18,7
4797,1,2026-02-18,3
4798,1,2026-02-18,7
4799,1,2026-02-18,8
4800,1,2026-02-18,3
4801,1,2026-02-18,5
4802,1,2026-02-18,5
4803,1,2026-02-18,7
4804,1,2026-02-18,2
4805,1,2026-02-18,3
4806,1,2026-02-18,8
4807,1,2026-02-18,6
4808,1,2026-02-18,7
4809,1,2026-02-18,3
4810,1,2026-02-18,8
4811,1,2026-02-18,2
4812,1,2026-02-18,4
4813,1,2026-02-18,3
4814,1,2026-02-18,4
4815,1,2026-02-19,4
4816,1,2026-02-19,4
4817,1,2026-02-19,2
4818,1,2026-02-19,5
4819,1,2026-02-19,7
4820,1,2026-02-19,6
4821,1,2026-02-19,3
4822,1,2026-02-19,8
4823,1,2026-02-19,6
4824,1,2026-02-19,3
4825,1,2026-02-19,6
4826,1,2026-02-19,4
4827,1,2026-02-19,5
4828,1,2026-02-19,2
4829,1,2026-02-19,4
4830,1,2026-02-19,2
4831,1,2026-02-19,5
4832,1,2026-02-19,3
4833,1,2026-02-19,2
4834,1,2026-02-19,5
4835,1,2026-02-19,7
4836,1,2026-02-19,7
4837,1,2026-02-19,4
4838,1,2026-02-19,5
4839,1,2026-02-19,6
4840,1,2026-02-19,8
4841,1,2026-02-19,2
4842,1,2026-02-19,4
4843,1,2026-02-19,8
4844,1,2026-02-19,7
4845,1,2026-02-19,2
4846,1,2026-02-19,4
4847,1,2026-02-19,3
4848,1,2026-02-19,7
4849,1,2026-02-19,7
4850,1,2026-02-19,3
4851,1,2026-02-19,5
4852,1,2026-02-19,7
4853,1,2026-02-19,8
4854,1,2026-02-19,8
4855,1,2026-02-19,3
4856,1,2026-02-19,3
4857,1,2026-02-19,3
4858,1,2026-02-19,7
4859,1,2026-02-19,4
4860,1,2026-02-19,2
4861,1,2026-02-19,6
4862,1,2026-02-19,5
4863,1,2026-02-19,2
4864,1,2026-02-19,7
4865,1,2026-02-19,7
4866,1,2026-02-19,8
4867,1,2026-02-19,6
4868,1,2026-02-19,6
4869,1,2026-02-19,2
4870,1,2026-02-19,3
4871,1,2026-02-19,4
4872,1,2026-02-19,3
4873,1,2026-02-19,2
4874,1,2026-02-19,4
4875,1,2026-02-19,5
4876,1,2026-02-19,2
4877,1,2026-02-19,7
4878,1,2026-02-19,3
4879,1,2026-02-19,6
4880,1,2026-02-19,6
4881,1,2026-02-19,4
4882,1,2026-02-19,5
4883,1,2026-02-19,6
4884,1,2026-02-19,4
4885,1,2026-02-19,6
4886,1,2026-02-19,6
4887,1,2026-02-19,6
4888,1,2026-02-19,7
4889,1,2026-02-19,3
4890,1,2026-02-19,6
4891,1,2026-02-19,5
4892,1,2026-02-19,7
4893,1,2026-02-19,3
4894,1,2026-02-19,7
4895,1,2026-02-19,2
4896,1,2026-02-19,2
4897,1,2026-02-19,5
4898,1,2026-02-19,6
4899,1,2026-02-19,4
4900,1,2026-02-19,6
4901,1,2026-02-19,3
4902,1,2026-02-19,3
4903,1,2026-02-19,4
4904,1,2026-02-19,2
4905,1,2026-02-19,8
4906,1,2026-02-19,2
4907,1,2026-02-20,4
4908,1,2026-02-20,3
4909,1,2026-02-20,5
4910,1,2026-02-20,8
4911,1,2026-02-20,7
4912,1,2026-02-20,8
4913,1,2026-02-20,3
4914,1,2026-02-20,7
4915,1,2026-02-20,6
4916,1,2026-02-20,4
4917,1,2026-02-20,7
4918,1,2026-02-20,7
4919,1,2026-02-20,2
4920,1,2026-02-20,6
4921,1,2026-02-20,7
4922,1,2026-02-20,5
4923,1,2026-02-20,3
4924,1,2026-02-20,4
4925,1,2026-02-20,7
4926,1,2026-02-20,6
4927,1,2026-02-20,4
4928,1,2026-02-20,4
4929,1,2026-02-20,6
4930,1,2026-02-20,6
4931,1,2026-02-20,8
4932,1,2026-02-20,8
4933,1,2026-02-20,7
4934,1,2026-02-20,3
4935,1,2026-02-20,4
4936,1,2026-02-20,4
4937,1,2026-02-20,7
4938,1,2026-02-20,3
4939,1,2026-02-20,5
4940,1,2026-02-20,8
4941,1,2026-02-20,4
4942,1,2026-02-20,8
4943,1,2026-02-20,7
4944,1,2026-02-20,2
4945,1,2026-02-20,8
4946,1,2026-02-20,4
4947,1,2026-02-20,7
4948,1,2026-02-20,5
4949,1,2026-02-20,5
4950,1,2026-02-20,6
4951,1,2026-02-20,5
4952,1,2026-02-20,2
4953,1,2026-02-20,5
4954,1,2026-02-20,8
4955,1,2026-02-20,5
4956,1,2026-02-20,8
4957,1,2026-02-20,8
4958,1,2026-02-20,4
4959,1,2026-02-20,4
4960,1,2026-02-20,5
4961,1,2026-02-20,3
4962,1,2026-02-20,5
4963,1,2026-02-20,7
4964,1,2026-02-20,3
4965,1,2026-02-20,7
4966,1,2026-02-20,2
4967,1,2026-02-20,7
4968,1,2026-02-20,6
4969,1,2026-02-20,5
4970,1,2026-02-20,5
4971,1,2026-02-20,5
4972,1,2026-02-20,8
4973,1,2026-02-20,4
4974,1,2026-02-20,3
4975,1,2026-02-20,7
4976,1,2026-02-20,8
4977,1,2026-02-20,7
4978,1,2026-02-20,3
4979,1,2026-02-20,4
4980,1,2026-02-20,8
4981,1,2026-02-20,4
4982,1,2026-02-20,3
4983,1,2026-02-20,4
4984,1,2026-02-20,5
4985,1,2026-02-20,5
4986,1,2026-02-20,6
4987,1,2026-02-20,6
4988,1,2026-02-20,6
4989,1,2026-02-20,5
4990,1,2026-02-20,8
4991,1,2026-02-20,8
4992,1,2026-02-20,3
4993,1,2026-02-20,7
4994,1,2026-02-20,4
4995,1,2026-02-20,5
4996,1,2026-02-20,5
4997,1,2026-02-20,8
4998,1,2026-02-20,3
4999,1,2026-02-20,3
5000,1,2026-02-20,3
5001,1,2026-02-20,8
5002,1,2026-02-20,8
5003,1,2026-02-20,2
5004,1,2026-02-20,3
5005,1,2026-02-20,6
5006,1,2026-02-20,6
5007,1,2026-02-20,3
5008,1,2026-02-20,7
5009,1,2026-02-20,4
5010,1,2026-02-20,3
5011,1,2026-02-20,4
5012,1,2026-02-20,2
5013,1,2026-02-20,6
5014,1,2026-02-20,2
5015,1,2026-02-21,2
5016,1,2026-02-21,4
5017,1,2026-02-21,7
5018,1,2026-02-21,6
5019,1,2026-02-21,6
5020,1,2026-02-21,4
5021,1,2026-02-21,6
5022,1,2026-02-21,7
5023,1,2026-02-21,4
5024,1,2026-02-21,5
5025,1,2026-02-21,4
5026,1,2026-02-21,3
5027,1,2026-02-21,6
5028,1,2026-02-21,8
5029,1,2026-02-21,8
5030,1,2026-02-21,4
5031,1,2026-02-21,6
5032,1,2026-02-21,8
5033,1,2026-02-21,2
5034,1,2026-02-21,2
5035,1,2026-02-21,3
5036,1,2026-02-21,3
5037,1,2026-02-21,8
5038,1,2026-02-21,8
5039,1,2026-02-21,5
5040,1,2026-02-21,6
5041,1,2026-02-21,5
5042,1,2026-02-21,6
5043,1,2026-02-21,3
5044,1,2026-02-21,3
5045,1,2026-02-21,4
5046,1,2026-02-21,6
5047,1,2026-02-21,2
5048,1,2026-02-21,3
5049,1,2026-02-21,8
5050,1,2026-02-21,3
5051,1,2026-02-21,8
5052,1,2026-02-21,4
5053,1,2026-02-21,5
5054,1,2026-02-21,5
5055,1,2026-02-21,2
5056,1,2026-02-21,2
5057,1,2026-02-21,2
5058,1,2026-02-21,8
5059,1,2026-02-21,7
5060,1,2026-02-21,4
5061,1,2026-02-21,2
5062,1,2026-02-21,6
5063,1,2026-02-21,2
5064,1,2026-02-21,6
5065,1,2026-02-21,8
5066,1,2026-02-21,5
5067,1,2026-02-21,3
5068,1,2026-02-21,3
5069,1,2026-02-21,7
5070,1,2026-02-21,7
5071,1,2026-02-21,8
5072,1,2026-02-21,7
5073,1,2026-02-21,4
5074,1,2026-02-21,3
5075,1,2026-02-21,2
5076,1,2026-02-21,3
5077,1,2026-02-21,4
5078,1,2026-02-21,3
5079,1,2026-02-21,2
5080,1,2026-02-21,8
5081,1,2026-02-21,5
5082,1,2026-02-21,2
5083,1,2026-02-21,2
5084,1,2026-02-21,6
5085,1,2026-02-21,7
5086,1,2026-02-21,3
5087,1,2026-02-21,6
5088,1,2026-02-21,6
5089,1,2026-02-21,6
5090,1,2026-02-21,6
5091,1,2026-02-21,5
5092,1,2026-02-21,5
5093,1,2026-02-21,5
5094,1,2026-02-21,3
5095,1,2026-02-21,3
5096,1,2026-02-21,2
5097,1,2026-02-21,7
5098,1,2026-02-21,4
5099,1,2026-02-21,3
5100,1,2026-02-21,2
5101,1,2026-02-21,3
5102,1,2026-02-21,8
5103,1,2026-02-21,3
5104,1,2026-02-21,7
5105,1,2026-02-21,2
5106,1,2026-02-21,4
5107,1,2026-02-21,7
5108,1,2026-02-21,2
5109,1,2026-02-21,2
5110,1,2026-02-21,2
5111,1,2026-02-21,5
5112,1,2026-02-21,6
5113,1,2026-02-21,4
5114,1,2026-02-21,6
5115,1,2026-02-21,7
5116,1,2026-02-21,3
5117,1,2026-02-21,5
5118,1,2026-02-21,4
5119,1,2026-02-21,3
5120,1,2026-02-21,4
5121,1,2026-02-21,6
5122,1,2026-02-21,2
5123,1,2026-02-21,3
5124,1,2026-02-21,2
5125,1,2026-02-21,7
5126,1,2026-02-21,6
5127,1,2026-02-21,2
5128,1,2026-02-21,6
5129,1,2026-02-21,3
5130,1,2026-02-22,8
5131,1,2026-02-22,5
5132,1,2026-02-22,2
5133,1,2026-02-22,2
5134,1,2026-02-22,6
5135,1,2026-02-22,5
5136,1,2026-02-22,6
5137,1,2026-02-22,7
5138,1,2026-02-22,7
5139,1,2026-02-22,8
5140,1,2026-02-22,3
5141,1,2026-02-22,7
5142,1,2026-02-22,8
5143,1,2026-02-22,8
5144,1,2026-02-22,8
5145,1,2026-02-22,5
5146,1,2026-02-22,2
5147,1,2026-02-22,4
5148,1,2026-02-22,6
5149,1,2026-02-22,7
5150,1,2026-02-22,2
5151,1,2026-02-22,6
5152,1,2026-02-22,3
5153,1,2026-02-22,4
5154,1,2026-02-22,7
5155,1,2026-02-22,8
5156,1,2026-02-22,3
5157,1,2026-02-22,3
5158,1,2026-02-22,7
5159,1,2026-02-22,2
5160,1,2026-02-22,8
5161,1,2026-02-22,4
5162,1,2026-02-22,5
5163,1,2026-02-22,7
5164,1,2026-02-22,6
5165,1,2026-02-22,3
5166,1,2026-02-22,4
5167,1,2026-02-22,8
5168,1,2026-02-22,8
5169,1,2026-02-22,8
5170,1,2026-02-22,6
5171,1,2026-02-22,2
5172,1,2026-02-22,5
5173,1,2026-02-22,2
5174,1,2026-02-22,8
5175,1,2026-02-22,2
5176,1,2026-02-22,4
5177,1,2026-02-22,6
5178,1,2026-02-22,4
5179,1,2026-02-22,4
5180,1,2026-02-22,7
5181,1,2026-02-22,3
5182,1,2026-02-22,2
5183,1,2026-02-22,7
5184,1,2026-02-22,3
5185,1,2026-02-22,2
5186,1,2026-02-22,6
5187,1,2026-02-22,6
5188,1,2026-02-22,6
5189,1,2026-02-22,5
5190,1,2026-02-22,2
5191,1,2026-02-22,2
5192,1,2026-02-22,8
5193,1,2026-02-22,5
5194,1,2026-02-22,6
5195,1,2026-02-22,2
5196,1,2026-02-22,5
5197,1,2026-02-22,2
5198,1,2026-02-22,7
5199,1,2026-02-22,2
5200,1,2026-02-22,4
5201,1,2026-02-22,6
5202,1,2026-02-22,7
5203,1,2026-02-22,5
5204,1,2026-02-22,7
5205,1,2026-02-22,2
5206,1,2026-02-22,3
5207,1,2026-02-22,8
5208,1,2026-02-22,4
5209,1,2026-02-22,3
5210,1,2026-02-22,6
5211,1,2026-02-22,6
5212,1,2026-02-22,2
5213,1,2026-02-22,6
5214,1,2026-02-22,4
5215,1,2026-02-22,8
5216,1,2026-02-22,2
5217,1,2026-02-22,2
5218,1,2026-02-22,8
5219,1,2026-02-22,2
5220,1,2026-02-22,8
5221,1,2026-02-22,4
5222,1,2026-02-22,4
5223,1,2026-02-22,5
5224,1,2026-02-22,2
5225,1,2026-02-22,4
5226,1,2026-02-22,2
5227,1,2026-02-22,3
5228,1,2026-02-22,3
5229,1,2026-02-22,3
5230,1,2026-02-22,5
5231,1,2026-02-22,3
5232,1,2026-02-22,8
5233,1,2026-02-22,7
5234,1,2026-02-22,8
5235,1,2026-02-22,3
5236,1,2026-02-22,5
5237,1,2026-02-22,4
5238,1,2026-02-22,3
5239,1,2026-02-23,6
5240,1,2026-02-23,8
5241,1,2026-02-23,6
5242,1,2026-02-23,8
5243,1,2026-02-23,7
5244,1,2026-02-23,6
5245,1,2026-02-23,3
5246,1,2026-02-23,4
5247,1,2026-02-23,8
5248,1,2026-02-23,8
5249,1,2026-02-23,2
5250,1,2026-02-23,5
5251,1,2026-02-23,6
5252,1,2026-02-23,6
5253,1,2026-02-23,5
5254,1,2026-02-23,8
5255,1,2026-02-23,8
5256,1,2026-02-23,4
5257,1,2026-02-23,6
5258,1,2026-02-23,5
5259,1,2026-02-23,6
5260,1,2026-02-23,3
5261,1,2026-02-23,7
5262,1,2026-02-23,6
5263,1,2026-02-23,8
5264,1,2026-02-23,3
5265,1,2026-02-23,5
5266,1,2026-02-23,3
5267,1,2026-02-23,5
5268,1,2026-02-23,4
5269,1,2026-02-23,7
5270,1,2026-02-23,3
5271,1,2026-02-23,8
5272,1,2026-02-23,2
5273,1,2026-02-23,4
5274,1,2026-02-23,8
5275,1,2026-02-23,5
5276,1,2026-02-23,8
5277,1,2026-02-23,2
5278,1,2026-02-23,2
5279,1,2026-02-23,3
5280,1,2026-02-23,5
5281,1,2026-02-23,3
5282,1,2026-02-23,7
5283,1,2026-02-23,6
5284,1,2026-02-23,8
5285,1,2026-02-23,7
5286,1,2026-02-23,5
5287,1,2026-02-23,6
5288,1,2026-02-23,7
5289,1,2026-02-23,5
5290,1,2026-02-23,4
5291,1,2026-02-23,2
5292,1,2026-02-23,7
5293,1,2026-02-23,6
5294,1,2026-02-23,5
5295,1,2026-02-23,5
5296,1,2026-02-23,3
5297,1,2026-02-23,3
5298,1,2026-02-23,8
5299,1,2026-02-23,5
5300,1,2026-02-23,7
5301,1,2026-02-23,4
5302,1,2026-02-23,4
5303,1,2026-02-23,3
5304,1,2026-02-23,8
5305,1,2026-02-23,5
5306,1,2026-02-23,7
5307,1,2026-02-23,6
5308,1,2026-02-23,4
5309,1,2026-02-23,3
5310,1,2026-02-23,8
5311,1,2026-02-23,8
5312,1,2026-02-23,7
5313,1,2026-02-23,7
5314,1,2026-02-23,3
5315,1,2026-02-24,5
5316,1,2026-02-24,7
5317,1,2026-02-24,4
5318,1,2026-02-24,2
5319,1,2026-02-24,5
5320,1,2026-02-24,3
5321,1,2026-02-24,4
5322,1,2026-02-24,2
5323,1,2026-02-24,7
5324,1,2026-02-24,7
5325,1,2026-02-24,7
5326,1,2026-02-24,7
5327,1,2026-02-24,3
5328,1,2026-02-24,8
5329,1,2026-02-24,7
5330,1,2026-02-24,3
5331,1,2026-02-24,6
5332,1,2026-02-24,4
5333,1,2026-02-24,3
5334,1,2026-02-24,8
5335,1,2026-02-24,6
5336,1,2026-02-24,2
5337,1,2026-02-24,6
5338,1,2026-02-24,5
5339,1,2026-02-24,7
5340,1,2026-02-24,2
5341,1,2026-02-24,3
5342,1,2026-02-24,4
5343,1,2026-02-24,2
5344,1,2026-02-24,6
5345,1,2026-02-24,5
5346,1,2026-02-24,4
5347,1,2026-02-24,6
5348,1,2026-02-24,8
5349,1,2026-02-24,7
5350,1,2026-02-24,4
5351,1,2026-02-24,7
5352,1,2026-02-24,8
5353,1,2026-02-24,3
5354,1,2026-02-24,4
5355,1,2026-02-24,6
5356,1,2026-02-24,5
5357,1,2026-02-24,4
5358,1,2026-02-24,5
5359,1,2026-02-24,7
5360,1,2026-02-24,4
5361,1,2026-02-24,7
5362,1,2026-02-24,4
5363,1,2026-02-24,4
5364,1,2026-02-24,2
5365,1,2026-02-24,3
5366,1,2026-02-24,2
5367,1,2026-02-24,6
5368,1,2026-02-24,2
5369,1,2026-02-24,2
5370,1,2026-02-24,4
5371,1,2026-02-24,6
5372,1,2026-02-24,4
5373,1,2026-02-24,3
5374,1,2026-02-24,3
5375,1,2026-02-24,5
5376,1,2026-02-24,3
5377,1,2026-02-24,5
5378,1,2026-02-24,7
5379,1,2026-02-24,7
5380,1,2026-02-24,8
5381,1,2026-02-24,4
5382,1,2026-02-24,7
5383,1,2026-02-24,8
5384,1,2026-02-24,6
5385,1,2026-02-24,7
5386,1,2026-02-24,8
5387,1,2026-02-24,4
5388,1,2026-02-24,3
5389,1,2026-02-24,7
5390,1,2026-02-24,6
5391,1,2026-02-24,7
5392,1,2026-02-24,6
5393,1,2026-02-24,4
5394,1,2026-02-24,7
5395,1,2026-02-24,4
5396,1,2026-02-24,7
5397,1,2026-02-24,8
5398,1,2026-02-24,3
5399,1,2026-02-24,3
5400,1,2026-02-24,4
5401,1,2026-02-24,6
5402,1,2026-02-24,6
5403,1,2026-02-24,3
5404,1,2026-02-24,4
5405,1,2026-02-24,8
5406,1,2026-02-24,8
5407,1,2026-02-24,4
5408,1,2026-02-25,4
5409,1,2026-02-25,2
5410,1,2026-02-25,4
5411,1,2026-02-25,2
5412,1,2026-02-25,6
5413,1,2026-02-25,6
5414,1,2026-02-25,8
5415,1,2026-02-25,2
5416,1,2026-02-25,5
5417,1,2026-02-25,2
5418,1,2026-02-25,2
5419,1,2026-02-25,8
5420,1,2026-02-25,5
5421,1,2026-02-25,2
5422,1,2026-02-25,7
5423,1,2026-02-25,4
5424,1,2026-02-25,8
5425,1,2026-02-25,3
5426,1,2026-02-25,5
5427,1,2026-02-25,6
5428,1,2026-02-25,5
5429,1,2026-02-25,7
5430,1,2026-02-25,8
5431,1,2026-02-25,2
5432,1,2026-02-25,3
5433,1,2026-02-25,5
5434,1,2026-02-25,3
5435,1,2026-02-25,3
5436,1,2026-02-25,2
5437,1,2026-02-25,4
5438,1,2026-02-25,6
5439,1,2026-02-25,3
5440,1,2026-02-25,2
5441,1,2026-02-25,3
5442,1,2026-02-25,3
5443,1,2026-02-25,2
5444,1,2026-02-25,4
5445,1,2026-02-25,3
5446,1,2026-02-25,2
5447,1,2026-02-25,6
5448,1,2026-02-25,8
5449,1,2026-02-25,4
5450,1,2026-02-25,5
5451,1,2026-02-25,4
5452,1,2026-02-25,4
5453,1,2026-02-25,7
5454,1,2026-02-25,4
5455,1,2026-02-25,4
5456,1,2026-02-25,6
5457,1,2026-02-25,2
5458,1,2026-02-25,4
5459,1,2026-02-25,7
5460,1,2026-02-25,3
5461,1,2026-02-25,5
5462,1,2026-02-25,2
5463,1,2026-02-25,3
5464,1,2026-02-25,8
5465,1,2026-02-25,5
5466,1,2026-02-25,8
5467,1,2026-02-25,6
5468,1,2026-02-25,5
5469,1,2026-02-25,4
5470,1,2026-02-25,3
5471,1,2026-02-25,8
5472,1,2026-02-25,4
5473,1,2026-02-25,6
5474,1,2026-02-25,5
5475,1,2026-02-25,3
5476,1,2026-02-25,2
5477,1,2026-02-25,3
5478,1,2026-02-25,3
5479,1,2026-02-25,5
5480,1,2026-02-25,8
5481,1,2026-02-25,2
5482,1,2026-02-25,4
5483,1,2026-02-25,5
5484,1,2026-02-25,6
5485,1,2026-02-25,8
5486,1,2026-02-25,4
5487,1,2026-02-25,5
5488,1,2026-02-25,5
5489,1,2026-02-25,5
5490,1,2026-02-25,8
5491,1,2026-02-25,3
5492,1,2026-02-25,5
5493,1,2026-02-25,8
5494,1,2026-02-25,3
5495,1,2026-02-25,7
5496,1,2026-02-25,5
5497,1,2026-02-25,3
5498,1,2026-02-25,6
5499,1,2026-02-25,2
5500,1,2026-02-25,7
5501,1,2026-02-25,2
5502,1,2026-02-25,4
5503,1,2026-02-26,2
5504,1,2026-02-26,2
5505,1,2026-02-26,4
5506,1,2026-02-26,5
5507,1,2026-02-26,5
5508,1,2026-02-26,8
5509,1,2026-02-26,5
5510,1,2026-02-26,3
5511,1,2026-02-26,2
5512,1,2026-02-26,7
5513,1,2026-02-26,4
5514,1,2026-02-26,7
5515,1,2026-02-26,8
5516,1,2026-02-26,2
5517,1,2026-02-26,7
5518,1,2026-02-26,7
5519,1,2026-02-26,3
5520,1,2026-02-26,4
5521,1,2026-02-26,7
5522,1,2026-02-26,6
5523,1,2026-02-26,6
5524,1,2026-02-26,3
5525,1,2026-02-26,7
5526,1,2026-02-26,2
5527,1,2026-02-26,3
5528,1,2026-02-26,6
5529,1,2026-02-26,2
5530,1,2026-02-26,2
5531,1,2026-02-26,8
5532,1,2026-02-26,5
5533,1,2026-02-26,8
5534,1,2026-02-26,4
5535,1,2026-02-26,8
5536,1,2026-02-26,6
5537,1,2026-02-26,7
5538,1,2026-02-26,8
5539,1,2026-02-26,4
5540,1,2026-02-26,3
5541,1,2026-02-26,4
5542,1,2026-02-26,7
5543,1,2026-02-26,4
5544,1,2026-02-26,3
5545,1,2026-02-26,4
5546,1,2026-02-26,7
5547,1,2026-02-26,5
5548,1,2026-02-26,7
5549,1,2026-02-26,2
5550,1,2026-02-26,8
5551,1,2026-02-26,2
5552,1,2026-02-26,6
5553,1,2026-02-26,4
5554,1,2026-02-26,2
5555,1,2026-02-26,8
5556,1,2026-02-26,2
5557,1,2026-02-26,7
5558,1,2026-02-26,7
5559,1,2026-02-26,3
5560,1,2026-02-26,2
5561,1,2026-02-26,7
5562,1,2026-02-26,4
5563,1,2026-02-26,5
5564,1,2026-02-26,4
5565,1,2026-02-26,6
5566,1,2026-02-26,8
5567,1,2026-02-26,3
5568,1,2026-02-26,8
5569,1,2026-02-26,8
5570,1,2026-02-26,3
5571,1,2026-02-26,7
5572,1,2026-02-26,3
5573,1,2026-02-26,5
5574,1,2026-02-26,5
5575,1,2026-02-26,2
5576,1,2026-02-26,5
5577,1,2026-02-26,7
5578,1,2026-02-26,8
5579,1,2026-02-26,2
5580,1,2026-02-26,2
5581,1,2026-02-26,4
5582,1,2026-02-26,3
5583,1,2026-02-26,2
5584,1,2026-02-26,2
5585,1,2026-02-26,7
5586,1,2026-02-27,3
5587,1,2026-02-27,2
5588,1,2026-02-27,5
5589,1,2026-02-27,3
5590,1,2026-02-27,7
5591,1,2026-02-27,3
5592,1,2026-02-27,3
5593,1,2026-02-27,8
5594,1,2026-02-27,8
5595,1,2026-02-27,3
5596,1,2026-02-27,2
5597,1,2026-02-27,8
5598,1,2026-02-27,4
5599,1,2026-02-27,6
5600,1,2026-02-27,2
5601,1,2026-02-27,8
5602,1,2026-02-27,2
5603,1,2026-02-27,5
5604,1,2026-02-27,2
5605,1,2026-02-27,5
5606,1,2026-02-27,3
5607,1,2026-02-27,2
5608,1,2026-02-27,2
5609,1,2026-02-27,7
5610,1,2026-02-27,5
5611,1,2026-02-27,8
5612,1,2026-02-27,6
5613,1,2026-02-27,6
5614,1,2026-02-27,4
5615,1,2026-02-27,6
5616,1,2026-02-27,8
5617,1,2026-02-27,2
5618,1,2026-02-27,8
5619,1,2026-02-27,3
5620,1,2026-02-27,7
5621,1,2026-02-27,6
5622,1,2026-02-27,8
5623,1,2026-02-27,8
5624,1,2026-02-27,8
5625,1,2026-02-27,7
5626,1,2026-02-27,3
5627,1,2026-02-27,8
5628,1,2026-02-27,2
5629,1,2026-02-27,5
5630,1,2026-02-27,8
5631,1,2026-02-27,7
5632,1,2026-02-27,2
5633,1,2026-02-27,5
5634,1,2026-02-27,8
5635,1,2026-02-27,4
5636,1,2026-02-27,8
5637,1,2026-02-27,3
5638,1,2026-02-27,6
5639,1,2026-02-27,7
5640,1,2026-02-27,7
5641,1,2026-02-27,2
5642,1,2026-02-27,5
5643,1,2026-02-27,2
5644,1,2026-02-27,7
5645,1,2026-02-27,5
5646,1,2026-02-27,7
5647,1,2026-02-27,3
5648,1,2026-02-27,7
5649,1,2026-02-27,8
5650,1,2026-02-27,6
5651,1,2026-02-27,6
5652,1,2026-02-27,6
5653,1,2026-02-27,4
5654,1,2026-02-27,2
5655,1,2026-02-27,3
5656,1,2026-02-27,3
5657,1,2026-02-27,2
5658,1,2026-02-27,7
5659,1,2026-02-27,8
5660,1,2026-02-27,4
5661,1,2026-02-27,4
5662,1,2026-02-27,4
5663,1,2026-02-27,5
5664,1,2026-02-27,4
5665,1,2026-02-27,7
5666,1,2026-02-27,8
5667,1,2026-02-27,6
5668,1,2026-02-27,5
5669,1,2026-02-27,6
5670,1,2026-02-27,4
5671,1,2026-02-27,4
5672,1,2026-02-27,6
5673,1,2026-02-27,7
5674,1,2026-02-27,4
5675,1,2026-02-27,8
5676,1,2026-02-27,6
5677,1,2026-02-27,8
5678,1,2026-02-27,5
5679,1,2026-02-27,8
5680,1,2026-02-27,2
5681,1,2026-02-27,2
5682,1,2026-02-27,7
5683,1,2026-02-27,7
5684,1,2026-02-27,5
5685,1,2026-02-27,3
5686,1,2026-02-27,7
5687,1,2026-02-27,5
5688,1,2026-02-27,8
5689,1,2026-02-27,5
5690,1,2026-02-27,4
5691,1,2026-02-27,5
5692,1,2026-02-27,4
5693,1,2026-02-27,6
5694,1,2026-02-27,6
5695,1,2026-02-27,3
5696,1,2026-02-27,4
5697,1,2026-02-27,3
5698,1,2026-02-27,4
5699,1,2026-02-27,3
5700,1,2026-02-27,4
5701,1,2026-02-27,6
5702,1,2026-02-27,2
5703,1,2026-02-27,5
5704,1,2026-02-27,6
5705,1,2026-02-27,7
5706,1,2026-02-27,8
5707,1,2026-02-27,5
5708,1,2026-02-27,2
5709,1,2026-02-27,4
5710,1,2026-02-27,8
5711,1,2026-02-27,8
5712,1,2026-02-27,4
5713,1,2026-02-28,2
5714,1,2026-02-28,5
5715,1,2026-02-28,2
5716,1,2026-02-28,5
5717,1,2026-02-28,5
5718,1,2026-02-28,2
5719,1,2026-02-28,4
5720,1,2026-02-28,8
5721,1,2026-02-28,3
5722,1,2026-02-28,7
5723,1,2026-02-28,6
5724,1,2026-02-28,8
5725,1,2026-02-28,8
5726,1,2026-02-28,2
5727,1,2026-02-28,7
5728,1,2026-02-28,2
5729,1,2026-02-28,8
5730,1,2026-02-28,8
5731,1,2026-02-28,7
5732,1,2026-02-28,8
5733,1,2026-02-28,6
5734,1,2026-02-28,6
5735,1,2026-02-28,3
5736,1,2026-02-28,4
5737,1,2026-02-28,5
5738,1,2026-02-28,8
5739,1,2026-02-28,4
5740,1,2026-02-28,2
5741,1,2026-02-28,6
5742,1,2026-02-28,3
5743,1,2026-02-28,2
5744,1,2026-02-28,2
5745,1,2026-02-28,7
5746,1,2026-02-28,5
5747,1,2026-02-28,5
5748,1,2026-02-28,4
5749,1,2026-02-28,4
5750,1,2026-02-28,5
5751,1,2026-02-28,3
5752,1,2026-02-28,6
5753,1,2026-02-28,3
5754,1,2026-02-28,7
5755,1,2026-02-28,5
5756,1,2026-02-28,7
5757,1,2026-02-28,4
5758,1,2026-02-28,5
5759,1,2026-02-28,2
5760,1,2026-02-28,3
5761,1,2026-02-28,6
5762,1,2026-02-28,7
5763,1,2026-02-28,2
5764,1,2026-02-28,7
5765,1,2026-02-28,6
5766,1,2026-02-28,2
5767,1,2026-02-28,7
5768,1,2026-02-28,8
5769,1,2026-02-28,6
5770,1,2026-02-28,2
5771,1,2026-02-28,3
5772,1,2026-02-28,8
5773,1,2026-02-28,4
5774,1,2026-02-28,6
5775,1,2026-02-28,7
5776,1,2026-02-28,5
5777,1,2026-02-28,3
5778,1,2026-02-28,2
5779,1,2026-02-28,8
5780,1,2026-02-28,7
5781,1,2026-02-28,4
5782,1,2026-02-28,5
5783,1,2026-02-28,3
5784,1,2026-02-28,8
5785,1,2026-02-28,4
5786,1,2026-02-28,4
5787,1,2026-02-28,4
5788,1,2026-02-28,8
5789,1,2026-02-28,4
5790,1,2026-02-28,8
5791,1,2026-02-28,5
5792,1,2026-02-28,8
5793,1,2026-02-28,2
5794,1,2026-02-28,2
5795,1,2026-02-28,5
5796,1,2026-02-28,2
5797,1,2026-02-28,2
5798,1,2026-02-28,5
5799,1,2026-02-28,7
5800,1,2026-02-28,3
5801,1,2026-02-28,3
5802,1,2026-02-28,6
5803,1,2026-02-28,5
5804,1,2026-02-28,8
5805,1,2026-02-28,6
5806,1,2026-02-28,6
5807,1,2026-02-28,5
5808,1,2026-02-28,3
5809,1,2026-02-28,7
5810,1,2026-02-28,3
5811,1,2026-02-28,7
5812,1,2026-02-28,8
5813,1,2026-02-28,4
5814,1,2026-02-28,7
5815,1,2026-02-28,4
5816,1,2026-02-28,4
5817,1,2026-02-28,4
5818,1,2026-02-28,5
5819,1,2026-02-28,2
5820,1,2026-02-28,2
5821,1,2026-02-28,6
5822,1,2026-02-28,5
5823,1,2026-02-28,8
5824,1,2026-02-28,2
5825,1,2026-02-28,8
5826,1,2026-02-28,2
5827,1,2026-02-28,8
5828,1,2026-02-28,2
5829,1,2026-02-28,6
5830,1,2026-02-28,6
5831,1,2026-02-28,6
5832,1,2026-02-28,4
5833,1,2026-02-28,2
5834,1,2026-02-28,3
5835,1,2026-02-28,6
5836,1,2026-02-28,5
5837,1,2026-02-28,5
5838,1,2026-02-28,6
5839,1,2026-02-28,6
5840,1,2026-02-28,4
5841,1,2026-02-28,3
5842,1,2026-02-28,2
5843,1,2026-02-28,3
5844,1,2026-02-28,6
5845,1,2026-02-28,3
5846,1,2026-02-28,3
5847,1,2026-02-28,4
5848,1,2026-02-28,5
5849,1,2026-02-28,7
5850,1,2026-02-28,3
5851,1,2026-02-28,3
5852,1,2026-02-28,7
5853,1,2026-03-01,7
5854,1,2026-03-01,8
5855,1,2026-03-01,6
5856,1,2026-03-01,6
5857,1,2026-03-01,2
5858,1,2026-03-01,6
5859,1,2026-03-01,4
5860,1,2026-03-01,6
5861,1,2026-03-01,3
5862,1,2026-03-01,4
5863,1,2026-03-01,8
5864,1,2026-03-01,5
5865,1,2026-03-01,8
5866,1,2026-03-01,6
5867,1,2026-03-01,5
5868,1,2026-03-01,5
5869,1,2026-03-01,6
5870,1,2026-03-01,7
5871,1,2026-03-01,7
5872,1,2026-03-01,8
5873,1,2026-03-01,2
5874,1,2026-03-01,7
5875,1,2026-03-01,5
5876,1,2026-03-01,7
5877,1,2026-03-01,5
5878,1,2026-03-01,7
5879,1,2026-03-01,3
5880,1,2026-03-01,6
5881,1,2026-03-01,6
5882,1,2026-03-01,2
5883,1,2026-03-01,3
5884,1,2026-03-01,5
5885,1,2026-03-01,6
5886,1,2026-03-01,2
5887,1,2026-03-01,8
5888,1,2026-03-01,2
5889,1,2026-03-01,4
5890,1,2026-03-01,3
5891,1,2026-03-01,5
5892,1,2026-03-01,8
5893,1,2026-03-01,6
5894,1,2026-03-01,6
5895,1,2026-03-01,3
5896,1,2026-03-01,7
5897,1,2026-03-01,6
5898,1,2026-03-01,7
5899,1,2026-03-01,2
5900,1,2026-03-01,3
5901,1,2026-03-01,5
5902,1,2026-03-01,7
5903,1,2026-03-01,8
5904,1,2026-03-01,5
5905,1,2026-03-01,4
5906,1,2026-03-01,3
5907,1,2026-03-01,8
5908,1,2026-03-01,2
5909,1,2026-03-01,6
5910,1,2026-03-01,6
5911,1,2026-03-01,7
5912,1,2026-03-01,7
5913,1,2026-03-01,5
5914,1,2026-03-01,4
5915,1,2026-03-01,2
5916,1,2026-03-01,2
5917,1,2026-03-01,8
5918,1,2026-03-01,8
5919,1,2026-03-01,4
5920,1,2026-03-01,3
5921,1,2026-03-01,7
5922,1,2026-03-01,5
5923,1,2026-03-01,6
5924,1,2026-03-01,8
5925,1,2026-03-01,6
5926,1,2026-03-01,2
5927,1,2026-03-01,8
5928,1,2026-03-01,5
5929,1,2026-03-01,2
5930,1,2026-03-01,7
5931,1,2026-03-01,4
5932,1,2026-03-01,3
5933,1,2026-03-01,8
5934,1,2026-03-01,4
5935,1,2026-03-01,7
5936,1,2026-03-01,2
5937,1,2026-03-01,8
5938,1,2026-03-01,6
5939,1,2026-03-01,5
5940,1,2026-03-01,2
5941,1,2026-03-01,5
5942,1,2026-03-01,3
5943,1,2026-03-01,7
5944,1,2026-03-01,2
5945,1,2026-03-01,2
5946,1,2026-03-01,3
5947,1,2026-03-01,2
5948,1,2026-03-01,5
5949,1,2026-03-01,3
5950,1,2026-03-01,7
5951,1,2026-03-01,6
5952,1,2026-03-01,5
5953,1,2026-03-01,3
5954,1,2026-03-01,7
5955,1,2026-03-01,8
5956,1,2026-03-01,4
5957,1,2026-03-01,4
5958,1,2026-03-01,4
5959,1,2026-03-01,6
5960,1,2026-03-01,4
5961,1,2026-03-01,8
5962,1,2026-03-01,5
5963,1,2026-03-01,7
5964,1,2026-03-01,8
5965,1,2026-03-01,6
5966,1,2026-03-01,7
5967,1,2026-03-01,2
5968,1,2026-03-01,4
5969,1,2026-03-01,7
5970,1,2026-03-01,5
5971,1,2026-03-01,2
5972,1,2026-03-01,4
5973,1,2026-03-01,2
5974,1,2026-03-01,5
5975,1,2026-03-01,2
5976,1,2026-03-01,3
5977,1,2026-03-01,8
5978,1,2026-03-01,6
5979,1,2026-03-01,7
5980,1,2026-03-01,8
5981,1,2026-03-01,2
5982,1,2026-03-01,3
5983,1,2026-03-01,4
5984,1,2026-03-01,3
5985,1,2026-03-01,2
5986,1,2026-03-01,8
5987,1,2026-03-01,4
5988,1,2026-03-01,2
5989,1,2026-03-01,6
5990,1,2026-03-01,6
5991,1,2026-03-01,8
5992,1,2026-03-01,5
5993,1,2026-03-01,3
5994,1,2026-03-01,3
5995,1,2026-03-01,8
5996,1,2026-03-01,6
5997,1,2026-03-01,2
5998,1,2026-03-01,5
5999,1,2026-03-01,3
6000,1,2026-03-01,7
6001,1,2026-03-01,7
6002,1,2026-03-01,8
6003,1,2026-03-01,6
6004,1,2026-03-01,7
6005,1,2026-03-01,8
6006,1,2026-03-01,8
6007,1,2026-03-01,3
6008,1,2026-03-02,5
6009,1,2026-03-02,8
6010,1,2026-03-02,3
6011,1,2026-03-02,3
6012,1,2026-03-02,4
6013,1,2026-03-02,8
6014,1,2026-03-02,5
6015,1,2026-03-02,7
6016,1,2026-03-02,2
6017,1,2026-03-02,7
6018,1,2026-03-02,3
6019,1,2026-03-02,8
6020,1,2026-03-02,5
6021,1,2026-03-02,5
6022,1,2026-03-02,6
6023,1,2026-03-02,4
6024,1,2026-03-02,3
6025,1,2026-03-02,4
6026,1,2026-03-02,8
6027,1,2026-03-02,3
6028,1,2026-03-02,4
6029,1,2026-03-02,7
6030,1,2026-03-02,8
6031,1,2026-03-02,3
6032,1,2026-03-02,6
6033,1,2026-03-02,2
6034,1,2026-03-02,8
6035,1,2026-03-02,6
6036,1,2026-03-02,6
6037,1,2026-03-02,5
6038,1,2026-03-02,2
6039,1,2026-03-02,4
6040,1,2026-03-02,5
6041,1,2026-03-02,7
6042,1,2026-03-02,2
6043,1,2026-03-02,8
6044,1,2026-03-02,7
6045,1,2026-03-02,8
6046,1,2026-03-02,5
6047,1,2026-03-02,3
6048,1,2026-03-02,5
6049,1,2026-03-02,6
6050,1,2026-03-02,7
6051,1,2026-03-02,4
6052,1,2026-03-02,6
6053,1,2026-03-02,8
6054,1,2026-03-02,7
6055,1,2026-03-02,6
6056,1,2026-03-02,5
6057,1,2026-03-02,4
6058,1,2026-03-02,6
6059,1,2026-03-02,2
6060,1,2026-03-02,4
6061,1,2026-03-02,7
6062,1,2026-03-02,8
6063,1,2026-03-02,6
6064,1,2026-03-02,7
6065,1,2026-03-02,6
6066,1,2026-03-02,2
6067,1,2026-03-02,5
6068,1,2026-03-02,4
6069,1,2026-03-02,5
6070,1,2026-03-02,6
6071,1,2026-03-02,5
6072,1,2026-03-02,6
6073,1,2026-03-02,2
6074,1,2026-03-02,3
6075,1,2026-03-02,3
6076,1,2026-03-02,5
6077,1,2026-03-02,3
6078,1,2026-03-02,4
6079,1,2026-03-02,4
6080,1,2026-03-02,7
6081,1,2026-03-02,3
6082,1,2026-03-02,5
6083,1,2026-03-02,3
6084,1,2026-03-02,3
6085,1,2026-03-02,4
6086,1,2026-03-02,5
6087,1,2026-03-02,7
6088,1,2026-03-02,2
6089,1,2026-03-02,8
6090,1,2026-03-02,5
6091,1,2026-03-02,4
6092,1,2026-03-02,3
6093,1,2026-03-02,2
6094,1,2026-03-02,4
6095,1,2026-03-02,6
6096,1,2026-03-02,2
6097,1,2026-03-02,2
6098,1,2026-03-02,5
6099,1,2026-03-02,6
6100,1,2026-03-02,8
6101,1,2026-03-02,7
6102,1,2026-03-02,8
6103,1,2026-03-02,2
6104,1,2026-03-02,4
6105,1,2026-03-02,7
6106,1,2026-03-02,7
6107,1,2026-03-02,4
6108,1,2026-03-02,4
6109,1,2026-03-02,5
6110,1,2026-03-02,7
6111,1,2026-03-02,2
6112,1,2026-03-02,3
6113,1,2026-03-02,5
6114,1,2026-03-02,2
6115,1,2026-03-02,2
6116,1,2026-03-02,7
6117,1,2026-03-02,5
6118,1,2026-03-02,6
6119,1,2026-03-02,5
6120,1,2026-03-02,6
6121,1,2026-03-02,5
6122,1,2026-03-02,5
6123,1,2026-03-02,6
6124,1,2026-03-02,2
6125,1,2026-03-02,4
6126,1,2026-03-02,5
6127,1,2026-03-02,5
6128,1,2026-03-02,6
6129,1,2026-03-02,6
6130,1,2026-03-03,2
6131,1,2026-03-03,6
6132,1,2026-03-03,6
6133,1,2026-03-03,6
6134,1,2026-03-03,8
6135,1,2026-03-03,5
6136,1,2026-03-03,3
6137,1,2026-03-03,4
6138,1,2026-03-03,8
6139,1,2026-03-03,7
6140,1,2026-03-03,6
6141,1,2026-03-03,7
6142,1,2026-03-03,3
6143,1,2026-03-03,4
6144,1,2026-03-03,2
6145,1,2026-03-03,6
6146,1,2026-03-03,5
6147,1,2026-03-03,8
6148,1,2026-03-03,3
6149,1,2026-03-03,8
6150,1,2026-03-03,8
6151,1,2026-03-03,2
6152,1,2026-03-03,7
6153,1,2026-03-03,2
6154,1,2026-03-03,7
6155,1,2026-03-03,2
6156,1,2026-03-03,5
6157,1,2026-03-03,5
6158,1,2026-03-03,8
6159,1,2026-03-03,4
6160,1,2026-03-03,2
6161,1,2026-03-03,6
6162,1,2026-03-03,6
6163,1,2026-03-03,2
6164,1,2026-03-03,6
6165,1,2026-03-03,8
6166,1,2026-03-03,3
6167,1,2026-03-03,5
6168,1,2026-03-03,5
6169,1,2026-03-03,3
6170,1,2026-03-03,7
6171,1,2026-03-03,7
6172,1,2026-03-03,7
6173,1,2026-03-03,7
6174,1,2026-03-03,3
6175,1,2026-03-03,4
6176,1,2026-03-03,7
6177,1,2026-03-03,5
6178,1,2026-03-03,6
6179,1,2026-03-03,5
6180,1,2026-03-03,7
6181,1,2026-03-03,3
6182,1,2026-03-03,6
6183,1,2026-03-03,5
6184,1,2026-03-03,3
6185,1,2026-03-03,7
6186,1,2026-03-03,8
6187,1,2026-03-03,8
6188,1,2026-03-03,6
6189,1,2026-03-03,7
6190,1,2026-03-03,3
6191,1,2026-03-03,6
6192,1,2026-03-03,4
6193,1,2026-03-03,5
6194,1,2026-03-03,6
6195,1,2026-03-03,5
6196,1,2026-03-03,2
6197,1,2026-03-03,7
6198,1,2026-03-03,5
6199,1,2026-03-03,4
6200,1,2026-03-03,5
6201,1,2026-03-03,2
6202,1,2026-03-03,8
6203,1,2026-03-03,2
6204,1,2026-03-03,3
6205,1,2026-03-03,3
6206,1,2026-03-03,6
6207,1,2026-03-03,7
6208,1,2026-03-03,4
6209,1,2026-03-03,5
6210,1,2026-03-03,4
6211,1,2026-03-03,4
6212,1,2026-03-03,3
6213,1,2026-03-03,3
6214,1,2026-03-03,7
6215,1,2026-03-03,4
6216,1,2026-03-03,5
6217,1,2026-03-03,8
6218,1,2026-03-03,7
6219,1,2026-03-03,3
6220,1,2026-03-03,4
6221,1,2026-03-03,6
6222,1,2026-03-03,3
6223,1,2026-03-03,4
6224,1,2026-03-03,8
6225,1,2026-03-03,2
6226,1,2026-03-03,4
6227,1,2026-03-03,2
6228,1,2026-03-03,5
6229,1,2026-03-03,8
6230,1,2026-03-03,2
6231,1,2026-03-03,6
6232,1,2026-03-03,5
6233,1,2026-03-03,7
6234,1,2026-03-03,6
6235,1,2026-03-03,4
6236,1,2026-03-03,5
6237,1,2026-03-03,7
6238,1,2026-03-03,2
6239,1,2026-03-03,8
6240,1,2026-03-03,4
6241,1,2026-03-03,3
6242,1,2026-03-03,8
6243,1,2026-03-03,4
6244,1,2026-03-03,6
6245,1,2026-03-03,6
6246,1,2026-03-03,3
6247,1,2026-03-03,5
6248,1,2026-03-03,6
6249,1,2026-03-03,7
6250,1,2026-03-03,8
6251,1,2026-03-03,7
6252,1,2026-03-03,5
6253,1,2026-03-03,3
6254,1,2026-03-03,4
6255,1,2026-03-03,7
6256,1,2026-03-03,2
6257,1,2026-03-03,6
6258,1,2026-03-03,2
6259,1,2026-03-03,7
6260,1,2026-03-03,5
6261,1,2026-03-03,5
6262,1,2026-03-03,2
6263,1,2026-03-03,2
6264,1,2026-03-03,2
6265,1,2026-03-03,3
6266,1,2026-03-04,8
6267,1,2026-03-04,2
6268,1,2026-03-04,8
6269,1,2026-03-04,4
6270,1,2026-03-04,6
6271,1,2026-03-04,2
6272,1,2026-03-04,5
6273,1,2026-03-04,4
6274,1,2026-03-04,5
6275,1,2026-03-04,8
6276,1,2026-03-04,6
6277,1,2026-03-04,2
6278,1,2026-03-04,4
6279,1,2026-03-04,8
6280,1,2026-03-04,8
6281,1,2026-03-04,8
6282,1,2026-03-04,6
6283,1,2026-03-04,4
6284,1,2026-03-04,8
6285,1,2026-03-04,8
6286,1,2026-03-04,3
6287,1,2026-03-04,7
6288,1,2026-03-04,8
6289,1,2026-03-04,3
6290,1,2026-03-04,5
6291,1,2026-03-04,3
6292,1,2026-03-04,6
6293,1,2026-03-04,7
6294,1,2026-03-04,2
6295,1,2026-03-04,8
6296,1,2026-03-04,7
6297,1,2026-03-04,4
6298,1,2026-03-04,8
6299,1,2026-03-04,5
6300,1,2026-03-04,6
6301,1,2026-03-04,2
6302,1,2026-03-04,4
6303,1,2026-03-04,8
6304,1,2026-03-04,5
6305,1,2026-03-04,4
6306,1,2026-03-04,7
6307,1,2026-03-04,3
6308,1,2026-03-04,7
6309,1,2026-03-04,7
6310,1,2026-03-04,3
6311,1,2026-03-04,8
6312,1,2026-03-04,8
6313,1,2026-03-04,4
6314,1,2026-03-04,8
6315,1,2026-03-04,5
6316,1,2026-03-04,7
6317,1,2026-03-04,5
6318,1,2026-03-05,3
6319,1,2026-03-05,7
6320,1,2026-03-05,2
6321,1,2026-03-05,2
6322,1,2026-03-05,4
6323,1,2026-03-05,5
6324,1,2026-03-05,2
6325,1,2026-03-05,5
6326,1,2026-03-05,4
6327,1,2026-03-05,6
6328,1,2026-03-05,5
6329,1,2026-03-05,8
6330,1,2026-03-05,8
6331,1,2026-03-05,4
6332,1,2026-03-05,7
6333,1,2026-03-05,2
6334,1,2026-03-05,8
6335,1,2026-03-05,6
6336,1,2026-03-05,5
6337,1,2026-03-05,7
6338,1,2026-03-05,5
6339,1,2026-03-05,7
6340,1,2026-03-05,4
6341,1,2026-03-05,6
6342,1,2026-03-05,3
6343,1,2026-03-05,8
6344,1,2026-03-05,5
6345,1,2026-03-05,5
6346,1,2026-03-05,8
6347,1,2026-03-05,4
6348,1,2026-03-05,5
6349,1,2026-03-05,8
6350,1,2026-03-05,6
6351,1,2026-03-05,8
6352,1,2026-03-05,6
6353,1,2026-03-05,8
6354,1,2026-03-05,6
6355,1,2026-03-05,4
6356,1,2026-03-05,2
6357,1,2026-03-05,7
6358,1,2026-03-05,6
6359,1,2026-03-05,6
6360,1,2026-03-05,2
6361,1,2026-03-05,2
6362,1,2026-03-05,8
6363,1,2026-03-05,8
6364,1,2026-03-05,8
6365,1,2026-03-05,6
6366,1,2026-03-05,8
6367,1,2026-03-05,4
6368,1,2026-03-05,2
6369,1,2026-03-05,2
6370,1,2026-03-05,6
6371,1,2026-03-05,5
6372,1,2026-03-05,2
6373,1,2026-03-05,2
6374,1,2026-03-05,8
6375,1,2026-03-05,7
6376,1,2026-03-05,2
6377,1,2026-03-05,5
6378,1,2026-03-05,5
6379,1,2026-03-05,3
6380,1,2026-03-05,2
6381,1,2026-03-05,8
6382,1,2026-03-05,2
6383,1,2026-03-05,2
6384,1,2026-03-05,8
6385,1,2026-03-05,8
6386,1,2026-03-05,6
6387,1,2026-03-05,8
6388,1,2026-03-05,4
6389,1,2026-03-05,5
6390,1,2026-03-05,5
6391,1,2026-03-05,7
6392,1,2026-03-05,2
6393,1,2026-03-05,5
6394,1,2026-03-05,8
6395,1,2026-03-05,6
6396,1,2026-03-05,8
6397,1,2026-03-05,3
6398,1,2026-03-05,7
6399,1,2026-03-06,3
6400,1,2026-03-06,7
6401,1,2026-03-06,5
6402,1,2026-03-06,3
6403,1,2026-03-06,2
6404,1,2026-03-06,3
6405,1,2026-03-06,4
6406,1,2026-03-06,8
6407,1,2026-03-06,7
6408,1,2026-03-06,4
6409,1,2026-03-06,4
6410,1,2026-03-06,4
6411,1,2026-03-06,3
6412,1,2026-03-06,5
6413,1,2026-03-06,8
6414,1,2026-03-06,2
6415,1,2026-03-06,6
6416,1,2026-03-06,3
6417,1,2026-03-06,8
6418,1,2026-03-06,2
6419,1,2026-03-06,2
6420,1,2026-03-06,3
6421,1,2026-03-06,3
6422,1,2026-03-06,6
6423,1,2026-03-06,8
6424,1,2026-03-06,3
6425,1,2026-03-06,5
6426,1,2026-03-06,3
6427,1,2026-03-06,7
6428,1,2026-03-06,3
6429,1,2026-03-06,3
6430,1,2026-03-06,7
6431,1,2026-03-06,6
6432,1,2026-03-06,5
6433,1,2026-03-06,4
6434,1,2026-03-06,5
6435,1,2026-03-06,8
6436,1,2026-03-06,4
6437,1,2026-03-06,7
6438,1,2026-03-06,6
6439,1,2026-03-06,3
6440,1,2026-03-06,6
6441,1,2026-03-06,6
6442,1,2026-03-06,3
6443,1,2026-03-06,8
6444,1,2026-03-06,5
6445,1,2026-03-06,4
6446,1,2026-03-06,6
6447,1,2026-03-06,8
6448,1,2026-03-06,2
6449,1,2026-03-06,8
6450,1,2026-03-06,8
6451,1,2026-03-06,6
6452,1,2026-03-06,3
6453,1,2026-03-06,2
6454,1,2026-03-06,2
6455,1,2026-03-06,3
6456,1,2026-03-06,2
6457,1,2026-03-06,8
6458,1,2026-03-06,4
6459,1,2026-03-06,2
6460,1,2026-03-06,7
6461,1,2026-03-06,2
6462,1,2026-03-06,5
6463,1,2026-03-06,8
6464,1,2026-03-06,4
6465,1,2026-03-06,7
6466,1,2026-03-06,6
6467,1,2026-03-06,6
6468,1,2026-03-06,3
6469,1,2026-03-06,4
6470,1,2026-03-06,6
6471,1,2026-03-06,6
6472,1,2026-03-06,6
6473,1,2026-03-06,4
6474,1,2026-03-06,3
6475,1,2026-03-06,5
6476,1,2026-03-06,7
6477,1,2026-03-06,3
6478,1,2026-03-06,2
6479,1,2026-03-06,3
6480,1,2026-03-06,4
6481,1,2026-03-06,2
6482,1,2026-03-06,7
6483,1,2026-03-06,5
6484,1,2026-03-06,8
6485,1,2026-03-06,8
6486,1,2026-03-06,8
6487,1,2026-03-06,3
6488,1,2026-03-06,7
6489,1,2026-03-07,3
6490,1,2026-03-07,4
6491,1,2026-03-07,5
6492,1,2026-03-07,6
6493,1,2026-03-07,2
6494,1,2026-03-07,2
6495,1,2026-03-07,8
6496,1,2026-03-07,7
6497,1,2026-03-07,5
6498,1,2026-03-07,8
6499,1,2026-03-07,3
6500,1,2026-03-07,4
6501,1,2026-03-07,5
6502,1,2026-03-07,8
6503,1,2026-03-07,3
6504,1,2026-03-07,6
6505,1,2026-03-07,5
6506,1,2026-03-07,8
6507,1,2026-03-07,7
6508,1,2026-03-07,2
6509,1,2026-03-07,3
6510,1,2026-03-07,3
6511,1,2026-03-07,8
6512,1,2026-03-07,2
6513,1,2026-03-07,3
6514,1,2026-03-07,2
6515,1,2026-03-07,7
6516,1,2026-03-07,7
6517,1,2026-03-07,4
6518,1,2026-03-07,4
6519,1,2026-03-07,2
6520,1,2026-03-07,8
6521,1,2026-03-07,6
6522,1,2026-03-07,3
6523,1,2026-03-07,2
6524,1,2026-03-07,7
6525,1,2026-03-07,7
6526,1,2026-03-07,2
6527,1,2026-03-07,4
6528,1,2026-03-07,3
6529,1,2026-03-07,4
6530,1,2026-03-07,8
6531,1,2026-03-07,7
6532,1,2026-03-07,4
6533,1,2026-03-07,5
6534,1,2026-03-07,7
6535,1,2026-03-07,4
6536,1,2026-03-07,6
6537,1,2026-03-07,7
6538,1,2026-03-07,7
6539,1,2026-03-07,3
6540,1,2026-03-07,7
6541,1,2026-03-07,2
6542,1,2026-03-07,3
6543,1,2026-03-07,3
6544,1,2026-03-07,3
6545,1,2026-03-07,8
6546,1,2026-03-07,5
6547,1,2026-03-07,7
6548,1,2026-03-07,5
6549,1,2026-03-07,3
6550,1,2026-03-07,2
6551,1,2026-03-07,2
6552,1,2026-03-07,2
6553,1,2026-03-07,5
6554,1,2026-03-07,8
6555,1,2026-03-07,7
6556,1,2026-03-07,6
6557,1,2026-03-07,8
6558,1,2026-03-07,5
6559,1,2026-03-07,6
6560,1,2026-03-07,7
6561,1,2026-03-07,3
6562,1,2026-03-07,6
6563,1,2026-03-07,7
6564,1,2026-03-07,7
6565,1,2026-03-07,2
6566,1,2026-03-07,5
6567,1,2026-03-07,4
6568,1,2026-03-07,6
6569,1,2026-03-07,5
6570,1,2026-03-07,5
6571,1,2026-03-07,7
6572,1,2026-03-07,6
6573,1,2026-03-07,5
6574,1,2026-03-07,8
6575,1,2026-03-07,4
6576,1,2026-03-07,6
6577,1,2026-03-07,8
6578,1,2026-03-07,4
6579,1,2026-03-07,7
6580,1,2026-03-07,7
6581,1,2026-03-07,6
6582,1,2026-03-07,6
6583,1,2026-03-07,2
6584,1,2026-03-07,2
6585,1,2026-03-07,5
6586,1,2026-03-07,5
6587,1,2026-03-07,3
6588,1,2026-03-07,5
6589,1,2026-03-07,4
6590,1,2026-03-07,2
6591,1,2026-03-07,6
6592,1,2026-03-07,5
6593,1,2026-03-07,4
6594,1,2026-03-07,2
6595,1,2026-03-07,3
6596,1,2026-03-07,6
6597,1,2026-03-07,2
6598,1,2026-03-07,4
6599,1,2026-03-07,7
6600,1,2026-03-07,5
6601,1,2026-03-07,3
6602,1,2026-03-07,3
6603,1,2026-03-07,8
6604,1,2026-03-07,6
6605,1,2026-03-07,2
6606,1,2026-03-07,8
6607,1,2026-03-07,6
6608,1,2026-03-07,8
6609,1,2026-03-07,2
6610,1,2026-03-07,7
6611,1,2026-03-07,5
6612,1,2026-03-07,5
6613,1,2026-03-07,7
6614,1,2026-03-07,2
6615,1,2026-03-07,2
6616,1,2026-03-07,5
6617,1,2026-03-08,8
6618,1,2026-03-08,2
6619,1,2026-03-08,5
6620,1,2026-03-08,2
6621,1,2026-03-08,6
6622,1,2026-03-08,7
6623,1,2026-03-08,7
6624,1,2026-03-08,8
6625,1,2026-03-08,2
6626,1,2026-03-08,6
6627,1,2026-03-08,8
6628,1,2026-03-08,2
6629,1,2026-03-08,6
6630,1,2026-03-08,4
6631,1,2026-03-08,8
6632,1,2026-03-08,2
6633,1,2026-03-08,3
6634,1,2026-03-08,6
6635,1,2026-03-08,7
6636,1,2026-03-08,6
6637,1,2026-03-08,4
6638,1,2026-03-08,2
6639,1,2026-03-08,3
6640,1,2026-03-08,8
6641,1,2026-03-08,8
6642,1,2026-03-08,3
6643,1,2026-03-08,2
6644,1,2026-03-08,3
6645,1,2026-03-08,4
6646,1,2026-03-08,3
6647,1,2026-03-08,7
6648,1,2026-03-08,4
6649,1,2026-03-08,4
6650,1,2026-03-08,8
6651,1,2026-03-08,3
6652,1,2026-03-08,7
6653,1,2026-03-08,6
6654,1,2026-03-08,3
6655,1,2026-03-08,8
6656,1,2026-03-08,4
6657,1,2026-03-08,8
6658,1,2026-03-08,7
6659,1,2026-03-08,7
6660,1,2026-03-08,3
6661,1,2026-03-08,6
6662,1,2026-03-08,7
6663,1,2026-03-08,3
6664,1,2026-03-08,6
6665,1,2026-03-08,8
6666,1,2026-03-08,3
6667,1,2026-03-08,5
6668,1,2026-03-08,6
6669,1,2026-03-08,5
6670,1,2026-03-08,6
6671,1,2026-03-08,6
6672,1,2026-03-08,3
6673,1,2026-03-08,8
6674,1,2026-03-08,6
6675,1,2026-03-08,6
6676,1,2026-03-08,7
6677,1,2026-03-08,2
6678,1,2026-03-08,6
6679,1,2026-03-08,6
6680,1,2026-03-08,8
6681,1,2026-03-08,5
6682,1,2026-03-08,5
6683,1,2026-03-08,5
6684,1,2026-03-08,7
6685,1,2026-03-08,4
6686,1,2026-03-08,7
6687,1,2026-03-08,4
6688,1,2026-03-08,8
6689,1,2026-03-08,3
6690,1,2026-03-08,5
6691,1,2026-03-08,5
6692,1,2026-03-08,5
6693,1,2026-03-08,8
6694,1,2026-03-08,5
6695,1,2026-03-08,3
6696,1,2026-03-08,4
6697,1,2026-03-08,2
6698,1,2026-03-08,2
6699,1,2026-03-08,3
6700,1,2026-03-08,3
6701,1,2026-03-08,8
6702,1,2026-03-08,3
6703,1,2026-03-08,3
6704,1,2026-03-08,4
6705,1,2026-03-08,8
6706,1,2026-03-08,4
6707,1,2026-03-08,7
6708,1,2026-03-08,3
6709,1,2026-03-08,8
6710,1,2026-03-08,5
6711,1,2026-03-08,5
6712,1,2026-03-08,5
6713,1,2026-03-08,5
6714,1,2026-03-08,5
6715,1,2026-03-08,5
6716,1,2026-03-08,2
6717,1,2026-03-08,4
6718,1,2026-03-08,5
6719,1,2026-03-08,7
6720,1,2026-03-08,3
6721,1,2026-03-08,5
6722,1,2026-03-08,7
6723,1,2026-03-08,6
6724,1,2026-03-08,8
6725,1,2026-03-08,7
6726,1,2026-03-08,6
6727,1,2026-03-08,8
6728,1,2026-03-08,6
6729,1,2026-03-08,6
6730,1,2026-03-08,7
6731,1,2026-03-08,7
6732,1,2026-03-08,8
6733,1,2026-03-08,6
6734,1,2026-03-08,2
6735,1,2026-03-08,3
6736,1,2026-03-08,8
6737,1,2026-03-08,5
6738,1,2026-03-08,7
6739,1,2026-03-08,5
6740,1,2026-03-08,7
6741,1,2026-03-08,6
6742,1,2026-03-08,8
6743,1,2026-03-08,2
6744,1,2026-03-09,8
6745,1,2026-03-09,8
6746,1,2026-03-09,2
6747,1,2026-03-09,6
6748,1,2026-03-09,3
6749,1,2026-03-09,7
6750,1,2026-03-09,3
6751,1,2026-03-09,2
6752,1,2026-03-09,3
6753,1,2026-03-09,3
6754,1,2026-03-09,4
6755,1,2026-03-09,7
6756,1,2026-03-09,7
6757,1,2026-03-09,2
6758,1,2026-03-09,5
6759,1,2026-03-09,8
6760,1,2026-03-09,4
6761,1,2026-03-09,8
6762,1,2026-03-09,5
6763,1,2026-03-09,8
6764,1,2026-03-09,7
6765,1,2026-03-09,8
6766,1,2026-03-09,2
6767,1,2026-03-09,4
6768,1,2026-03-09,7
6769,1,2026-03-09,8
6770,1,2026-03-09,6
6771,1,2026-03-09,2
6772,1,2026-03-09,7
6773,1,2026-03-09,3
6774,1,2026-03-09,8
6775,1,2026-03-09,8
6776,1,2026-03-09,7
6777,1,2026-03-09,7
6778,1,2026-03-09,6
6779,1,2026-03-09,5
6780,1,2026-03-09,7
6781,1,2026-03-09,8
6782,1,2026-03-09,4
6783,1,2026-03-09,5
6784,1,2026-03-09,5
6785,1,2026-03-09,6
6786,1,2026-03-09,6
6787,1,2026-03-09,4
6788,1,2026-03-09,4
6789,1,2026-03-09,4
6790,1,2026-03-09,6
6791,1,2026-03-09,8
6792,1,2026-03-09,8
6793,1,2026-03-09,8
6794,1,2026-03-09,5
6795,1,2026-03-09,4
6796,1,2026-03-09,5
6797,1,2026-03-09,8
6798,1,2026-03-09,6
6799,1,2026-03-09,8
6800,1,2026-03-09,6
6801,1,2026-03-09,6
6802,1,2026-03-09,6
6803,1,2026-03-09,7
6804,1,2026-03-09,2
6805,1,2026-03-09,3
6806,1,2026-03-09,3
6807,1,2026-03-09,6
6808,1,2026-03-09,6
6809,1,2026-03-09,5
6810,1,2026-03-09,4
6811,1,2026-03-09,3
6812,1,2026-03-09,6
6813,1,2026-03-09,5
6814,1,2026-03-09,2
6815,1,2026-03-09,2
6816,1,2026-03-09,2
6817,1,2026-03-09,6
6818,1,2026-03-09,6
6819,1,2026-03-09,2
6820,1,2026-03-09,7
6821,1,2026-03-09,5
6822,1,2026-03-09,8
6823,1,2026-03-09,6
6824,1,2026-03-09,4
6825,1,2026-03-09,4
6826,1,2026-03-09,4
6827,1,2026-03-09,7
6828,1,2026-03-10,2
6829,1,2026-03-10,4
6830,1,2026-03-10,4
6831,1,2026-03-10,6
6832,1,2026-03-10,8
6833,1,2026-03-10,4
6834,1,2026-03-10,7
6835,1,2026-03-10,4
6836,1,2026-03-10,2
6837,1,2026-03-10,7
6838,1,2026-03-10,5
6839,1,2026-03-10,7
6840,1,2026-03-10,2
6841,1,2026-03-10,8
6842,1,2026-03-10,8
6843,1,2026-03-10,7
6844,1,2026-03-10,7
6845,1,2026-03-10,2
6846,1,2026-03-10,4
6847,1,2026-03-10,5
6848,1,2026-03-10,6
6849,1,2026-03-10,8
6850,1,2026-03-10,3
6851,1,2026-03-10,2
6852,1,2026-03-10,6
6853,1,2026-03-10,4
6854,1,2026-03-10,8
6855,1,2026-03-10,4
6856,1,2026-03-10,4
6857,1,2026-03-10,5
6858,1,2026-03-10,2
6859,1,2026-03-10,7
6860,1,2026-03-10,6
6861,1,2026-03-10,5
6862,1,2026-03-10,7
6863,1,2026-03-10,8
6864,1,2026-03-10,5
6865,1,2026-03-10,7
6866,1,2026-03-10,8
6867,1,2026-03-10,2
6868,1,2026-03-10,4
6869,1,2026-03-10,2
6870,1,2026-03-10,6
6871,1,2026-03-10,4
6872,1,2026-03-10,2
6873,1,2026-03-10,6
6874,1,2026-03-10,7
6875,1,2026-03-10,2
6876,1,2026-03-10,2
6877,1,2026-03-10,2
6878,1,2026-03-10,5
6879,1,2026-03-10,7
6880,1,2026-03-10,7
6881,1,2026-03-10,3
6882,1,2026-03-10,8
6883,1,2026-03-10,4
6884,1,2026-03-10,6
6885,1,2026-03-10,7
6886,1,2026-03-10,2
6887,1,2026-03-10,4
6888,1,2026-03-10,8
6889,1,2026-03-10,3
6890,1,2026-03-10,8
6891,1,2026-03-10,7
6892,1,2026-03-10,7
6893,1,2026-03-10,3
6894,1,2026-03-10,5
6895,1,2026-03-10,4
6896,1,2026-03-10,3
6897,1,2026-03-10,5
6898,1,2026-03-10,4
6899,1,2026-03-10,8
6900,1,2026-03-10,2
6901,1,2026-03-10,3
6902,1,2026-03-10,3
6903,1,2026-03-10,5
6904,1,2026-03-10,2
6905,1,2026-03-10,3
6906,1,2026-03-10,4
6907,1,2026-03-10,2
6908,1,2026-03-10,2
6909,1,2026-03-10,6
6910,1,2026-03-11,7
6911,1,2026-03-11,4
6912,1,2026-03-11,4
6913,1,2026-03-11,7
6914,1,2026-03-11,5
6915,1,2026-03-11,6
6916,1,2026-03-11,3
6917,1,2026-03-11,5
6918,1,2026-03-11,6
6919,1,2026-03-11,2
6920,1,2026-03-11,5
6921,1,2026-03-11,5
6922,1,2026-03-11,3
6923,1,2026-03-11,6
6924,1,2026-03-11,5
6925,1,2026-03-11,3
6926,1,2026-03-11,3
6927,1,2026-03-11,2
6928,1,2026-03-11,7
6929,1,2026-03-11,5
6930,1,2026-03-11,6
6931,1,2026-03-11,7
6932,1,2026-03-11,4
6933,1,2026-03-11,6
6934,1,2026-03-11,7
6935,1,2026-03-11,6
6936,1,2026-03-11,3
6937,1,2026-03-11,7
6938,1,2026-03-11,4
6939,1,2026-03-11,6
6940,1,2026-03-11,5
6941,1,2026-03-11,4
6942,1,2026-03-11,6
6943,1,2026-03-11,4
6944,1,2026-03-11,8
6945,1,2026-03-11,4
6946,1,2026-03-11,8
6947,1,2026-03-11,5
6948,1,2026-03-11,8
6949,1,2026-03-11,8
6950,1,2026-03-11,2
6951,1,2026-03-11,5
6952,1,2026-03-11,3
6953,1,2026-03-11,3
6954,1,2026-03-11,8
6955,1,2026-03-11,3
6956,1,2026-03-11,2
6957,1,2026-03-11,2
6958,1,2026-03-11,3
6959,1,2026-03-11,8
6960,1,2026-03-11,7
6961,1,2026-03-11,8
6962,1,2026-03-11,3
6963,1,2026-03-11,7
6964,1,2026-03-11,4
6965,1,2026-03-11,8
6966,1,2026-03-11,7
6967,1,2026-03-11,2
6968,1,2026-03-11,5
6969,1,2026-03-11,7
6970,1,2026-03-11,2
6971,1,2026-03-11,5
6972,1,2026-03-11,7
6973,1,2026-03-11,7
6974,1,2026-03-11,7
6975,1,2026-03-11,4
6976,1,2026-03-11,6
6977,1,2026-03-11,5
6978,1,2026-03-11,7
6979,1,2026-03-11,5
6980,1,2026-03-11,6
6981,1,2026-03-11,6
6982,1,2026-03-11,4
6983,1,2026-03-11,4
6984,1,2026-03-11,7
6985,1,2026-03-11,6
6986,1,2026-03-11,2
6987,1,2026-03-11,8
6988,1,2026-03-11,6
6989,1,2026-03-11,7
6990,1,2026-03-11,2
6991,1,2026-03-11,4
6992,1,2026-03-11,8
6993,1,2026-03-11,6
6994,1,2026-03-11,4
6995,1,2026-03-11,7
6996,1,2026-03-11,6
6997,1,2026-03-11,7
6998,1,2026-03-11,5
6999,1,2026-03-11,7
7000,1,2026-03-11,8
7001,1,2026-03-11,6
7002,1,2026-03-11,6
7003,1,2026-03-11,4
7004,1,2026-03-11,5
7005,1,2026-03-11,2
7006,1,2026-03-11,7
7007,1,2026-03-11,6
7008,1,2026-03-11,7
7009,1,2026-03-11,4
7010,1,2026-03-11,7
7011,1,2026-03-12,3
7012,1,2026-03-12,8
7013,1,2026-03-12,6
7014,1,2026-03-12,5
7015,1,2026-03-12,8
7016,1,2026-03-12,4
7017,1,2026-03-12,3
7018,1,2026-03-12,6
7019,1,2026-03-12,4
7020,1,2026-03-12,2
7021,1,2026-03-12,4
7022,1,2026-03-12,7
7023,1,2026-03-12,5
7024,1,2026-03-12,4
7025,1,2026-03-12,4
7026,1,2026-03-12,6
7027,1,2026-03-12,6
7028,1,2026-03-12,7
7029,1,2026-03-12,8
7030,1,2026-03-12,7
7031,1,2026-03-12,3
7032,1,2026-03-12,8
7033,1,2026-03-12,6
7034,1,2026-03-12,6
7035,1,2026-03-12,3
7036,1,2026-03-12,2
7037,1,2026-03-12,6
7038,1,2026-03-12,6
7039,1,2026-03-12,5
7040,1,2026-03-12,5
7041,1,2026-03-12,2
7042,1,2026-03-12,4
7043,1,2026-03-12,7
7044,1,2026-03-12,8
7045,1,2026-03-12,4
7046,1,2026-03-12,5
7047,1,2026-03-12,2
7048,1,2026-03-12,3
7049,1,2026-03-12,2
7050,1,2026-03-12,5
7051,1,2026-03-12,8
7052,1,2026-03-12,8
7053,1,2026-03-12,3
7054,1,2026-03-12,2
7055,1,2026-03-12,3
7056,1,2026-03-12,2
7057,1,2026-03-12,3
7058,1,2026-03-12,4
7059,1,2026-03-12,7
7060,1,2026-03-12,8
7061,1,2026-03-12,4
7062,1,2026-03-12,5
7063,1,2026-03-12,2
7064,1,2026-03-12,6
7065,1,2026-03-12,2
7066,1,2026-03-12,7
7067,1,2026-03-12,5
7068,1,2026-03-12,6
7069,1,2026-03-12,7
7070,1,2026-03-12,3
7071,1,2026-03-12,4
7072,1,2026-03-12,7
7073,1,2026-03-12,4
7074,1,2026-03-12,4
7075,1,2026-03-12,8
7076,1,2026-03-12,3
7077,1,2026-03-12,5
7078,1,2026-03-12,5
7079,1,2026-03-12,6
7080,1,2026-03-12,7
7081,1,2026-03-12,7
7082,1,2026-03-12,8
7083,1,2026-03-12,6
7084,1,2026-03-12,5
7085,1,2026-03-12,3
7086,1,2026-03-12,4
7087,1,2026-03-12,2
7088,1,2026-03-12,3
7089,1,2026-03-12,4
7090,1,2026-03-12,4
7091,1,2026-03-12,3
7092,1,2026-03-12,6
7093,1,2026-03-12,7
7094,1,2026-03-12,4
7095,1,2026-03-12,3
7096,1,2026-03-12,4
7097,1,2026-03-12,2
7098,1,2026-03-12,3
7099,1,2026-03-12,7
7100,1,2026-03-12,3
7101,1,2026-03-12,6
7102,1,2026-03-12,3
7103,1,2026-03-12,3
7104,1,2026-03-12,3
7105,1,2026-03-12,7
7106,1,2026-03-12,6
7107,1,2026-03-12,4
7108,1,2026-03-13,2
7109,1,2026-03-13,4
7110,1,2026-03-13,2
7111,1,2026-03-13,5
7112,1,2026-03-13,7
7113,1,2026-03-13,4
7114,1,2026-03-13,4
7115,1,2026-03-13,8
7116,1,2026-03-13,5
7117,1,2026-03-13,8
7118,1,2026-03-13,7
7119,1,2026-03-13,2
7120,1,2026-03-13,5
7121,1,2026-03-13,5
7122,1,2026-03-13,3
7123,1,2026-03-13,4
7124,1,2026-03-13,5
7125,1,2026-03-13,2
7126,1,2026-03-13,4
7127,1,2026-03-13,2
7128,1,2026-03-13,4
7129,1,2026-03-13,8
7130,1,2026-03-13,7
7131,1,2026-03-13,8
7132,1,2026-03-13,7
7133,1,2026-03-13,4
7134,1,2026-03-13,3
7135,1,2026-03-13,8
7136,1,2026-03-13,7
7137,1,2026-03-13,2
7138,1,2026-03-13,3
7139,1,2026-03-13,6
7140,1,2026-03-13,2
7141,1,2026-03-13,2
7142,1,2026-03-13,4
7143,1,2026-03-13,8
7144,1,2026-03-13,8
7145,1,2026-03-13,3
7146,1,2026-03-13,6
7147,1,2026-03-13,5
7148,1,2026-03-13,8
7149,1,2026-03-13,4
7150,1,2026-03-13,7
7151,1,2026-03-13,5
7152,1,2026-03-13,5
7153,1,2026-03-13,5
7154,1,2026-03-13,8
7155,1,2026-03-13,5
7156,1,2026-03-13,2
7157,1,2026-03-13,2
7158,1,2026-03-13,2
7159,1,2026-03-13,6
7160,1,2026-03-13,8
7161,1,2026-03-13,3
7162,1,2026-03-13,5
7163,1,2026-03-13,8
7164,1,2026-03-13,7
7165,1,2026-03-13,6
7166,1,2026-03-13,8
7167,1,2026-03-13,2
7168,1,2026-03-13,6
7169,1,2026-03-13,8
7170,1,2026-03-13,8
7171,1,2026-03-13,3
7172,1,2026-03-13,7
7173,1,2026-03-13,7
7174,1,2026-03-13,8
7175,1,2026-03-13,5
7176,1,2026-03-13,3
7177,1,2026-03-13,6
7178,1,2026-03-13,5
7179,1,2026-03-13,4
7180,1,2026-03-13,8
7181,1,2026-03-13,8
7182,1,2026-03-13,2
7183,1,2026-03-13,4
7184,1,2026-03-13,6
7185,1,2026-03-13,6
7186,1,2026-03-13,2
7187,1,2026-03-13,2
7188,1,2026-03-13,2
7189,1,2026-03-13,7
7190,1,2026-03-13,3
7191,1,2026-03-13,4
7192,1,2026-03-13,6
7193,1,2026-03-13,6
7194,1,2026-03-13,3
7195,1,2026-03-13,8
7196,1,2026-03-14,2
7197,1,2026-03-14,3
7198,1,2026-03-14,3
7199,1,2026-03-14,4
7200,1,2026-03-14,5
7201,1,2026-03-14,5
7202,1,2026-03-14,4
7203,1,2026-03-14,2
7204,1,2026-03-14,7
7205,1,2026-03-14,8
7206,1,2026-03-14,4
7207,1,2026-03-14,3
7208,1,2026-03-14,2
7209,1,2026-03-14,8
7210,1,2026-03-14,4
7211,1,2026-03-14,7
7212,1,2026-03-14,8
7213,1,2026-03-14,6
7214,1,2026-03-14,2
7215,1,2026-03-14,4
7216,1,2026-03-14,6
7217,1,2026-03-14,5
7218,1,2026-03-14,5
7219,1,2026-03-14,7
7220,1,2026-03-14,4
7221,1,2026-03-14,2
7222,1,2026-03-14,2
7223,1,2026-03-14,2
7224,1,2026-03-14,5
7225,1,2026-03-14,2
7226,1,2026-03-14,7
7227,1,2026-03-14,6
7228,1,2026-03-14,3
7229,1,2026-03-14,8
7230,1,2026-03-14,3
7231,1,2026-03-14,5
7232,1,2026-03-14,6
7233,1,2026-03-14,5
7234,1,2026-03-14,6
7235,1,2026-03-14,8
7236,1,2026-03-14,7
7237,1,2026-03-14,2
7238,1,2026-03-14,3
7239,1,2026-03-14,3
7240,1,2026-03-14,8
7241,1,2026-03-14,3
7242,1,2026-03-14,7
7243,1,2026-03-14,3
7244,1,2026-03-14,7
7245,1,2026-03-14,6
7246,1,2026-03-14,8
7247,1,2026-03-14,7
7248,1,2026-03-14,8
7249,1,2026-03-14,7
7250,1,2026-03-14,3
7251,1,2026-03-14,5
7252,1,2026-03-14,5
7253,1,2026-03-14,5
7254,1,2026-03-14,8
7255,1,2026-03-14,6
7256,1,2026-03-14,7
7257,1,2026-03-14,5
7258,1,2026-03-14,8
7259,1,2026-03-14,2
7260,1,2026-03-14,3
7261,1,2026-03-14,6
7262,1,2026-03-14,7
7263,1,2026-03-14,2
7264,1,2026-03-14,7
7265,1,2026-03-14,3
7266,1,2026-03-14,7
7267,1,2026-03-14,8
7268,1,2026-03-14,2
7269,1,2026-03-14,8
7270,1,2026-03-14,8
7271,1,2026-03-14,8
7272,1,2026-03-14,5
7273,1,2026-03-14,4
7274,1,2026-03-14,3
7275,1,2026-03-14,2
7276,1,2026-03-14,6
7277,1,2026-03-14,5
7278,1,2026-03-14,5
7279,1,2026-03-14,3
7280,1,2026-03-14,5
7281,1,2026-03-14,7
7282,1,2026-03-14,5
7283,1,2026-03-14,5
7284,1,2026-03-14,6
7285,1,2026-03-14,2
7286,1,2026-03-14,3
7287,1,2026-03-14,2
7288,1,2026-03-14,8
7289,1,2026-03-14,4
7290,1,2026-03-14,8
7291,1,2026-03-14,6
7292,1,2026-03-14,3
7293,1,2026-03-14,3
7294,1,2026-03-14,6
7295,1,2026-03-14,7
7296,1,2026-03-14,7
7297,1,2026-03-14,3
7298,1,2026-03-14,2
7299,1,2026-03-14,7
7300,1,2026-03-14,4
7301,1,2026-03-14,5
7302,1,2026-03-14,7
7303,1,2026-03-14,2
7304,1,2026-03-14,2
7305,1,2026-03-14,7
7306,1,2026-03-14,7
7307,1,2026-03-14,4
7308,1,2026-03-14,3
7309,1,2026-03-14,5
7310,1,2026-03-14,8
7311,1,2026-03-14,8
7312,1,2026-03-14,5
7313,1,2026-03-14,7
7314,1,2026-03-14,2
7315,1,2026-03-14,4
7316,1,2026-03-14,8
7317,1,2026-03-14,4
7318,1,2026-03-14,8
7319,1,2026-03-14,3
7320,1,2026-03-14,8
7321,1,2026-03-14,4
7322,1,2026-03-14,6
7323,1,2026-03-14,3
7324,1,2026-03-14,6
7325,1,2026-03-14,7
7326,1,2026-03-14,4
7327,1,2026-03-14,7
7328,1,2026-03-15,5
7329,1,2026-03-15,7
7330,1,2026-03-15,5
7331,1,2026-03-15,5
7332,1,2026-03-15,4
7333,1,2026-03-15,7
7334,1,2026-03-15,6
7335,1,2026-03-15,6
7336,1,2026-03-15,3
7337,1,2026-03-15,6
7338,1,2026-03-15,8
7339,1,2026-03-15,6
7340,1,2026-03-15,2
7341,1,2026-03-15,3
7342,1,2026-03-15,3
7343,1,2026-03-15,2
7344,1,2026-03-15,8
7345,1,2026-03-15,4
7346,1,2026-03-15,5
7347,1,2026-03-15,3
7348,1,2026-03-15,5
7349,1,2026-03-15,7
7350,1,2026-03-15,5
7351,1,2026-03-15,7
7352,1,2026-03-15,7
7353,1,2026-03-15,4
7354,1,2026-03-15,4
7355,1,2026-03-15,3
7356,1,2026-03-15,7
7357,1,2026-03-15,8
7358,1,2026-03-15,2
7359,1,2026-03-15,7
7360,1,2026-03-15,6
7361,1,2026-03-15,6
7362,1,2026-03-15,5
7363,1,2026-03-15,5
7364,1,2026-03-15,5
7365,1,2026-03-15,4
7366,1,2026-03-15,8
7367,1,2026-03-15,8
7368,1,2026-03-15,8
7369,1,2026-03-15,2
7370,1,2026-03-15,4
7371,1,2026-03-15,2
7372,1,2026-03-15,7
7373,1,2026-03-15,2
7374,1,2026-03-15,4
7375,1,2026-03-15,3
7376,1,2026-03-15,8
7377,1,2026-03-15,3
7378,1,2026-03-15,5
7379,1,2026-03-15,7
7380,1,2026-03-15,6
7381,1,2026-03-15,4
7382,1,2026-03-15,3
7383,1,2026-03-15,3
7384,1,2026-03-15,6
7385,1,2026-03-15,8
7386,1,2026-03-15,8
7387,1,2026-03-15,7
7388,1,2026-03-15,7
7389,1,2026-03-15,6
7390,1,2026-03-15,4
7391,1,2026-03-15,5
7392,1,2026-03-15,8
7393,1,2026-03-15,8
7394,1,2026-03-15,2
7395,1,2026-03-15,6
7396,1,2026-03-15,6
7397,1,2026-03-15,4
7398,1,2026-03-15,4
7399,1,2026-03-15,4
7400,1,2026-03-15,4
7401,1,2026-03-15,5
7402,1,2026-03-15,5
7403,1,2026-03-15,3
7404,1,2026-03-15,6
7405,1,2026-03-15,5
7406,1,2026-03-15,7
7407,1,2026-03-15,2
7408,1,2026-03-15,8
7409,1,2026-03-15,4
7410,1,2026-03-15,2
7411,1,2026-03-15,4
7412,1,2026-03-15,7
7413,1,2026-03-15,7
7414,1,2026-03-15,3
7415,1,2026-03-15,7
7416,1,2026-03-15,6
7417,1,2026-03-15,2
7418,1,2026-03-15,5
7419,1,2026-03-15,2
7420,1,2026-03-15,8
7421,1,2026-03-15,3
7422,1,2026-03-15,5
7423,1,2026-03-15,2
7424,1,2026-03-15,2
7425,1,2026-03-15,3
7426,1,2026-03-15,2
7427,1,2026-03-15,2
7428,1,2026-03-15,8
7429,1,2026-03-15,7
7430,1,2026-03-15,6
7431,1,2026-03-15,4
7432,1,2026-03-15,5
7433,1,2026-03-15,8
7434,1,2026-03-15,3
7435,1,2026-03-15,6
7436,1,2026-03-15,3
7437,1,2026-03-15,4
7438,1,2026-03-15,5
7439,1,2026-03-15,6
7440,1,2026-03-15,4
7441,1,2026-03-15,8
7442,1,2026-03-15,2
7443,1,2026-03-15,5
7444,1,2026-03-15,6
7445,1,2026-03-15,4
7446,1,2026-03-15,4
7447,1,2026-03-15,5
7448,1,2026-03-15,7
7449,1,2026-03-15,7
7450,1,2026-03-15,4
7451,1,2026-03-15,8
7452,1,2026-03-15,7
7453,1,2026-03-15,2
7454,1,2026-03-15,3
7455,1,2026-03-15,3
7456,1,2026-03-15,5
7457,1,2026-03-15,3
7458,1,2026-03-15,4
7459,1,2026-03-15,4
7460,1,2026-03-15,3
7461,1,2026-03-15,4
7462,1,2026-03-15,3
7463,1,2026-03-15,2
7464,1,2026-03-15,3
7465,1,2026-03-15,6
7466,1,2026-03-15,2
7467,1,2026-03-15,2
7468,1,2026-03-15,5
7469,1,2026-03-15,7
7470,1,2026-03-15,6
7471,1,2026-03-15,5
7472,1,2026-03-15,2
7473,1,2026-03-15,7
7474,1,2026-03-15,3
7475,1,2026-03-15,8
7476,1,2026-03-16,8
7477,1,2026-03-16,6
7478,1,2026-03-16,5
7479,1,2026-03-16,3
7480,1,2026-03-16,2
7481,1,2026-03-16,2
7482,1,2026-03-16,3
7483,1,2026-03-16,8
7484,1,2026-03-16,6
7485,1,2026-03-16,4
7486,1,2026-03-16,5
7487,1,2026-03-16,5
7488,1,2026-03-16,7
7489,1,2026-03-16,5
7490,1,2026-03-16,6
7491,1,2026-03-16,2
7492,1,2026-03-16,8
7493,1,2026-03-16,7
7494,1,2026-03-16,7
7495,1,2026-03-16,5
7496,1,2026-03-16,6
7497,1,2026-03-16,4
7498,1,2026-03-16,4
7499,1,2026-03-16,3
7500,1,2026-03-16,2
7501,1,2026-03-16,6
7502,1,2026-03-16,5
7503,1,2026-03-16,5
7504,1,2026-03-16,7
7505,1,2026-03-16,5
7506,1,2026-03-16,5
7507,1,2026-03-16,8
7508,1,2026-03-16,2
7509,1,2026-03-16,8
7510,1,2026-03-16,3
7511,1,2026-03-16,2
7512,1,2026-03-16,7
7513,1,2026-03-16,4
7514,1,2026-03-16,4
7515,1,2026-03-16,3
7516,1,2026-03-16,7
7517,1,2026-03-16,2
7518,1,2026-03-16,7
7519,1,2026-03-16,8
7520,1,2026-03-16,5
7521,1,2026-03-16,4
7522,1,2026-03-16,4
7523,1,2026-03-16,5
7524,1,2026-03-16,4
7525,1,2026-03-16,8
7526,1,2026-03-16,7
7527,1,2026-03-16,2
7528,1,2026-03-16,4
7529,1,2026-03-16,7
7530,1,2026-03-16,6
7531,1,2026-03-16,6
7532,1,2026-03-16,5
7533,1,2026-03-16,3
7534,1,2026-03-16,6
7535,1,2026-03-16,8
7536,1,2026-03-16,6
7537,1,2026-03-16,4
7538,1,2026-03-16,7
7539,1,2026-03-16,6
7540,1,2026-03-16,2
7541,1,2026-03-16,6
7542,1,2026-03-16,3
7543,1,2026-03-16,3
7544,1,2026-03-16,8
7545,1,2026-03-16,5
7546,1,2026-03-16,4
7547,1,2026-03-16,7
7548,1,2026-03-16,5
7549,1,2026-03-16,7
7550,1,2026-03-16,8
7551,1,2026-03-16,3
7552,1,2026-03-16,4
7553,1,2026-03-16,5
7554,1,2026-03-16,6
7555,1,2026-03-16,4
7556,1,2026-03-16,7
7557,1,2026-03-16,8
7558,1,2026-03-16,2
7559,1,2026-03-16,4
7560,1,2026-03-16,3
7561,1,2026-03-16,8
7562,1,2026-03-16,3
7563,1,2026-03-16,2
7564,1,2026-03-16,2
7565,1,2026-03-16,2
7566,1,2026-03-16,8
7567,1,2026-03-16,7
7568,1,2026-03-16,8
7569,1,2026-03-16,8
7570,1,2026-03-16,5
7571,1,2026-03-16,5
7572,1,2026-03-16,2
7573,1,2026-03-16,4
7574,1,2026-03-16,2
7575,1,2026-03-16,7
7576,1,2026-03-16,5
7577,1,2026-03-17,8
7578,1,2026-03-17,8
7579,1,2026-03-17,6
7580,1,2026-03-17,5
7581,1,2026-03-17,5
7582,1,2026-03-17,6
7583,1,2026-03-17,2
7584,1,2026-03-17,3
7585,1,2026-03-17,8
7586,1,2026-03-17,3
7587,1,2026-03-17,7
7588,1,2026-03-17,5
7589,1,2026-03-17,3
7590,1,2026-03-17,6
7591,1,2026-03-17,2
7592,1,2026-03-17,7
7593,1,2026-03-17,4
7594,1,2026-03-17,5
7595,1,2026-03-17,4
7596,1,2026-03-17,3
7597,1,2026-03-17,5
7598,1,2026-03-17,6
7599,1,2026-03-17,3
7600,1,2026-03-17,8
7601,1,2026-03-17,2
7602,1,2026-03-17,2
7603,1,2026-03-17,7
7604,1,2026-03-17,2
7605,1,2026-03-17,2
7606,1,2026-03-17,6
7607,1,2026-03-17,2
7608,1,2026-03-17,2
7609,1,2026-03-17,4
7610,1,2026-03-17,4
7611,1,2026-03-17,2
7612,1,2026-03-17,4
7613,1,2026-03-17,4
7614,1,2026-03-17,3
7615,1,2026-03-17,4
7616,1,2026-03-17,2
7617,1,2026-03-17,4
7618,1,2026-03-17,7
7619,1,2026-03-17,5
7620,1,2026-03-17,7
7621,1,2026-03-17,6
7622,1,2026-03-17,4
7623,1,2026-03-17,2
7624,1,2026-03-17,6
7625,1,2026-03-17,8
7626,1,2026-03-17,2
7627,1,2026-03-17,4
7628,1,2026-03-17,6
7629,1,2026-03-17,4
7630,1,2026-03-17,3
7631,1,2026-03-17,5
7632,1,2026-03-17,7
7633,1,2026-03-17,5
7634,1,2026-03-17,7
7635,1,2026-03-17,5
7636,1,2026-03-17,3
7637,1,2026-03-17,2
7638,1,2026-03-17,7
7639,1,2026-03-17,2
7640,1,2026-03-17,2
7641,1,2026-03-17,8
7642,1,2026-03-17,6
7643,1,2026-03-17,3
7644,1,2026-03-17,6
7645,1,2026-03-17,2
7646,1,2026-03-17,2
7647,1,2026-03-17,5
7648,1,2026-03-17,8
7649,1,2026-03-17,4
7650,1,2026-03-17,4
7651,1,2026-03-17,8
7652,1,2026-03-17,7
7653,1,2026-03-17,7
7654,1,2026-03-17,7
7655,1,2026-03-17,4
7656,1,2026-03-17,7
7657,1,2026-03-17,7
7658,1,2026-03-17,2
7659,1,2026-03-17,2
7660,1,2026-03-17,2
7661,1,2026-03-17,3
7662,1,2026-03-17,6
7663,1,2026-03-17,5
7664,1,2026-03-17,3
7665,1,2026-03-17,3
7666,1,2026-03-17,5
7667,1,2026-03-17,6
7668,1,2026-03-17,2
7669,1,2026-03-17,2
7670,1,2026-03-17,4
7671,1,2026-03-17,8
7672,1,2026-03-17,5
7673,1,2026-03-17,8
7674,1,2026-03-17,3
7675,1,2026-03-17,3
7676,1,2026-03-17,7
7677,1,2026-03-17,3
7678,1,2026-03-17,6
7679,1,2026-03-17,8
7680,1,2026-03-17,8
7681,1,2026-03-17,5
7682,1,2026-03-17,2
7683,1,2026-03-17,3
7684,1,2026-03-17,7
7685,1,2026-03-17,7
7686,1,2026-03-17,6
7687,1,2026-03-17,7
7688,1,2026-03-17,6
7689,1,2026-03-18,6
7690,1,2026-03-18,6
7691,1,2026-03-18,2
7692,1,2026-03-18,6
7693,1,2026-03-18,6
7694,1,2026-03-18,7
7695,1,2026-03-18,3
7696,1,2026-03-18,7
7697,1,2026-03-18,5
7698,1,2026-03-18,7
7699,1,2026-03-18,7
7700,1,2026-03-18,8
7701,1,2026-03-18,7
7702,1,2026-03-18,7
7703,1,2026-03-18,4
7704,1,2026-03-18,8
7705,1,2026-03-18,7
7706,1,2026-03-18,2
7707,1,2026-03-18,6
7708,1,2026-03-18,6
7709,1,2026-03-18,2
7710,1,2026-03-18,4
7711,1,2026-03-18,7
7712,1,2026-03-18,6
7713,1,2026-03-18,8
7714,1,2026-03-18,5
7715,1,2026-03-18,7
7716,1,2026-03-18,7
7717,1,2026-03-18,3
7718,1,2026-03-18,4
7719,1,2026-03-18,6
7720,1,2026-03-18,8
7721,1,2026-03-18,6
7722,1,2026-03-18,5
7723,1,2026-03-18,5
7724,1,2026-03-18,3
7725,1,2026-03-18,7
7726,1,2026-03-18,2
7727,1,2026-03-18,2
7728,1,2026-03-18,4
7729,1,2026-03-18,7
7730,1,2026-03-18,2
7731,1,2026-03-18,3
7732,1,2026-03-18,3
7733,1,2026-03-18,7
7734,1,2026-03-18,8
7735,1,2026-03-18,4
7736,1,2026-03-18,8
7737,1,2026-03-18,3
7738,1,2026-03-18,7
7739,1,2026-03-18,7
7740,1,2026-03-18,3
7741,1,2026-03-18,6
7742,1,2026-03-18,8
7743,1,2026-03-18,2
7744,1,2026-03-18,8
7745,1,2026-03-18,7
7746,1,2026-03-18,7
7747,1,2026-03-18,2
7748,1,2026-03-18,7
7749,1,2026-03-18,5
7750,1,2026-03-18,6
7751,1,2026-03-18,6
7752,1,2026-03-18,8
7753,1,2026-03-18,6
7754,1,2026-03-18,6
7755,1,2026-03-18,6
7756,1,2026-03-18,2
7757,1,2026-03-18,5
7758,1,2026-03-18,3
7759,1,2026-03-18,8
7760,1,2026-03-18,6
7761,1,2026-03-18,8
7762,1,2026-03-18,4
7763,1,2026-03-18,2
7764,1,2026-03-18,7
7765,1,2026-03-18,5
7766,1,2026-03-18,7
7767,1,2026-03-18,5
7768,1,2026-03-18,8
7769,1,2026-03-18,5
7770,1,2026-03-18,5
7771,1,2026-03-18,7
7772,1,2026-03-18,2
7773,1,2026-03-18,5
7774,1,2026-03-18,7
7775,1,2026-03-18,3
7776,1,2026-03-18,4
7777,1,2026-03-18,7
7778,1,2026-03-18,8
7779,1,2026-03-18,2
7780,1,2026-03-18,5
7781,1,2026-03-18,3
7782,1,2026-03-18,8
7783,1,2026-03-18,3
7784,1,2026-03-18,4
7785,1,2026-03-18,4
7786,1,2026-03-18,5
7787,1,2026-03-18,2
7788,1,2026-03-18,3
7789,1,2026-03-18,8
7790,1,2026-03-18,3
7791,1,2026-03-18,2
7792,1,2026-03-18,4
7793,1,2026-03-18,4
7794,1,2026-03-18,5
7795,1,2026-03-18,8
7796,1,2026-03-18,5
7797,1,2026-03-18,4
7798,1,2026-03-18,8
7799,1,2026-03-18,5
7800,1,2026-03-18,4
7801,1,2026-03-18,6
7802,1,2026-03-18,6
7803,1,2026-03-18,7
7804,1,2026-03-18,5
7805,1,2026-03-18,2
7806,1,2026-03-18,7
7807,1,2026-03-18,6
7808,1,2026-03-18,4
7809,1,2026-03-18,2
7810,1,2026-03-18,2
7811,1,2026-03-18,6
7812,1,2026-03-18,6
7813,1,2026-03-18,2
7814,1,2026-03-18,7
7815,1,2026-03-19,7
7816,1,2026-03-19,6
7817,1,2026-03-19,7
7818,1,2026-03-19,6
7819,1,2026-03-19,6
7820,1,2026-03-19,4
7821,1,2026-03-19,8
7822,1,2026-03-19,8
7823,1,2026-03-19,6
7824,1,2026-03-19,6
7825,1,2026-03-19,3
7826,1,2026-03-19,6
7827,1,2026-03-19,2
7828,1,2026-03-19,4
7829,1,2026-03-19,6
7830,1,2026-03-19,4
7831,1,2026-03-19,2
7832,1,2026-03-19,5
7833,1,2026-03-19,3
7834,1,2026-03-19,3
7835,1,2026-03-19,4
7836,1,2026-03-19,6
7837,1,2026-03-19,2
7838,1,2026-03-19,7
7839,1,2026-03-19,8
7840,1,2026-03-19,4
7841,1,2026-03-19,7
7842,1,2026-03-19,3
7843,1,2026-03-19,4
7844,1,2026-03-19,3
7845,1,2026-03-19,6
7846,1,2026-03-19,7
7847,1,2026-03-19,3
7848,1,2026-03-19,2
7849,1,2026-03-19,3
7850,1,2026-03-19,3
7851,1,2026-03-19,7
7852,1,2026-03-19,6
7853,1,2026-03-19,3
7854,1,2026-03-19,8
7855,1,2026-03-19,6
7856,1,2026-03-19,2
7857,1,2026-03-19,4
7858,1,2026-03-19,5
7859,1,2026-03-19,6
7860,1,2026-03-19,3
7861,1,2026-03-19,8
7862,1,2026-03-19,4
7863,1,2026-03-19,7
7864,1,2026-03-19,7
7865,1,2026-03-19,2
7866,1,2026-03-19,6
7867,1,2026-03-19,6
7868,1,2026-03-19,4
7869,1,2026-03-19,3
7870,1,2026-03-19,6
7871,1,2026-03-19,6
7872,1,2026-03-19,3
7873,1,2026-03-19,4
7874,1,2026-03-19,7
7875,1,2026-03-19,3
7876,1,2026-03-19,4
7877,1,2026-03-19,7
7878,1,2026-03-19,7
7879,1,2026-03-19,3
7880,1,2026-03-19,2
7881,1,2026-03-19,3
7882,1,2026-03-19,8
7883,1,2026-03-19,8
7884,1,2026-03-19,4
7885,1,2026-03-19,2
7886,1,2026-03-19,7
7887,1,2026-03-19,7
7888,1,2026-03-19,5
7889,1,2026-03-19,5
7890,1,2026-03-19,6
7891,1,2026-03-19,8
7892,1,2026-03-19,5
7893,1,2026-03-19,4
7894,1,2026-03-19,4
7895,1,2026-03-19,3
7896,1,2026-03-19,2
7897,1,2026-03-19,3
7898,1,2026-03-19,6
7899,1,2026-03-19,7
7900,1,2026-03-19,7
7901,1,2026-03-19,3
7902,1,2026-03-19,2
7903,1,2026-03-19,7
7904,1,2026-03-19,4
7905,1,2026-03-19,2
7906,1,2026-03-19,3
7907,1,2026-03-19,7
7908,1,2026-03-19,3
7909,1,2026-03-19,8
7910,1,2026-03-19,2
7911,1,2026-03-19,3
7912,1,2026-03-19,8
7913,1,2026-03-20,4
7914,1,2026-03-20,5
7915,1,2026-03-20,8
7916,1,2026-03-20,3
7917,1,2026-03-20,2
7918,1,2026-03-20,5
7919,1,2026-03-20,5
7920,1,2026-03-20,7
7921,1,2026-03-20,5
7922,1,2026-03-20,4
7923,1,2026-03-20,4
7924,1,2026-03-20,7
7925,1,2026-03-20,3
7926,1,2026-03-20,3
7927,1,2026-03-20,2
7928,1,2026-03-20,6
7929,1,2026-03-20,8
7930,1,2026-03-20,6
7931,1,2026-03-20,6
7932,1,2026-03-20,6
7933,1,2026-03-20,2
7934,1,2026-03-20,2
7935,1,2026-03-20,3
7936,1,2026-03-20,4
7937,1,2026-03-20,3
7938,1,2026-03-20,5
7939,1,2026-03-20,6
7940,1,2026-03-20,8
7941,1,2026-03-20,5
7942,1,2026-03-20,5
7943,1,2026-03-20,4
7944,1,2026-03-20,4
7945,1,2026-03-20,3
7946,1,2026-03-20,6
7947,1,2026-03-20,6
7948,1,2026-03-20,5
7949,1,2026-03-20,7
7950,1,2026-03-20,2
7951,1,2026-03-20,3
7952,1,2026-03-20,2
7953,1,2026-03-20,2
7954,1,2026-03-20,5
7955,1,2026-03-20,3
7956,1,2026-03-20,3
7957,1,2026-03-20,2
7958,1,2026-03-20,7
7959,1,2026-03-20,5
7960,1,2026-03-20,3
7961,1,2026-03-20,4
7962,1,2026-03-20,5
7963,1,2026-03-20,2
7964,1,2026-03-20,8
7965,1,2026-03-20,4
7966,1,2026-03-20,6
7967,1,2026-03-20,4
7968,1,2026-03-20,2
7969,1,2026-03-20,7
7970,1,2026-03-20,4
7971,1,2026-03-20,4
7972,1,2026-03-20,5
7973,1,2026-03-20,5
7974,1,2026-03-20,8
7975,1,2026-03-20,8
7976,1,2026-03-20,8
7977,1,2026-03-20,5
7978,1,2026-03-20,8
7979,1,2026-03-20,3
7980,1,2026-03-20,7
7981,1,2026-03-20,2
7982,1,2026-03-20,3
7983,1,2026-03-20,8
7984,1,2026-03-20,7
7985,1,2026-03-20,3
7986,1,2026-03-20,3
7987,1,2026-03-20,3
7988,1,2026-03-21,3
7989,1,2026-03-21,8
7990,1,2026-03-21,3
7991,1,2026-03-21,2
7992,1,2026-03-21,6
7993,1,2026-03-21,8
7994,1,2026-03-21,5
7995,1,2026-03-21,3
7996,1,2026-03-21,3
7997,1,2026-03-21,4
7998,1,2026-03-21,7
7999,1,2026-03-21,5
8000,1,2026-03-21,7
8001,1,2026-03-21,4
8002,1,2026-03-21,6
8003,1,2026-03-21,7
8004,1,2026-03-21,7
8005,1,2026-03-21,5
8006,1,2026-03-21,6
8007,1,2026-03-21,2
8008,1,2026-03-21,4
8009,1,2026-03-21,8
8010,1,2026-03-21,5
8011,1,2026-03-21,3
8012,1,2026-03-21,3
8013,1,2026-03-21,7
8014,1,2026-03-21,4
8015,1,2026-03-21,5
8016,1,2026-03-21,6
8017,1,2026-03-21,5
8018,1,2026-03-21,5
8019,1,2026-03-21,6
8020,1,2026-03-21,4
8021,1,2026-03-21,6
8022,1,2026-03-21,4
8023,1,2026-03-21,3
8024,1,2026-03-21,5
8025,1,2026-03-21,7
8026,1,2026-03-21,2
8027,1,2026-03-21,4
8028,1,2026-03-21,4
8029,1,2026-03-21,8
8030,1,2026-03-21,6
8031,1,2026-03-21,7
8032,1,2026-03-21,2
8033,1,2026-03-21,5
8034,1,2026-03-21,6
8035,1,2026-03-21,6
8036,1,2026-03-21,4
8037,1,2026-03-21,4
8038,1,2026-03-21,6
8039,1,2026-03-21,7
8040,1,2026-03-21,6
8041,1,2026-03-21,6
8042,1,2026-03-21,3
8043,1,2026-03-21,2
8044,1,2026-03-21,3
8045,1,2026-03-21,4
8046,1,2026-03-21,2
8047,1,2026-03-21,4
8048,1,2026-03-21,8
8049,1,2026-03-21,8
8050,1,2026-03-21,7
8051,1,2026-03-21,4
8052,1,2026-03-21,4
8053,1,2026-03-21,8
8054,1,2026-03-21,7
8055,1,2026-03-21,6
8056,1,2026-03-21,4
8057,1,2026-03-21,4
8058,1,2026-03-21,6
8059,1,2026-03-21,8
8060,1,2026-03-21,6
8061,1,2026-03-21,2
8062,1,2026-03-21,3
8063,1,2026-03-21,8
8064,1,2026-03-21,3
8065,1,2026-03-21,4
8066,1,2026-03-21,5
8067,1,2026-03-21,5
8068,1,2026-03-21,4
8069,1,2026-03-21,7
8070,1,2026-03-21,2
8071,1,2026-03-21,3
8072,1,2026-03-21,3
8073,1,2026-03-21,8
8074,1,2026-03-21,5
8075,1,2026-03-21,8
8076,1,2026-03-21,7
8077,1,2026-03-21,4
8078,1,2026-03-22,8
8079,1,2026-03-22,5
8080,1,2026-03-22,6
8081,1,2026-03-22,8
8082,1,2026-03-22,6
8083,1,2026-03-22,6
8084,1,2026-03-22,4
8085,1,2026-03-22,8
8086,1,2026-03-22,2
8087,1,2026-03-22,7
8088,1,2026-03-22,6
8089,1,2026-03-22,8
8090,1,2026-03-22,5
8091,1,2026-03-22,3
8092,1,2026-03-22,4
8093,1,2026-03-22,2
8094,1,2026-03-22,8
8095,1,2026-03-22,4
8096,1,2026-03-22,7
8097,1,2026-03-22,5
8098,1,2026-03-22,4
8099,1,2026-03-22,4
8100,1,2026-03-22,3
8101,1,2026-03-22,7
8102,1,2026-03-22,8
8103,1,2026-03-22,3
8104,1,2026-03-22,5
8105,1,2026-03-22,6
8106,1,2026-03-22,6
8107,1,2026-03-22,7
8108,1,2026-03-22,7
8109,1,2026-03-22,7
8110,1,2026-03-22,2
8111,1,2026-03-22,8
8112,1,2026-03-22,6
8113,1,2026-03-22,8
8114,1,2026-03-22,5
8115,1,2026-03-22,7
8116,1,2026-03-22,8
8117,1,2026-03-22,2
8118,1,2026-03-22,2
8119,1,2026-03-22,7
8120,1,2026-03-22,8
8121,1,2026-03-22,3
8122,1,2026-03-22,2
8123,1,2026-03-22,5
8124,1,2026-03-22,2
8125,1,2026-03-22,5
8126,1,2026-03-22,6
8127,1,2026-03-22,5
8128,1,2026-03-22,3
8129,1,2026-03-22,7
8130,1,2026-03-22,4
8131,1,2026-03-22,2
8132,1,2026-03-22,4
8133,1,2026-03-22,6
8134,1,2026-03-22,8
8135,1,2026-03-22,2
8136,1,2026-03-22,4
8137,1,2026-03-22,4
8138,1,2026-03-22,6
8139,1,2026-03-22,3
8140,1,2026-03-22,4
8141,1,2026-03-22,3
8142,1,2026-03-22,3
8143,1,2026-03-22,6
8144,1,2026-03-22,6
8145,1,2026-03-22,8
8146,1,2026-03-22,3
8147,1,2026-03-22,2
8148,1,2026-03-22,8
8149,1,2026-03-22,8
8150,1,2026-03-22,7
8151,1,2026-03-22,2
8152,1,2026-03-22,5
8153,1,2026-03-22,8
8154,1,2026-03-22,8
8155,1,2026-03-22,4
8156,1,2026-03-22,6
8157,1,2026-03-22,4
8158,1,2026-03-22,5
8159,1,2026-03-22,4
8160,1,2026-03-22,7
8161,1,2026-03-22,2
8162,1,2026-03-22,8
8163,1,2026-03-22,3
8164,1,2026-03-22,7
8165,1,2026-03-22,8
8166,1,2026-03-22,6
8167,1,2026-03-22,3
8168,1,2026-03-22,4
8169,1,2026-03-22,3
8170,1,2026-03-22,3
8171,1,2026-03-22,5
8172,1,2026-03-22,4
8173,1,2026-03-22,6
8174,1,2026-03-22,5
8175,1,2026-03-22,3
8176,1,2026-03-22,5
8177,1,2026-03-22,4
8178,1,2026-03-22,2
8179,1,2026-03-22,6
8180,1,2026-03-22,2
8181,1,2026-03-22,4
8182,1,2026-03-22,8
8183,1,2026-03-22,4
8184,1,2026-03-22,3
8185,1,2026-03-22,5
8186,1,2026-03-23,7
8187,1,2026-03-23,2
8188,1,2026-03-23,7
8189,1,2026-03-23,6
8190,1,2026-03-23,8
8191,1,2026-03-23,3
8192,1,2026-03-23,2
8193,1,2026-03-23,8
8194,1,2026-03-23,3
8195,1,2026-03-23,3
8196,1,2026-03-23,3
8197,1,2026-03-23,8
8198,1,2026-03-23,4
8199,1,2026-03-23,4
8200,1,2026-03-23,6
8201,1,2026-03-23,7
8202,1,2026-03-23,2
8203,1,2026-03-23,6
8204,1,2026-03-23,5
8205,1,2026-03-23,8
8206,1,2026-03-23,8
8207,1,2026-03-23,7
8208,1,2026-03-23,6
8209,1,2026-03-23,4
8210,1,2026-03-23,2
8211,1,2026-03-23,8
8212,1,2026-03-23,8
8213,1,2026-03-23,4
8214,1,2026-03-23,5
8215,1,2026-03-23,2
8216,1,2026-03-23,2
8217,1,2026-03-23,5
8218,1,2026-03-23,7
8219,1,2026-03-23,4
8220,1,2026-03-23,7
8221,1,2026-03-23,7
8222,1,2026-03-23,6
8223,1,2026-03-23,6
8224,1,2026-03-23,6
8225,1,2026-03-23,8
8226,1,2026-03-23,6
8227,1,2026-03-23,5
8228,1,2026-03-23,5
8229,1,2026-03-23,6
8230,1,2026-03-23,7
8231,1,2026-03-23,6
8232,1,2026-03-23,7
8233,1,2026-03-23,7
8234,1,2026-03-23,6
8235,1,2026-03-23,3
8236,1,2026-03-23,8
8237,1,2026-03-23,3
8238,1,2026-03-23,6
8239,1,2026-03-23,7
8240,1,2026-03-23,7
8241,1,2026-03-23,8
8242,1,2026-03-23,7
8243,1,2026-03-23,2
8244,1,2026-03-23,5
8245,1,2026-03-23,2
8246,1,2026-03-23,7
8247,1,2026-03-23,8
8248,1,2026-03-23,5
8249,1,2026-03-23,8
8250,1,2026-03-23,3
8251,1,2026-03-23,5
8252,1,2026-03-23,4
8253,1,2026-03-23,8
8254,1,2026-03-23,4
8255,1,2026-03-23,6
8256,1,2026-03-23,4
8257,1,2026-03-23,4
8258,1,2026-03-23,8
8259,1,2026-03-23,4
8260,1,2026-03-23,3
8261,1,2026-03-23,4
8262,1,2026-03-23,3
8263,1,2026-03-23,6
8264,1,2026-03-23,4
8265,1,2026-03-23,3
8266,1,2026-03-23,7
8267,1,2026-03-23,3
8268,1,2026-03-23,7
8269,1,2026-03-23,8
8270,1,2026-03-23,8
8271,1,2026-03-23,2
8272,1,2026-03-23,8
8273,1,2026-03-23,5
8274,1,2026-03-23,8
8275,1,2026-03-23,4
8276,1,2026-03-23,5
8277,1,2026-03-23,7
8278,1,2026-03-23,7
8279,1,2026-03-23,7
8280,1,2026-03-23,6
8281,1,2026-03-23,3
8282,1,2026-03-23,8
8283,1,2026-03-23,5
8284,1,2026-03-23,4
8285,1,2026-03-23,8
8286,1,2026-03-23,8
8287,1,2026-03-23,4
8288,1,2026-03-23,7
8289,1,2026-03-23,8
8290,1,2026-03-23,5
8291,1,2026-03-24,2
8292,1,2026-03-24,5
8293,1,2026-03-24,8
8294,1,2026-03-24,2
8295,1,2026-03-24,3
8296,1,2026-03-24,3
8297,1,2026-03-24,3
8298,1,2026-03-24,7
8299,1,2026-03-24,7
8300,1,2026-03-24,7
8301,1,2026-03-24,3
8302,1,2026-03-24,5
8303,1,2026-03-24,2
8304,1,2026-03-24,8
8305,1,2026-03-24,2
8306,1,2026-03-24,6
8307,1,2026-03-24,8
8308,1,2026-03-24,7
8309,1,2026-03-24,4
8310,1,2026-03-24,2
8311,1,2026-03-24,2
8312,1,2026-03-24,5
8313,1,2026-03-24,7
8314,1,2026-03-24,5
8315,1,2026-03-24,6
8316,1,2026-03-24,5
8317,1,2026-03-24,6
8318,1,2026-03-24,6
8319,1,2026-03-24,8
8320,1,2026-03-24,8
8321,1,2026-03-24,4
8322,1,2026-03-24,6
8323,1,2026-03-24,8
8324,1,2026-03-24,5
8325,1,2026-03-24,3
8326,1,2026-03-24,5
8327,1,2026-03-24,7
8328,1,2026-03-24,8
8329,1,2026-03-24,5
8330,1,2026-03-24,3
8331,1,2026-03-24,7
8332,1,2026-03-24,7
8333,1,2026-03-24,4
8334,1,2026-03-24,2
8335,1,2026-03-24,4
8336,1,2026-03-24,4
8337,1,2026-03-24,5
8338,1,2026-03-24,2
8339,1,2026-03-24,6
8340,1,2026-03-24,2
8341,1,2026-03-24,2
8342,1,2026-03-24,7
8343,1,2026-03-24,2
8344,1,2026-03-24,6
8345,1,2026-03-24,2
8346,1,2026-03-24,6
8347,1,2026-03-24,2
8348,1,2026-03-24,3
8349,1,2026-03-24,7
8350,1,2026-03-24,3
8351,1,2026-03-24,4
8352,1,2026-03-24,7
8353,1,2026-03-24,8
8354,1,2026-03-24,5
8355,1,2026-03-24,3
8356,1,2026-03-24,6
8357,1,2026-03-24,8
8358,1,2026-03-24,5
8359,1,2026-03-24,4
8360,1,2026-03-24,7
8361,1,2026-03-24,7
8362,1,2026-03-24,8
8363,1,2026-03-24,5
8364,1,2026-03-24,6
8365,1,2026-03-24,3
8366,1,2026-03-24,2
8367,1,2026-03-24,7
8368,1,2026-03-24,3
8369,1,2026-03-24,8
8370,1,2026-03-24,2
8371,1,2026-03-24,6
8372,1,2026-03-24,2
8373,1,2026-03-24,7
8374,1,2026-03-24,5
8375,1,2026-03-24,5
8376,1,2026-03-24,2
8377,1,2026-03-24,2
8378,1,2026-03-24,3
8379,1,2026-03-24,8
8380,1,2026-03-24,8
8381,1,2026-03-24,6
8382,1,2026-03-24,3
8383,1,2026-03-25,2
8384,1,2026-03-25,2
8385,1,2026-03-25,3
8386,1,2026-03-25,8
8387,1,2026-03-25,8
8388,1,2026-03-25,6
8389,1,2026-03-25,4
8390,1,2026-03-25,6
8391,1,2026-03-25,7
8392,1,2026-03-25,6
8393,1,2026-03-25,2
8394,1,2026-03-25,8
8395,1,2026-03-25,6
8396,1,2026-03-25,4
8397,1,2026-03-25,2
8398,1,2026-03-25,3
8399,1,2026-03-25,3
8400,1,2026-03-25,6
8401,1,2026-03-25,4
8402,1,2026-03-25,6
8403,1,2026-03-25,8
8404,1,2026-03-25,6
8405,1,2026-03-25,4
8406,1,2026-03-25,7
8407,1,2026-03-25,6
8408,1,2026-03-25,2
8409,1,2026-03-25,3
8410,1,2026-03-25,4
8411,1,2026-03-25,3
8412,1,2026-03-25,8
8413,1,2026-03-25,5
8414,1,2026-03-25,3
8415,1,2026-03-25,6
8416,1,2026-03-25,3
8417,1,2026-03-25,4
8418,1,2026-03-25,4
8419,1,2026-03-25,4
8420,1,2026-03-25,3
8421,1,2026-03-25,2
8422,1,2026-03-25,7
8423,1,2026-03-25,2
8424,1,2026-03-25,7
8425,1,2026-03-25,3
8426,1,2026-03-25,8
8427,1,2026-03-25,6
8428,1,2026-03-25,8
8429,1,2026-03-25,2
8430,1,2026-03-25,8
8431,1,2026-03-25,4
8432,1,2026-03-25,4
8433,1,2026-03-25,3
8434,1,2026-03-25,6
8435,1,2026-03-25,7
8436,1,2026-03-25,8
8437,1,2026-03-25,6
8438,1,2026-03-25,4
8439,1,2026-03-25,5
8440,1,2026-03-25,5
8441,1,2026-03-25,6
8442,1,2026-03-25,6
8443,1,2026-03-25,2
8444,1,2026-03-25,8
8445,1,2026-03-25,8
8446,1,2026-03-25,2
8447,1,2026-03-25,7
8448,1,2026-03-25,4
8449,1,2026-03-25,6
8450,1,2026-03-25,4
8451,1,2026-03-25,5
8452,1,2026-03-25,2
8453,1,2026-03-25,7
8454,1,2026-03-25,4
8455,1,2026-03-25,8
8456,1,2026-03-25,2
8457,1,2026-03-25,6
8458,1,2026-03-25,7
8459,1,2026-03-25,4
8460,1,2026-03-25,2
8461,1,2026-03-25,6
8462,1,2026-03-25,5
8463,1,2026-03-25,7
8464,1,2026-03-25,4
8465,1,2026-03-25,5
8466,1,2026-03-25,3
8467,1,2026-03-25,4
8468,1,2026-03-25,2
8469,1,2026-03-25,4
8470,1,2026-03-25,2
8471,1,2026-03-25,5
8472,1,2026-03-25,5
8473,1,2026-03-25,2
8474,1,2026-03-25,4
8475,1,2026-03-25,2
8476,1,2026-03-25,6
8477,1,2026-03-25,8
8478,1,2026-03-25,5
8479,1,2026-03-25,8
8480,1,2026-03-26,2
8481,1,2026-03-26,7
8482,1,2026-03-26,6
8483,1,2026-03-26,3
8484,1,2026-03-26,3
8485,1,2026-03-26,4
8486,1,2026-03-26,4
8487,1,2026-03-26,5
8488,1,2026-03-26,7
8489,1,2026-03-26,7
8490,1,2026-03-26,6
8491,1,2026-03-26,3
8492,1,2026-03-26,4
8493,1,2026-03-26,6
8494,1,2026-03-26,3
8495,1,2026-03-26,3
8496,1,2026-03-26,6
8497,1,2026-03-26,2
8498,1,2026-03-26,2
8499,1,2026-03-26,2
8500,1,2026-03-26,5
8501,1,2026-03-26,8
8502,1,2026-03-26,4
8503,1,2026-03-26,7
8504,1,2026-03-26,3
8505,1,2026-03-26,4
8506,1,2026-03-26,5
8507,1,2026-03-26,2
8508,1,2026-03-26,2
8509,1,2026-03-26,2
8510,1,2026-03-26,6
8511,1,2026-03-26,8
8512,1,2026-03-26,8
8513,1,2026-03-26,2
8514,1,2026-03-26,8
8515,1,2026-03-26,5
8516,1,2026-03-26,6
8517,1,2026-03-26,7
8518,1,2026-03-26,4
8519,1,2026-03-26,8
8520,1,2026-03-26,8
8521,1,2026-03-26,4
8522,1,2026-03-26,2
8523,1,2026-03-26,6
8524,1,2026-03-26,6
8525,1,2026-03-26,6
8526,1,2026-03-26,7
8527,1,2026-03-26,7
8528,1,2026-03-26,5
8529,1,2026-03-26,3
8530,1,2026-03-26,6
8531,1,2026-03-26,6
8532,1,2026-03-26,4
8533,1,2026-03-26,8
8534,1,2026-03-26,6
8535,1,2026-03-26,4
8536,1,2026-03-26,6
8537,1,2026-03-26,5
8538,1,2026-03-26,7
8539,1,2026-03-26,3
8540,1,2026-03-26,3
8541,1,2026-03-26,6
8542,1,2026-03-26,7
8543,1,2026-03-26,5
8544,1,2026-03-26,5
8545,1,2026-03-26,7
8546,1,2026-03-26,2
8547,1,2026-03-26,3
8548,1,2026-03-26,3
8549,1,2026-03-26,4
8550,1,2026-03-26,5
8551,1,2026-03-26,5
8552,1,2026-03-26,8
8553,1,2026-03-26,3
8554,1,2026-03-26,4
8555,1,2026-03-26,8
8556,1,2026-03-26,5
8557,1,2026-03-26,7
8558,1,2026-03-26,6
8559,1,2026-03-26,8
8560,1,2026-03-26,5
8561,1,2026-03-26,3
8562,1,2026-03-26,2
8563,1,2026-03-26,7
8564,1,2026-03-26,8
8565,1,2026-03-27,3
8566,1,2026-03-27,6
8567,1,2026-03-27,5
8568,1,2026-03-27,3
8569,1,2026-03-27,2
8570,1,2026-03-27,2
8571,1,2026-03-27,2
8572,1,2026-03-27,3
8573,1,2026-03-27,6
8574,1,2026-03-27,5
8575,1,2026-03-27,2
8576,1,2026-03-27,6
8577,1,2026-03-27,8
8578,1,2026-03-27,5
8579,1,2026-03-27,5
8580,1,2026-03-27,3
8581,1,2026-03-27,8
8582,1,2026-03-27,7
8583,1,2026-03-27,3
8584,1,2026-03-27,4
8585,1,2026-03-27,4
8586,1,2026-03-27,4
8587,1,2026-03-27,8
8588,1,2026-03-27,8
8589,1,2026-03-27,7
8590,1,2026-03-27,8
8591,1,2026-03-27,2
8592,1,2026-03-27,3
8593,1,2026-03-27,5
8594,1,2026-03-27,5
8595,1,2026-03-27,8
8596,1,2026-03-27,4
8597,1,2026-03-27,7
8598,1,2026-03-27,2
8599,1,2026-03-27,7
8600,1,2026-03-27,8
8601,1,2026-03-27,5
8602,1,2026-03-27,6
8603,1,2026-03-27,6
8604,1,2026-03-27,6
8605,1,2026-03-27,2
8606,1,2026-03-27,6
8607,1,2026-03-27,7
8608,1,2026-03-27,6
8609,1,2026-03-27,7
8610,1,2026-03-27,4
8611,1,2026-03-27,8
8612,1,2026-03-27,5
8613,1,2026-03-27,6
8614,1,2026-03-27,5
8615,1,2026-03-27,2
8616,1,2026-03-27,3
8617,1,2026-03-27,7
8618,1,2026-03-27,6
8619,1,2026-03-27,5
8620,1,2026-03-27,8
8621,1,2026-03-27,7
8622,1,2026-03-27,3
8623,1,2026-03-27,7
8624,1,2026-03-27,4
8625,1,2026-03-27,7
8626,1,2026-03-27,5
8627,1,2026-03-27,3
8628,1,2026-03-27,3
8629,1,2026-03-27,4
8630,1,2026-03-27,7
8631,1,2026-03-27,8
8632,1,2026-03-27,2
8633,1,2026-03-27,2
8634,1,2026-03-27,6
8635,1,2026-03-27,2
8636,1,2026-03-27,2
8637,1,2026-03-27,2
8638,1,2026-03-27,4
8639,1,2026-03-27,4
8640,1,2026-03-27,6
8641,1,2026-03-27,7
8642,1,2026-03-27,5
8643,1,2026-03-27,8
8644,1,2026-03-27,8
8645,1,2026-03-27,2
8646,1,2026-03-27,6
8647,1,2026-03-27,6
8648,1,2026-03-27,4
8649,1,2026-03-27,7
8650,1,2026-03-27,2
8651,1,2026-03-27,2
8652,1,2026-03-27,6
8653,1,2026-03-27,6
8654,1,2026-03-27,2
8655,1,2026-03-27,8
8656,1,2026-03-27,7
8657,1,2026-03-27,5
8658,1,2026-03-27,4
8659,1,2026-03-27,7
8660,1,2026-03-27,5
8661,1,2026-03-27,4
8662,1,2026-03-28,6
8663,1,2026-03-28,2
8664,1,2026-03-28,6
8665,1,2026-03-28,4
8666,1,2026-03-28,7
8667,1,2026-03-28,4
8668,1,2026-03-28,5
8669,1,2026-03-28,2
8670,1,2026-03-28,6
8671,1,2026-03-28,2
8672,1,2026-03-28,2
8673,1,2026-03-28,3
8674,1,2026-03-28,4
8675,1,2026-03-28,2
8676,1,2026-03-28,6
8677,1,2026-03-28,4
8678,1,2026-03-28,3
8679,1,2026-03-28,7
8680,1,2026-03-28,6
8681,1,2026-03-28,3
8682,1,2026-03-28,5
8683,1,2026-03-28,4
8684,1,2026-03-28,8
8685,1,2026-03-28,3
8686,1,2026-03-28,8
8687,1,2026-03-28,2
8688,1,2026-03-28,2
8689,1,2026-03-28,4
8690,1,2026-03-28,4
8691,1,2026-03-28,8
8692,1,2026-03-28,3
8693,1,2026-03-28,7
8694,1,2026-03-28,4
8695,1,2026-03-28,8
8696,1,2026-03-28,7
8697,1,2026-03-28,8
8698,1,2026-03-28,2
8699,1,2026-03-28,8
8700,1,2026-03-28,8
8701,1,2026-03-28,2
8702,1,2026-03-28,2
8703,1,2026-03-28,5
8704,1,2026-03-28,3
8705,1,2026-03-28,8
8706,1,2026-03-28,2
8707,1,2026-03-28,8
8708,1,2026-03-28,6
8709,1,2026-03-28,2
8710,1,2026-03-28,4
8711,1,2026-03-28,5
8712,1,2026-03-28,5
8713,1,2026-03-28,3
8714,1,2026-03-28,6
8715,1,2026-03-28,8
8716,1,2026-03-28,8
8717,1,2026-03-28,3
8718,1,2026-03-28,8
8719,1,2026-03-28,4
8720,1,2026-03-28,3
8721,1,2026-03-28,5
8722,1,2026-03-28,3
8723,1,2026-03-28,2
8724,1,2026-03-28,8
8725,1,2026-03-28,4
8726,1,2026-03-28,5
8727,1,2026-03-28,6
8728,1,2026-03-28,3
8729,1,2026-03-28,4
8730,1,2026-03-28,2
8731,1,2026-03-28,6
8732,1,2026-03-28,6
8733,1,2026-03-28,8
8734,1,2026-03-28,7
8735,1,2026-03-28,6
8736,1,2026-03-28,3
8737,1,2026-03-28,6
8738,1,2026-03-28,3
8739,1,2026-03-28,4
8740,1,2026-03-28,6
8741,1,2026-03-28,8
8742,1,2026-03-28,7
8743,1,2026-03-28,5
8744,1,2026-03-28,2
8745,1,2026-03-28,4
8746,1,2026-03-28,6
8747,1,2026-03-28,7
8748,1,2026-03-28,4
8749,1,2026-03-28,2
8750,1,2026-03-28,2
8751,1,2026-03-28,4
8752,1,2026-03-28,6
8753,1,2026-03-28,6
8754,1,2026-03-28,2
8755,1,2026-03-28,3
8756,1,2026-03-28,8
8757,1,2026-03-28,2
8758,1,2026-03-28,6
8759,1,2026-03-28,3
8760,1,2026-03-28,2
8761,1,2026-03-28,3
8762,1,2026-03-28,8
8763,1,2026-03-28,4
8764,1,2026-03-28,4
8765,1,2026-03-28,4
8766,1,2026-03-28,4
8767,1,2026-03-28,6
8768,1,2026-03-28,8
8769,1,2026-03-28,5
8770,1,2026-03-29,8
8771,1,2026-03-29,7
8772,1,2026-03-29,6
8773,1,2026-03-29,7
8774,1,2026-03-29,4
8775,1,2026-03-29,2
8776,1,2026-03-29,6
8777,1,2026-03-29,6
8778,1,2026-03-29,3
8779,1,2026-03-29,8
8780,1,2026-03-29,5
8781,1,2026-03-29,8
8782,1,2026-03-29,6
8783,1,2026-03-29,2
8784,1,2026-03-29,5
8785,1,2026-03-29,2
8786,1,2026-03-29,7
8787,1,2026-03-29,8
8788,1,2026-03-29,8
8789,1,2026-03-29,2
8790,1,2026-03-29,8
8791,1,2026-03-29,6
8792,1,2026-03-29,4
8793,1,2026-03-29,8
8794,1,2026-03-29,6
8795,1,2026-03-29,2
8796,1,2026-03-29,5
8797,1,2026-03-29,8
8798,1,2026-03-29,2
8799,1,2026-03-29,6
8800,1,2026-03-29,8
8801,1,2026-03-29,3
8802,1,2026-03-29,6
8803,1,2026-03-29,7
8804,1,2026-03-29,8
8805,1,2026-03-29,5
8806,1,2026-03-29,7
8807,1,2026-03-29,3
8808,1,2026-03-29,4
8809,1,2026-03-29,2
8810,1,2026-03-29,3
8811,1,2026-03-29,2
8812,1,2026-03-29,4
8813,1,2026-03-29,2
8814,1,2026-03-29,5
8815,1,2026-03-29,6
8816,1,2026-03-29,3
8817,1,2026-03-29,7
8818,1,2026-03-29,3
8819,1,2026-03-29,3
8820,1,2026-03-29,3
8821,1,2026-03-29,3
8822,1,2026-03-29,2
8823,1,2026-03-29,4
8824,1,2026-03-29,7
8825,1,2026-03-29,7
8826,1,2026-03-29,3
8827,1,2026-03-29,2
8828,1,2026-03-29,7
8829,1,2026-03-29,7
8830,1,2026-03-29,4
8831,1,2026-03-29,8
8832,1,2026-03-29,4
8833,1,2026-03-29,2
8834,1,2026-03-29,5
8835,1,2026-03-29,7
8836,1,2026-03-29,2
8837,1,2026-03-29,3
8838,1,2026-03-29,3
8839,1,2026-03-29,3
8840,1,2026-03-29,6
8841,1,2026-03-29,2
8842,1,2026-03-29,5
8843,1,2026-03-29,3
8844,1,2026-03-29,6
8845,1,2026-03-29,6
8846,1,2026-03-29,5
8847,1,2026-03-29,4
8848,1,2026-03-29,5
8849,1,2026-03-29,7
8850,1,2026-03-29,7
8851,1,2026-03-29,4
8852,1,2026-03-29,2
8853,1,2026-03-29,7
8854,1,2026-03-29,2
8855,1,2026-03-29,7
8856,1,2026-03-29,8
8857,1,2026-03-29,7
8858,1,2026-03-29,5
8859,1,2026-03-29,8
8860,1,2026-03-29,2
8861,1,2026-03-29,2
8862,1,2026-03-29,7
8863,1,2026-03-29,5
8864,1,2026-03-29,2
8865,1,2026-03-29,6
8866,1,2026-03-29,3
8867,1,2026-03-29,7
8868,1,2026-03-29,8
8869,1,2026-03-29,3
8870,1,2026-03-29,7
8871,1,2026-03-29,2
8872,1,2026-03-29,8
8873,1,2026-03-29,2
8874,1,2026-03-29,4
8875,1,2026-03-29,2
8876,1,2026-03-29,5
8877,1,2026-03-29,4
8878,1,2026-03-29,6
8879,1,2026-03-29,7
8880,1,2026-03-29,7
8881,1,2026-03-30,3
8882,1,2026-03-30,7
8883,1,2026-03-30,7
8884,1,2026-03-30,2
8885,1,2026-03-30,7
8886,1,2026-03-30,3
8887,1,2026-03-30,6
8888,1,2026-03-30,6
8889,1,2026-03-30,5
8890,1,2026-03-30,8
8891,1,2026-03-30,5
8892,1,2026-03-30,6
8893,1,2026-03-30,3
8894,1,2026-03-30,8
8895,1,2026-03-30,6
8896,1,2026-03-30,6
8897,1,2026-03-30,8
8898,1,2026-03-30,3
8899,1,2026-03-30,4
8900,1,2026-03-30,5
8901,1,2026-03-30,3
8902,1,2026-03-30,3
8903,1,2026-03-30,6
8904,1,2026-03-30,4
8905,1,2026-03-30,7
8906,1,2026-03-30,7
8907,1,2026-03-30,5
8908,1,2026-03-30,2
8909,1,2026-03-30,4
8910,1,2026-03-30,7
8911,1,2026-03-30,4
8912,1,2026-03-30,7
8913,1,2026-03-30,4
8914,1,2026-03-30,5
8915,1,2026-03-30,2
8916,1,2026-03-30,4
8917,1,2026-03-30,6
8918,1,2026-03-30,2
8919,1,2026-03-30,6
8920,1,2026-03-30,2
8921,1,2026-03-30,4
8922,1,2026-03-30,8
8923,1,2026-03-30,6
8924,1,2026-03-30,5
8925,1,2026-03-30,5
8926,1,2026-03-30,2
8927,1,2026-03-30,2
8928,1,2026-03-30,4
8929,1,2026-03-30,7
8930,1,2026-03-30,2
8931,1,2026-03-30,2
8932,1,2026-03-30,5
8933,1,2026-03-30,6
8934,1,2026-03-30,4
8935,1,2026-03-30,5
8936,1,2026-03-30,8
8937,1,2026-03-30,2
8938,1,2026-03-30,2
8939,1,2026-03-30,4
8940,1,2026-03-30,7
8941,1,2026-03-30,5
8942,1,2026-03-30,3
8943,1,2026-03-30,5
8944,1,2026-03-30,4
8945,1,2026-03-30,6
8946,1,2026-03-30,6
8947,1,2026-03-30,8
8948,1,2026-03-30,3
8949,1,2026-03-30,3
8950,1,2026-03-30,8
8951,1,2026-03-30,5
8952,1,2026-03-30,2
8953,1,2026-03-30,5
8954,1,2026-03-30,7
8955,1,2026-03-30,5
8956,1,2026-03-30,7
8957,1,2026-03-30,3
8958,1,2026-03-30,8
8959,1,2026-03-30,7
8960,1,2026-03-30,7
8961,1,2026-03-30,2
8962,1,2026-03-30,4
8963,1,2026-03-31,7
8964,1,2026-03-31,2
8965,1,2026-03-31,8
8966,1,2026-03-31,6
8967,1,2026-03-31,4
8968,1,2026-03-31,8
8969,1,2026-03-31,2
8970,1,2026-03-31,2
8971,1,2026-03-31,5
8972,1,2026-03-31,7
8973,1,2026-03-31,3
8974,1,2026-03-31,2
8975,1,2026-03-31,5
8976,1,2026-03-31,6
8977,1,2026-03-31,4
8978,1,2026-03-31,5
8979,1,2026-03-31,2
8980,1,2026-03-31,8
8981,1,2026-03-31,5
8982,1,2026-03-31,2
8983,1,2026-03-31,3
8984,1,2026-03-31,4
8985,1,2026-03-31,3
8986,1,2026-03-31,2
8987,1,2026-03-31,2
8988,1,2026-03-31,2
8989,1,2026-03-31,8
8990,1,2026-03-31,3
8991,1,2026-03-31,7
8992,1,2026-03-31,2
8993,1,2026-03-31,6
8994,1,2026-03-31,7
8995,1,2026-03-31,5
8996,1,2026-03-31,4
8997,1,2026-03-31,7
8998,1,2026-03-31,6
8999,1,2026-03-31,8
9000,1,2026-03-31,3
9001,1,2026-03-31,8
9002,1,2026-03-31,8
9003,1,2026-03-31,3
9004,1,2026-03-31,7
9005,1,2026-03-31,4
9006,1,2026-03-31,5
9007,1,2026-03-31,8
9008,1,2026-03-31,7
9009,1,2026-03-31,4
9010,1,2026-03-31,6
9011,1,2026-03-31,4
9012,1,2026-03-31,3
9013,1,2026-03-31,4
9014,1,2026-03-31,2
9015,1,2026-03-31,3
9016,1,2026-03-31,6
9017,1,2026-03-31,5
9018,1,2026-03-31,3
9019,1,2026-03-31,2
9020,1,2026-03-31,6
9021,1,2026-03-31,8
9022,1,2026-03-31,8
9023,1,2026-03-31,7
9024,1,2026-03-31,4
9025,1,2026-03-31,7
9026,1,2026-03-31,7
9027,1,2026-03-31,5
9028,1,2026-03-31,5
9029,1,2026-03-31,3
9030,1,2026-03-31,2
9031,1,2026-03-31,2
9032,1,2026-03-31,2
9033,1,2026-03-31,5
9034,1,2026-03-31,4
9035,1,2026-03-31,5
9036,1,2026-03-31,4
9037,1,2026-03-31,3
9038,1,2026-03-31,6
9039,1,2026-03-31,7
9040,1,2026-03-31,5
9041,1,2026-03-31,3
9042,1,2026-03-31,6
9043,1,2026-04-01,5
9044,1,2026-04-01,6
9045,1,2026-04-01,8
9046,1,2026-04-01,6
9047,1,2026-04-01,8
9048,1,2026-04-01,7
9049,1,2026-04-01,7
9050,1,2026-04-01,8
9051,1,2026-04-01,8
9052,1,2026-04-01,8
9053,1,2026-04-01,4
9054,1,2026-04-01,7
9055,1,2026-04-01,4
9056,1,2026-04-01,7
9057,1,2026-04-01,6
9058,1,2026-04-01,7
9059,1,2026-04-01,4
9060,1,2026-04-01,8
9061,1,2026-04-01,5
9062,1,2026-04-01,3
9063,1,2026-04-01,6
9064,1,2026-04-01,7
9065,1,2026-04-01,2
9066,1,2026-04-01,8
9067,1,2026-04-01,4
9068,1,2026-04-01,2
9069,1,2026-04-01,6
9070,1,2026-04-01,7
9071,1,2026-04-01,7
9072,1,2026-04-01,8
9073,1,2026-04-01,6
9074,1,2026-04-01,3
9075,1,2026-04-01,2
9076,1,2026-04-01,4
9077,1,2026-04-01,5
9078,1,2026-04-01,8
9079,1,2026-04-01,4
9080,1,2026-04-01,8
9081,1,2026-04-01,5
9082,1,2026-04-01,8
9083,1,2026-04-01,4
9084,1,2026-04-01,6
9085,1,2026-04-01,2
9086,1,2026-04-01,4
9087,1,2026-04-01,3
9088,1,2026-04-01,6
9089,1,2026-04-01,6
9090,1,2026-04-01,7
9091,1,2026-04-01,6
9092,1,2026-04-01,6
9093,1,2026-04-01,4
9094,1,2026-04-01,8
9095,1,2026-04-01,5
9096,1,2026-04-01,6
9097,1,2026-04-01,5
9098,1,2026-04-01,4
9099,1,2026-04-01,5
9100,1,2026-04-01,5
9101,1,2026-04-01,7
9102,1,2026-04-01,5
9103,1,2026-04-01,2
9104,1,2026-04-01,2
9105,1,2026-04-01,3
9106,1,2026-04-01,6
9107,1,2026-04-01,6
9108,1,2026-04-01,5
9109,1,2026-04-01,3
9110,1,2026-04-01,5
9111,1,2026-04-01,7
9112,1,2026-04-01,3
9113,1,2026-04-01,2
9114,1,2026-04-01,2
9115,1,2026-04-01,6
9116,1,2026-04-01,6
9117,1,2026-04-01,6
9118,1,2026-04-01,3
9119,1,2026-04-01,8
9120,1,2026-04-01,5
9121,1,2026-04-01,2
9122,1,2026-04-01,2
9123,1,2026-04-01,6
9124,1,2026-04-01,2
9125,1,2026-04-01,3
9126,1,2026-04-01,4
9127,1,2026-04-01,4
9128,1,2026-04-01,7
9129,1,2026-04-01,7
9130,1,2026-04-01,3
9131,1,2026-04-01,2
9132,1,2026-04-01,7
9133,1,2026-04-01,3
9134,1,2026-04-01,5
9135,1,2026-04-01,4
9136,1,2026-04-01,5
9137,1,2026-04-01,2
9138,1,2026-04-01,3
9139,1,2026-04-01,2
9140,1,2026-04-01,8
9141,1,2026-04-01,5
9142,1,2026-04-01,4
9143,1,2026-04-01,5
9144,1,2026-04-02,8
9145,1,2026-04-02,6
9146,1,2026-04-02,8
9147,1,2026-04-02,3
9148,1,2026-04-02,3
9149,1,2026-04-02,2
9150,1,2026-04-02,5
9151,1,2026-04-02,2
9152,1,2026-04-02,2
9153,1,2026-04-02,5
9154,1,2026-04-02,5
9155,1,2026-04-02,8
9156,1,2026-04-02,4
9157,1,2026-04-02,5
9158,1,2026-04-02,8
9159,1,2026-04-02,7
9160,1,2026-04-02,2
9161,1,2026-04-02,2
9162,1,2026-04-02,5
9163,1,2026-04-02,4
9164,1,2026-04-02,7
9165,1,2026-04-02,2
9166,1,2026-04-02,7
9167,1,2026-04-02,6
9168,1,2026-04-02,7
9169,1,2026-04-02,2
9170,1,2026-04-02,5
9171,1,2026-04-02,8
9172,1,2026-04-02,3
9173,1,2026-04-02,6
9174,1,2026-04-02,6
9175,1,2026-04-02,3
9176,1,2026-04-02,6
9177,1,2026-04-02,4
9178,1,2026-04-02,8
9179,1,2026-04-02,5
9180,1,2026-04-02,3
9181,1,2026-04-02,3
9182,1,2026-04-02,2
9183,1,2026-04-02,7
9184,1,2026-04-02,5
9185,1,2026-04-02,8
9186,1,2026-04-02,7
9187,1,2026-04-02,3
9188,1,2026-04-02,2
9189,1,2026-04-02,3
9190,1,2026-04-02,5
9191,1,2026-04-02,6
9192,1,2026-04-02,2
9193,1,2026-04-02,6
9194,1,2026-04-02,5
9195,1,2026-04-02,7
9196,1,2026-04-02,8
9197,1,2026-04-02,5
9198,1,2026-04-02,3
9199,1,2026-04-02,2
9200,1,2026-04-02,4
9201,1,2026-04-02,2
9202,1,2026-04-02,3
9203,1,2026-04-02,5
9204,1,2026-04-02,6
9205,1,2026-04-02,6
9206,1,2026-04-02,7
9207,1,2026-04-02,4
9208,1,2026-04-02,3
9209,1,2026-04-02,3
9210,1,2026-04-02,4
9211,1,2026-04-02,2
9212,1,2026-04-02,5
9213,1,2026-04-02,3
9214,1,2026-04-02,7
9215,1,2026-04-02,5
9216,1,2026-04-02,5
9217,1,2026-04-02,3
9218,1,2026-04-02,4
9219,1,2026-04-02,4
9220,1,2026-04-02,8
9221,1,2026-04-02,7
9222,1,2026-04-02,6
9223,1,2026-04-02,6
9224,1,2026-04-02,7
9225,1,2026-04-02,6
9226,1,2026-04-02,4
9227,1,2026-04-02,7
9228,1,2026-04-02,7
9229,1,2026-04-02,7
9230,1,2026-04-02,6
9231,1,2026-04-02,7
9232,1,2026-04-02,6
9233,1,2026-04-02,5
9234,1,2026-04-02,3
9235,1,2026-04-02,6
9236,1,2026-04-02,6
9237,1,2026-04-02,7
9238,1,2026-04-02,8
9239,1,2026-04-02,8
9240,1,2026-04-02,7
9241,1,2026-04-02,6
9242,1,2026-04-02,7
9243,1,2026-04-02,3
9244,1,2026-04-02,5
9245,1,2026-04-02,3
9246,1,2026-04-02,7
9247,1,2026-04-02,4
9248,1,2026-04-02,4
9249,1,2026-04-02,5
9250,1,2026-04-03,5
9251,1,2026-04-03,4
9252,1,2026-04-03,5
9253,1,2026-04-03,5
9254,1,2026-04-03,2
9255,1,2026-04-03,3
9256,1,2026-04-03,4
9257,1,2026-04-03,6
9258,1,2026-04-03,4
9259,1,2026-04-03,5
9260,1,2026-04-03,5
9261,1,2026-04-03,7
9262,1,2026-04-03,2
9263,1,2026-04-03,2
9264,1,2026-04-03,2
9265,1,2026-04-03,6
9266,1,2026-04-03,3
9267,1,2026-04-03,2
9268,1,2026-04-03,7
9269,1,2026-04-03,7
9270,1,2026-04-03,3
9271,1,2026-04-03,6
9272,1,2026-04-03,6
9273,1,2026-04-03,5
9274,1,2026-04-03,6
9275,1,2026-04-03,2
9276,1,2026-04-03,7
9277,1,2026-04-03,6
9278,1,2026-04-03,4
9279,1,2026-04-03,3
9280,1,2026-04-03,2
9281,1,2026-04-03,5
9282,1,2026-04-03,5
9283,1,2026-04-03,7
9284,1,2026-04-03,7
9285,1,2026-04-03,3
9286,1,2026-04-03,7
9287,1,2026-04-03,3
9288,1,2026-04-03,4
9289,1,2026-04-03,5
9290,1,2026-04-03,7
9291,1,2026-04-03,7
9292,1,2026-04-03,6
9293,1,2026-04-03,4
9294,1,2026-04-03,3
9295,1,2026-04-03,6
9296,1,2026-04-03,5
9297,1,2026-04-03,5
9298,1,2026-04-03,3
9299,1,2026-04-03,5
9300,1,2026-04-03,5
9301,1,2026-04-03,3
9302,1,2026-04-03,8
9303,1,2026-04-03,5
9304,1,2026-04-03,4
9305,1,2026-04-03,4
9306,1,2026-04-03,5
9307,1,2026-04-03,5
9308,1,2026-04-03,7
9309,1,2026-04-03,2
9310,1,2026-04-03,5
9311,1,2026-04-03,2
9312,1,2026-04-03,3
9313,1,2026-04-03,6
9314,1,2026-04-03,4
9315,1,2026-04-03,4
9316,1,2026-04-03,6
9317,1,2026-04-03,5
9318,1,2026-04-03,4
9319,1,2026-04-03,2
9320,1,2026-04-03,6
9321,1,2026-04-03,5
9322,1,2026-04-03,6
9323,1,2026-04-03,7
9324,1,2026-04-03,8
9325,1,2026-04-03,2
9326,1,2026-04-03,4
9327,1,2026-04-03,7
9328,1,2026-04-03,6
9329,1,2026-04-03,5
9330,1,2026-04-03,6
9331,1,2026-04-03,5
9332,1,2026-04-03,6
9333,1,2026-04-03,6
9334,1,2026-04-03,7
9335,1,2026-04-03,4
9336,1,2026-04-03,2
9337,1,2026-04-03,4
9338,1,2026-04-03,5
9339,1,2026-04-03,3
9340,1,2026-04-03,3
9341,1,2026-04-03,2
9342,1,2026-04-03,4
9343,1,2026-04-03,2
9344,1,2026-04-03,5
9345,1,2026-04-03,8
9346,1,2026-04-03,3
9347,1,2026-04-03,4
9348,1,2026-04-03,6
9349,1,2026-04-03,3
9350,1,2026-04-03,8
9351,1,2026-04-03,6
9352,1,2026-04-03,5
9353,1,2026-04-03,2
9354,1,2026-04-03,5
9355,1,2026-04-03,4
9356,1,2026-04-03,6
9357,1,2026-04-03,6
9358,1,2026-04-04,2
9359,1,2026-04-04,8
9360,1,2026-04-04,8
9361,1,2026-04-04,2
9362,1,2026-04-04,2
9363,1,2026-04-04,6
9364,1,2026-04-04,4
9365,1,2026-04-04,6
9366,1,2026-04-04,6
9367,1,2026-04-04,3
9368,1,2026-04-04,2
9369,1,2026-04-04,2
9370,1,2026-04-04,2
9371,1,2026-04-04,6
9372,1,2026-04-04,8
9373,1,2026-04-04,3
9374,1,2026-04-04,7
9375,1,2026-04-04,5
9376,1,2026-04-04,5
9377,1,2026-04-04,6
9378,1,2026-04-04,7
9379,1,2026-04-04,4
9380,1,2026-04-04,4
9381,1,2026-04-04,4
9382,1,2026-04-04,6
9383,1,2026-04-04,3
9384,1,2026-04-04,7
9385,1,2026-04-04,8
9386,1,2026-04-04,3
9387,1,2026-04-04,3
9388,1,2026-04-04,3
9389,1,2026-04-04,3
9390,1,2026-04-04,6
9391,1,2026-04-04,6
9392,1,2026-04-04,5
9393,1,2026-04-04,4
9394,1,2026-04-04,3
9395,1,2026-04-04,7
9396,1,2026-04-04,4
9397,1,2026-04-04,2
9398,1,2026-04-04,2
9399,1,2026-04-04,8
9400,1,2026-04-04,2
9401,1,2026-04-04,7
9402,1,2026-04-04,2
9403,1,2026-04-04,5
9404,1,2026-04-04,8
9405,1,2026-04-04,5
9406,1,2026-04-04,4
9407,1,2026-04-04,6
9408,1,2026-04-04,8
9409,1,2026-04-04,4
9410,1,2026-04-04,6
9411,1,2026-04-04,2
9412,1,2026-04-04,4
9413,1,2026-04-04,3
9414,1,2026-04-04,2
9415,1,2026-04-04,8
9416,1,2026-04-04,8
9417,1,2026-04-04,3
9418,1,2026-04-04,6
9419,1,2026-04-04,3
9420,1,2026-04-04,8
9421,1,2026-04-04,6
9422,1,2026-04-04,3
9423,1,2026-04-04,2
9424,1,2026-04-04,7
9425,1,2026-04-04,5
9426,1,2026-04-04,3
9427,1,2026-04-04,5
9428,1,2026-04-04,4
9429,1,2026-04-04,3
9430,1,2026-04-04,3
9431,1,2026-04-04,8
9432,1,2026-04-04,2
9433,1,2026-04-04,7
9434,1,2026-04-04,7
9435,1,2026-04-04,8
9436,1,2026-04-04,5
9437,1,2026-04-04,3
9438,1,2026-04-04,3
9439,1,2026-04-04,3
9440,1,2026-04-04,5
9441,1,2026-04-04,4
9442,1,2026-04-04,8
9443,1,2026-04-04,7
9444,1,2026-04-04,7
9445,1,2026-04-04,7
9446,1,2026-04-04,2
9447,1,2026-04-04,7
9448,1,2026-04-04,8
9449,1,2026-04-04,4
9450,1,2026-04-04,7
9451,1,2026-04-04,7
9452,1,2026-04-04,8
9453,1,2026-04-04,5
9454,1,2026-04-04,8
9455,1,2026-04-04,2
9456,1,2026-04-04,7
9457,1,2026-04-04,7
9458,1,2026-04-04,4
9459,1,2026-04-04,2
9460,1,2026-04-04,2
9461,1,2026-04-04,8
9462,1,2026-04-04,5
9463,1,2026-04-04,7
9464,1,2026-04-04,8
9465,1,2026-04-04,4
9466,1,2026-04-04,2
9467,1,2026-04-04,5
9468,1,2026-04-04,4
9469,1,2026-04-04,8
9470,1,2026-04-04,2
9471,1,2026-04-04,4
9472,1,2026-04-04,3
9473,1,2026-04-04,7
9474,1,2026-04-04,6
9475,1,2026-04-04,3
9476,1,2026-04-04,6
9477,1,2026-04-04,6
9478,1,2026-04-05,3
9479,1,2026-04-05,5
9480,1,2026-04-05,3
9481,1,2026-04-05,4
9482,1,2026-04-05,8
9483,1,2026-04-05,7
9484,1,2026-04-05,2
9485,1,2026-04-05,6
9486,1,2026-04-05,2
9487,1,2026-04-05,8
9488,1,2026-04-05,6
9489,1,2026-04-05,5
9490,1,2026-04-05,2
9491,1,2026-04-05,8
9492,1,2026-04-05,5
9493,1,2026-04-05,6
9494,1,2026-04-05,3
9495,1,2026-04-05,2
9496,1,2026-04-05,4
9497,1,2026-04-05,2
9498,1,2026-04-05,2
9499,1,2026-04-05,2
9500,1,2026-04-05,6
9501,1,2026-04-05,2
9502,1,2026-04-05,8
9503,1,2026-04-05,4
9504,1,2026-04-05,8
9505,1,2026-04-05,8
9506,1,2026-04-05,7
9507,1,2026-04-05,3
9508,1,2026-04-05,2
9509,1,2026-04-05,4
9510,1,2026-04-05,5
9511,1,2026-04-05,6
9512,1,2026-04-05,7
9513,1,2026-04-05,6
9514,1,2026-04-05,8
9515,1,2026-04-05,6
9516,1,2026-04-05,2
9517,1,2026-04-05,7
9518,1,2026-04-05,2
9519,1,2026-04-05,8
9520,1,2026-04-05,7
9521,1,2026-04-05,5
9522,1,2026-04-05,2
9523,1,2026-04-05,7
9524,1,2026-04-05,8
9525,1,2026-04-05,8
9526,1,2026-04-05,7
9527,1,2026-04-05,7
9528,1,2026-04-05,4
9529,1,2026-04-05,3
9530,1,2026-04-05,7
9531,1,2026-04-05,8
9532,1,2026-04-05,7
9533,1,2026-04-05,2
9534,1,2026-04-05,2
9535,1,2026-04-05,5
9536,1,2026-04-05,7
9537,1,2026-04-05,6
9538,1,2026-04-05,8
9539,1,2026-04-05,3
9540,1,2026-04-05,6
9541,1,2026-04-05,6
9542,1,2026-04-05,4
9543,1,2026-04-05,5
9544,1,2026-04-05,3
9545,1,2026-04-05,5
9546,1,2026-04-05,2
9547,1,2026-04-05,5
9548,1,2026-04-05,2
9549,1,2026-04-05,7
9550,1,2026-04-05,3
9551,1,2026-04-05,6
9552,1,2026-04-05,3
9553,1,2026-04-05,6
9554,1,2026-04-05,4
9555,1,2026-04-05,8
9556,1,2026-04-05,7
9557,1,2026-04-05,2
9558,1,2026-04-05,8
9559,1,2026-04-05,8
9560,1,2026-04-05,4
9561,1,2026-04-05,2
9562,1,2026-04-05,8
9563,1,2026-04-05,2
9564,1,2026-04-05,8
9565,1,2026-04-05,4
9566,1,2026-04-05,3
9567,1,2026-04-05,7
9568,1,2026-04-05,5
9569,1,2026-04-05,5
9570,1,2026-04-05,7
9571,1,2026-04-05,8
9572,1,2026-04-05,2
9573,1,2026-04-05,5
9574,1,2026-04-05,5
9575,1,2026-04-05,4
9576,1,2026-04-05,8
9577,1,2026-04-05,3
9578,1,2026-04-05,2
9579,1,2026-04-05,4
9580,1,2026-04-05,8
9581,1,2026-04-05,7
9582,1,2026-04-05,6
9583,1,2026-04-05,2
9584,1,2026-04-05,4
9585,1,2026-04-05,8
9586,1,2026-04-05,4
9587,1,2026-04-05,8
9588,1,2026-04-05,2
9589,1,2026-04-05,6
9590,1,2026-04-05,3
9591,1,2026-04-05,8
9592,1,2026-04-05,8
9593,1,2026-04-05,2
9594,1,2026-04-05,6
9595,1,2026-04-05,6
9596,1,2026-04-06,8
9597,1,2026-04-06,8
9598,1,2026-04-06,5
9599,1,2026-04-06,6
9600,1,2026-04-06,7
9601,1,2026-04-06,4
9602,1,2026-04-06,8
9603,1,2026-04-06,8
9604,1,2026-04-06,4
9605,1,2026-04-06,3
9606,1,2026-04-06,3
9607,1,2026-04-06,8
9608,1,2026-04-06,6
9609,1,2026-04-06,5
9610,1,2026-04-06,2
9611,1,2026-04-06,7
9612,1,2026-04-06,5
9613,1,2026-04-06,3
9614,1,2026-04-06,8
9615,1,2026-04-06,4
9616,1,2026-04-06,5
9617,1,2026-04-06,6
9618,1,2026-04-06,8
9619,1,2026-04-06,2
9620,1,2026-04-06,7
9621,1,2026-04-06,2
9622,1,2026-04-06,7
9623,1,2026-04-06,6
9624,1,2026-04-06,8
9625,1,2026-04-06,3
9626,1,2026-04-06,3
9627,1,2026-04-06,5
9628,1,2026-04-06,3
9629,1,2026-04-06,6
9630,1,2026-04-06,2
9631,1,2026-04-06,5
9632,1,2026-04-06,2
9633,1,2026-04-06,7
9634,1,2026-04-06,2
9635,1,2026-04-06,6
9636,1,2026-04-06,6
9637,1,2026-04-06,6
9638,1,2026-04-06,4
9639,1,2026-04-06,2
9640,1,2026-04-06,7
9641,1,2026-04-06,6
9642,1,2026-04-06,4
9643,1,2026-04-06,6
9644,1,2026-04-06,5
9645,1,2026-04-06,4
9646,1,2026-04-06,3
9647,1,2026-04-06,4
9648,1,2026-04-06,7
9649,1,2026-04-06,7
9650,1,2026-04-06,2
9651,1,2026-04-06,4
9652,1,2026-04-06,2
9653,1,2026-04-06,8
9654,1,2026-04-06,2
9655,1,2026-04-06,2
9656,1,2026-04-06,3
9657,1,2026-04-06,5
9658,1,2026-04-06,6
9659,1,2026-04-06,4
9660,1,2026-04-06,6
9661,1,2026-04-06,3
9662,1,2026-04-06,4
9663,1,2026-04-06,6
9664,1,2026-04-06,6
9665,1,2026-04-06,3
9666,1,2026-04-06,5
9667,1,2026-04-06,7
9668,1,2026-04-06,4
9669,1,2026-04-06,7
9670,1,2026-04-06,6
9671,1,2026-04-06,4
9672,1,2026-04-06,5
9673,1,2026-04-06,5
9674,1,2026-04-06,8
9675,1,2026-04-06,7
9676,1,2026-04-06,4
9677,1,2026-04-06,3
9678,1,2026-04-06,7
9679,1,2026-04-06,3
9680,1,2026-04-07,6
9681,1,2026-04-07,8
9682,1,2026-04-07,7
9683,1,2026-04-07,6
9684,1,2026-04-07,6
9685,1,2026-04-07,8
9686,1,2026-04-07,8
9687,1,2026-04-07,4
9688,1,2026-04-07,3
9689,1,2026-04-07,7
9690,1,2026-04-07,4
9691,1,2026-04-07,4
9692,1,2026-04-07,7
9693,1,2026-04-07,5
9694,1,2026-04-07,6
9695,1,2026-04-07,4
9696,1,2026-04-07,8
9697,1,2026-04-07,8
9698,1,2026-04-07,6
9699,1,2026-04-07,8
9700,1,2026-04-07,2
9701,1,2026-04-07,8
9702,1,2026-04-07,2
9703,1,2026-04-07,6
9704,1,2026-04-07,5
9705,1,2026-04-07,6
9706,1,2026-04-07,2
9707,1,2026-04-07,7
9708,1,2026-04-07,4
9709,1,2026-04-07,6
9710,1,2026-04-07,8
9711,1,2026-04-07,3
9712,1,2026-04-07,8
9713,1,2026-04-07,7
9714,1,2026-04-07,5
9715,1,2026-04-07,2
9716,1,2026-04-07,5
9717,1,2026-04-07,8
9718,1,2026-04-07,7
9719,1,2026-04-07,3
9720,1,2026-04-07,4
9721,1,2026-04-07,2
9722,1,2026-04-07,7
9723,1,2026-04-07,6
9724,1,2026-04-07,4
9725,1,2026-04-07,2
9726,1,2026-04-07,2
9727,1,2026-04-07,4
9728,1,2026-04-07,2
9729,1,2026-04-07,4
9730,1,2026-04-07,4
9731,1,2026-04-07,3
9732,1,2026-04-07,5
9733,1,2026-04-07,3
9734,1,2026-04-07,6
9735,1,2026-04-07,3
9736,1,2026-04-07,8
9737,1,2026-04-07,2
9738,1,2026-04-07,5
9739,1,2026-04-07,5
9740,1,2026-04-07,8
9741,1,2026-04-07,3
9742,1,2026-04-07,8
9743,1,2026-04-07,2
9744,1,2026-04-07,4
9745,1,2026-04-07,3
9746,1,2026-04-07,5
9747,1,2026-04-07,3
9748,1,2026-04-07,8
9749,1,2026-04-07,2
9750,1,2026-04-07,3
9751,1,2026-04-07,5
9752,1,2026-04-07,6
9753,1,2026-04-07,7
9754,1,2026-04-07,4
9755,1,2026-04-07,2
9756,1,2026-04-07,6
9757,1,2026-04-07,6
9758,1,2026-04-07,6
9759,1,2026-04-07,4
9760,1,2026-04-07,5
9761,1,2026-04-07,7
9762,1,2026-04-07,3
9763,1,2026-04-07,6
9764,1,2026-04-07,2
9765,1,2026-04-07,4
9766,1,2026-04-07,8
9767,1,2026-04-07,4
9768,1,2026-04-07,7
9769,1,2026-04-07,2
9770,1,2026-04-07,5
9771,1,2026-04-07,4
9772,1,2026-04-07,6
9773,1,2026-04-07,6
9774,1,2026-04-08,2
9775,1,2026-04-08,6
9776,1,2026-04-08,5
9777,1,2026-04-08,5
9778,1,2026-04-08,6
9779,1,2026-04-08,8
9780,1,2026-04-08,6
9781,1,2026-04-08,8
9782,1,2026-04-08,8
9783,1,2026-04-08,3
9784,1,2026-04-08,3
9785,1,2026-04-08,6
9786,1,2026-04-08,7
9787,1,2026-04-08,8
9788,1,2026-04-08,6
9789,1,2026-04-08,5
9790,1,2026-04-08,5
9791,1,2026-04-08,5
9792,1,2026-04-08,3
9793,1,2026-04-08,4
9794,1,2026-04-08,8
9795,1,2026-04-08,7
9796,1,2026-04-08,6
9797,1,2026-04-08,3
9798,1,2026-04-08,6
9799,1,2026-04-08,7
9800,1,2026-04-08,7
9801,1,2026-04-08,5
9802,1,2026-04-08,7
9803,1,2026-04-08,5
9804,1,2026-04-08,5
9805,1,2026-04-08,5
9806,1,2026-04-08,8
9807,1,2026-04-08,6
9808,1,2026-04-08,7
9809,1,2026-04-08,4
9810,1,2026-04-08,3
9811,1,2026-04-08,2
9812,1,2026-04-08,2
9813,1,2026-04-08,3
9814,1,2026-04-08,7
9815,1,2026-04-08,5
9816,1,2026-04-08,4
9817,1,2026-04-08,6
9818,1,2026-04-08,6
9819,1,2026-04-08,5
9820,1,2026-04-08,6
9821,1,2026-04-08,3
9822,1,2026-04-08,4
9823,1,2026-04-08,5
9824,1,2026-04-08,2
9825,1,2026-04-08,7
9826,1,2026-04-08,2
9827,1,2026-04-08,3
9828,1,2026-04-08,3
9829,1,2026-04-08,5
9830,1,2026-04-08,4
9831,1,2026-04-08,8
9832,1,2026-04-08,8
9833,1,2026-04-08,3
9834,1,2026-04-08,7
9835,1,2026-04-08,6
9836,1,2026-04-08,7
9837,1,2026-04-08,6
9838,1,2026-04-08,8
9839,1,2026-04-08,5
9840,1,2026-04-08,7
9841,1,2026-04-08,2
9842,1,2026-04-08,2
9843,1,2026-04-08,6
9844,1,2026-04-08,2
9845,1,2026-04-08,5
9846,1,2026-04-08,5
9847,1,2026-04-08,5
9848,1,2026-04-08,2
9849,1,2026-04-08,4
9850,1,2026-04-08,2
9851,1,2026-04-08,3
9852,1,2026-04-08,7
9853,1,2026-04-08,8
9854,1,2026-04-08,3
9855,1,2026-04-08,4
9856,1,2026-04-08,6
9857,1,2026-04-08,5
9858,1,2026-04-08,2
9859,1,2026-04-08,3
9860,1,2026-04-08,8
9861,1,2026-04-08,4
9862,1,2026-04-08,3
9863,1,2026-04-08,2
9864,1,2026-04-08,5
9865,1,2026-04-08,8
9866,1,2026-04-08,4
9867,1,2026-04-08,7
9868,1,2026-04-09,5
9869,1,2026-04-09,6
9870,1,2026-04-09,2
9871,1,2026-04-09,5
9872,1,2026-04-09,3
9873,1,2026-04-09,2
9874,1,2026-04-09,2
9875,1,2026-04-09,5
9876,1,2026-04-09,7
9877,1,2026-04-09,5
9878,1,2026-04-09,8
9879,1,2026-04-09,5
9880,1,2026-04-09,3
9881,1,2026-04-09,2
9882,1,2026-04-09,3
9883,1,2026-04-09,5
9884,1,2026-04-09,3
9885,1,2026-04-09,7
9886,1,2026-04-09,3
9887,1,2026-04-09,4
9888,1,2026-04-09,4
9889,1,2026-04-09,3
9890,1,2026-04-09,8
9891,1,2026-04-09,6
9892,1,2026-04-09,2
9893,1,2026-04-09,4
9894,1,2026-04-09,2
9895,1,2026-04-09,2
9896,1,2026-04-09,6
9897,1,2026-04-09,6
9898,1,2026-04-09,8
9899,1,2026-04-09,5
9900,1,2026-04-09,2
9901,1,2026-04-09,8
9902,1,2026-04-09,2
9903,1,2026-04-09,4
9904,1,2026-04-09,8
9905,1,2026-04-09,2
9906,1,2026-04-09,2
9907,1,2026-04-09,8
9908,1,2026-04-09,4
9909,1,2026-04-09,6
9910,1,2026-04-09,5
9911,1,2026-04-09,2
9912,1,2026-04-09,7
9913,1,2026-04-09,5
9914,1,2026-04-09,7
9915,1,2026-04-09,6
9916,1,2026-04-09,7
9917,1,2026-04-09,5
9918,1,2026-04-09,8
9919,1,2026-04-09,2
9920,1,2026-04-09,3
9921,1,2026-04-09,4
9922,1,2026-04-09,2
9923,1,2026-04-09,6
9924,1,2026-04-09,3
9925,1,2026-04-09,4
9926,1,2026-04-09,5
9927,1,2026-04-09,7
9928,1,2026-04-09,5
9929,1,2026-04-09,4
9930,1,2026-04-09,8
9931,1,2026-04-09,3
9932,1,2026-04-09,6
9933,1,2026-04-09,5
9934,1,2026-04-09,6
9935,1,2026-04-09,5
9936,1,2026-04-09,4
9937,1,2026-04-09,6
9938,1,2026-04-09,3
9939,1,2026-04-09,7
9940,1,2026-04-09,5
9941,1,2026-04-09,8
9942,1,2026-04-09,4
9943,1,2026-04-09,6
9944,1,2026-04-09,2
9945,1,2026-04-09,6
9946,1,2026-04-09,8
9947,1,2026-04-09,4
9948,1,2026-04-09,5
9949,1,2026-04-09,4
9950,1,2026-04-09,2
9951,1,2026-04-09,3
9952,1,2026-04-09,8
9953,1,2026-04-09,7
9954,1,2026-04-09,4
9955,1,2026-04-09,6
9956,1,2026-04-09,6
9957,1,2026-04-09,2
9958,1,2026-04-09,3
9959,1,2026-04-09,8
9960,1,2026-04-09,3
9961,1,2026-04-09,5
9962,1,2026-04-09,8
9963,1,2026-04-09,5
9964,1,2026-04-09,3
9965,1,2026-04-09,3
9966,1,2026-04-09,3
9967,1,2026-04-10,7
9968,1,2026-04-10,3
9969,1,2026-04-10,3
9970,1,2026-04-10,4
9971,1,2026-04-10,8
9972,1,2026-04-10,8
9973,1,2026-04-10,8
9974,1,2026-04-10,3
9975,1,2026-04-10,5
9976,1,2026-04-10,7
9977,1,2026-04-10,5
9978,1,2026-04-10,4
9979,1,2026-04-10,5
9980,1,2026-04-10,4
9981,1,2026-04-10,8
9982,1,2026-04-10,5
9983,1,2026-04-10,5
9984,1,2026-04-10,3
9985,1,2026-04-10,4
9986,1,2026-04-10,5
9987,1,2026-04-10,3
9988,1,2026-04-10,5
9989,1,2026-04-10,8
9990,1,2026-04-10,7
9991,1,2026-04-10,4
9992,1,2026-04-10,2
9993,1,2026-04-10,4
9994,1,2026-04-10,4
9995,1,2026-04-10,5
9996,1,2026-04-10,4
9997,1,2026-04-10,5
9998,1,2026-04-10,6
9999,1,2026-04-10,6
10000,1,2026-04-10,3
10001,1,2026-04-10,5
10002,1,2026-04-10,2
10003,1,2026-04-10,7
10004,1,2026-04-10,6
10005,1,2026-04-10,7
10006,1,2026-04-10,8
10007,1,2026-04-10,7
10008,1,2026-04-10,7
10009,1,2026-04-10,7
10010,1,2026-04-10,4
10011,1,2026-04-10,4
10012,1,2026-04-10,5
10013,1,2026-04-10,3
10014,1,2026-04-10,3
10015,1,2026-04-10,3
10016,1,2026-04-10,4
10017,1,2026-04-10,4
10018,1,2026-04-10,7
10019,1,2026-04-10,3
10020,1,2026-04-10,3
10021,1,2026-04-10,4
10022,1,2026-04-10,8
10023,1,2026-04-10,2
10024,1,2026-04-10,2
10025,1,2026-04-10,6
10026,1,2026-04-10,5
10027,1,2026-04-10,5
10028,1,2026-04-10,5
10029,1,2026-04-10,6
10030,1,2026-04-10,6
10031,1,2026-04-10,5
10032,1,2026-04-10,2
10033,1,2026-04-10,3
10034,1,2026-04-10,6
10035,1,2026-04-10,5
10036,1,2026-04-10,3
10037,1,2026-04-10,7
10038,1,2026-04-10,8
10039,1,2026-04-10,6
10040,1,2026-04-10,5
10041,1,2026-04-10,6
10042,1,2026-04-10,6
10043,1,2026-04-10,8
10044,1,2026-04-10,7
10045,1,2026-04-10,5
10046,1,2026-04-10,6
10047,1,2026-04-10,3
10048,1,2026-04-10,7
10049,1,2026-04-10,4
10050,1,2026-04-10,6
10051,1,2026-04-10,2
10052,1,2026-04-10,8
10053,1,2026-04-10,4
10054,1,2026-04-10,5
10055,1,2026-04-10,5
10056,1,2026-04-10,5
10057,1,2026-04-10,4
10058,1,2026-04-10,7
10059,1,2026-04-10,6
10060,1,2026-04-10,5
10061,1,2026-04-10,4
10062,1,2026-04-10,3
10063,1,2026-04-10,6
10064,1,2026-04-10,5
10065,1,2026-04-10,6
10066,1,2026-04-10,7
10067,1,2026-04-10,7
10068,1,2026-04-10,2
10069,1,2026-04-10,6
10070,1,2026-04-10,4
10071,1,2026-04-10,6
10072,1,2026-04-11,7
10073,1,2026-04-11,3
10074,1,2026-04-11,8
10075,1,2026-04-11,3
10076,1,2026-04-11,7
10077,1,2026-04-11,6
10078,1,2026-04-11,7
10079,1,2026-04-11,4
10080,1,2026-04-11,3
10081,1,2026-04-11,7
10082,1,2026-04-11,2
10083,1,2026-04-11,6
10084,1,2026-04-11,6
10085,1,2026-04-11,8
10086,1,2026-04-11,4
10087,1,2026-04-11,2
10088,1,2026-04-11,5
10089,1,2026-04-11,3
10090,1,2026-04-11,6
10091,1,2026-04-11,7
10092,1,2026-04-11,4
10093,1,2026-04-11,2
10094,1,2026-04-11,3
10095,1,2026-04-11,4
10096,1,2026-04-11,7
10097,1,2026-04-11,3
10098,1,2026-04-11,4
10099,1,2026-04-11,2
10100,1,2026-04-11,6
10101,1,2026-04-11,6
10102,1,2026-04-11,6
10103,1,2026-04-11,2
10104,1,2026-04-11,6
10105,1,2026-04-11,7
10106,1,2026-04-11,2
10107,1,2026-04-11,7
10108,1,2026-04-11,2
10109,1,2026-04-11,3
10110,1,2026-04-11,3
10111,1,2026-04-11,3
10112,1,2026-04-11,5
10113,1,2026-04-11,6
10114,1,2026-04-11,3
10115,1,2026-04-11,2
10116,1,2026-04-11,7
10117,1,2026-04-11,8
10118,1,2026-04-11,7
10119,1,2026-04-11,2
10120,1,2026-04-11,8
10121,1,2026-04-11,5
10122,1,2026-04-11,8
10123,1,2026-04-11,7
10124,1,2026-04-11,6
10125,1,2026-04-11,2
10126,1,2026-04-11,7
10127,1,2026-04-11,4
10128,1,2026-04-11,2
10129,1,2026-04-11,4
10130,1,2026-04-11,4
10131,1,2026-04-11,7
10132,1,2026-04-11,5
10133,1,2026-04-11,4
10134,1,2026-04-11,7
10135,1,2026-04-11,2
10136,1,2026-04-11,7
10137,1,2026-04-11,6
10138,1,2026-04-11,7
10139,1,2026-04-11,3
10140,1,2026-04-11,4
10141,1,2026-04-11,7
10142,1,2026-04-11,5
10143,1,2026-04-11,8
10144,1,2026-04-11,3
10145,1,2026-04-11,4
10146,1,2026-04-11,8
10147,1,2026-04-11,7
10148,1,2026-04-11,2
10149,1,2026-04-11,3
10150,1,2026-04-11,6
10151,1,2026-04-11,6
10152,1,2026-04-11,8
10153,1,2026-04-11,3
10154,1,2026-04-11,7
10155,1,2026-04-11,4
10156,1,2026-04-11,3
10157,1,2026-04-11,5
10158,1,2026-04-11,7
10159,1,2026-04-11,3
10160,1,2026-04-11,4
10161,1,2026-04-11,6
10162,1,2026-04-11,6
10163,1,2026-04-11,5
10164,1,2026-04-11,2
10165,1,2026-04-11,8
10166,1,2026-04-11,4
10167,1,2026-04-11,4
10168,1,2026-04-11,3
10169,1,2026-04-11,7
10170,1,2026-04-11,7
10171,1,2026-04-11,4
10172,1,2026-04-11,4
10173,1,2026-04-11,3
10174,1,2026-04-11,4
10175,1,2026-04-11,8
10176,1,2026-04-11,5
10177,1,2026-04-11,8
10178,1,2026-04-11,2
10179,1,2026-04-11,2
10180,1,2026-04-11,4
10181,1,2026-04-11,5
10182,1,2026-04-11,2
10183,1,2026-04-12,8
10184,1,2026-04-12,5
10185,1,2026-04-12,4
10186,1,2026-04-12,7
10187,1,2026-04-12,4
10188,1,2026-04-12,2
10189,1,2026-04-12,8
10190,1,2026-04-12,6
10191,1,2026-04-12,6
10192,1,2026-04-12,8
10193,1,2026-04-12,4
10194,1,2026-04-12,3
10195,1,2026-04-12,7
10196,1,2026-04-12,4
10197,1,2026-04-12,8
10198,1,2026-04-12,6
10199,1,2026-04-12,2
10200,1,2026-04-12,6
10201,1,2026-04-12,3
10202,1,2026-04-12,4
10203,1,2026-04-12,5
10204,1,2026-04-12,6
10205,1,2026-04-12,3
10206,1,2026-04-12,8
10207,1,2026-04-12,3
10208,1,2026-04-12,6
10209,1,2026-04-12,4
10210,1,2026-04-12,4
10211,1,2026-04-12,2
10212,1,2026-04-12,4
10213,1,2026-04-12,5
10214,1,2026-04-12,2
10215,1,2026-04-12,5
10216,1,2026-04-12,8
10217,1,2026-04-12,2
10218,1,2026-04-12,2
10219,1,2026-04-12,7
10220,1,2026-04-12,6
10221,1,2026-04-12,4
10222,1,2026-04-12,5
10223,1,2026-04-12,3
10224,1,2026-04-12,3
10225,1,2026-04-12,7
10226,1,2026-04-12,3
10227,1,2026-04-12,7
10228,1,2026-04-12,4
10229,1,2026-04-12,7
10230,1,2026-04-12,8
10231,1,2026-04-12,8
10232,1,2026-04-12,2
10233,1,2026-04-12,3
10234,1,2026-04-12,3
10235,1,2026-04-12,6
10236,1,2026-04-12,8
10237,1,2026-04-12,7
10238,1,2026-04-12,5
10239,1,2026-04-12,7
10240,1,2026-04-12,3
10241,1,2026-04-12,4
10242,1,2026-04-12,3
10243,1,2026-04-12,3
10244,1,2026-04-12,3
10245,1,2026-04-12,4
10246,1,2026-04-12,3
10247,1,2026-04-12,7
10248,1,2026-04-12,4
10249,1,2026-04-12,3
10250,1,2026-04-12,3
10251,1,2026-04-12,8
10252,1,2026-04-12,2
10253,1,2026-04-12,7
10254,1,2026-04-12,7
10255,1,2026-04-12,7
10256,1,2026-04-12,8
10257,1,2026-04-12,5
10258,1,2026-04-12,8
10259,1,2026-04-12,8
10260,1,2026-04-12,5
10261,1,2026-04-12,6
10262,1,2026-04-12,4
10263,1,2026-04-12,8
10264,1,2026-04-12,8
10265,1,2026-04-12,7
10266,1,2026-04-12,5
10267,1,2026-04-12,5
10268,1,2026-04-12,5
10269,1,2026-04-12,7
10270,1,2026-04-12,8
10271,1,2026-04-12,6
10272,1,2026-04-12,5
10273,1,2026-04-12,8
10274,1,2026-04-12,4
10275,1,2026-04-12,5
10276,1,2026-04-12,8
10277,1,2026-04-12,2
10278,1,2026-04-12,8
10279,1,2026-04-12,8
10280,1,2026-04-12,2
10281,1,2026-04-12,4
10282,1,2026-04-12,3
10283,1,2026-04-12,3
10284,1,2026-04-12,2
10285,1,2026-04-12,8
10286,1,2026-04-12,2
10287,1,2026-04-12,4
10288,1,2026-04-12,5
10289,1,2026-04-12,2
10290,1,2026-04-12,6
10291,1,2026-04-12,7
10292,1,2026-04-12,4
10293,1,2026-04-12,3
10294,1,2026-04-12,3
10295,1,2026-04-12,2
10296,1,2026-04-12,8
10297,1,2026-04-12,6
10298,1,2026-04-12,2
10299,1,2026-04-12,8
10300,1,2026-04-12,2
10301,1,2026-04-12,7
10302,1,2026-04-12,4
10303,1,2026-04-12,2
10304,1,2026-04-13,4
10305,1,2026-04-13,8
10306,1,2026-04-13,8
10307,1,2026-04-13,5
10308,1,2026-04-13,7
10309,1,2026-04-13,5
10310,1,2026-04-13,5
10311,1,2026-04-13,2
10312,1,2026-04-13,4
10313,1,2026-04-13,5
10314,1,2026-04-13,4
10315,1,2026-04-13,4
10316,1,2026-04-13,7
10317,1,2026-04-13,6
10318,1,2026-04-13,3
10319,1,2026-04-13,2
10320,1,2026-04-13,6
10321,1,2026-04-13,5
10322,1,2026-04-13,4
10323,1,2026-04-13,7
10324,1,2026-04-13,3
10325,1,2026-04-13,8
10326,1,2026-04-13,6
10327,1,2026-04-13,6
10328,1,2026-04-13,3
10329,1,2026-04-13,8
10330,1,2026-04-13,4
10331,1,2026-04-13,5
10332,1,2026-04-13,3
10333,1,2026-04-13,6
10334,1,2026-04-13,3
10335,1,2026-04-13,5
10336,1,2026-04-13,5
10337,1,2026-04-13,7
10338,1,2026-04-13,6
10339,1,2026-04-13,8
10340,1,2026-04-13,4
10341,1,2026-04-13,3
10342,1,2026-04-13,4
10343,1,2026-04-13,3
10344,1,2026-04-13,3
10345,1,2026-04-13,2
10346,1,2026-04-13,7
10347,1,2026-04-13,3
10348,1,2026-04-13,3
10349,1,2026-04-13,4
10350,1,2026-04-13,5
10351,1,2026-04-13,6
10352,1,2026-04-13,2
10353,1,2026-04-13,3
10354,1,2026-04-13,5
10355,1,2026-04-13,3
10356,1,2026-04-13,8
10357,1,2026-04-13,5
10358,1,2026-04-13,4
10359,1,2026-04-13,6
10360,1,2026-04-13,6
10361,1,2026-04-13,3
10362,1,2026-04-13,4
10363,1,2026-04-13,2
10364,1,2026-04-13,3
10365,1,2026-04-13,3
10366,1,2026-04-13,8
10367,1,2026-04-13,4
10368,1,2026-04-13,6
10369,1,2026-04-13,4
10370,1,2026-04-13,3
10371,1,2026-04-13,7
10372,1,2026-04-13,2
10373,1,2026-04-13,7
10374,1,2026-04-13,7
10375,1,2026-04-13,5
10376,1,2026-04-13,4
10377,1,2026-04-13,2
10378,1,2026-04-13,7
10379,1,2026-04-13,5
10380,1,2026-04-13,3
10381,1,2026-04-13,7
10382,1,2026-04-13,7
10383,1,2026-04-13,2
10384,1,2026-04-13,7
10385,1,2026-04-13,7
10386,1,2026-04-13,8
10387,1,2026-04-13,8
10388,1,2026-04-13,3
10389,1,2026-04-13,4
10390,1,2026-04-14,3
10391,1,2026-04-14,5
10392,1,2026-04-14,8
10393,1,2026-04-14,6
10394,1,2026-04-14,4
10395,1,2026-04-14,7
10396,1,2026-04-14,5
10397,1,2026-04-14,5
10398,1,2026-04-14,2
10399,1,2026-04-14,5
10400,1,2026-04-14,5
10401,1,2026-04-14,6
10402,1,2026-04-14,4
10403,1,2026-04-14,2
10404,1,2026-04-14,2
10405,1,2026-04-14,6
10406,1,2026-04-14,3
10407,1,2026-04-14,3
10408,1,2026-04-14,7
10409,1,2026-04-14,3
10410,1,2026-04-14,7
10411,1,2026-04-14,5
10412,1,2026-04-14,2
10413,1,2026-04-14,6
10414,1,2026-04-14,2
10415,1,2026-04-14,7
10416,1,2026-04-14,7
10417,1,2026-04-14,8
10418,1,2026-04-14,2
10419,1,2026-04-14,8
10420,1,2026-04-14,7
10421,1,2026-04-14,5
10422,1,2026-04-14,7
10423,1,2026-04-14,8
10424,1,2026-04-14,8
10425,1,2026-04-14,8
10426,1,2026-04-14,5
10427,1,2026-04-14,2
10428,1,2026-04-14,5
10429,1,2026-04-14,3
10430,1,2026-04-14,7
10431,1,2026-04-14,5
10432,1,2026-04-14,7
10433,1,2026-04-14,7
10434,1,2026-04-14,7
10435,1,2026-04-14,8
10436,1,2026-04-14,7
10437,1,2026-04-14,8
10438,1,2026-04-14,8
10439,1,2026-04-14,6
10440,1,2026-04-14,4
10441,1,2026-04-14,3
10442,1,2026-04-14,5
10443,1,2026-04-14,7
10444,1,2026-04-14,5
10445,1,2026-04-14,3
10446,1,2026-04-14,4
10447,1,2026-04-14,2
10448,1,2026-04-14,3
10449,1,2026-04-14,6
10450,1,2026-04-14,8
10451,1,2026-04-14,7
10452,1,2026-04-14,7
10453,1,2026-04-14,3
10454,1,2026-04-14,4
10455,1,2026-04-14,5
10456,1,2026-04-14,8
10457,1,2026-04-14,5
10458,1,2026-04-14,7
10459,1,2026-04-14,4
10460,1,2026-04-14,7
10461,1,2026-04-14,3
10462,1,2026-04-14,5
10463,1,2026-04-14,4
10464,1,2026-04-14,3
10465,1,2026-04-14,4
10466,1,2026-04-14,5
10467,1,2026-04-14,6
10468,1,2026-04-14,4
10469,1,2026-04-14,6
10470,1,2026-04-14,8
10471,1,2026-04-15,8
10472,1,2026-04-15,8
10473,1,2026-04-15,4
10474,1,2026-04-15,8
10475,1,2026-04-15,3
10476,1,2026-04-15,8
10477,1,2026-04-15,3
10478,1,2026-04-15,3
10479,1,2026-04-15,5
10480,1,2026-04-15,4
10481,1,2026-04-15,8
10482,1,2026-04-15,8
10483,1,2026-04-15,3
10484,1,2026-04-15,6
10485,1,2026-04-15,2
10486,1,2026-04-15,2
10487,1,2026-04-15,2
10488,1,2026-04-15,3
10489,1,2026-04-15,7
10490,1,2026-04-15,2
10491,1,2026-04-15,8
10492,1,2026-04-15,7
10493,1,2026-04-15,7
10494,1,2026-04-15,6
10495,1,2026-04-15,7
10496,1,2026-04-15,6
10497,1,2026-04-15,4
10498,1,2026-04-15,3
10499,1,2026-04-15,7
10500,1,2026-04-15,5
10501,1,2026-04-15,5
10502,1,2026-04-15,2
10503,1,2026-04-15,5
10504,1,2026-04-15,5
10505,1,2026-04-15,2
10506,1,2026-04-15,3
10507,1,2026-04-15,5
10508,1,2026-04-15,4
10509,1,2026-04-15,2
10510,1,2026-04-15,2
10511,1,2026-04-15,4
10512,1,2026-04-15,6
10513,1,2026-04-15,4
10514,1,2026-04-15,7
10515,1,2026-04-15,6
10516,1,2026-04-15,4
10517,1,2026-04-15,3
10518,1,2026-04-15,2
10519,1,2026-04-15,6
10520,1,2026-04-15,4
10521,1,2026-04-15,4
10522,1,2026-04-15,2
10523,1,2026-04-15,4
10524,1,2026-04-15,3
10525,1,2026-04-15,4
10526,1,2026-04-15,6
10527,1,2026-04-15,2
10528,1,2026-04-15,4
10529,1,2026-04-15,3
10530,1,2026-04-15,6
10531,1,2026-04-15,3
10532,1,2026-04-15,6
10533,1,2026-04-15,8
10534,1,2026-04-15,5
10535,1,2026-04-15,5
10536,1,2026-04-15,7
10537,1,2026-04-15,8
10538,1,2026-04-15,4
10539,1,2026-04-15,7
10540,1,2026-04-15,2
10541,1,2026-04-15,5
10542,1,2026-04-15,8
10543,1,2026-04-15,6
10544,1,2026-04-15,5
10545,1,2026-04-15,6
10546,1,2026-04-15,6
10547,1,2026-04-15,3
10548,1,2026-04-15,2
10549,1,2026-04-15,4
10550,1,2026-04-15,2
10551,1,2026-04-15,6
10552,1,2026-04-15,6
10553,1,2026-04-15,3
10554,1,2026-04-15,8
10555,1,2026-04-15,2
10556,1,2026-04-15,3
10557,1,2026-04-15,8
10558,1,2026-04-15,7
10559,1,2026-04-15,5
10560,1,2026-04-15,4
10561,1,2026-04-15,5
10562,1,2026-04-15,7
10563,1,2026-04-15,6
10564,1,2026-04-15,3
10565,1,2026-04-15,7
10566,1,2026-04-15,7
10567,1,2026-04-15,8
10568,1,2026-04-15,5
10569,1,2026-04-15,8
10570,1,2026-04-15,2
10571,1,2026-04-15,5
10572,1,2026-04-15,6
10573,1,2026-04-16,3
10574,1,2026-04-16,8
10575,1,2026-04-16,5
10576,1,2026-04-16,2
10577,1,2026-04-16,2
10578,1,2026-04-16,6
10579,1,2026-04-16,7
10580,1,2026-04-16,6
10581,1,2026-04-16,7
10582,1,2026-04-16,5
10583,1,2026-04-16,4
10584,1,2026-04-16,5
10585,1,2026-04-16,2
10586,1,2026-04-16,8
10587,1,2026-04-16,2
10588,1,2026-04-16,5
10589,1,2026-04-16,8
10590,1,2026-04-16,6
10591,1,2026-04-16,3
10592,1,2026-04-16,3
10593,1,2026-04-16,8
10594,1,2026-04-16,4
10595,1,2026-04-16,2
10596,1,2026-04-16,5
10597,1,2026-04-16,3
10598,1,2026-04-16,4
10599,1,2026-04-16,5
10600,1,2026-04-16,7
10601,1,2026-04-16,7
10602,1,2026-04-16,8
10603,1,2026-04-16,3
10604,1,2026-04-16,4
10605,1,2026-04-16,8
10606,1,2026-04-16,6
10607,1,2026-04-16,5
10608,1,2026-04-16,4
10609,1,2026-04-16,3
10610,1,2026-04-16,8
10611,1,2026-04-16,6
10612,1,2026-04-16,5
10613,1,2026-04-16,4
10614,1,2026-04-16,7
10615,1,2026-04-16,6
10616,1,2026-04-16,2
10617,1,2026-04-16,3
10618,1,2026-04-16,2
10619,1,2026-04-16,7
10620,1,2026-04-16,2
10621,1,2026-04-16,6
10622,1,2026-04-16,3
10623,1,2026-04-16,7
10624,1,2026-04-16,2
10625,1,2026-04-16,8
10626,1,2026-04-16,4
10627,1,2026-04-16,6
10628,1,2026-04-16,8
10629,1,2026-04-16,5
10630,1,2026-04-16,6
10631,1,2026-04-16,6
10632,1,2026-04-16,7
10633,1,2026-04-16,4
10634,1,2026-04-16,8
10635,1,2026-04-16,5
10636,1,2026-04-16,7
10637,1,2026-04-16,6
10638,1,2026-04-16,8
10639,1,2026-04-16,7
10640,1,2026-04-16,2
10641,1,2026-04-16,4
10642,1,2026-04-16,6
10643,1,2026-04-16,6
10644,1,2026-04-16,2
10645,1,2026-04-16,5
10646,1,2026-04-16,4
10647,1,2026-04-16,2
10648,1,2026-04-16,8
10649,1,2026-04-16,6
10650,1,2026-04-16,3
10651,1,2026-04-16,4
10652,1,2026-04-16,5
10653,1,2026-04-16,6
10654,1,2026-04-16,3
10655,1,2026-04-16,6
10656,1,2026-04-16,8
10657,1,2026-04-16,3
10658,1,2026-04-16,4
10659,1,2026-04-16,6
10660,1,2026-04-16,5
10661,1,2026-04-16,8
10662,1,2026-04-16,7
10663,1,2026-04-16,6
10664,1,2026-04-16,6
10665,1,2026-04-16,3
10666,1,2026-04-16,8
10667,1,2026-04-16,7
10668,1,2026-04-16,5
10669,1,2026-04-16,6
10670,1,2026-04-16,3
10671,1,2026-04-16,4
10672,1,2026-04-16,8
10673,1,2026-04-16,6
10674,1,2026-04-16,8
10675,1,2026-04-16,7
10676,1,2026-04-16,7
10677,1,2026-04-16,3
10678,1,2026-04-16,4
10679,1,2026-04-16,6
10680,1,2026-04-16,6
10681,1,2026-04-16,6
10682,1,2026-04-16,6
10683,1,2026-04-16,4
10684,1,2026-04-16,2
10685,1,2026-04-16,5
10686,1,2026-04-16,5
10687,1,2026-04-16,7
10688,1,2026-04-16,4
10689,1,2026-04-16,6
10690,1,2026-04-16,6
10691,1,2026-04-16,2
10692,1,2026-04-16,2
10693,1,2026-04-16,6
10694,1,2026-04-16,2
10695,1,2026-04-16,2
10696,1,2026-04-16,6
10697,1,2026-04-16,6
10698,1,2026-04-16,3
10699,1,2026-04-16,8
10700,1,2026-04-16,3
10701,1,2026-04-17,6
10702,1,2026-04-17,4
10703,1,2026-04-17,7
10704,1,2026-04-17,6
10705,1,2026-04-17,6
10706,1,2026-04-17,3
10707,1,2026-04-17,6
10708,1,2026-04-17,8
10709,1,2026-04-17,2
10710,1,2026-04-17,5
10711,1,2026-04-17,7
10712,1,2026-04-17,5
10713,1,2026-04-17,5
10714,1,2026-04-17,2
10715,1,2026-04-17,7
10716,1,2026-04-17,3
10717,1,2026-04-17,7
10718,1,2026-04-17,2
10719,1,2026-04-17,6
10720,1,2026-04-17,7
10721,1,2026-04-17,4
10722,1,2026-04-17,7
10723,1,2026-04-17,4
10724,1,2026-04-17,8
10725,1,2026-04-17,8
10726,1,2026-04-17,2
10727,1,2026-04-17,5
10728,1,2026-04-17,5
10729,1,2026-04-17,6
10730,1,2026-04-17,3
10731,1,2026-04-17,5
10732,1,2026-04-17,3
10733,1,2026-04-17,7
10734,1,2026-04-17,3
10735,1,2026-04-17,8
10736,1,2026-04-17,7
10737,1,2026-04-17,8
10738,1,2026-04-17,7
10739,1,2026-04-17,3
10740,1,2026-04-17,6
10741,1,2026-04-17,2
10742,1,2026-04-17,2
10743,1,2026-04-17,6
10744,1,2026-04-17,2
10745,1,2026-04-17,6
10746,1,2026-04-17,3
10747,1,2026-04-17,8
10748,1,2026-04-17,5
10749,1,2026-04-17,7
10750,1,2026-04-17,2
10751,1,2026-04-17,7
10752,1,2026-04-17,7
10753,1,2026-04-17,4
10754,1,2026-04-17,4
10755,1,2026-04-17,4
10756,1,2026-04-17,7
10757,1,2026-04-17,2
10758,1,2026-04-17,2
10759,1,2026-04-17,5
10760,1,2026-04-17,4
10761,1,2026-04-17,2
10762,1,2026-04-17,4
10763,1,2026-04-17,3
10764,1,2026-04-17,2
10765,1,2026-04-17,3
10766,1,2026-04-17,2
10767,1,2026-04-17,3
10768,1,2026-04-17,7
10769,1,2026-04-17,7
10770,1,2026-04-17,6
10771,1,2026-04-17,6
10772,1,2026-04-17,8
10773,1,2026-04-17,4
10774,1,2026-04-17,8
10775,1,2026-04-17,2
10776,1,2026-04-17,2
10777,1,2026-04-17,6
10778,1,2026-04-17,3
10779,1,2026-04-17,4
10780,1,2026-04-17,3
10781,1,2026-04-17,3
10782,1,2026-04-17,2
10783,1,2026-04-17,7
10784,1,2026-04-17,2
10785,1,2026-04-17,7
10786,1,2026-04-17,8
10787,1,2026-04-17,7
10788,1,2026-04-17,3
10789,1,2026-04-17,5
10790,1,2026-04-17,5
10791,1,2026-04-17,4
10792,1,2026-04-17,2
10793,1,2026-04-17,4
10794,1,2026-04-17,3
10795,1,2026-04-17,7
10796,1,2026-04-17,7
10797,1,2026-04-17,2
10798,1,2026-04-17,3
10799,1,2026-04-17,6
10800,1,2026-04-17,4
10801,1,2026-04-17,3
10802,1,2026-04-17,7
10803,1,2026-04-17,2
10804,1,2026-04-17,2
10805,1,2026-04-17,4
10806,1,2026-04-17,2
10807,1,2026-04-17,7
10808,1,2026-04-17,8
10809,1,2026-04-17,2
10810,1,2026-04-17,3
10811,1,2026-04-17,6
10812,1,2026-04-17,5
10813,1,2026-04-17,2
10814,1,2026-04-17,6
10815,1,2026-04-17,7
10816,1,2026-04-18,6
10817,1,2026-04-18,7
10818,1,2026-04-18,2
10819,1,2026-04-18,5
10820,1,2026-04-18,7
10821,1,2026-04-18,4
10822,1,2026-04-18,3
10823,1,2026-04-18,6
10824,1,2026-04-18,4
10825,1,2026-04-18,5
10826,1,2026-04-18,8
10827,1,2026-04-18,8
10828,1,2026-04-18,6
10829,1,2026-04-18,4
10830,1,2026-04-18,5
10831,1,2026-04-18,4
10832,1,2026-04-18,7
10833,1,2026-04-18,8
10834,1,2026-04-18,2
10835,1,2026-04-18,8
10836,1,2026-04-18,6
10837,1,2026-04-18,3
10838,1,2026-04-18,4
10839,1,2026-04-18,2
10840,1,2026-04-18,5
10841,1,2026-04-18,7
10842,1,2026-04-18,8
10843,1,2026-04-18,6
10844,1,2026-04-18,6
10845,1,2026-04-18,7
10846,1,2026-04-18,3
10847,1,2026-04-18,5
10848,1,2026-04-18,2
10849,1,2026-04-18,2
10850,1,2026-04-18,4
10851,1,2026-04-18,2
10852,1,2026-04-18,5
10853,1,2026-04-18,6
10854,1,2026-04-18,6
10855,1,2026-04-18,6
10856,1,2026-04-18,4
10857,1,2026-04-18,4
10858,1,2026-04-18,3
10859,1,2026-04-18,4
10860,1,2026-04-18,3
10861,1,2026-04-18,6
10862,1,2026-04-18,3
10863,1,2026-04-18,7
10864,1,2026-04-18,5
10865,1,2026-04-18,2
10866,1,2026-04-18,4
10867,1,2026-04-18,4
10868,1,2026-04-18,8
10869,1,2026-04-18,5
10870,1,2026-04-18,6
10871,1,2026-04-18,7
10872,1,2026-04-18,6
10873,1,2026-04-18,2
10874,1,2026-04-18,6
10875,1,2026-04-18,7
10876,1,2026-04-18,3
10877,1,2026-04-18,2
10878,1,2026-04-18,6
10879,1,2026-04-18,8
10880,1,2026-04-18,8
10881,1,2026-04-18,4
10882,1,2026-04-18,7
10883,1,2026-04-18,3
10884,1,2026-04-18,5
10885,1,2026-04-18,4
10886,1,2026-04-18,2
10887,1,2026-04-18,5
10888,1,2026-04-18,2
10889,1,2026-04-18,6
10890,1,2026-04-18,4
10891,1,2026-04-18,2
10892,1,2026-04-18,5
10893,1,2026-04-18,6
10894,1,2026-04-18,4
10895,1,2026-04-18,5
10896,1,2026-04-18,7
10897,1,2026-04-18,6
10898,1,2026-04-18,2
10899,1,2026-04-18,4
10900,1,2026-04-18,5
10901,1,2026-04-18,7
10902,1,2026-04-18,4
10903,1,2026-04-18,5
10904,1,2026-04-18,2
10905,1,2026-04-18,6
10906,1,2026-04-18,2
10907,1,2026-04-18,5
10908,1,2026-04-18,4
10909,1,2026-04-18,3
10910,1,2026-04-18,2
10911,1,2026-04-18,8
10912,1,2026-04-18,3
10913,1,2026-04-18,5
10914,1,2026-04-18,4
10915,1,2026-04-18,5
10916,1,2026-04-18,4
10917,1,2026-04-18,8
10918,1,2026-04-18,5
10919,1,2026-04-18,5
10920,1,2026-04-18,4
10921,1,2026-04-18,6
10922,1,2026-04-18,5
10923,1,2026-04-18,3
10924,1,2026-04-18,2
10925,1,2026-04-18,3
10926,1,2026-04-18,8
10927,1,2026-04-18,8
10928,1,2026-04-18,6
10929,1,2026-04-18,5
10930,1,2026-04-18,5
10931,1,2026-04-18,8
10932,1,2026-04-18,5
10933,1,2026-04-18,7
10934,1,2026-04-18,6
10935,1,2026-04-18,8
10936,1,2026-04-18,8
10937,1,2026-04-18,4
10938,1,2026-04-18,6
10939,1,2026-04-18,4
10940,1,2026-04-18,5
10941,1,2026-04-18,7
10942,1,2026-04-18,4
10943,1,2026-04-18,2
10944,1,2026-04-18,6
10945,1,2026-04-18,6
10946,1,2026-04-18,2
10947,1,2026-04-18,2
10948,1,2026-04-18,4
10949,1,2026-04-18,6
10950,1,2026-04-18,8
10951,1,2026-04-18,2
10952,1,2026-04-19,2
10953,1,2026-04-19,5
10954,1,2026-04-19,4
10955,1,2026-04-19,6
10956,1,2026-04-19,3
10957,1,2026-04-19,5
10958,1,2026-04-19,3
10959,1,2026-04-19,3
10960,1,2026-04-19,6
10961,1,2026-04-19,7
10962,1,2026-04-19,6
10963,1,2026-04-19,2
10964,1,2026-04-19,4
10965,1,2026-04-19,3
10966,1,2026-04-19,5
10967,1,2026-04-19,2
10968,1,2026-04-19,4
10969,1,2026-04-19,8
10970,1,2026-04-19,8
10971,1,2026-04-19,6
10972,1,2026-04-19,8
10973,1,2026-04-19,2
10974,1,2026-04-19,2
10975,1,2026-04-19,3
10976,1,2026-04-19,6
10977,1,2026-04-19,5
10978,1,2026-04-19,4
10979,1,2026-04-19,5
10980,1,2026-04-19,7
10981,1,2026-04-19,6
10982,1,2026-04-19,3
10983,1,2026-04-19,5
10984,1,2026-04-19,6
10985,1,2026-04-19,2
10986,1,2026-04-19,3
10987,1,2026-04-19,3
10988,1,2026-04-19,3
10989,1,2026-04-19,8
10990,1,2026-04-19,6
10991,1,2026-04-19,5
10992,1,2026-04-19,7
10993,1,2026-04-19,7
10994,1,2026-04-19,8
10995,1,2026-04-19,2
10996,1,2026-04-19,6
10997,1,2026-04-19,2
10998,1,2026-04-19,2
10999,1,2026-04-19,7
11000,1,2026-04-19,2
11001,1,2026-04-19,2
11002,1,2026-04-19,4
11003,1,2026-04-19,8
11004,1,2026-04-19,8
11005,1,2026-04-19,5
11006,1,2026-04-19,8
11007,1,2026-04-19,7
11008,1,2026-04-19,2
11009,1,2026-04-19,2
11010,1,2026-04-19,5
11011,1,2026-04-19,7
11012,1,2026-04-19,2
11013,1,2026-04-19,5
11014,1,2026-04-19,6
11015,1,2026-04-19,5
11016,1,2026-04-19,6
11017,1,2026-04-19,8
11018,1,2026-04-19,6
11019,1,2026-04-19,2
11020,1,2026-04-19,8
11021,1,2026-04-19,7
11022,1,2026-04-19,8
11023,1,2026-04-19,6
11024,1,2026-04-19,7
11025,1,2026-04-19,6
11026,1,2026-04-19,6
11027,1,2026-04-19,2
11028,1,2026-04-19,4
11029,1,2026-04-19,8
11030,1,2026-04-19,5
11031,1,2026-04-19,2
11032,1,2026-04-19,8
11033,1,2026-04-19,3
11034,1,2026-04-19,6
11035,1,2026-04-19,6
11036,1,2026-04-19,5
11037,1,2026-04-19,4
11038,1,2026-04-19,7
11039,1,2026-04-19,8
11040,1,2026-04-19,8
11041,1,2026-04-19,8
11042,1,2026-04-19,4
11043,1,2026-04-19,6
11044,1,2026-04-19,6
11045,1,2026-04-19,3
11046,1,2026-04-19,4
11047,1,2026-04-19,4
11048,1,2026-04-19,6
11049,1,2026-04-19,3
11050,1,2026-04-19,3
11051,1,2026-04-19,8
11052,1,2026-04-19,7
11053,1,2026-04-19,4
11054,1,2026-04-19,7
11055,1,2026-04-19,4
11056,1,2026-04-19,2
11057,1,2026-04-19,5
11058,1,2026-04-19,5
11059,1,2026-04-19,5
11060,1,2026-04-19,8
11061,1,2026-04-19,3
11062,1,2026-04-19,3
11063,1,2026-04-19,2
11064,1,2026-04-19,2
11065,1,2026-04-19,5
11066,1,2026-04-19,3
11067,1,2026-04-19,2
11068,1,2026-04-19,6
11069,1,2026-04-19,5
11070,1,2026-04-20,8
11071,1,2026-04-20,8
11072,1,2026-04-20,3
11073,1,2026-04-20,2
11074,1,2026-04-20,7
11075,1,2026-04-20,4
11076,1,2026-04-20,6
11077,1,2026-04-20,7
11078,1,2026-04-20,8
11079,1,2026-04-20,3
11080,1,2026-04-20,7
11081,1,2026-04-20,3
11082,1,2026-04-20,5
11083,1,2026-04-20,3
11084,1,2026-04-20,2
11085,1,2026-04-20,3
11086,1,2026-04-20,2
11087,1,2026-04-20,3
11088,1,2026-04-20,5
11089,1,2026-04-20,7
11090,1,2026-04-20,4
11091,1,2026-04-20,4
11092,1,2026-04-20,4
11093,1,2026-04-20,7
11094,1,2026-04-20,7
11095,1,2026-04-20,8
11096,1,2026-04-20,7
11097,1,2026-04-20,5
11098,1,2026-04-20,4
11099,1,2026-04-20,7
11100,1,2026-04-20,5
11101,1,2026-04-20,4
11102,1,2026-04-20,4
11103,1,2026-04-20,8
11104,1,2026-04-20,5
11105,1,2026-04-20,8
11106,1,2026-04-20,3
11107,1,2026-04-20,4
11108,1,2026-04-20,5
11109,1,2026-04-20,6
11110,1,2026-04-20,5
11111,1,2026-04-20,4
11112,1,2026-04-20,6
11113,1,2026-04-20,2
11114,1,2026-04-20,5
11115,1,2026-04-20,4
11116,1,2026-04-20,4
11117,1,2026-04-20,7
11118,1,2026-04-20,5
11119,1,2026-04-20,8
11120,1,2026-04-20,7
11121,1,2026-04-20,3
11122,1,2026-04-20,6
11123,1,2026-04-20,2
11124,1,2026-04-20,5
11125,1,2026-04-20,2
11126,1,2026-04-20,8
11127,1,2026-04-20,4
11128,1,2026-04-20,8
11129,1,2026-04-20,7
11130,1,2026-04-20,3
11131,1,2026-04-21,2
11132,1,2026-04-21,2
11133,1,2026-04-21,4
11134,1,2026-04-21,8
11135,1,2026-04-21,2
11136,1,2026-04-21,3
11137,1,2026-04-21,7
11138,1,2026-04-21,4
11139,1,2026-04-21,2
11140,1,2026-04-21,5
11141,1,2026-04-21,3
11142,1,2026-04-21,8
11143,1,2026-04-21,4
11144,1,2026-04-21,4
11145,1,2026-04-21,7
11146,1,2026-04-21,8
11147,1,2026-04-21,6
11148,1,2026-04-21,8
11149,1,2026-04-21,3
11150,1,2026-04-21,4
11151,1,2026-04-21,5
11152,1,2026-04-21,7
11153,1,2026-04-21,4
11154,1,2026-04-21,2
11155,1,2026-04-21,4
11156,1,2026-04-21,3
11157,1,2026-04-21,2
11158,1,2026-04-21,3
11159,1,2026-04-21,7
11160,1,2026-04-21,6
11161,1,2026-04-21,3
11162,1,2026-04-21,2
11163,1,2026-04-21,5
11164,1,2026-04-21,7
11165,1,2026-04-21,5
11166,1,2026-04-21,8
11167,1,2026-04-21,7
11168,1,2026-04-21,8
11169,1,2026-04-21,6
11170,1,2026-04-21,4
11171,1,2026-04-21,5
11172,1,2026-04-21,7
11173,1,2026-04-21,7
11174,1,2026-04-21,5
11175,1,2026-04-21,6
11176,1,2026-04-21,8
11177,1,2026-04-21,5
11178,1,2026-04-21,6
11179,1,2026-04-21,3
11180,1,2026-04-21,6
11181,1,2026-04-21,7
11182,1,2026-04-21,2
11183,1,2026-04-21,2
11184,1,2026-04-21,6
11185,1,2026-04-21,8
11186,1,2026-04-21,7
11187,1,2026-04-21,4
11188,1,2026-04-21,8
11189,1,2026-04-21,5
11190,1,2026-04-21,7
11191,1,2026-04-21,6
11192,1,2026-04-21,5
11193,1,2026-04-21,4
11194,1,2026-04-21,6
11195,1,2026-04-21,6
11196,1,2026-04-21,2
11197,1,2026-04-21,7
11198,1,2026-04-21,8
11199,1,2026-04-21,5
11200,1,2026-04-21,6
11201,1,2026-04-21,2
11202,1,2026-04-21,3
11203,1,2026-04-21,2
11204,1,2026-04-21,3
11205,1,2026-04-21,5
11206,1,2026-04-21,3
11207,1,2026-04-21,7
11208,1,2026-04-21,4
11209,1,2026-04-21,5
11210,1,2026-04-21,5
11211,1,2026-04-21,8
11212,1,2026-04-21,2
11213,1,2026-04-21,5
11214,1,2026-04-21,3
11215,1,2026-04-21,5
11216,1,2026-04-21,3
11217,1,2026-04-21,7
11218,1,2026-04-21,2
11219,1,2026-04-21,5
11220,1,2026-04-21,8
11221,1,2026-04-21,4
11222,1,2026-04-22,3
11223,1,2026-04-22,7
11224,1,2026-04-22,7
11225,1,2026-04-22,7
11226,1,2026-04-22,7
11227,1,2026-04-22,7
11228,1,2026-04-22,8
11229,1,2026-04-22,3
11230,1,2026-04-22,7
11231,1,2026-04-22,3
11232,1,2026-04-22,4
11233,1,2026-04-22,3
11234,1,2026-04-22,6
11235,1,2026-04-22,4
11236,1,2026-04-22,7
11237,1,2026-04-22,3
11238,1,2026-04-22,6
11239,1,2026-04-22,3
11240,1,2026-04-22,4
11241,1,2026-04-22,3
11242,1,2026-04-22,2
11243,1,2026-04-22,4
11244,1,2026-04-22,3
11245,1,2026-04-22,8
11246,1,2026-04-22,5
11247,1,2026-04-22,2
11248,1,2026-04-22,3
11249,1,2026-04-22,4
11250,1,2026-04-22,2
11251,1,2026-04-22,3
11252,1,2026-04-22,8
11253,1,2026-04-22,4
11254,1,2026-04-22,6
11255,1,2026-04-22,4
11256,1,2026-04-22,3
11257,1,2026-04-22,7
11258,1,2026-04-22,3
11259,1,2026-04-22,5
11260,1,2026-04-22,3
11261,1,2026-04-22,6
11262,1,2026-04-22,8
11263,1,2026-04-22,6
11264,1,2026-04-22,3
11265,1,2026-04-22,8
11266,1,2026-04-22,2
11267,1,2026-04-22,4
11268,1,2026-04-22,7
11269,1,2026-04-22,7
11270,1,2026-04-22,8
11271,1,2026-04-22,4
11272,1,2026-04-22,7
11273,1,2026-04-22,7
11274,1,2026-04-22,3
11275,1,2026-04-22,8
11276,1,2026-04-22,6
11277,1,2026-04-22,2
11278,1,2026-04-22,6
11279,1,2026-04-22,5
11280,1,2026-04-22,6
11281,1,2026-04-22,5
11282,1,2026-04-22,2
11283,1,2026-04-22,2
11284,1,2026-04-22,3
11285,1,2026-04-22,8
11286,1,2026-04-22,7
11287,1,2026-04-22,2
11288,1,2026-04-22,6
11289,1,2026-04-22,5
11290,1,2026-04-22,4
11291,1,2026-04-22,8
11292,1,2026-04-22,4
11293,1,2026-04-22,4
11294,1,2026-04-22,3
11295,1,2026-04-22,3
11296,1,2026-04-22,2
11297,1,2026-04-22,7
11298,1,2026-04-22,5
11299,1,2026-04-22,3
11300,1,2026-04-22,2
11301,1,2026-04-22,6
11302,1,2026-04-22,6
11303,1,2026-04-22,8
11304,1,2026-04-22,3
11305,1,2026-04-22,2
11306,1,2026-04-22,5
11307,1,2026-04-22,8
11308,1,2026-04-22,8
11309,1,2026-04-22,8
11310,1,2026-04-22,4
11311,1,2026-04-22,3
11312,1,2026-04-22,4
11313,1,2026-04-22,8
11314,1,2026-04-22,4
11315,1,2026-04-22,2
11316,1,2026-04-22,5
11317,1,2026-04-22,2
11318,1,2026-04-22,4
11319,1,2026-04-23,8
11320,1,2026-04-23,7
11321,1,2026-04-23,8
11322,1,2026-04-23,7
11323,1,2026-04-23,8
11324,1,2026-04-23,3
11325,1,2026-04-23,7
11326,1,2026-04-23,8
11327,1,2026-04-23,3
11328,1,2026-04-23,3
11329,1,2026-04-23,5
11330,1,2026-04-23,2
11331,1,2026-04-23,2
11332,1,2026-04-23,2
11333,1,2026-04-23,2
11334,1,2026-04-23,3
11335,1,2026-04-23,6
11336,1,2026-04-23,3
11337,1,2026-04-23,8
11338,1,2026-04-23,7
11339,1,2026-04-23,8
11340,1,2026-04-23,7
11341,1,2026-04-23,4
11342,1,2026-04-23,8
11343,1,2026-04-23,5
11344,1,2026-04-23,6
11345,1,2026-04-23,3
11346,1,2026-04-23,8
11347,1,2026-04-23,6
11348,1,2026-04-23,6
11349,1,2026-04-23,6
11350,1,2026-04-23,4
11351,1,2026-04-23,6
11352,1,2026-04-23,2
11353,1,2026-04-23,4
11354,1,2026-04-23,4
11355,1,2026-04-23,2
11356,1,2026-04-23,6
11357,1,2026-04-23,7
11358,1,2026-04-23,2
11359,1,2026-04-23,6
11360,1,2026-04-23,7
11361,1,2026-04-23,8
11362,1,2026-04-23,8
11363,1,2026-04-23,5
11364,1,2026-04-23,6
11365,1,2026-04-23,7
11366,1,2026-04-23,3
11367,1,2026-04-23,3
11368,1,2026-04-23,4
11369,1,2026-04-23,8
11370,1,2026-04-23,4
11371,1,2026-04-23,7
11372,1,2026-04-23,8
11373,1,2026-04-23,4
11374,1,2026-04-23,2
11375,1,2026-04-23,2
11376,1,2026-04-23,8
11377,1,2026-04-23,3
11378,1,2026-04-23,2
11379,1,2026-04-23,5
11380,1,2026-04-23,6
11381,1,2026-04-23,6
11382,1,2026-04-23,2
11383,1,2026-04-23,5
11384,1,2026-04-23,2
11385,1,2026-04-23,5
11386,1,2026-04-23,3
11387,1,2026-04-23,2
11388,1,2026-04-23,7
11389,1,2026-04-23,4
11390,1,2026-04-23,2
11391,1,2026-04-23,5
11392,1,2026-04-23,8
11393,1,2026-04-23,6
11394,1,2026-04-23,4
11395,1,2026-04-23,4
11396,1,2026-04-23,8
11397,1,2026-04-23,4
11398,1,2026-04-23,5
11399,1,2026-04-23,3
11400,1,2026-04-23,3
11401,1,2026-04-23,4
11402,1,2026-04-23,5
11403,1,2026-04-23,4
11404,1,2026-04-23,5
11405,1,2026-04-23,5
11406,1,2026-04-23,3
11407,1,2026-04-23,5
11408,1,2026-04-23,7
11409,1,2026-04-23,6
11410,1,2026-04-23,7
11411,1,2026-04-23,2
11412,1,2026-04-23,4
11413,1,2026-04-23,7
11414,1,2026-04-23,6
11415,1,2026-04-24,6
11416,1,2026-04-24,3
11417,1,2026-04-24,8
11418,1,2026-04-24,6
11419,1,2026-04-24,8
11420,1,2026-04-24,7
11421,1,2026-04-24,5
11422,1,2026-04-24,7
11423,1,2026-04-24,5
11424,1,2026-04-24,7
11425,1,2026-04-24,3
11426,1,2026-04-24,6
11427,1,2026-04-24,2
11428,1,2026-04-24,5
11429,1,2026-04-24,8
11430,1,2026-04-24,5
11431,1,2026-04-24,3
11432,1,2026-04-24,7
11433,1,2026-04-24,4
11434,1,2026-04-24,2
11435,1,2026-04-24,8
11436,1,2026-04-24,8
11437,1,2026-04-24,5
11438,1,2026-04-24,8
11439,1,2026-04-24,8
11440,1,2026-04-24,4
11441,1,2026-04-24,5
11442,1,2026-04-24,4
11443,1,2026-04-24,3
11444,1,2026-04-24,8
11445,1,2026-04-24,6
11446,1,2026-04-24,3
11447,1,2026-04-24,8
11448,1,2026-04-24,2
11449,1,2026-04-24,3
11450,1,2026-04-24,2
11451,1,2026-04-24,8
11452,1,2026-04-24,8
11453,1,2026-04-24,4
11454,1,2026-04-24,8
11455,1,2026-04-24,3
11456,1,2026-04-24,5
11457,1,2026-04-24,8
11458,1,2026-04-24,2
11459,1,2026-04-24,7
11460,1,2026-04-24,2
11461,1,2026-04-24,8
11462,1,2026-04-24,2
11463,1,2026-04-24,8
11464,1,2026-04-24,5
11465,1,2026-04-24,8
11466,1,2026-04-24,5
11467,1,2026-04-24,8
11468,1,2026-04-24,6
11469,1,2026-04-24,8
11470,1,2026-04-24,6
11471,1,2026-04-24,3
11472,1,2026-04-24,5
11473,1,2026-04-24,8
11474,1,2026-04-24,2
11475,1,2026-04-24,4
11476,1,2026-04-24,5
11477,1,2026-04-24,6
11478,1,2026-04-24,6
11479,1,2026-04-24,2
11480,1,2026-04-24,2
11481,1,2026-04-24,2
11482,1,2026-04-24,7
11483,1,2026-04-24,3
11484,1,2026-04-24,4
11485,1,2026-04-24,3
11486,1,2026-04-24,4
11487,1,2026-04-24,3
11488,1,2026-04-24,8
11489,1,2026-04-24,3
11490,1,2026-04-24,4
11491,1,2026-04-24,2
11492,1,2026-04-24,3
11493,1,2026-04-24,8
11494,1,2026-04-24,8
11495,1,2026-04-24,3
11496,1,2026-04-24,7
11497,1,2026-04-24,5
11498,1,2026-04-24,3
11499,1,2026-04-24,3
11500,1,2026-04-24,2
11501,1,2026-04-24,4
11502,1,2026-04-24,8
11503,1,2026-04-24,6
11504,1,2026-04-24,2
11505,1,2026-04-24,6
11506,1,2026-04-25,6
11507,1,2026-04-25,7
11508,1,2026-04-25,6
11509,1,2026-04-25,3
11510,1,2026-04-25,5
11511,1,2026-04-25,4
11512,1,2026-04-25,3
11513,1,2026-04-25,4
11514,1,2026-04-25,8
11515,1,2026-04-25,8
11516,1,2026-04-25,3
11517,1,2026-04-25,4
11518,1,2026-04-25,4
11519,1,2026-04-25,7
11520,1,2026-04-25,7
11521,1,2026-04-25,7
11522,1,2026-04-25,6
11523,1,2026-04-25,7
11524,1,2026-04-25,5
11525,1,2026-04-25,5
11526,1,2026-04-25,8
11527,1,2026-04-25,3
11528,1,2026-04-25,2
11529,1,2026-04-25,2
11530,1,2026-04-25,6
11531,1,2026-04-25,8
11532,1,2026-04-25,2
11533,1,2026-04-25,5
11534,1,2026-04-25,3
11535,1,2026-04-25,6
11536,1,2026-04-25,6
11537,1,2026-04-25,7
11538,1,2026-04-25,2
11539,1,2026-04-25,3
11540,1,2026-04-25,6
11541,1,2026-04-25,5
11542,1,2026-04-25,4
11543,1,2026-04-25,7
11544,1,2026-04-25,8
11545,1,2026-04-25,7
11546,1,2026-04-25,7
11547,1,2026-04-25,5
11548,1,2026-04-25,3
11549,1,2026-04-25,4
11550,1,2026-04-25,7
11551,1,2026-04-25,5
11552,1,2026-04-25,2
11553,1,2026-04-25,2
11554,1,2026-04-25,6
11555,1,2026-04-25,3
11556,1,2026-04-25,4
11557,1,2026-04-25,5
11558,1,2026-04-25,6
11559,1,2026-04-25,2
11560,1,2026-04-25,7
11561,1,2026-04-25,3
11562,1,2026-04-25,7
11563,1,2026-04-25,5
11564,1,2026-04-25,8
11565,1,2026-04-25,2
11566,1,2026-04-25,7
11567,1,2026-04-25,4
11568,1,2026-04-25,2
11569,1,2026-04-25,4
11570,1,2026-04-25,3
11571,1,2026-04-25,4
11572,1,2026-04-25,2
11573,1,2026-04-25,2
11574,1,2026-04-25,2
11575,1,2026-04-25,7
11576,1,2026-04-25,7
11577,1,2026-04-25,7
11578,1,2026-04-25,7
11579,1,2026-04-25,5
11580,1,2026-04-25,5
11581,1,2026-04-25,3
11582,1,2026-04-25,2
11583,1,2026-04-25,4
11584,1,2026-04-25,8
11585,1,2026-04-25,3
11586,1,2026-04-25,6
11587,1,2026-04-25,3
11588,1,2026-04-25,4
11589,1,2026-04-25,4
11590,1,2026-04-25,3
11591,1,2026-04-25,5
11592,1,2026-04-25,4
11593,1,2026-04-25,8
11594,1,2026-04-25,2
11595,1,2026-04-25,7
11596,1,2026-04-25,3
11597,1,2026-04-25,8
11598,1,2026-04-25,3
11599,1,2026-04-25,6
11600,1,2026-04-25,3
11601,1,2026-04-25,2
11602,1,2026-04-25,7
11603,1,2026-04-25,7
11604,1,2026-04-25,5
11605,1,2026-04-25,8
11606,1,2026-04-25,2
11607,1,2026-04-25,3
11608,1,2026-04-25,5
11609,1,2026-04-26,5
11610,1,2026-04-26,8
11611,1,2026-04-26,7
11612,1,2026-04-26,4
11613,1,2026-04-26,4
11614,1,2026-04-26,7
11615,1,2026-04-26,3
11616,1,2026-04-26,2
11617,1,2026-04-26,3
11618,1,2026-04-26,8
11619,1,2026-04-26,4
11620,1,2026-04-26,8
11621,1,2026-04-26,4
11622,1,2026-04-26,3
11623,1,2026-04-26,2
11624,1,2026-04-26,3
11625,1,2026-04-26,7
11626,1,2026-04-26,6
11627,1,2026-04-26,6
11628,1,2026-04-26,6
11629,1,2026-04-26,2
11630,1,2026-04-26,6
11631,1,2026-04-26,3
11632,1,2026-04-26,4
11633,1,2026-04-26,6
11634,1,2026-04-26,4
11635,1,2026-04-26,4
11636,1,2026-04-26,5
11637,1,2026-04-26,2
11638,1,2026-04-26,2
11639,1,2026-04-26,3
11640,1,2026-04-26,4
11641,1,2026-04-26,6
11642,1,2026-04-26,4
11643,1,2026-04-26,7
11644,1,2026-04-26,7
11645,1,2026-04-26,5
11646,1,2026-04-26,7
11647,1,2026-04-26,4
11648,1,2026-04-26,8
11649,1,2026-04-26,7
11650,1,2026-04-26,8
11651,1,2026-04-26,7
11652,1,2026-04-26,6
11653,1,2026-04-26,5
11654,1,2026-04-26,5
11655,1,2026-04-26,7
11656,1,2026-04-26,7
11657,1,2026-04-26,8
11658,1,2026-04-26,6
11659,1,2026-04-26,8
11660,1,2026-04-26,6
11661,1,2026-04-26,7
11662,1,2026-04-26,2
11663,1,2026-04-26,7
11664,1,2026-04-26,3
11665,1,2026-04-26,5
11666,1,2026-04-26,4
11667,1,2026-04-26,3
11668,1,2026-04-26,6
11669,1,2026-04-26,6
11670,1,2026-04-26,2
11671,1,2026-04-26,8
11672,1,2026-04-26,4
11673,1,2026-04-26,3
11674,1,2026-04-26,3
11675,1,2026-04-26,8
11676,1,2026-04-26,7
11677,1,2026-04-26,6
11678,1,2026-04-26,2
11679,1,2026-04-26,2
11680,1,2026-04-26,6
11681,1,2026-04-26,3
11682,1,2026-04-26,4
11683,1,2026-04-26,2
11684,1,2026-04-26,2
11685,1,2026-04-26,7
11686,1,2026-04-26,5
11687,1,2026-04-26,5
11688,1,2026-04-26,8
11689,1,2026-04-26,7
11690,1,2026-04-26,5
11691,1,2026-04-26,6
11692,1,2026-04-26,2
11693,1,2026-04-26,4
11694,1,2026-04-26,3
11695,1,2026-04-26,5
11696,1,2026-04-26,2
11697,1,2026-04-26,7
11698,1,2026-04-26,5
11699,1,2026-04-26,5
11700,1,2026-04-26,8
11701,1,2026-04-26,3
11702,1,2026-04-26,5
11703,1,2026-04-26,8
11704,1,2026-04-26,8
11705,1,2026-04-26,3
11706,1,2026-04-26,4
11707,1,2026-04-26,2
11708,1,2026-04-26,8
11709,1,2026-04-26,6
11710,1,2026-04-26,6
11711,1,2026-04-26,3
11712,1,2026-04-26,8
11713,1,2026-04-26,5
11714,1,2026-04-26,2
11715,1,2026-04-26,6
11716,1,2026-04-26,8
11717,1,2026-04-26,3
11718,1,2026-04-26,5
11719,1,2026-04-26,3
11720,1,2026-04-26,2
11721,1,2026-04-26,2
11722,1,2026-04-26,8
11723,1,2026-04-26,5
11724,1,2026-04-26,7
11725,1,2026-04-26,5
11726,1,2026-04-26,3
11727,1,2026-04-26,5
11728,1,2026-04-26,7
11729,1,2026-04-26,7
11730,1,2026-04-27,6
11731,1,2026-04-27,6
11732,1,2026-04-27,6
11733,1,2026-04-27,2
11734,1,2026-04-27,7
11735,1,2026-04-27,5
11736,1,2026-04-27,4
11737,1,2026-04-27,5
11738,1,2026-04-27,4
11739,1,2026-04-27,7
11740,1,2026-04-27,4
11741,1,2026-04-27,7
11742,1,2026-04-27,4
11743,1,2026-04-27,3
11744,1,2026-04-27,8
11745,1,2026-04-27,4
11746,1,2026-04-27,5
11747,1,2026-04-27,5
11748,1,2026-04-27,3
11749,1,2026-04-27,7
11750,1,2026-04-27,2
11751,1,2026-04-27,3
11752,1,2026-04-27,4
11753,1,2026-04-27,2
11754,1,2026-04-27,2
11755,1,2026-04-27,2
11756,1,2026-04-27,3
11757,1,2026-04-27,3
11758,1,2026-04-27,7
11759,1,2026-04-27,6
11760,1,2026-04-27,4
11761,1,2026-04-27,3
11762,1,2026-04-27,6
11763,1,2026-04-27,8
11764,1,2026-04-27,6
11765,1,2026-04-27,2
11766,1,2026-04-27,8
11767,1,2026-04-27,8
11768,1,2026-04-27,2
11769,1,2026-04-27,2
11770,1,2026-04-27,6
11771,1,2026-04-27,5
11772,1,2026-04-27,6
11773,1,2026-04-27,2
11774,1,2026-04-27,7
11775,1,2026-04-27,8
11776,1,2026-04-27,2
11777,1,2026-04-27,3
11778,1,2026-04-27,3
11779,1,2026-04-27,3
11780,1,2026-04-27,2
11781,1,2026-04-27,3
11782,1,2026-04-27,7
11783,1,2026-04-27,3
11784,1,2026-04-27,6
11785,1,2026-04-27,6
11786,1,2026-04-27,6
11787,1,2026-04-27,7
11788,1,2026-04-27,5
11789,1,2026-04-27,2
11790,1,2026-04-27,8
11791,1,2026-04-27,8
11792,1,2026-04-27,4
11793,1,2026-04-27,2
11794,1,2026-04-27,7
11795,1,2026-04-27,3
11796,1,2026-04-27,5
11797,1,2026-04-27,7
11798,1,2026-04-27,3
11799,1,2026-04-27,5
11800,1,2026-04-27,5
11801,1,2026-04-27,5
11802,1,2026-04-27,7
11803,1,2026-04-27,8
11804,1,2026-04-27,5
11805,1,2026-04-27,6
11806,1,2026-04-27,2
11807,1,2026-04-27,3
11808,1,2026-04-27,4
11809,1,2026-04-27,2
11810,1,2026-04-27,4
11811,1,2026-04-27,6
11812,1,2026-04-27,4
11813,1,2026-04-28,6
11814,1,2026-04-28,4
11815,1,2026-04-28,3
11816,1,2026-04-28,6
11817,1,2026-04-28,7
11818,1,2026-04-28,2
11819,1,2026-04-28,8
11820,1,2026-04-28,7
11821,1,2026-04-28,2
11822,1,2026-04-28,2
11823,1,2026-04-28,3
11824,1,2026-04-28,3
11825,1,2026-04-28,3
11826,1,2026-04-28,8
11827,1,2026-04-28,2
11828,1,2026-04-28,3
11829,1,2026-04-28,2
11830,1,2026-04-28,6
11831,1,2026-04-28,4
11832,1,2026-04-28,8
11833,1,2026-04-28,2
11834,1,2026-04-28,8
11835,1,2026-04-28,7
11836,1,2026-04-28,7
11837,1,2026-04-28,4
11838,1,2026-04-28,3
11839,1,2026-04-28,8
11840,1,2026-04-28,2
11841,1,2026-04-28,8
11842,1,2026-04-28,2
11843,1,2026-04-28,6
11844,1,2026-04-28,7
11845,1,2026-04-28,6
11846,1,2026-04-28,4
11847,1,2026-04-28,6
11848,1,2026-04-28,6
11849,1,2026-04-28,6
11850,1,2026-04-28,8
11851,1,2026-04-28,5
11852,1,2026-04-28,7
11853,1,2026-04-28,3
11854,1,2026-04-28,7
11855,1,2026-04-28,3
11856,1,2026-04-28,7
11857,1,2026-04-28,7
11858,1,2026-04-28,2
11859,1,2026-04-28,8
11860,1,2026-04-28,2
11861,1,2026-04-28,2
11862,1,2026-04-28,6
11863,1,2026-04-28,5
11864,1,2026-04-28,4
11865,1,2026-04-28,8
11866,1,2026-04-28,8
11867,1,2026-04-28,5
11868,1,2026-04-28,6
11869,1,2026-04-28,6
11870,1,2026-04-28,5
11871,1,2026-04-28,3
11872,1,2026-04-28,8
11873,1,2026-04-28,2
11874,1,2026-04-28,6
11875,1,2026-04-28,8
11876,1,2026-04-28,5
11877,1,2026-04-28,2
11878,1,2026-04-28,5
11879,1,2026-04-28,4
11880,1,2026-04-28,7
11881,1,2026-04-28,3
11882,1,2026-04-29,8
11883,1,2026-04-29,7
11884,1,2026-04-29,6
11885,1,2026-04-29,3
11886,1,2026-04-29,6
11887,1,2026-04-29,2
11888,1,2026-04-29,8
11889,1,2026-04-29,6
11890,1,2026-04-29,6
11891,1,2026-04-29,5
11892,1,2026-04-29,6
11893,1,2026-04-29,4
11894,1,2026-04-29,5
11895,1,2026-04-29,5
11896,1,2026-04-29,7
11897,1,2026-04-29,3
11898,1,2026-04-29,6
11899,1,2026-04-29,2
11900,1,2026-04-29,2
11901,1,2026-04-29,3
11902,1,2026-04-29,6
11903,1,2026-04-29,3
11904,1,2026-04-29,5
11905,1,2026-04-29,3
11906,1,2026-04-29,7
11907,1,2026-04-29,8
11908,1,2026-04-29,3
11909,1,2026-04-29,2
11910,1,2026-04-29,3
11911,1,2026-04-29,3
11912,1,2026-04-29,6
11913,1,2026-04-29,7
11914,1,2026-04-29,6
11915,1,2026-04-29,5
11916,1,2026-04-29,2
11917,1,2026-04-29,8
11918,1,2026-04-29,8
11919,1,2026-04-29,6
11920,1,2026-04-29,7
11921,1,2026-04-29,5
11922,1,2026-04-29,3
11923,1,2026-04-29,5
11924,1,2026-04-29,4
11925,1,2026-04-29,5
11926,1,2026-04-29,3
11927,1,2026-04-29,6
11928,1,2026-04-29,8
11929,1,2026-04-29,8
11930,1,2026-04-29,2
11931,1,2026-04-29,8
11932,1,2026-04-29,2
11933,1,2026-04-29,8
11934,1,2026-04-29,6
11935,1,2026-04-29,3
11936,1,2026-04-29,5
11937,1,2026-04-29,7
11938,1,2026-04-29,7
11939,1,2026-04-29,8
11940,1,2026-04-29,4
11941,1,2026-04-29,8
11942,1,2026-04-29,4
11943,1,2026-04-29,8
11944,1,2026-04-29,5
11945,1,2026-04-29,3
11946,1,2026-04-29,7
11947,1,2026-04-29,8
11948,1,2026-04-29,6
11949,1,2026-04-29,3
11950,1,2026-04-29,5
11951,1,2026-04-29,8
11952,1,2026-04-29,3
11953,1,2026-04-29,8
11954,1,2026-04-29,8
11955,1,2026-04-29,7
11956,1,2026-04-29,5
11957,1,2026-04-29,6
11958,1,2026-04-29,2
11959,1,2026-04-29,3
11960,1,2026-04-29,4
11961,1,2026-04-29,7
11962,1,2026-04-29,8
11963,1,2026-04-29,7
11964,1,2026-04-29,7
11965,1,2026-04-29,7
11966,1,2026-04-29,7
11967,1,2026-04-29,3
11968,1,2026-04-29,4
11969,1,2026-04-29,3
11970,1,2026-04-29,5
11971,1,2026-04-29,2
11972,1,2026-04-29,7
11973,1,2026-04-29,4
11974,1,2026-04-29,4
11975,1,2026-04-29,3
11976,1,2026-04-29,8
11977,1,2026-04-29,8
11978,1,2026-04-29,2
11979,1,2026-04-29,6
11980,1,2026-04-29,3
11981,1,2026-04-29,5
11982,1,2026-04-29,7
11983,1,2026-04-30,7
11984,1,2026-04-30,4
11985,1,2026-04-30,3
11986,1,2026-04-30,2
11987,1,2026-04-30,2
11988,1,2026-04-30,6
11989,1,2026-04-30,3
11990,1,2026-04-30,7
11991,1,2026-04-30,7
11992,1,2026-04-30,6
11993,1,2026-04-30,5
11994,1,2026-04-30,3
11995,1,2026-04-30,6
11996,1,2026-04-30,8
11997,1,2026-04-30,7
11998,1,2026-04-30,5
11999,1,2026-04-30,7
12000,1,2026-04-30,5
12001,1,2026-04-30,8
12002,1,2026-04-30,5
12003,1,2026-04-30,5
12004,1,2026-04-30,4
12005,1,2026-04-30,4
12006,1,2026-04-30,6
12007,1,2026-04-30,6
12008,1,2026-04-30,7
12009,1,2026-04-30,7
12010,1,2026-04-30,4
12011,1,2026-04-30,4
12012,1,2026-04-30,2
12013,1,2026-04-30,5
12014,1,2026-04-30,2
12015,1,2026-04-30,8
12016,1,2026-04-30,3
12017,1,2026-04-30,7
12018,1,2026-04-30,3
12019,1,2026-04-30,6
12020,1,2026-04-30,3
12021,1,2026-04-30,3
12022,1,2026-04-30,2
12023,1,2026-04-30,4
12024,1,2026-04-30,5
12025,1,2026-04-30,8
12026,1,2026-04-30,8
12027,1,2026-04-30,3
12028,1,2026-04-30,6
12029,1,2026-04-30,3
12030,1,2026-04-30,5
12031,1,2026-04-30,7
12032,1,2026-04-30,3
12033,1,2026-04-30,5
12034,1,2026-04-30,8
12035,1,2026-04-30,7
12036,1,2026-04-30,5
12037,1,2026-04-30,3
12038,1,2026-04-30,3
12039,1,2026-04-30,6
12040,1,2026-04-30,6
12041,1,2026-04-30,7
12042,1,2026-04-30,3
12043,1,2026-04-30,4
12044,1,2026-04-30,2
12045,1,2026-04-30,7
12046,1,2026-04-30,7
12047,1,2026-04-30,8
12048,1,2026-04-30,6
12049,1,2026-04-30,4
12050,1,2026-04-30,5
12051,1,2026-04-30,8
12052,1,2026-04-30,8
12053,1,2026-04-30,3
12054,1,2026-04-30,3
12055,1,2026-04-30,3
12056,1,2026-04-30,4
12057,1,2026-04-30,5
12058,1,2026-04-30,7
12059,1,2026-04-30,8
12060,1,2026-04-30,2
12061,1,2026-04-30,4
12062,1,2026-04-30,6
12063,1,2026-04-30,8
12064,1,2026-04-30,4
12065,1,2026-04-30,7
12066,1,2026-04-30,4
12067,1,2026-04-30,6
12068,1,2026-04-30,2
12069,1,2026-04-30,7
12070,1,2026-04-30,2
12071,1,2026-04-30,7
12072,1,2026-04-30,5
12073,1,2026-04-30,2
12074,1,2026-04-30,7
12075,1,2026-04-30,3
12076,1,2026-04-30,3
12077,1,2026-04-30,7
12078,1,2026-04-30,5
12079,1,2026-04-30,2
12080,1,2026-04-30,7
12081,1,2026-04-30,3
12082,1,2026-04-30,7
12083,1,2026-04-30,5
12084,1,2026-04-30,3
12085,1,2026-04-30,8
12086,1,2026-04-30,4
12087,1,2026-04-30,2
12088,1,2026-04-30,8
12089,1,2026-04-30,8
12090,1,2026-04-30,5
12091,1,2026-04-30,6
12092,1,2026-04-30,4
12093,1,2026-04-30,7
12094,1,2026-04-30,8
12095,1,2026-05-01,8
12096,1,2026-05-01,7
12097,1,2026-05-01,5
12098,1,2026-05-01,6
12099,1,2026-05-01,8
12100,1,2026-05-01,2
12101,1,2026-05-01,8
12102,1,2026-05-01,3
12103,1,2026-05-01,5
12104,1,2026-05-01,2
12105,1,2026-05-01,6
12106,1,2026-05-01,5
12107,1,2026-05-01,6
12108,1,2026-05-01,4
12109,1,2026-05-01,2
12110,1,2026-05-01,8
12111,1,2026-05-01,5
12112,1,2026-05-01,4
12113,1,2026-05-01,4
12114,1,2026-05-01,6
12115,1,2026-05-01,7
12116,1,2026-05-01,8
12117,1,2026-05-01,3
12118,1,2026-05-01,8
12119,1,2026-05-01,2
12120,1,2026-05-01,7
12121,1,2026-05-01,7
12122,1,2026-05-01,5
12123,1,2026-05-01,4
12124,1,2026-05-01,6
12125,1,2026-05-01,8
12126,1,2026-05-01,2
12127,1,2026-05-01,8
12128,1,2026-05-01,2
12129,1,2026-05-01,2
12130,1,2026-05-01,7
12131,1,2026-05-01,6
12132,1,2026-05-01,4
12133,1,2026-05-01,7
12134,1,2026-05-01,2
12135,1,2026-05-01,3
12136,1,2026-05-01,5
12137,1,2026-05-01,6
12138,1,2026-05-01,8
12139,1,2026-05-01,6
12140,1,2026-05-01,4
12141,1,2026-05-01,7
12142,1,2026-05-01,4
12143,1,2026-05-01,3
12144,1,2026-05-01,2
12145,1,2026-05-01,2
12146,1,2026-05-01,7
12147,1,2026-05-01,3
12148,1,2026-05-01,4
12149,1,2026-05-01,5
12150,1,2026-05-01,8
12151,1,2026-05-01,7
12152,1,2026-05-01,2
12153,1,2026-05-01,2
12154,1,2026-05-01,7
12155,1,2026-05-01,8
12156,1,2026-05-01,2
12157,1,2026-05-01,5
12158,1,2026-05-01,6
12159,1,2026-05-01,5
12160,1,2026-05-01,2
12161,1,2026-05-01,8
12162,1,2026-05-01,8
12163,1,2026-05-01,2
12164,1,2026-05-01,8
12165,1,2026-05-01,4
12166,1,2026-05-01,5
12167,1,2026-05-01,3
12168,1,2026-05-01,4
12169,1,2026-05-01,6
12170,1,2026-05-01,3
12171,1,2026-05-01,3
12172,1,2026-05-01,7
12173,1,2026-05-01,5
12174,1,2026-05-01,7
12175,1,2026-05-01,8
12176,1,2026-05-01,7
12177,1,2026-05-01,4
12178,1,2026-05-01,3
12179,1,2026-05-01,4
12180,1,2026-05-01,6
12181,1,2026-05-01,3
12182,1,2026-05-01,6
12183,1,2026-05-01,5
12184,1,2026-05-01,7
12185,1,2026-05-01,7
12186,1,2026-05-01,6
12187,1,2026-05-01,2
12188,1,2026-05-01,4
12189,1,2026-05-01,3
12190,1,2026-05-01,7
12191,1,2026-05-01,2
12192,1,2026-05-01,7
12193,1,2026-05-01,2
12194,1,2026-05-01,6
12195,1,2026-05-01,7
12196,1,2026-05-02,5
12197,1,2026-05-02,8
12198,1,2026-05-02,6
12199,1,2026-05-02,4
12200,1,2026-05-02,4
12201,1,2026-05-02,8
12202,1,2026-05-02,3
12203,1,2026-05-02,5
12204,1,2026-05-02,6
12205,1,2026-05-02,3
12206,1,2026-05-02,2
12207,1,2026-05-02,6
12208,1,2026-05-02,4
12209,1,2026-05-02,5
12210,1,2026-05-02,5
12211,1,2026-05-02,5
12212,1,2026-05-02,8
12213,1,2026-05-02,8
12214,1,2026-05-02,3
12215,1,2026-05-02,4
12216,1,2026-05-02,6
12217,1,2026-05-02,5
12218,1,2026-05-02,3
12219,1,2026-05-02,7
12220,1,2026-05-02,3
12221,1,2026-05-02,7
12222,1,2026-05-02,5
12223,1,2026-05-02,2
12224,1,2026-05-02,4
12225,1,2026-05-02,3
12226,1,2026-05-02,5
12227,1,2026-05-02,3
12228,1,2026-05-02,2
12229,1,2026-05-02,8
12230,1,2026-05-02,2
12231,1,2026-05-02,8
12232,1,2026-05-02,4
12233,1,2026-05-02,6
12234,1,2026-05-02,5
12235,1,2026-05-02,6
12236,1,2026-05-02,7
12237,1,2026-05-02,2
12238,1,2026-05-02,4
12239,1,2026-05-02,7
12240,1,2026-05-02,7
12241,1,2026-05-02,7
12242,1,2026-05-02,4
12243,1,2026-05-02,8
12244,1,2026-05-02,5
12245,1,2026-05-02,5
12246,1,2026-05-02,5
12247,1,2026-05-02,6
12248,1,2026-05-02,7
12249,1,2026-05-02,2
12250,1,2026-05-02,8
12251,1,2026-05-02,3
12252,1,2026-05-02,7
12253,1,2026-05-02,7
12254,1,2026-05-02,5
12255,1,2026-05-02,7
12256,1,2026-05-02,2
12257,1,2026-05-02,5
12258,1,2026-05-02,2
12259,1,2026-05-02,3
12260,1,2026-05-02,8
12261,1,2026-05-02,5
12262,1,2026-05-02,4
12263,1,2026-05-02,3
12264,1,2026-05-02,8
12265,1,2026-05-02,5
12266,1,2026-05-02,6
12267,1,2026-05-02,8
12268,1,2026-05-02,8
12269,1,2026-05-02,6
12270,1,2026-05-02,4
12271,1,2026-05-02,3
12272,1,2026-05-02,3
12273,1,2026-05-02,3
12274,1,2026-05-02,7
12275,1,2026-05-02,6
12276,1,2026-05-02,5
12277,1,2026-05-02,3
12278,1,2026-05-02,3
12279,1,2026-05-02,3
12280,1,2026-05-02,5
12281,1,2026-05-02,8
12282,1,2026-05-02,8
12283,1,2026-05-02,6
12284,1,2026-05-02,3
12285,1,2026-05-02,5
12286,1,2026-05-02,2
12287,1,2026-05-02,5
12288,1,2026-05-02,6
12289,1,2026-05-02,2
12290,1,2026-05-02,6
12291,1,2026-05-02,2
12292,1,2026-05-02,4
12293,1,2026-05-02,8
12294,1,2026-05-02,5
12295,1,2026-05-02,7
12296,1,2026-05-02,3
12297,1,2026-05-02,7
12298,1,2026-05-02,3
12299,1,2026-05-02,5
12300,1,2026-05-02,7
12301,1,2026-05-02,2
12302,1,2026-05-02,8
12303,1,2026-05-02,8
12304,1,2026-05-02,7
12305,1,2026-05-02,4
12306,1,2026-05-02,5
12307,1,2026-05-02,3
12308,1,2026-05-02,8
12309,1,2026-05-02,3
12310,1,2026-05-02,6
12311,1,2026-05-03,7
12312,1,2026-05-03,5
12313,1,2026-05-03,6
12314,1,2026-05-03,3
12315,1,2026-05-03,4
12316,1,2026-05-03,4
12317,1,2026-05-03,7
12318,1,2026-05-03,6
12319,1,2026-05-03,7
12320,1,2026-05-03,4
12321,1,2026-05-03,3
12322,1,2026-05-03,2
12323,1,2026-05-03,4
12324,1,2026-05-03,5
12325,1,2026-05-03,7
12326,1,2026-05-03,5
12327,1,2026-05-03,5
12328,1,2026-05-03,7
12329,1,2026-05-03,6
12330,1,2026-05-03,5
12331,1,2026-05-03,7
12332,1,2026-05-03,5
12333,1,2026-05-03,2
12334,1,2026-05-03,3
12335,1,2026-05-03,8
12336,1,2026-05-03,3
12337,1,2026-05-03,2
12338,1,2026-05-03,7
12339,1,2026-05-03,3
12340,1,2026-05-03,6
12341,1,2026-05-03,8
12342,1,2026-05-03,3
12343,1,2026-05-03,5
12344,1,2026-05-03,3
12345,1,2026-05-03,2
12346,1,2026-05-03,5
12347,1,2026-05-03,7
12348,1,2026-05-03,6
12349,1,2026-05-03,8
12350,1,2026-05-03,2
12351,1,2026-05-03,6
12352,1,2026-05-03,8
12353,1,2026-05-03,3
12354,1,2026-05-03,2
12355,1,2026-05-03,3
12356,1,2026-05-03,4
12357,1,2026-05-03,8
12358,1,2026-05-03,2
12359,1,2026-05-03,8
12360,1,2026-05-03,4
12361,1,2026-05-03,8
12362,1,2026-05-03,8
12363,1,2026-05-03,5
12364,1,2026-05-03,8
12365,1,2026-05-03,6
12366,1,2026-05-03,3
12367,1,2026-05-03,4
12368,1,2026-05-03,2
12369,1,2026-05-03,5
12370,1,2026-05-03,2
12371,1,2026-05-03,6
12372,1,2026-05-03,8
12373,1,2026-05-03,3
12374,1,2026-05-03,8
12375,1,2026-05-03,7
12376,1,2026-05-03,4
12377,1,2026-05-03,6
12378,1,2026-05-03,6
12379,1,2026-05-03,2
12380,1,2026-05-03,7
12381,1,2026-05-03,6
12382,1,2026-05-03,7
12383,1,2026-05-03,3
12384,1,2026-05-03,4
12385,1,2026-05-03,7
12386,1,2026-05-03,7
12387,1,2026-05-03,4
12388,1,2026-05-03,5
12389,1,2026-05-03,6
12390,1,2026-05-03,8
12391,1,2026-05-03,6
12392,1,2026-05-03,2
12393,1,2026-05-03,8
12394,1,2026-05-03,6
12395,1,2026-05-03,6
12396,1,2026-05-03,7
12397,1,2026-05-03,8
12398,1,2026-05-03,2
12399,1,2026-05-03,7
12400,1,2026-05-03,6
12401,1,2026-05-03,7
12402,1,2026-05-03,5
12403,1,2026-05-03,3
12404,1,2026-05-03,3
12405,1,2026-05-03,2
12406,1,2026-05-03,5
12407,1,2026-05-03,7
12408,1,2026-05-03,7
12409,1,2026-05-03,5
12410,1,2026-05-03,3
12411,1,2026-05-03,5
12412,1,2026-05-03,4
12413,1,2026-05-03,3
12414,1,2026-05-03,3
12415,1,2026-05-03,8
12416,1,2026-05-03,6
12417,1,2026-05-03,2
12418,1,2026-05-03,3
12419,1,2026-05-04,4
12420,1,2026-05-04,7
12421,1,2026-05-04,3
12422,1,2026-05-04,3
12423,1,2026-05-04,8
12424,1,2026-05-04,8
12425,1,2026-05-04,4
12426,1,2026-05-04,5
12427,1,2026-05-04,5
12428,1,2026-05-04,6
12429,1,2026-05-04,6
12430,1,2026-05-04,7
12431,1,2026-05-04,6
12432,1,2026-05-04,4
12433,1,2026-05-04,6
12434,1,2026-05-04,3
12435,1,2026-05-04,7
12436,1,2026-05-04,6
12437,1,2026-05-04,8
12438,1,2026-05-04,4
12439,1,2026-05-04,4
12440,1,2026-05-04,8
12441,1,2026-05-04,4
12442,1,2026-05-04,4
12443,1,2026-05-04,8
12444,1,2026-05-04,4
12445,1,2026-05-04,3
12446,1,2026-05-04,7
12447,1,2026-05-04,5
12448,1,2026-05-04,7
12449,1,2026-05-04,2
12450,1,2026-05-04,3
12451,1,2026-05-04,4
12452,1,2026-05-04,6
12453,1,2026-05-04,3
12454,1,2026-05-04,7
12455,1,2026-05-04,4
12456,1,2026-05-04,2
12457,1,2026-05-04,5
12458,1,2026-05-04,2
12459,1,2026-05-04,6
12460,1,2026-05-04,6
12461,1,2026-05-04,8
12462,1,2026-05-04,5
12463,1,2026-05-04,6
12464,1,2026-05-04,6
12465,1,2026-05-04,3
12466,1,2026-05-04,4
12467,1,2026-05-04,7
12468,1,2026-05-04,2
12469,1,2026-05-04,7
12470,1,2026-05-04,7
12471,1,2026-05-04,4
12472,1,2026-05-04,8
12473,1,2026-05-04,2
12474,1,2026-05-04,3
12475,1,2026-05-04,7
12476,1,2026-05-04,5
12477,1,2026-05-04,4
12478,1,2026-05-04,6
12479,1,2026-05-04,6
12480,1,2026-05-04,3
12481,1,2026-05-04,8
12482,1,2026-05-04,2
12483,1,2026-05-04,3
12484,1,2026-05-04,8
12485,1,2026-05-04,3
12486,1,2026-05-04,6
12487,1,2026-05-04,7
12488,1,2026-05-04,3
12489,1,2026-05-04,3
12490,1,2026-05-04,3
12491,1,2026-05-04,4
12492,1,2026-05-04,6
12493,1,2026-05-04,3
12494,1,2026-05-04,4
12495,1,2026-05-04,6
12496,1,2026-05-04,4
12497,1,2026-05-05,5
12498,1,2026-05-05,6
12499,1,2026-05-05,7
12500,1,2026-05-05,3
12501,1,2026-05-05,8
12502,1,2026-05-05,7
12503,1,2026-05-05,4
12504,1,2026-05-05,8
12505,1,2026-05-05,7
12506,1,2026-05-05,4
12507,1,2026-05-05,3
12508,1,2026-05-05,3
12509,1,2026-05-05,2
12510,1,2026-05-05,4
12511,1,2026-05-05,7
12512,1,2026-05-05,3
12513,1,2026-05-05,3
12514,1,2026-05-05,3
12515,1,2026-05-05,4
12516,1,2026-05-05,3
12517,1,2026-05-05,2
12518,1,2026-05-05,6
12519,1,2026-05-05,3
12520,1,2026-05-05,8
12521,1,2026-05-05,4
12522,1,2026-05-05,6
12523,1,2026-05-05,3
12524,1,2026-05-05,5
12525,1,2026-05-05,2
12526,1,2026-05-05,5
12527,1,2026-05-05,7
12528,1,2026-05-05,4
12529,1,2026-05-05,8
12530,1,2026-05-05,8
12531,1,2026-05-05,8
12532,1,2026-05-05,6
12533,1,2026-05-05,5
12534,1,2026-05-05,8
12535,1,2026-05-05,6
12536,1,2026-05-05,4
12537,1,2026-05-05,7
12538,1,2026-05-05,8
12539,1,2026-05-05,7
12540,1,2026-05-05,6
12541,1,2026-05-05,5
12542,1,2026-05-05,4
12543,1,2026-05-05,4
12544,1,2026-05-05,6
12545,1,2026-05-05,5
12546,1,2026-05-05,6
12547,1,2026-05-05,7
12548,1,2026-05-05,4
12549,1,2026-05-05,4
12550,1,2026-05-05,3
12551,1,2026-05-05,3
12552,1,2026-05-05,5
12553,1,2026-05-05,6
12554,1,2026-05-05,5
12555,1,2026-05-05,2
12556,1,2026-05-05,2
12557,1,2026-05-05,4
12558,1,2026-05-05,2
12559,1,2026-05-05,8
12560,1,2026-05-05,5
12561,1,2026-05-05,6
12562,1,2026-05-05,7
12563,1,2026-05-05,3
12564,1,2026-05-05,8
12565,1,2026-05-05,2
12566,1,2026-05-05,2
12567,1,2026-05-05,4
12568,1,2026-05-05,2
12569,1,2026-05-05,8
12570,1,2026-05-05,2
12571,1,2026-05-05,3
12572,1,2026-05-05,3
12573,1,2026-05-05,5
12574,1,2026-05-05,3
12575,1,2026-05-05,7
12576,1,2026-05-05,5
12577,1,2026-05-05,5
12578,1,2026-05-05,4
12579,1,2026-05-05,2
12580,1,2026-05-05,4
12581,1,2026-05-05,2
12582,1,2026-05-05,3
12583,1,2026-05-05,8
12584,1,2026-05-05,4
12585,1,2026-05-05,5
12586,1,2026-05-05,2
12587,1,2026-05-05,8
12588,1,2026-05-05,3
12589,1,2026-05-06,3
12590,1,2026-05-06,5
12591,1,2026-05-06,2
12592,1,2026-05-06,6
12593,1,2026-05-06,6
12594,1,2026-05-06,3
12595,1,2026-05-06,8
12596,1,2026-05-06,3
12597,1,2026-05-06,5
12598,1,2026-05-06,6
12599,1,2026-05-06,6
12600,1,2026-05-06,7
12601,1,2026-05-06,2
12602,1,2026-05-06,5
12603,1,2026-05-06,3
12604,1,2026-05-06,4
12605,1,2026-05-06,7
12606,1,2026-05-06,4
12607,1,2026-05-06,8
12608,1,2026-05-06,3
12609,1,2026-05-06,2
12610,1,2026-05-06,8
12611,1,2026-05-06,2
12612,1,2026-05-06,2
12613,1,2026-05-06,4
12614,1,2026-05-06,5
12615,1,2026-05-06,7
12616,1,2026-05-06,7
12617,1,2026-05-06,7
12618,1,2026-05-06,5
12619,1,2026-05-06,8
12620,1,2026-05-06,4
12621,1,2026-05-06,8
12622,1,2026-05-06,2
12623,1,2026-05-06,6
12624,1,2026-05-06,5
12625,1,2026-05-06,3
12626,1,2026-05-06,8
12627,1,2026-05-06,8
12628,1,2026-05-06,5
12629,1,2026-05-06,8
12630,1,2026-05-06,8
12631,1,2026-05-06,6
12632,1,2026-05-06,4
12633,1,2026-05-06,4
12634,1,2026-05-06,3
12635,1,2026-05-06,7
12636,1,2026-05-06,8
12637,1,2026-05-06,5
12638,1,2026-05-06,4
12639,1,2026-05-06,7
12640,1,2026-05-06,4
12641,1,2026-05-06,2
12642,1,2026-05-06,6
12643,1,2026-05-06,7
12644,1,2026-05-06,8
12645,1,2026-05-06,2
12646,1,2026-05-06,2
12647,1,2026-05-06,5
12648,1,2026-05-06,5
12649,1,2026-05-06,4
12650,1,2026-05-06,7
12651,1,2026-05-06,5
12652,1,2026-05-06,2
12653,1,2026-05-06,4
12654,1,2026-05-06,2
12655,1,2026-05-06,6
12656,1,2026-05-06,8
12657,1,2026-05-06,4
12658,1,2026-05-06,5
12659,1,2026-05-06,6
12660,1,2026-05-06,8
12661,1,2026-05-06,8
12662,1,2026-05-06,3
12663,1,2026-05-06,6
12664,1,2026-05-06,2
12665,1,2026-05-06,3
12666,1,2026-05-06,4
12667,1,2026-05-06,3
12668,1,2026-05-06,7
12669,1,2026-05-06,3
12670,1,2026-05-07,5
12671,1,2026-05-07,3
12672,1,2026-05-07,6
12673,1,2026-05-07,4
12674,1,2026-05-07,7
12675,1,2026-05-07,2
12676,1,2026-05-07,2
12677,1,2026-05-07,2
12678,1,2026-05-07,7
12679,1,2026-05-07,2
12680,1,2026-05-07,7
12681,1,2026-05-07,6
12682,1,2026-05-07,5
12683,1,2026-05-07,6
12684,1,2026-05-07,4
12685,1,2026-05-07,3
12686,1,2026-05-07,2
12687,1,2026-05-07,7
12688,1,2026-05-07,7
12689,1,2026-05-07,2
12690,1,2026-05-07,6
12691,1,2026-05-07,2
12692,1,2026-05-07,8
12693,1,2026-05-07,3
12694,1,2026-05-07,7
12695,1,2026-05-07,3
12696,1,2026-05-07,5
12697,1,2026-05-07,4
12698,1,2026-05-07,3
12699,1,2026-05-07,8
12700,1,2026-05-07,5
12701,1,2026-05-07,3
12702,1,2026-05-07,2
12703,1,2026-05-07,6
12704,1,2026-05-07,3
12705,1,2026-05-07,2
12706,1,2026-05-07,4
12707,1,2026-05-07,4
12708,1,2026-05-07,8
12709,1,2026-05-07,6
12710,1,2026-05-07,8
12711,1,2026-05-07,2
12712,1,2026-05-07,3
12713,1,2026-05-07,6
12714,1,2026-05-07,6
12715,1,2026-05-07,5
12716,1,2026-05-07,6
12717,1,2026-05-07,7
12718,1,2026-05-07,6
12719,1,2026-05-07,5
12720,1,2026-05-07,5
12721,1,2026-05-07,7
12722,1,2026-05-07,8
12723,1,2026-05-07,7
12724,1,2026-05-07,2
12725,1,2026-05-07,3
12726,1,2026-05-07,6
12727,1,2026-05-07,2
12728,1,2026-05-07,8
12729,1,2026-05-07,6
12730,1,2026-05-07,6
12731,1,2026-05-07,8
12732,1,2026-05-07,3
12733,1,2026-05-07,6
12734,1,2026-05-07,7
12735,1,2026-05-07,8
12736,1,2026-05-07,2
12737,1,2026-05-07,2
12738,1,2026-05-07,8
12739,1,2026-05-07,7
12740,1,2026-05-07,2
12741,1,2026-05-07,8
12742,1,2026-05-07,2
12743,1,2026-05-07,5
12744,1,2026-05-07,6
12745,1,2026-05-07,4
12746,1,2026-05-07,3
12747,1,2026-05-07,3
12748,1,2026-05-07,3
12749,1,2026-05-07,8
12750,1,2026-05-07,7
12751,1,2026-05-07,2
12752,1,2026-05-07,3
12753,1,2026-05-07,8
12754,1,2026-05-07,4
12755,1,2026-05-07,7
12756,1,2026-05-07,5
12757,1,2026-05-07,8
12758,1,2026-05-07,6
12759,1,2026-05-07,4
12760,1,2026-05-07,8
12761,1,2026-05-07,3
12762,1,2026-05-07,3
12763,1,2026-05-07,6
12764,1,2026-05-07,6
12765,1,2026-05-07,8
12766,1,2026-05-07,8
12767,1,2026-05-07,4
12768,1,2026-05-07,5
12769,1,2026-05-08,3
12770,1,2026-05-08,7
12771,1,2026-05-08,3
12772,1,2026-05-08,7
12773,1,2026-05-08,7
12774,1,2026-05-08,2
12775,1,2026-05-08,3
12776,1,2026-05-08,4
12777,1,2026-05-08,5
12778,1,2026-05-08,5
12779,1,2026-05-08,7
12780,1,2026-05-08,2
12781,1,2026-05-08,4
12782,1,2026-05-08,7
12783,1,2026-05-08,8
12784,1,2026-05-08,5
12785,1,2026-05-08,7
12786,1,2026-05-08,8
12787,1,2026-05-08,4
12788,1,2026-05-08,6
12789,1,2026-05-08,2
12790,1,2026-05-08,3
12791,1,2026-05-08,6
12792,1,2026-05-08,8
12793,1,2026-05-08,4
12794,1,2026-05-08,8
12795,1,2026-05-08,3
12796,1,2026-05-08,4
12797,1,2026-05-08,6
12798,1,2026-05-08,7
12799,1,2026-05-08,8
12800,1,2026-05-08,7
12801,1,2026-05-08,5
12802,1,2026-05-08,8
12803,1,2026-05-08,5
12804,1,2026-05-08,8
12805,1,2026-05-08,8
12806,1,2026-05-08,8
12807,1,2026-05-08,6
12808,1,2026-05-08,2
12809,1,2026-05-08,6
12810,1,2026-05-08,8
12811,1,2026-05-08,6
12812,1,2026-05-08,2
12813,1,2026-05-08,4
12814,1,2026-05-08,5
12815,1,2026-05-08,5
12816,1,2026-05-08,5
12817,1,2026-05-08,6
12818,1,2026-05-08,8
12819,1,2026-05-08,2
12820,1,2026-05-08,7
12821,1,2026-05-08,3
12822,1,2026-05-08,2
12823,1,2026-05-08,4
12824,1,2026-05-08,3
12825,1,2026-05-08,7
12826,1,2026-05-08,3
12827,1,2026-05-08,3
12828,1,2026-05-08,7
12829,1,2026-05-08,2
12830,1,2026-05-08,6
12831,1,2026-05-08,7
12832,1,2026-05-08,4
12833,1,2026-05-08,6
12834,1,2026-05-08,6
12835,1,2026-05-08,8
12836,1,2026-05-08,4
12837,1,2026-05-08,3
12838,1,2026-05-08,7
12839,1,2026-05-08,7
12840,1,2026-05-08,7
12841,1,2026-05-08,6
12842,1,2026-05-08,4
12843,1,2026-05-08,4
12844,1,2026-05-08,3
12845,1,2026-05-08,6
12846,1,2026-05-08,6
12847,1,2026-05-08,6
12848,1,2026-05-08,7
12849,1,2026-05-08,6
12850,1,2026-05-08,4
12851,1,2026-05-08,3
12852,1,2026-05-08,5
12853,1,2026-05-08,7
12854,1,2026-05-08,6
12855,1,2026-05-08,4
12856,1,2026-05-08,7
12857,1,2026-05-08,4
12858,1,2026-05-08,7
12859,1,2026-05-08,4
12860,1,2026-05-08,5
12861,1,2026-05-08,3
12862,1,2026-05-08,7
12863,1,2026-05-08,7
12864,1,2026-05-08,2
12865,1,2026-05-08,2
12866,1,2026-05-08,8
12867,1,2026-05-08,4
12868,1,2026-05-08,5
12869,1,2026-05-08,8
12870,1,2026-05-08,6
12871,1,2026-05-08,4
12872,1,2026-05-08,6
12873,1,2026-05-09,7
12874,1,2026-05-09,3
12875,1,2026-05-09,4
12876,1,2026-05-09,6
12877,1,2026-05-09,8
12878,1,2026-05-09,5
12879,1,2026-05-09,6
12880,1,2026-05-09,5
12881,1,2026-05-09,8
12882,1,2026-05-09,5
12883,1,2026-05-09,5
12884,1,2026-05-09,2
12885,1,2026-05-09,4
12886,1,2026-05-09,6
12887,1,2026-05-09,7
12888,1,2026-05-09,3
12889,1,2026-05-09,2
12890,1,2026-05-09,2
12891,1,2026-05-09,8
12892,1,2026-05-09,3
12893,1,2026-05-09,4
12894,1,2026-05-09,6
12895,1,2026-05-09,8
12896,1,2026-05-09,2
12897,1,2026-05-09,2
12898,1,2026-05-09,2
12899,1,2026-05-09,8
12900,1,2026-05-09,6
12901,1,2026-05-09,4
12902,1,2026-05-09,6
12903,1,2026-05-09,5
12904,1,2026-05-09,4
12905,1,2026-05-09,6
12906,1,2026-05-09,2
12907,1,2026-05-09,6
12908,1,2026-05-09,2
12909,1,2026-05-09,8
12910,1,2026-05-09,8
12911,1,2026-05-09,3
12912,1,2026-05-09,5
12913,1,2026-05-09,2
12914,1,2026-05-09,6
12915,1,2026-05-09,4
12916,1,2026-05-09,3
12917,1,2026-05-09,7
12918,1,2026-05-09,5
12919,1,2026-05-09,4
12920,1,2026-05-09,5
12921,1,2026-05-09,3
12922,1,2026-05-09,5
12923,1,2026-05-09,7
12924,1,2026-05-09,2
12925,1,2026-05-09,6
12926,1,2026-05-09,3
12927,1,2026-05-09,5
12928,1,2026-05-09,8
12929,1,2026-05-09,8
12930,1,2026-05-09,6
12931,1,2026-05-09,4
12932,1,2026-05-09,3
12933,1,2026-05-09,5
12934,1,2026-05-09,2
12935,1,2026-05-09,7
12936,1,2026-05-09,5
12937,1,2026-05-09,5
12938,1,2026-05-09,3
12939,1,2026-05-09,6
12940,1,2026-05-09,8
12941,1,2026-05-09,6
12942,1,2026-05-09,2
12943,1,2026-05-09,6
12944,1,2026-05-09,8
12945,1,2026-05-09,7
12946,1,2026-05-09,7
12947,1,2026-05-09,5
12948,1,2026-05-09,6
12949,1,2026-05-09,5
12950,1,2026-05-09,4
12951,1,2026-05-09,3
12952,1,2026-05-09,8
12953,1,2026-05-09,2
12954,1,2026-05-09,8
12955,1,2026-05-09,6
12956,1,2026-05-09,6
12957,1,2026-05-09,4
12958,1,2026-05-09,5
12959,1,2026-05-09,4
12960,1,2026-05-09,5
12961,1,2026-05-09,5
12962,1,2026-05-09,5
12963,1,2026-05-09,3
12964,1,2026-05-09,6
12965,1,2026-05-09,3
12966,1,2026-05-09,7
12967,1,2026-05-09,8
12968,1,2026-05-09,3
12969,1,2026-05-09,7
12970,1,2026-05-09,7
12971,1,2026-05-09,5
12972,1,2026-05-09,5
12973,1,2026-05-09,4
12974,1,2026-05-09,4
12975,1,2026-05-09,8
12976,1,2026-05-09,2
12977,1,2026-05-09,8
12978,1,2026-05-09,5
12979,1,2026-05-09,6
12980,1,2026-05-09,4
12981,1,2026-05-09,4
12982,1,2026-05-09,7
12983,1,2026-05-09,5
12984,1,2026-05-09,4
12985,1,2026-05-09,6
12986,1,2026-05-09,5
12987,1,2026-05-10,4
12988,1,2026-05-10,4
12989,1,2026-05-10,8
12990,1,2026-05-10,7
12991,1,2026-05-10,8
12992,1,2026-05-10,4
12993,1,2026-05-10,5
12994,1,2026-05-10,5
12995,1,2026-05-10,6
12996,1,2026-05-10,8
12997,1,2026-05-10,4
12998,1,2026-05-10,2
12999,1,2026-05-10,8
13000,1,2026-05-10,4
13001,1,2026-05-10,7
13002,1,2026-05-10,6
13003,1,2026-05-10,2
13004,1,2026-05-10,7
13005,1,2026-05-10,5
13006,1,2026-05-10,3
13007,1,2026-05-10,4
13008,1,2026-05-10,6
13009,1,2026-05-10,7
13010,1,2026-05-10,3
13011,1,2026-05-10,6
13012,1,2026-05-10,7
13013,1,2026-05-10,8
13014,1,2026-05-10,2
13015,1,2026-05-10,2
13016,1,2026-05-10,3
13017,1,2026-05-10,5
13018,1,2026-05-10,4
13019,1,2026-05-10,2
13020,1,2026-05-10,3
13021,1,2026-05-10,3
13022,1,2026-05-10,8
13023,1,2026-05-10,5
13024,1,2026-05-10,6
13025,1,2026-05-10,7
13026,1,2026-05-10,6
13027,1,2026-05-10,6
13028,1,2026-05-10,5
13029,1,2026-05-10,5
13030,1,2026-05-10,5
13031,1,2026-05-10,6
13032,1,2026-05-10,3
13033,1,2026-05-10,5
13034,1,2026-05-10,5
13035,1,2026-05-10,2
13036,1,2026-05-10,7
13037,1,2026-05-10,7
13038,1,2026-05-10,4
13039,1,2026-05-10,2
13040,1,2026-05-10,6
13041,1,2026-05-10,4
13042,1,2026-05-10,4
13043,1,2026-05-10,5
13044,1,2026-05-10,5
13045,1,2026-05-10,6
13046,1,2026-05-10,6
13047,1,2026-05-10,7
13048,1,2026-05-10,5
13049,1,2026-05-10,7
13050,1,2026-05-10,8
13051,1,2026-05-10,2
13052,1,2026-05-10,2
13053,1,2026-05-10,4
13054,1,2026-05-10,5
13055,1,2026-05-10,7
13056,1,2026-05-10,4
13057,1,2026-05-10,6
13058,1,2026-05-10,5
13059,1,2026-05-10,3
13060,1,2026-05-10,8
13061,1,2026-05-10,3
13062,1,2026-05-10,2
13063,1,2026-05-10,8
13064,1,2026-05-10,6
13065,1,2026-05-10,5
13066,1,2026-05-10,3
13067,1,2026-05-10,7
13068,1,2026-05-10,7
13069,1,2026-05-10,5
13070,1,2026-05-10,6
13071,1,2026-05-10,8
13072,1,2026-05-10,4
13073,1,2026-05-10,5
13074,1,2026-05-10,3
13075,1,2026-05-10,7
13076,1,2026-05-10,8
13077,1,2026-05-10,4
13078,1,2026-05-10,5
13079,1,2026-05-10,2
13080,1,2026-05-10,3
13081,1,2026-05-10,8
13082,1,2026-05-10,5
13083,1,2026-05-10,6
13084,1,2026-05-10,2
13085,1,2026-05-10,4
13086,1,2026-05-10,8
13087,1,2026-05-10,4
13088,1,2026-05-10,3
13089,1,2026-05-10,5
13090,1,2026-05-10,4
13091,1,2026-05-10,3
13092,1,2026-05-10,5
13093,1,2026-05-10,8
13094,1,2026-05-10,2
13095,1,2026-05-10,6
13096,1,2026-05-10,2
13097,1,2026-05-10,2
13098,1,2026-05-10,6
13099,1,2026-05-10,2
13100,1,2026-05-10,7
13101,1,2026-05-10,6
13102,1,2026-05-10,7
13103,1,2026-05-10,6
13104,1,2026-05-10,6
13105,1,2026-05-10,4
13106,1,2026-05-10,6
13107,1,2026-05-10,2
13108,1,2026-05-10,3
13109,1,2026-05-10,3
13110,1,2026-05-10,2
13111,1,2026-05-10,2
13112,1,2026-05-11,2
13113,1,2026-05-11,7
13114,1,2026-05-11,4
13115,1,2026-05-11,4
13116,1,2026-05-11,3
13117,1,2026-05-11,5
13118,1,2026-05-11,6
13119,1,2026-05-11,4
13120,1,2026-05-11,8
13121,1,2026-05-11,3
13122,1,2026-05-11,2
13123,1,2026-05-11,2
13124,1,2026-05-11,4
13125,1,2026-05-11,2
13126,1,2026-05-11,5
13127,1,2026-05-11,3
13128,1,2026-05-11,5
13129,1,2026-05-11,6
13130,1,2026-05-11,8
13131,1,2026-05-11,4
13132,1,2026-05-11,5
13133,1,2026-05-11,5
13134,1,2026-05-11,4
13135,1,2026-05-11,7
13136,1,2026-05-11,3
13137,1,2026-05-11,6
13138,1,2026-05-11,8
13139,1,2026-05-11,7
13140,1,2026-05-11,7
13141,1,2026-05-11,7
13142,1,2026-05-11,3
13143,1,2026-05-11,8
13144,1,2026-05-11,8
13145,1,2026-05-11,3
13146,1,2026-05-11,4
13147,1,2026-05-11,6
13148,1,2026-05-11,8
13149,1,2026-05-11,2
13150,1,2026-05-11,7
13151,1,2026-05-11,4
13152,1,2026-05-11,3
13153,1,2026-05-11,3
13154,1,2026-05-11,5
13155,1,2026-05-11,6
13156,1,2026-05-11,3
13157,1,2026-05-11,3
13158,1,2026-05-11,8
13159,1,2026-05-11,7
13160,1,2026-05-11,6
13161,1,2026-05-11,7
13162,1,2026-05-11,3
13163,1,2026-05-11,5
13164,1,2026-05-11,2
13165,1,2026-05-11,6
13166,1,2026-05-11,3
13167,1,2026-05-11,5
13168,1,2026-05-11,5
13169,1,2026-05-11,8
13170,1,2026-05-11,3
13171,1,2026-05-11,3
13172,1,2026-05-11,8
13173,1,2026-05-11,8
13174,1,2026-05-11,3
13175,1,2026-05-11,2
13176,1,2026-05-11,2
13177,1,2026-05-11,7
13178,1,2026-05-11,3
13179,1,2026-05-11,5
13180,1,2026-05-11,6
13181,1,2026-05-11,8
13182,1,2026-05-11,4
13183,1,2026-05-11,7
13184,1,2026-05-11,6
13185,1,2026-05-11,6
13186,1,2026-05-11,8
13187,1,2026-05-11,3
13188,1,2026-05-11,3
13189,1,2026-05-11,4
13190,1,2026-05-11,6
13191,1,2026-05-11,6
13192,1,2026-05-11,4
13193,1,2026-05-11,2
13194,1,2026-05-11,7
13195,1,2026-05-11,7
13196,1,2026-05-11,8
13197,1,2026-05-12,7
13198,1,2026-05-12,8
13199,1,2026-05-12,3
13200,1,2026-05-12,4
13201,1,2026-05-12,3
13202,1,2026-05-12,8
13203,1,2026-05-12,7
13204,1,2026-05-12,7
13205,1,2026-05-12,3
13206,1,2026-05-12,2
13207,1,2026-05-12,3
13208,1,2026-05-12,2
13209,1,2026-05-12,8
13210,1,2026-05-12,8
13211,1,2026-05-12,3
13212,1,2026-05-12,8
13213,1,2026-05-12,5
13214,1,2026-05-12,8
13215,1,2026-05-12,8
13216,1,2026-05-12,7
13217,1,2026-05-12,2
13218,1,2026-05-12,4
13219,1,2026-05-12,6
13220,1,2026-05-12,5
13221,1,2026-05-12,3
13222,1,2026-05-12,2
13223,1,2026-05-12,5
13224,1,2026-05-12,8
13225,1,2026-05-12,2
13226,1,2026-05-12,4
13227,1,2026-05-12,4
13228,1,2026-05-12,6
13229,1,2026-05-12,5
13230,1,2026-05-12,2
13231,1,2026-05-12,5
13232,1,2026-05-12,6
13233,1,2026-05-12,2
13234,1,2026-05-12,3
13235,1,2026-05-12,5
13236,1,2026-05-12,6
13237,1,2026-05-12,2
13238,1,2026-05-12,2
13239,1,2026-05-12,7
13240,1,2026-05-12,4
13241,1,2026-05-12,4
13242,1,2026-05-12,7
13243,1,2026-05-12,4
13244,1,2026-05-12,5
13245,1,2026-05-12,3
13246,1,2026-05-12,7
13247,1,2026-05-12,6
13248,1,2026-05-12,4
13249,1,2026-05-12,2
13250,1,2026-05-12,8
13251,1,2026-05-12,5
13252,1,2026-05-12,8
13253,1,2026-05-12,5
13254,1,2026-05-12,6
13255,1,2026-05-12,3
13256,1,2026-05-12,5
13257,1,2026-05-12,7
13258,1,2026-05-12,6
13259,1,2026-05-12,2
13260,1,2026-05-12,4
13261,1,2026-05-12,5
13262,1,2026-05-12,8
13263,1,2026-05-12,7
13264,1,2026-05-12,7
13265,1,2026-05-12,3
13266,1,2026-05-12,2
13267,1,2026-05-12,5
13268,1,2026-05-12,6
13269,1,2026-05-12,5
13270,1,2026-05-12,5
13271,1,2026-05-12,5
13272,1,2026-05-12,6
13273,1,2026-05-12,2
13274,1,2026-05-12,3
13275,1,2026-05-12,7
13276,1,2026-05-12,8
13277,1,2026-05-12,4
13278,1,2026-05-12,2
13279,1,2026-05-12,7
13280,1,2026-05-12,5
13281,1,2026-05-12,7
13282,1,2026-05-12,5
13283,1,2026-05-12,4
13284,1,2026-05-13,8
13285,1,2026-05-13,8
13286,1,2026-05-13,7
13287,1,2026-05-13,3
13288,1,2026-05-13,6
13289,1,2026-05-13,3
13290,1,2026-05-13,3
13291,1,2026-05-13,6
13292,1,2026-05-13,3
13293,1,2026-05-13,7
13294,1,2026-05-13,8
13295,1,2026-05-13,2
13296,1,2026-05-13,8
13297,1,2026-05-13,2
13298,1,2026-05-13,8
13299,1,2026-05-13,2
13300,1,2026-05-13,3
13301,1,2026-05-13,7
13302,1,2026-05-13,7
13303,1,2026-05-13,8
13304,1,2026-05-13,5
13305,1,2026-05-13,5
13306,1,2026-05-13,3
13307,1,2026-05-13,2
13308,1,2026-05-13,2
13309,1,2026-05-13,6
13310,1,2026-05-13,7
13311,1,2026-05-13,4
13312,1,2026-05-13,5
13313,1,2026-05-13,5
13314,1,2026-05-13,4
13315,1,2026-05-13,3
13316,1,2026-05-13,4
13317,1,2026-05-13,7
13318,1,2026-05-13,8
13319,1,2026-05-13,2
13320,1,2026-05-13,7
13321,1,2026-05-13,5
13322,1,2026-05-13,3
13323,1,2026-05-13,2
13324,1,2026-05-13,2
13325,1,2026-05-13,7
13326,1,2026-05-13,4
13327,1,2026-05-13,5
13328,1,2026-05-13,6
13329,1,2026-05-13,8
13330,1,2026-05-13,3
13331,1,2026-05-13,5
13332,1,2026-05-13,7
13333,1,2026-05-13,3
13334,1,2026-05-13,2
13335,1,2026-05-13,6
13336,1,2026-05-13,2
13337,1,2026-05-13,3
13338,1,2026-05-13,3
13339,1,2026-05-13,8
13340,1,2026-05-13,7
13341,1,2026-05-13,5
13342,1,2026-05-13,2
13343,1,2026-05-13,4
13344,1,2026-05-13,5
13345,1,2026-05-13,2
13346,1,2026-05-13,8
13347,1,2026-05-13,4
13348,1,2026-05-13,3
13349,1,2026-05-13,4
13350,1,2026-05-13,4
13351,1,2026-05-13,3
13352,1,2026-05-13,3
13353,1,2026-05-13,6
13354,1,2026-05-13,8
13355,1,2026-05-13,4
13356,1,2026-05-13,6
13357,1,2026-05-13,8
13358,1,2026-05-13,3
13359,1,2026-05-13,7
13360,1,2026-05-13,4
13361,1,2026-05-13,7
13362,1,2026-05-13,2
13363,1,2026-05-13,3
13364,1,2026-05-13,2
13365,1,2026-05-13,7
13366,1,2026-05-13,7
13367,1,2026-05-13,6
13368,1,2026-05-13,5
13369,1,2026-05-13,2
13370,1,2026-05-13,5
13371,1,2026-05-13,4
13372,1,2026-05-13,3
13373,1,2026-05-13,2
13374,1,2026-05-13,6
13375,1,2026-05-13,4
13376,1,2026-05-13,6
13377,1,2026-05-13,2
13378,1,2026-05-14,8
13379,1,2026-05-14,3
13380,1,2026-05-14,4
13381,1,2026-05-14,6
13382,1,2026-05-14,8
13383,1,2026-05-14,8
13384,1,2026-05-14,5
13385,1,2026-05-14,2
13386,1,2026-05-14,4
13387,1,2026-05-14,6
13388,1,2026-05-14,7
13389,1,2026-05-14,8
13390,1,2026-05-14,5
13391,1,2026-05-14,6
13392,1,2026-05-14,3
13393,1,2026-05-14,7
13394,1,2026-05-14,7
13395,1,2026-05-14,3
13396,1,2026-05-14,6
13397,1,2026-05-14,8
13398,1,2026-05-14,3
13399,1,2026-05-14,3
13400,1,2026-05-14,2
13401,1,2026-05-14,7
13402,1,2026-05-14,3
13403,1,2026-05-14,6
13404,1,2026-05-14,3
13405,1,2026-05-14,7
13406,1,2026-05-14,5
13407,1,2026-05-14,4
13408,1,2026-05-14,4
13409,1,2026-05-14,5
13410,1,2026-05-14,6
13411,1,2026-05-14,5
13412,1,2026-05-14,3
13413,1,2026-05-14,3
13414,1,2026-05-14,6
13415,1,2026-05-14,8
13416,1,2026-05-14,7
13417,1,2026-05-14,7
13418,1,2026-05-14,8
13419,1,2026-05-14,4
13420,1,2026-05-14,3
13421,1,2026-05-14,3
13422,1,2026-05-14,8
13423,1,2026-05-14,5
13424,1,2026-05-14,7
13425,1,2026-05-14,5
13426,1,2026-05-14,6
13427,1,2026-05-14,4
13428,1,2026-05-14,3
13429,1,2026-05-14,8
13430,1,2026-05-14,8
13431,1,2026-05-14,2
13432,1,2026-05-14,2
13433,1,2026-05-14,7
13434,1,2026-05-14,3
13435,1,2026-05-14,2
13436,1,2026-05-14,5
13437,1,2026-05-14,2
13438,1,2026-05-14,2
13439,1,2026-05-14,6
13440,1,2026-05-14,6
13441,1,2026-05-14,6
13442,1,2026-05-14,5
13443,1,2026-05-14,2
13444,1,2026-05-14,6
13445,1,2026-05-14,8
13446,1,2026-05-14,7
13447,1,2026-05-14,7
13448,1,2026-05-14,5
13449,1,2026-05-14,3
13450,1,2026-05-14,6
13451,1,2026-05-14,4
13452,1,2026-05-14,5
13453,1,2026-05-14,5
13454,1,2026-05-14,7
13455,1,2026-05-14,3
13456,1,2026-05-14,6
13457,1,2026-05-14,7
13458,1,2026-05-14,6
13459,1,2026-05-14,6
13460,1,2026-05-14,7
13461,1,2026-05-14,5
13462,1,2026-05-14,5
13463,1,2026-05-14,8
13464,1,2026-05-14,2
13465,1,2026-05-14,5
13466,1,2026-05-14,7
13467,1,2026-05-14,6
13468,1,2026-05-14,3
13469,1,2026-05-14,3
13470,1,2026-05-14,3
13471,1,2026-05-14,2
13472,1,2026-05-14,5
13473,1,2026-05-14,4
13474,1,2026-05-14,8
13475,1,2026-05-14,2
13476,1,2026-05-14,7
13477,1,2026-05-14,8
13478,1,2026-05-14,5
13479,1,2026-05-14,6
13480,1,2026-05-14,3
13481,1,2026-05-14,2
13482,1,2026-05-14,2
13483,1,2026-05-14,8
13484,1,2026-05-14,5
13485,1,2026-05-14,7
13486,1,2026-05-14,8
13487,1,2026-05-14,2
13488,1,2026-05-14,7
13489,1,2026-05-14,4
13490,1,2026-05-14,6
13491,1,2026-05-14,5
13492,1,2026-05-14,8
13493,1,2026-05-14,3
13494,1,2026-05-14,2
13495,1,2026-05-14,8
13496,1,2026-05-14,5
13497,1,2026-05-15,3
13498,1,2026-05-15,3
13499,1,2026-05-15,4
13500,1,2026-05-15,5
13501,1,2026-05-15,2
13502,1,2026-05-15,5
13503,1,2026-05-15,7
13504,1,2026-05-15,6
13505,1,2026-05-15,7
13506,1,2026-05-15,2
13507,1,2026-05-15,8
13508,1,2026-05-15,8
13509,1,2026-05-15,5
13510,1,2026-05-15,6
13511,1,2026-05-15,2
13512,1,2026-05-15,4
13513,1,2026-05-15,7
13514,1,2026-05-15,2
13515,1,2026-05-15,8
13516,1,2026-05-15,2
13517,1,2026-05-15,7
13518,1,2026-05-15,6
13519,1,2026-05-15,5
13520,1,2026-05-15,3
13521,1,2026-05-15,3
13522,1,2026-05-15,8
13523,1,2026-05-15,4
13524,1,2026-05-15,4
13525,1,2026-05-15,3
13526,1,2026-05-15,6
13527,1,2026-05-15,7
13528,1,2026-05-15,2
13529,1,2026-05-15,7
13530,1,2026-05-15,2
13531,1,2026-05-15,4
13532,1,2026-05-15,3
13533,1,2026-05-15,3
13534,1,2026-05-15,8
13535,1,2026-05-15,5
13536,1,2026-05-15,2
13537,1,2026-05-15,3
13538,1,2026-05-15,4
13539,1,2026-05-15,2
13540,1,2026-05-15,6
13541,1,2026-05-15,8
13542,1,2026-05-15,3
13543,1,2026-05-15,5
13544,1,2026-05-15,4
13545,1,2026-05-15,2
13546,1,2026-05-15,3
13547,1,2026-05-15,3
13548,1,2026-05-15,4
13549,1,2026-05-15,2
13550,1,2026-05-15,2
13551,1,2026-05-15,8
13552,1,2026-05-15,8
13553,1,2026-05-15,3
13554,1,2026-05-15,6
13555,1,2026-05-15,4
13556,1,2026-05-15,4
13557,1,2026-05-15,7
13558,1,2026-05-15,6
13559,1,2026-05-15,4
13560,1,2026-05-15,7
13561,1,2026-05-15,6
13562,1,2026-05-15,6
13563,1,2026-05-15,3
13564,1,2026-05-15,6
13565,1,2026-05-15,7
13566,1,2026-05-15,2
13567,1,2026-05-15,6
13568,1,2026-05-15,5
13569,1,2026-05-15,3
13570,1,2026-05-15,8
13571,1,2026-05-15,2
13572,1,2026-05-15,8
13573,1,2026-05-15,5
13574,1,2026-05-15,2
13575,1,2026-05-15,7
13576,1,2026-05-15,4
13577,1,2026-05-15,7
13578,1,2026-05-15,5
13579,1,2026-05-15,4
13580,1,2026-05-15,7
13581,1,2026-05-15,5
13582,1,2026-05-15,5
13583,1,2026-05-15,2
13584,1,2026-05-15,7
13585,1,2026-05-15,2
13586,1,2026-05-15,3
13587,1,2026-05-15,3
13588,1,2026-05-15,7
13589,1,2026-05-15,3
13590,1,2026-05-15,6
13591,1,2026-05-15,8
13592,1,2026-05-15,5
13593,1,2026-05-15,4
13594,1,2026-05-15,5
13595,1,2026-05-15,5
13596,1,2026-05-16,5
13597,1,2026-05-16,7
13598,1,2026-05-16,2
13599,1,2026-05-16,3
13600,1,2026-05-16,5
13601,1,2026-05-16,8
13602,1,2026-05-16,8
13603,1,2026-05-16,4
13604,1,2026-05-16,4
13605,1,2026-05-16,5
13606,1,2026-05-16,6
13607,1,2026-05-16,6
13608,1,2026-05-16,4
13609,1,2026-05-16,3
13610,1,2026-05-16,5
13611,1,2026-05-16,8
13612,1,2026-05-16,3
13613,1,2026-05-16,5
13614,1,2026-05-16,3
13615,1,2026-05-16,7
13616,1,2026-05-16,5
13617,1,2026-05-16,2
13618,1,2026-05-16,8
13619,1,2026-05-16,6
13620,1,2026-05-16,5
13621,1,2026-05-16,5
13622,1,2026-05-16,5
13623,1,2026-05-16,4
13624,1,2026-05-16,3
13625,1,2026-05-16,6
13626,1,2026-05-16,4
13627,1,2026-05-16,7
13628,1,2026-05-16,5
13629,1,2026-05-16,2
13630,1,2026-05-16,4
13631,1,2026-05-16,4
13632,1,2026-05-16,3
13633,1,2026-05-16,2
13634,1,2026-05-16,7
13635,1,2026-05-16,7
13636,1,2026-05-16,3
13637,1,2026-05-16,8
13638,1,2026-05-16,4
13639,1,2026-05-16,6
13640,1,2026-05-16,5
13641,1,2026-05-16,3
13642,1,2026-05-16,6
13643,1,2026-05-16,2
13644,1,2026-05-16,5
13645,1,2026-05-16,2
13646,1,2026-05-16,2
13647,1,2026-05-16,5
13648,1,2026-05-16,6
13649,1,2026-05-16,7
13650,1,2026-05-16,5
13651,1,2026-05-16,6
13652,1,2026-05-16,5
13653,1,2026-05-16,3
13654,1,2026-05-16,7
13655,1,2026-05-16,8
13656,1,2026-05-16,2
13657,1,2026-05-16,4
13658,1,2026-05-16,3
13659,1,2026-05-16,5
13660,1,2026-05-16,8
13661,1,2026-05-16,3
13662,1,2026-05-16,5
13663,1,2026-05-16,2
13664,1,2026-05-16,3
13665,1,2026-05-16,4
13666,1,2026-05-16,5
13667,1,2026-05-16,8
13668,1,2026-05-16,5
13669,1,2026-05-16,6
13670,1,2026-05-16,7
13671,1,2026-05-16,8
13672,1,2026-05-16,2
13673,1,2026-05-16,2
13674,1,2026-05-16,5
13675,1,2026-05-16,4
13676,1,2026-05-16,3
13677,1,2026-05-16,6
13678,1,2026-05-16,4
13679,1,2026-05-16,5
13680,1,2026-05-16,5
13681,1,2026-05-16,7
13682,1,2026-05-16,8
13683,1,2026-05-16,6
13684,1,2026-05-16,3
13685,1,2026-05-16,3
13686,1,2026-05-16,4
13687,1,2026-05-16,8
13688,1,2026-05-16,5
13689,1,2026-05-16,8
13690,1,2026-05-16,3
13691,1,2026-05-16,8
13692,1,2026-05-16,2
13693,1,2026-05-16,7
13694,1,2026-05-16,7
13695,1,2026-05-16,2
13696,1,2026-05-16,7
13697,1,2026-05-16,5
13698,1,2026-05-16,5
13699,1,2026-05-16,7
13700,1,2026-05-16,2
13701,1,2026-05-17,2
13702,1,2026-05-17,3
13703,1,2026-05-17,5
13704,1,2026-05-17,2
13705,1,2026-05-17,5
13706,1,2026-05-17,7
13707,1,2026-05-17,7
13708,1,2026-05-17,7
13709,1,2026-05-17,4
13710,1,2026-05-17,7
13711,1,2026-05-17,7
13712,1,2026-05-17,6
13713,1,2026-05-17,7
13714,1,2026-05-17,8
13715,1,2026-05-17,2
13716,1,2026-05-17,5
13717,1,2026-05-17,8
13718,1,2026-05-17,8
13719,1,2026-05-17,7
13720,1,2026-05-17,5
13721,1,2026-05-17,2
13722,1,2026-05-17,8
13723,1,2026-05-17,7
13724,1,2026-05-17,3
13725,1,2026-05-17,4
13726,1,2026-05-17,5
13727,1,2026-05-17,7
13728,1,2026-05-17,7
13729,1,2026-05-17,2
13730,1,2026-05-17,8
13731,1,2026-05-17,2
13732,1,2026-05-17,8
13733,1,2026-05-17,8
13734,1,2026-05-17,2
13735,1,2026-05-17,8
13736,1,2026-05-17,3
13737,1,2026-05-17,3
13738,1,2026-05-17,7
13739,1,2026-05-17,8
13740,1,2026-05-17,4
13741,1,2026-05-17,2
13742,1,2026-05-17,6
13743,1,2026-05-17,4
13744,1,2026-05-17,7
13745,1,2026-05-17,6
13746,1,2026-05-17,4
13747,1,2026-05-17,5
13748,1,2026-05-17,5
13749,1,2026-05-17,4
13750,1,2026-05-17,2
13751,1,2026-05-17,6
13752,1,2026-05-17,6
13753,1,2026-05-17,6
13754,1,2026-05-17,7
13755,1,2026-05-17,8
13756,1,2026-05-17,6
13757,1,2026-05-17,5
13758,1,2026-05-17,8
13759,1,2026-05-17,3
13760,1,2026-05-17,8
13761,1,2026-05-17,4
13762,1,2026-05-17,5
13763,1,2026-05-17,2
13764,1,2026-05-17,8
13765,1,2026-05-17,6
13766,1,2026-05-17,6
13767,1,2026-05-17,3
13768,1,2026-05-17,3
13769,1,2026-05-17,2
13770,1,2026-05-17,2
13771,1,2026-05-17,4
13772,1,2026-05-17,2
13773,1,2026-05-17,8
13774,1,2026-05-17,3
13775,1,2026-05-17,7
13776,1,2026-05-17,7
13777,1,2026-05-17,4
13778,1,2026-05-17,3
13779,1,2026-05-17,8
13780,1,2026-05-17,8
13781,1,2026-05-17,7
13782,1,2026-05-17,7
13783,1,2026-05-17,3
13784,1,2026-05-17,4
13785,1,2026-05-17,3
13786,1,2026-05-17,7
13787,1,2026-05-17,7
13788,1,2026-05-17,7
13789,1,2026-05-17,3
13790,1,2026-05-17,2
13791,1,2026-05-17,7
13792,1,2026-05-17,3
13793,1,2026-05-17,7
13794,1,2026-05-17,8
13795,1,2026-05-17,2
13796,1,2026-05-17,8
13797,1,2026-05-17,6
13798,1,2026-05-17,8
13799,1,2026-05-17,3
13800,1,2026-05-17,4
13801,1,2026-05-17,8
13802,1,2026-05-17,3
13803,1,2026-05-17,6
13804,1,2026-05-17,6
13805,1,2026-05-17,2
13806,1,2026-05-17,5
13807,1,2026-05-17,7
13808,1,2026-05-17,3
13809,1,2026-05-17,5
13810,1,2026-05-17,2
13811,1,2026-05-17,3
13812,1,2026-05-17,5
13813,1,2026-05-17,2
13814,1,2026-05-17,4
13815,1,2026-05-17,7
13816,1,2026-05-17,3
13817,1,2026-05-17,4
13818,1,2026-05-17,2
13819,1,2026-05-17,6
13820,1,2026-05-17,5
13821,1,2026-05-17,7
13822,1,2026-05-18,7
13823,1,2026-05-18,4
13824,1,2026-05-18,3
13825,1,2026-05-18,2
13826,1,2026-05-18,5
13827,1,2026-05-18,3
13828,1,2026-05-18,3
13829,1,2026-05-18,5
13830,1,2026-05-18,7
13831,1,2026-05-18,8
13832,1,2026-05-18,2
13833,1,2026-05-18,8
13834,1,2026-05-18,5
13835,1,2026-05-18,5
13836,1,2026-05-18,4
13837,1,2026-05-18,8
13838,1,2026-05-18,6
13839,1,2026-05-18,8
13840,1,2026-05-18,5
13841,1,2026-05-18,6
13842,1,2026-05-18,8
13843,1,2026-05-18,7
13844,1,2026-05-18,6
13845,1,2026-05-18,2
13846,1,2026-05-18,3
13847,1,2026-05-18,4
13848,1,2026-05-18,8
13849,1,2026-05-18,5
13850,1,2026-05-18,5
13851,1,2026-05-18,6
13852,1,2026-05-18,6
13853,1,2026-05-18,8
13854,1,2026-05-18,2
13855,1,2026-05-18,3
13856,1,2026-05-18,5
13857,1,2026-05-18,4
13858,1,2026-05-18,5
13859,1,2026-05-18,7
13860,1,2026-05-18,6
13861,1,2026-05-18,5
13862,1,2026-05-18,6
13863,1,2026-05-18,6
13864,1,2026-05-18,4
13865,1,2026-05-18,4
13866,1,2026-05-18,4
13867,1,2026-05-18,2
13868,1,2026-05-18,4
13869,1,2026-05-18,4
13870,1,2026-05-18,3
13871,1,2026-05-18,3
13872,1,2026-05-18,8
13873,1,2026-05-18,4
13874,1,2026-05-18,4
13875,1,2026-05-18,3
13876,1,2026-05-18,2
13877,1,2026-05-18,4
13878,1,2026-05-18,2
13879,1,2026-05-18,7
13880,1,2026-05-18,7
13881,1,2026-05-18,7
13882,1,2026-05-18,3
13883,1,2026-05-18,6
13884,1,2026-05-18,3
13885,1,2026-05-18,3
13886,1,2026-05-18,4
13887,1,2026-05-18,4
13888,1,2026-05-18,6
13889,1,2026-05-18,4
13890,1,2026-05-18,3
13891,1,2026-05-18,8
13892,1,2026-05-18,6
13893,1,2026-05-18,6
13894,1,2026-05-18,4
13895,1,2026-05-18,4
13896,1,2026-05-18,3
13897,1,2026-05-18,4
13898,1,2026-05-18,8
13899,1,2026-05-18,7
13900,1,2026-05-18,2
13901,1,2026-05-18,2
13902,1,2026-05-18,2
13903,1,2026-05-18,4
13904,1,2026-05-18,7
13905,1,2026-05-18,6
13906,1,2026-05-18,7
13907,1,2026-05-18,5
13908,1,2026-05-18,5
13909,1,2026-05-18,3
13910,1,2026-05-19,5
13911,1,2026-05-19,7
13912,1,2026-05-19,8
13913,1,2026-05-19,3
13914,1,2026-05-19,4
13915,1,2026-05-19,5
13916,1,2026-05-19,7
13917,1,2026-05-19,3
13918,1,2026-05-19,3
13919,1,2026-05-19,8
13920,1,2026-05-19,4
13921,1,2026-05-19,6
13922,1,2026-05-19,5
13923,1,2026-05-19,6
13924,1,2026-05-19,6
13925,1,2026-05-19,2
13926,1,2026-05-19,4
13927,1,2026-05-19,7
13928,1,2026-05-19,4
13929,1,2026-05-19,4
13930,1,2026-05-19,2
13931,1,2026-05-19,8
13932,1,2026-05-19,6
13933,1,2026-05-19,5
13934,1,2026-05-19,2
13935,1,2026-05-19,8
13936,1,2026-05-19,7
13937,1,2026-05-19,8
13938,1,2026-05-19,2
13939,1,2026-05-19,8
13940,1,2026-05-19,6
13941,1,2026-05-19,6
13942,1,2026-05-19,2
13943,1,2026-05-19,3
13944,1,2026-05-19,7
13945,1,2026-05-19,2
13946,1,2026-05-19,7
13947,1,2026-05-19,3
13948,1,2026-05-19,2
13949,1,2026-05-19,3
13950,1,2026-05-19,3
13951,1,2026-05-19,4
13952,1,2026-05-19,5
13953,1,2026-05-19,3
13954,1,2026-05-19,8
13955,1,2026-05-19,6
13956,1,2026-05-19,6
13957,1,2026-05-19,4
13958,1,2026-05-19,2
13959,1,2026-05-19,3
13960,1,2026-05-19,4
13961,1,2026-05-19,3
13962,1,2026-05-19,6
13963,1,2026-05-19,8
13964,1,2026-05-19,3
13965,1,2026-05-19,2
13966,1,2026-05-19,4
13967,1,2026-05-19,3
13968,1,2026-05-19,7
13969,1,2026-05-19,5
13970,1,2026-05-19,5
13971,1,2026-05-19,6
13972,1,2026-05-19,4
13973,1,2026-05-19,7
13974,1,2026-05-19,2
13975,1,2026-05-19,8
13976,1,2026-05-19,2
13977,1,2026-05-19,5
13978,1,2026-05-19,7
13979,1,2026-05-19,2
13980,1,2026-05-19,5
13981,1,2026-05-19,2
13982,1,2026-05-19,7
13983,1,2026-05-19,3
13984,1,2026-05-19,7
13985,1,2026-05-19,7
13986,1,2026-05-19,4
13987,1,2026-05-19,6
13988,1,2026-05-19,8
13989,1,2026-05-19,6
13990,1,2026-05-19,4
13991,1,2026-05-19,8
13992,1,2026-05-19,2
13993,1,2026-05-19,8
13994,1,2026-05-19,4
13995,1,2026-05-19,2
13996,1,2026-05-19,7
13997,1,2026-05-19,3
13998,1,2026-05-19,6
13999,1,2026-05-19,2
14000,1,2026-05-19,8
14001,1,2026-05-19,2
14002,1,2026-05-19,6
14003,1,2026-05-20,2
14004,1,2026-05-20,8
14005,1,2026-05-20,8
14006,1,2026-05-20,4
14007,1,2026-05-20,8
14008,1,2026-05-20,4
14009,1,2026-05-20,5
14010,1,2026-05-20,5
14011,1,2026-05-20,5
14012,1,2026-05-20,2
14013,1,2026-05-20,8
14014,1,2026-05-20,5
14015,1,2026-05-20,8
14016,1,2026-05-20,2
14017,1,2026-05-20,6
14018,1,2026-05-20,8
14019,1,2026-05-20,7
14020,1,2026-05-20,6
14021,1,2026-05-20,4
14022,1,2026-05-20,7
14023,1,2026-05-20,8
14024,1,2026-05-20,5
14025,1,2026-05-20,6
14026,1,2026-05-20,7
14027,1,2026-05-20,6
14028,1,2026-05-20,3
14029,1,2026-05-20,7
14030,1,2026-05-20,7
14031,1,2026-05-20,8
14032,1,2026-05-20,5
14033,1,2026-05-20,3
14034,1,2026-05-20,3
14035,1,2026-05-20,8
14036,1,2026-05-20,7
14037,1,2026-05-20,3
14038,1,2026-05-20,8
14039,1,2026-05-20,7
14040,1,2026-05-20,5
14041,1,2026-05-20,6
14042,1,2026-05-20,3
14043,1,2026-05-20,5
14044,1,2026-05-20,2
14045,1,2026-05-20,6
14046,1,2026-05-20,5
14047,1,2026-05-20,5
14048,1,2026-05-20,2
14049,1,2026-05-20,5
14050,1,2026-05-20,7
14051,1,2026-05-20,8
14052,1,2026-05-20,3
14053,1,2026-05-20,6
14054,1,2026-05-20,5
14055,1,2026-05-20,3
14056,1,2026-05-20,8
14057,1,2026-05-20,3
14058,1,2026-05-20,7
14059,1,2026-05-20,5
14060,1,2026-05-20,7
14061,1,2026-05-20,7
14062,1,2026-05-20,3
14063,1,2026-05-20,8
14064,1,2026-05-20,6
14065,1,2026-05-20,5
14066,1,2026-05-20,8
14067,1,2026-05-20,2
14068,1,2026-05-20,6
14069,1,2026-05-20,8
14070,1,2026-05-20,5
14071,1,2026-05-20,5
14072,1,2026-05-20,3
14073,1,2026-05-20,3
14074,1,2026-05-20,4
14075,1,2026-05-20,6
14076,1,2026-05-20,7
14077,1,2026-05-20,3
14078,1,2026-05-20,3
14079,1,2026-05-20,4
14080,1,2026-05-20,7
14081,1,2026-05-20,2
14082,1,2026-05-20,6
14083,1,2026-05-20,5
14084,1,2026-05-20,6
14085,1,2026-05-20,7
14086,1,2026-05-20,8
14087,1,2026-05-20,6
14088,1,2026-05-20,5
14089,1,2026-05-20,5
14090,1,2026-05-20,5
14091,1,2026-05-20,5
14092,1,2026-05-20,8
14093,1,2026-05-20,3
14094,1,2026-05-20,3
14095,1,2026-05-20,7
14096,1,2026-05-20,7
14097,1,2026-05-20,7
14098,1,2026-05-20,8
14099,1,2026-05-20,7
14100,1,2026-05-20,2
14101,1,2026-05-20,8
14102,1,2026-05-21,3
14103,1,2026-05-21,3
14104,1,2026-05-21,6
14105,1,2026-05-21,8
14106,1,2026-05-21,2
14107,1,2026-05-21,6
14108,1,2026-05-21,5
14109,1,2026-05-21,7
14110,1,2026-05-21,2
14111,1,2026-05-21,7
14112,1,2026-05-21,6
14113,1,2026-05-21,5
14114,1,2026-05-21,3
14115,1,2026-05-21,4
14116,1,2026-05-21,7
14117,1,2026-05-21,4
14118,1,2026-05-21,7
14119,1,2026-05-21,8
14120,1,2026-05-21,4
14121,1,2026-05-21,7
14122,1,2026-05-21,2
14123,1,2026-05-21,4
14124,1,2026-05-21,6
14125,1,2026-05-21,7
14126,1,2026-05-21,3
14127,1,2026-05-21,2
14128,1,2026-05-21,7
14129,1,2026-05-21,5
14130,1,2026-05-21,3
14131,1,2026-05-21,7
14132,1,2026-05-21,6
14133,1,2026-05-21,3
14134,1,2026-05-21,2
14135,1,2026-05-21,7
14136,1,2026-05-21,7
14137,1,2026-05-21,7
14138,1,2026-05-21,7
14139,1,2026-05-21,8
14140,1,2026-05-21,6
14141,1,2026-05-21,2
14142,1,2026-05-21,8
14143,1,2026-05-21,4
14144,1,2026-05-21,7
14145,1,2026-05-21,3
14146,1,2026-05-21,6
14147,1,2026-05-21,8
14148,1,2026-05-21,5
14149,1,2026-05-21,3
14150,1,2026-05-21,5
14151,1,2026-05-21,4
14152,1,2026-05-21,6
14153,1,2026-05-21,3
14154,1,2026-05-21,4
14155,1,2026-05-21,8
14156,1,2026-05-21,6
14157,1,2026-05-21,3
14158,1,2026-05-21,5
14159,1,2026-05-21,2
14160,1,2026-05-21,4
14161,1,2026-05-21,4
14162,1,2026-05-21,3
14163,1,2026-05-21,7
14164,1,2026-05-21,4
14165,1,2026-05-21,2
14166,1,2026-05-21,7
14167,1,2026-05-21,2
14168,1,2026-05-21,8
14169,1,2026-05-21,4
14170,1,2026-05-21,7
14171,1,2026-05-21,5
14172,1,2026-05-21,3
14173,1,2026-05-21,3
14174,1,2026-05-21,5
14175,1,2026-05-21,6
14176,1,2026-05-21,5
14177,1,2026-05-21,3
14178,1,2026-05-21,4
14179,1,2026-05-21,5
14180,1,2026-05-21,7
14181,1,2026-05-21,2
14182,1,2026-05-21,5
14183,1,2026-05-21,2
14184,1,2026-05-21,2
14185,1,2026-05-21,8
14186,1,2026-05-21,6
14187,1,2026-05-21,6
14188,1,2026-05-21,5
14189,1,2026-05-21,2
14190,1,2026-05-21,3
14191,1,2026-05-21,6
14192,1,2026-05-21,2
14193,1,2026-05-21,8
14194,1,2026-05-21,6
14195,1,2026-05-21,2
14196,1,2026-05-21,3
14197,1,2026-05-21,8
14198,1,2026-05-21,2
14199,1,2026-05-21,7
14200,1,2026-05-21,7
14201,1,2026-05-21,7
14202,1,2026-05-21,5
14203,1,2026-05-21,5
14204,1,2026-05-21,7
14205,1,2026-05-21,8
14206,1,2026-05-21,3
14207,1,2026-05-21,5
14208,1,2026-05-21,3
14209,1,2026-05-21,8
14210,1,2026-05-21,3
14211,1,2026-05-21,3
14212,1,2026-05-21,6
14213,1,2026-05-22,3
14214,1,2026-05-22,6
14215,1,2026-05-22,7
14216,1,2026-05-22,2
14217,1,2026-05-22,3
14218,1,2026-05-22,3
14219,1,2026-05-22,6
14220,1,2026-05-22,7
14221,1,2026-05-22,8
14222,1,2026-05-22,6
14223,1,2026-05-22,8
14224,1,2026-05-22,6
14225,1,2026-05-22,5
14226,1,2026-05-22,6
14227,1,2026-05-22,4
14228,1,2026-05-22,7
14229,1,2026-05-22,4
14230,1,2026-05-22,5
14231,1,2026-05-22,4
14232,1,2026-05-22,8
14233,1,2026-05-22,3
14234,1,2026-05-22,3
14235,1,2026-05-22,8
14236,1,2026-05-22,4
14237,1,2026-05-22,7
14238,1,2026-05-22,7
14239,1,2026-05-22,2
14240,1,2026-05-22,7
14241,1,2026-05-22,8
14242,1,2026-05-22,7
14243,1,2026-05-22,2
14244,1,2026-05-22,2
14245,1,2026-05-22,7
14246,1,2026-05-22,2
14247,1,2026-05-22,7
14248,1,2026-05-22,4
14249,1,2026-05-22,7
14250,1,2026-05-22,5
14251,1,2026-05-22,5
14252,1,2026-05-22,6
14253,1,2026-05-22,5
14254,1,2026-05-22,3
14255,1,2026-05-22,6
14256,1,2026-05-22,7
14257,1,2026-05-22,7
14258,1,2026-05-22,4
14259,1,2026-05-22,4
14260,1,2026-05-22,3
14261,1,2026-05-22,5
14262,1,2026-05-22,3
14263,1,2026-05-22,4
14264,1,2026-05-22,3
14265,1,2026-05-22,4
14266,1,2026-05-22,8
14267,1,2026-05-22,2
14268,1,2026-05-22,7
14269,1,2026-05-22,6
14270,1,2026-05-22,7
14271,1,2026-05-22,2
14272,1,2026-05-22,8
14273,1,2026-05-22,3
14274,1,2026-05-22,8
14275,1,2026-05-22,2
14276,1,2026-05-22,2
14277,1,2026-05-22,4
14278,1,2026-05-22,6
14279,1,2026-05-22,3
14280,1,2026-05-22,4
14281,1,2026-05-22,7
14282,1,2026-05-22,6
14283,1,2026-05-22,3
14284,1,2026-05-22,5
14285,1,2026-05-22,5
14286,1,2026-05-22,7
14287,1,2026-05-22,2
14288,1,2026-05-22,6
14289,1,2026-05-22,5
14290,1,2026-05-22,3
14291,1,2026-05-22,7
14292,1,2026-05-22,6
14293,1,2026-05-22,3
14294,1,2026-05-22,8
14295,1,2026-05-22,6
14296,1,2026-05-22,4
14297,1,2026-05-22,8
14298,1,2026-05-22,5
14299,1,2026-05-22,3
14300,1,2026-05-22,4
14301,1,2026-05-22,2
14302,1,2026-05-22,6
14303,1,2026-05-22,3
14304,1,2026-05-22,7
14305,1,2026-05-22,6
14306,1,2026-05-22,6
14307,1,2026-05-22,3
14308,1,2026-05-22,2
14309,1,2026-05-22,3
14310,1,2026-05-22,6
14311,1,2026-05-22,5
14312,1,2026-05-22,4
14313,1,2026-05-22,3
14314,1,2026-05-22,6
14315,1,2026-05-22,2
14316,1,2026-05-22,8
14317,1,2026-05-22,8
14318,1,2026-05-22,8
14319,1,2026-05-22,7
14320,1,2026-05-22,3
14321,1,2026-05-22,6
14322,1,2026-05-22,5
14323,1,2026-05-22,4
14324,1,2026-05-22,6
14325,1,2026-05-22,5
14326,1,2026-05-23,6
14327,1,2026-05-23,3
14328,1,2026-05-23,2
14329,1,2026-05-23,6
14330,1,2026-05-23,5
14331,1,2026-05-23,6
14332,1,2026-05-23,6
14333,1,2026-05-23,3
14334,1,2026-05-23,5
14335,1,2026-05-23,7
14336,1,2026-05-23,7
14337,1,2026-05-23,5
14338,1,2026-05-23,3
14339,1,2026-05-23,3
14340,1,2026-05-23,8
14341,1,2026-05-23,5
14342,1,2026-05-23,3
14343,1,2026-05-23,4
14344,1,2026-05-23,5
14345,1,2026-05-23,4
14346,1,2026-05-23,3
14347,1,2026-05-23,8
14348,1,2026-05-23,8
14349,1,2026-05-23,8
14350,1,2026-05-23,4
14351,1,2026-05-23,7
14352,1,2026-05-23,3
14353,1,2026-05-23,4
14354,1,2026-05-23,5
14355,1,2026-05-23,2
14356,1,2026-05-23,7
14357,1,2026-05-23,3
14358,1,2026-05-23,4
14359,1,2026-05-23,6
14360,1,2026-05-23,4
14361,1,2026-05-23,4
14362,1,2026-05-23,4
14363,1,2026-05-23,5
14364,1,2026-05-23,2
14365,1,2026-05-23,3
14366,1,2026-05-23,2
14367,1,2026-05-23,8
14368,1,2026-05-23,7
14369,1,2026-05-23,7
14370,1,2026-05-23,7
14371,1,2026-05-23,2
14372,1,2026-05-23,7
14373,1,2026-05-23,2
14374,1,2026-05-23,5
14375,1,2026-05-23,5
14376,1,2026-05-23,6
14377,1,2026-05-23,6
14378,1,2026-05-23,5
14379,1,2026-05-23,8
14380,1,2026-05-23,7
14381,1,2026-05-23,4
14382,1,2026-05-23,2
14383,1,2026-05-23,7
14384,1,2026-05-23,2
14385,1,2026-05-23,3
14386,1,2026-05-23,7
14387,1,2026-05-23,2
14388,1,2026-05-23,8
14389,1,2026-05-23,3
14390,1,2026-05-23,2
14391,1,2026-05-23,3
14392,1,2026-05-23,5
14393,1,2026-05-23,5
14394,1,2026-05-23,6
14395,1,2026-05-23,7
14396,1,2026-05-23,4
14397,1,2026-05-23,8
14398,1,2026-05-23,5
14399,1,2026-05-23,3
14400,1,2026-05-23,7
14401,1,2026-05-23,4
14402,1,2026-05-23,2
14403,1,2026-05-23,8
14404,1,2026-05-23,2
14405,1,2026-05-23,4
14406,1,2026-05-23,3
14407,1,2026-05-23,3
14408,1,2026-05-23,3
14409,1,2026-05-23,7
14410,1,2026-05-23,6
14411,1,2026-05-23,7
14412,1,2026-05-23,5
14413,1,2026-05-23,6
14414,1,2026-05-23,6
14415,1,2026-05-23,6
14416,1,2026-05-23,7
14417,1,2026-05-23,3
14418,1,2026-05-23,8
14419,1,2026-05-23,3
14420,1,2026-05-23,6
14421,1,2026-05-23,4
14422,1,2026-05-23,7
14423,1,2026-05-23,3
14424,1,2026-05-23,6
14425,1,2026-05-23,2
14426,1,2026-05-23,4
14427,1,2026-05-23,4
14428,1,2026-05-23,8
14429,1,2026-05-23,6
14430,1,2026-05-23,3
14431,1,2026-05-23,3
14432,1,2026-05-23,5
14433,1,2026-05-23,3
14434,1,2026-05-23,6
14435,1,2026-05-23,3
14436,1,2026-05-23,2
14437,1,2026-05-23,4
14438,1,2026-05-23,2
14439,1,2026-05-23,4
14440,1,2026-05-23,8
14441,1,2026-05-23,5
14442,1,2026-05-23,5
14443,1,2026-05-23,3
14444,1,2026-05-23,6
14445,1,2026-05-23,7
14446,1,2026-05-23,4
14447,1,2026-05-23,5
14448,1,2026-05-23,2
14449,1,2026-05-23,6
14450,1,2026-05-24,4
14451,1,2026-05-24,2
14452,1,2026-05-24,2
14453,1,2026-05-24,4
14454,1,2026-05-24,8
14455,1,2026-05-24,2
14456,1,2026-05-24,2
14457,1,2026-05-24,2
14458,1,2026-05-24,2
14459,1,2026-05-24,8
14460,1,2026-05-24,8
14461,1,2026-05-24,2
14462,1,2026-05-24,8
14463,1,2026-05-24,4
14464,1,2026-05-24,7
14465,1,2026-05-24,6
14466,1,2026-05-24,5
14467,1,2026-05-24,5
14468,1,2026-05-24,5
14469,1,2026-05-24,2
14470,1,2026-05-24,8
14471,1,2026-05-24,2
14472,1,2026-05-24,4
14473,1,2026-05-24,6
14474,1,2026-05-24,5
14475,1,2026-05-24,2
14476,1,2026-05-24,7
14477,1,2026-05-24,5
14478,1,2026-05-24,5
14479,1,2026-05-24,7
14480,1,2026-05-24,5
14481,1,2026-05-24,4
14482,1,2026-05-24,2
14483,1,2026-05-24,7
14484,1,2026-05-24,8
14485,1,2026-05-24,7
14486,1,2026-05-24,6
14487,1,2026-05-24,3
14488,1,2026-05-24,7
14489,1,2026-05-24,3
14490,1,2026-05-24,2
14491,1,2026-05-24,4
14492,1,2026-05-24,7
14493,1,2026-05-24,4
14494,1,2026-05-24,5
14495,1,2026-05-24,3
14496,1,2026-05-24,6
14497,1,2026-05-24,2
14498,1,2026-05-24,4
14499,1,2026-05-24,3
14500,1,2026-05-24,2
14501,1,2026-05-24,2
14502,1,2026-05-24,4
14503,1,2026-05-24,2
14504,1,2026-05-24,5
14505,1,2026-05-24,7
14506,1,2026-05-24,2
14507,1,2026-05-24,8
14508,1,2026-05-24,7
14509,1,2026-05-24,6
14510,1,2026-05-24,8
14511,1,2026-05-24,5
14512,1,2026-05-24,4
14513,1,2026-05-24,2
14514,1,2026-05-24,3
14515,1,2026-05-24,2
14516,1,2026-05-24,3
14517,1,2026-05-24,3
14518,1,2026-05-24,6
14519,1,2026-05-24,5
14520,1,2026-05-24,3
14521,1,2026-05-24,6
14522,1,2026-05-24,6
14523,1,2026-05-24,4
14524,1,2026-05-24,6
14525,1,2026-05-24,8
14526,1,2026-05-24,4
14527,1,2026-05-24,6
14528,1,2026-05-24,7
14529,1,2026-05-24,2
14530,1,2026-05-24,8
14531,1,2026-05-24,8
14532,1,2026-05-24,3
14533,1,2026-05-24,3
14534,1,2026-05-24,7
14535,1,2026-05-24,3
14536,1,2026-05-24,3
14537,1,2026-05-24,3
14538,1,2026-05-24,7
14539,1,2026-05-24,2
14540,1,2026-05-24,5
14541,1,2026-05-24,5
14542,1,2026-05-24,7
14543,1,2026-05-24,6
14544,1,2026-05-24,6
14545,1,2026-05-24,7
14546,1,2026-05-24,8
14547,1,2026-05-24,6
14548,1,2026-05-24,5
14549,1,2026-05-24,5
14550,1,2026-05-24,2
14551,1,2026-05-24,4
14552,1,2026-05-24,6
14553,1,2026-05-24,3
14554,1,2026-05-24,4
14555,1,2026-05-24,7
14556,1,2026-05-24,8
14557,1,2026-05-24,6
14558,1,2026-05-24,3
14559,1,2026-05-24,7
14560,1,2026-05-24,6
14561,1,2026-05-24,8
14562,1,2026-05-24,3
14563,1,2026-05-24,8
14564,1,2026-05-24,8
14565,1,2026-05-24,2
14566,1,2026-05-24,7
14567,1,2026-05-24,8
14568,1,2026-05-24,5
14569,1,2026-05-24,6
14570,1,2026-05-24,8
14571,1,2026-05-24,2
14572,1,2026-05-24,7
14573,1,2026-05-24,2
14574,1,2026-05-24,2
14575,1,2026-05-24,4
14576,1,2026-05-24,4
14577,1,2026-05-24,4
14578,1,2026-05-24,2
14579,1,2026-05-24,2
14580,1,2026-05-24,8
14581,1,2026-05-24,3
14582,1,2026-05-24,3
14583,1,2026-05-24,4
14584,1,2026-05-24,4
14585,1,2026-05-24,5
14586,1,2026-05-24,3
14587,1,2026-05-24,7
14588,1,2026-05-24,4
14589,1,2026-05-25,8
14590,1,2026-05-25,2
14591,1,2026-05-25,8
14592,1,2026-05-25,6
14593,1,2026-05-25,2
14594,1,2026-05-25,7
14595,1,2026-05-25,7
14596,1,2026-05-25,8
14597,1,2026-05-25,5
14598,1,2026-05-25,6
14599,1,2026-05-25,5
14600,1,2026-05-25,7
14601,1,2026-05-25,8
14602,1,2026-05-25,6
14603,1,2026-05-25,7
14604,1,2026-05-25,7
14605,1,2026-05-25,6
14606,1,2026-05-25,2
14607,1,2026-05-25,5
14608,1,2026-05-25,5
14609,1,2026-05-25,3
14610,1,2026-05-25,5
14611,1,2026-05-25,3
14612,1,2026-05-25,7
14613,1,2026-05-25,3
14614,1,2026-05-25,8
14615,1,2026-05-25,2
14616,1,2026-05-25,5
14617,1,2026-05-25,2
14618,1,2026-05-25,2
14619,1,2026-05-25,2
14620,1,2026-05-25,8
14621,1,2026-05-25,2
14622,1,2026-05-25,4
14623,1,2026-05-25,4
14624,1,2026-05-25,8
14625,1,2026-05-25,6
14626,1,2026-05-25,2
14627,1,2026-05-25,7
14628,1,2026-05-25,5
14629,1,2026-05-25,4
14630,1,2026-05-25,7
14631,1,2026-05-25,2
14632,1,2026-05-25,7
14633,1,2026-05-25,2
14634,1,2026-05-25,3
14635,1,2026-05-25,7
14636,1,2026-05-25,3
14637,1,2026-05-25,4
14638,1,2026-05-25,6
14639,1,2026-05-25,7
14640,1,2026-05-25,5
14641,1,2026-05-25,8
14642,1,2026-05-25,8
14643,1,2026-05-25,8
14644,1,2026-05-25,7
14645,1,2026-05-25,8
14646,1,2026-05-25,3
14647,1,2026-05-25,8
14648,1,2026-05-25,2
14649,1,2026-05-25,5
14650,1,2026-05-25,7
14651,1,2026-05-25,3
14652,1,2026-05-25,7
14653,1,2026-05-25,4
14654,1,2026-05-25,4
14655,1,2026-05-25,8
14656,1,2026-05-25,7
14657,1,2026-05-25,5
14658,1,2026-05-25,8
14659,1,2026-05-25,2
14660,1,2026-05-25,5
14661,1,2026-05-25,2
14662,1,2026-05-25,8
14663,1,2026-05-25,3
14664,1,2026-05-25,4
14665,1,2026-05-25,5
14666,1,2026-05-25,6
14667,1,2026-05-25,2
14668,1,2026-05-25,7
14669,1,2026-05-25,3
14670,1,2026-05-25,7
14671,1,2026-05-25,4
14672,1,2026-05-25,2
14673,1,2026-05-25,3
14674,1,2026-05-25,4
14675,1,2026-05-25,4
14676,1,2026-05-25,3
14677,1,2026-05-25,2
14678,1,2026-05-25,5
14679,1,2026-05-25,2
14680,1,2026-05-25,4
14681,1,2026-05-25,5
14682,1,2026-05-25,4
14683,1,2026-05-25,4
14684,1,2026-05-25,2
14685,1,2026-05-25,3
14686,1,2026-05-25,5
14687,1,2026-05-25,8
14688,1,2026-05-25,2
14689,1,2026-05-25,3
14690,1,2026-05-25,5
14691,1,2026-05-25,2
14692,1,2026-05-25,6
14693,1,2026-05-25,4
14694,1,2026-05-25,8
14695,1,2026-05-25,8
14696,1,2026-05-25,5
14697,1,2026-05-25,5
14698,1,2026-05-26,5
14699,1,2026-05-26,8
14700,1,2026-05-26,5
14701,1,2026-05-26,7
14702,1,2026-05-26,2
14703,1,2026-05-26,4
14704,1,2026-05-26,3
14705,1,2026-05-26,6
14706,1,2026-05-26,3
14707,1,2026-05-26,5
14708,1,2026-05-26,5
14709,1,2026-05-26,8
14710,1,2026-05-26,8
14711,1,2026-05-26,4
14712,1,2026-05-26,8
14713,1,2026-05-26,7
14714,1,2026-05-26,3
14715,1,2026-05-26,3
14716,1,2026-05-26,4
14717,1,2026-05-26,5
14718,1,2026-05-26,6
14719,1,2026-05-26,7
14720,1,2026-05-26,8
14721,1,2026-05-26,3
14722,1,2026-05-26,4
14723,1,2026-05-26,7
14724,1,2026-05-26,5
14725,1,2026-05-26,5
14726,1,2026-05-26,2
14727,1,2026-05-26,8
14728,1,2026-05-26,4
14729,1,2026-05-26,7
14730,1,2026-05-26,3
14731,1,2026-05-26,4
14732,1,2026-05-26,5
14733,1,2026-05-26,4
14734,1,2026-05-26,8
14735,1,2026-05-26,8
14736,1,2026-05-26,3
14737,1,2026-05-26,5
14738,1,2026-05-26,8
14739,1,2026-05-26,5
14740,1,2026-05-26,2
14741,1,2026-05-26,5
14742,1,2026-05-26,3
14743,1,2026-05-26,3
14744,1,2026-05-26,2
14745,1,2026-05-26,6
14746,1,2026-05-26,8
14747,1,2026-05-26,5
14748,1,2026-05-26,7
14749,1,2026-05-26,7
14750,1,2026-05-26,2
14751,1,2026-05-26,3
14752,1,2026-05-26,5
14753,1,2026-05-26,4
14754,1,2026-05-26,4
14755,1,2026-05-26,4
14756,1,2026-05-26,4
14757,1,2026-05-26,5
14758,1,2026-05-26,5
14759,1,2026-05-26,3
14760,1,2026-05-26,2
14761,1,2026-05-26,8
14762,1,2026-05-26,6
14763,1,2026-05-26,4
14764,1,2026-05-26,2
14765,1,2026-05-26,8
14766,1,2026-05-26,4
14767,1,2026-05-26,7
14768,1,2026-05-26,7
14769,1,2026-05-26,7
14770,1,2026-05-26,8
14771,1,2026-05-26,6
14772,1,2026-05-26,6
14773,1,2026-05-26,7
14774,1,2026-05-26,3
14775,1,2026-05-26,4
14776,1,2026-05-26,6
14777,1,2026-05-26,3
14778,1,2026-05-26,4
14779,1,2026-05-26,8
14780,1,2026-05-26,2
14781,1,2026-05-26,6
14782,1,2026-05-26,4
14783,1,2026-05-26,5
14784,1,2026-05-26,4
14785,1,2026-05-26,6
14786,1,2026-05-26,2
14787,1,2026-05-26,8
14788,1,2026-05-26,3
14789,1,2026-05-26,6
14790,1,2026-05-26,3
14791,1,2026-05-26,6
14792,1,2026-05-26,6
14793,1,2026-05-26,3
14794,1,2026-05-26,7
14795,1,2026-05-26,8
14796,1,2026-05-26,3
14797,1,2026-05-26,3
14798,1,2026-05-26,2
14799,1,2026-05-26,2
14800,1,2026-05-26,5
14801,1,2026-05-26,8
14802,1,2026-05-27,6
14803,1,2026-05-27,6
14804,1,2026-05-27,2
14805,1,2026-05-27,8
14806,1,2026-05-27,3
14807,1,2026-05-27,4
14808,1,2026-05-27,4
14809,1,2026-05-27,3
14810,1,2026-05-27,2
14811,1,2026-05-27,7
14812,1,2026-05-27,8
14813,1,2026-05-27,2
14814,1,2026-05-27,2
14815,1,2026-05-27,8
14816,1,2026-05-27,5
14817,1,2026-05-27,8
14818,1,2026-05-27,4
14819,1,2026-05-27,2
14820,1,2026-05-27,4
14821,1,2026-05-27,3
14822,1,2026-05-27,5
14823,1,2026-05-27,4
14824,1,2026-05-27,6
14825,1,2026-05-27,7
14826,1,2026-05-27,2
14827,1,2026-05-27,4
14828,1,2026-05-27,4
14829,1,2026-05-27,2
14830,1,2026-05-27,3
14831,1,2026-05-27,2
14832,1,2026-05-27,4
14833,1,2026-05-27,4
14834,1,2026-05-27,2
14835,1,2026-05-27,4
14836,1,2026-05-27,8
14837,1,2026-05-27,4
14838,1,2026-05-27,4
14839,1,2026-05-27,5
14840,1,2026-05-27,5
14841,1,2026-05-27,4
14842,1,2026-05-27,2
14843,1,2026-05-27,2
14844,1,2026-05-27,4
14845,1,2026-05-27,3
14846,1,2026-05-27,2
14847,1,2026-05-27,6
14848,1,2026-05-27,3
14849,1,2026-05-27,7
14850,1,2026-05-27,2
14851,1,2026-05-27,3
14852,1,2026-05-27,8
14853,1,2026-05-27,6
14854,1,2026-05-27,8
14855,1,2026-05-27,3
14856,1,2026-05-27,6
14857,1,2026-05-27,8
14858,1,2026-05-27,4
14859,1,2026-05-27,4
14860,1,2026-05-27,7
14861,1,2026-05-27,8
14862,1,2026-05-27,4
14863,1,2026-05-27,3
14864,1,2026-05-27,3
14865,1,2026-05-27,6
14866,1,2026-05-27,2
14867,1,2026-05-27,6
14868,1,2026-05-27,7
14869,1,2026-05-27,4
14870,1,2026-05-27,2
14871,1,2026-05-27,4
14872,1,2026-05-27,4
14873,1,2026-05-27,7
14874,1,2026-05-27,7
14875,1,2026-05-27,2
14876,1,2026-05-27,2
14877,1,2026-05-27,6
14878,1,2026-05-27,7
14879,1,2026-05-27,2
14880,1,2026-05-27,3
14881,1,2026-05-27,8
14882,1,2026-05-27,6
14883,1,2026-05-27,5
14884,1,2026-05-27,3
14885,1,2026-05-28,8
14886,1,2026-05-28,2
14887,1,2026-05-28,2
14888,1,2026-05-28,6
14889,1,2026-05-28,7
14890,1,2026-05-28,3
14891,1,2026-05-28,4
14892,1,2026-05-28,4
14893,1,2026-05-28,3
14894,1,2026-05-28,8
14895,1,2026-05-28,7
14896,1,2026-05-28,2
14897,1,2026-05-28,7
14898,1,2026-05-28,6
14899,1,2026-05-28,3
14900,1,2026-05-28,8
14901,1,2026-05-28,3
14902,1,2026-05-28,8
14903,1,2026-05-28,4
14904,1,2026-05-28,5
14905,1,2026-05-28,6
14906,1,2026-05-28,8
14907,1,2026-05-28,4
14908,1,2026-05-28,4
14909,1,2026-05-28,5
14910,1,2026-05-28,2
14911,1,2026-05-28,8
14912,1,2026-05-28,8
14913,1,2026-05-28,4
14914,1,2026-05-28,5
14915,1,2026-05-28,4
14916,1,2026-05-28,7
14917,1,2026-05-28,3
14918,1,2026-05-28,5
14919,1,2026-05-28,5
14920,1,2026-05-28,7
14921,1,2026-05-28,7
14922,1,2026-05-28,5
14923,1,2026-05-28,8
14924,1,2026-05-28,8
14925,1,2026-05-28,6
14926,1,2026-05-28,4
14927,1,2026-05-28,4
14928,1,2026-05-28,5
14929,1,2026-05-28,4
14930,1,2026-05-28,5
14931,1,2026-05-28,2
14932,1,2026-05-28,2
14933,1,2026-05-28,6
14934,1,2026-05-28,4
14935,1,2026-05-28,6
14936,1,2026-05-28,8
14937,1,2026-05-28,5
14938,1,2026-05-28,2
14939,1,2026-05-28,3
14940,1,2026-05-28,2
14941,1,2026-05-28,5
14942,1,2026-05-28,5
14943,1,2026-05-28,7
14944,1,2026-05-28,7
14945,1,2026-05-28,3
14946,1,2026-05-28,2
14947,1,2026-05-28,7
14948,1,2026-05-28,4
14949,1,2026-05-28,3
14950,1,2026-05-28,4
14951,1,2026-05-28,2
14952,1,2026-05-28,3
14953,1,2026-05-28,2
14954,1,2026-05-28,2
14955,1,2026-05-28,8
14956,1,2026-05-28,8
14957,1,2026-05-28,6
14958,1,2026-05-28,8
14959,1,2026-05-28,5
14960,1,2026-05-28,4
14961,1,2026-05-28,5
14962,1,2026-05-28,5
14963,1,2026-05-28,8
14964,1,2026-05-28,4
14965,1,2026-05-28,8
14966,1,2026-05-28,2
14967,1,2026-05-28,7
14968,1,2026-05-28,2
14969,1,2026-05-28,7
14970,1,2026-05-28,3
14971,1,2026-05-28,3
14972,1,2026-05-28,4
14973,1,2026-05-28,8
14974,1,2026-05-28,7
14975,1,2026-05-29,8
14976,1,2026-05-29,2
14977,1,2026-05-29,5
14978,1,2026-05-29,6
14979,1,2026-05-29,4
14980,1,2026-05-29,4
14981,1,2026-05-29,2
14982,1,2026-05-29,7
14983,1,2026-05-29,4
14984,1,2026-05-29,7
14985,1,2026-05-29,3
14986,1,2026-05-29,4
14987,1,2026-05-29,3
14988,1,2026-05-29,7
14989,1,2026-05-29,4
14990,1,2026-05-29,6
14991,1,2026-05-29,8
14992,1,2026-05-29,7
14993,1,2026-05-29,7
14994,1,2026-05-29,4
14995,1,2026-05-29,7
14996,1,2026-05-29,5
14997,1,2026-05-29,6
14998,1,2026-05-29,4
14999,1,2026-05-29,4
15000,1,2026-05-29,7
15001,1,2026-05-29,3
15002,1,2026-05-29,4
15003,1,2026-05-29,3
15004,1,2026-05-29,6
15005,1,2026-05-29,8
15006,1,2026-05-29,2
15007,1,2026-05-29,5
15008,1,2026-05-29,2
15009,1,2026-05-29,5
15010,1,2026-05-29,3
15011,1,2026-05-29,6
15012,1,2026-05-29,4
15013,1,2026-05-29,7
15014,1,2026-05-29,2
15015,1,2026-05-29,7
15016,1,2026-05-29,7
15017,1,2026-05-29,5
15018,1,2026-05-29,8
15019,1,2026-05-29,5
15020,1,2026-05-29,7
15021,1,2026-05-29,6
15022,1,2026-05-29,8
15023,1,2026-05-29,6
15024,1,2026-05-29,5
15025,1,2026-05-29,4
15026,1,2026-05-29,4
15027,1,2026-05-29,7
15028,1,2026-05-29,3
15029,1,2026-05-29,3
15030,1,2026-05-29,3
15031,1,2026-05-29,2
15032,1,2026-05-29,4
15033,1,2026-05-29,4
15034,1,2026-05-29,7
15035,1,2026-05-29,4
15036,1,2026-05-29,5
15037,1,2026-05-29,5
15038,1,2026-05-29,3
15039,1,2026-05-29,2
15040,1,2026-05-29,2
15041,1,2026-05-29,5
15042,1,2026-05-29,4
15043,1,2026-05-29,7
15044,1,2026-05-29,8
15045,1,2026-05-29,7
15046,1,2026-05-29,5
15047,1,2026-05-29,8
15048,1,2026-05-29,3
15049,1,2026-05-29,2
15050,1,2026-05-29,2
15051,1,2026-05-29,8
15052,1,2026-05-29,2
15053,1,2026-05-29,6
15054,1,2026-05-29,3
15055,1,2026-05-29,7
15056,1,2026-05-29,5
15057,1,2026-05-29,4
15058,1,2026-05-29,7
15059,1,2026-05-29,6
15060,1,2026-05-29,2
15061,1,2026-05-29,6
15062,1,2026-05-29,7
15063,1,2026-05-29,7
15064,1,2026-05-29,3
15065,1,2026-05-29,5
15066,1,2026-05-29,7
15067,1,2026-05-29,8
15068,1,2026-05-29,4
15069,1,2026-05-29,3
15070,1,2026-05-29,4
15071,1,2026-05-29,2
15072,1,2026-05-29,2
15073,1,2026-05-29,2
15074,1,2026-05-29,3
15075,1,2026-05-29,2
15076,1,2026-05-29,5
15077,1,2026-05-29,7
15078,1,2026-05-29,8
15079,1,2026-05-29,8
15080,1,2026-05-29,5
15081,1,2026-05-30,2
15082,1,2026-05-30,5
15083,1,2026-05-30,8
15084,1,2026-05-30,5
15085,1,2026-05-30,4
15086,1,2026-05-30,7
15087,1,2026-05-30,2
15088,1,2026-05-30,3
15089,1,2026-05-30,2
15090,1,2026-05-30,8
15091,1,2026-05-30,3
15092,1,2026-05-30,8
15093,1,2026-05-30,3
15094,1,2026-05-30,2
15095,1,2026-05-30,8
15096,1,2026-05-30,2
15097,1,2026-05-30,7
15098,1,2026-05-30,2
15099,1,2026-05-30,2
15100,1,2026-05-30,7
15101,1,2026-05-30,6
15102,1,2026-05-30,2
15103,1,2026-05-30,7
15104,1,2026-05-30,5
15105,1,2026-05-30,5
15106,1,2026-05-30,4
15107,1,2026-05-30,7
15108,1,2026-05-30,7
15109,1,2026-05-30,8
15110,1,2026-05-30,3
15111,1,2026-05-30,7
15112,1,2026-05-30,6
15113,1,2026-05-30,8
15114,1,2026-05-30,2
15115,1,2026-05-30,4
15116,1,2026-05-30,5
15117,1,2026-05-30,2
15118,1,2026-05-30,8
15119,1,2026-05-30,4
15120,1,2026-05-30,3
15121,1,2026-05-30,3
15122,1,2026-05-30,7
15123,1,2026-05-30,2
15124,1,2026-05-30,7
15125,1,2026-05-30,4
15126,1,2026-05-30,5
15127,1,2026-05-30,5
15128,1,2026-05-30,8
15129,1,2026-05-30,7
15130,1,2026-05-30,7
15131,1,2026-05-30,7
15132,1,2026-05-30,5
15133,1,2026-05-30,4
15134,1,2026-05-30,4
15135,1,2026-05-30,3
15136,1,2026-05-30,4
15137,1,2026-05-30,4
15138,1,2026-05-30,3
15139,1,2026-05-30,2
15140,1,2026-05-30,4
15141,1,2026-05-30,6
15142,1,2026-05-30,7
15143,1,2026-05-30,4
15144,1,2026-05-30,8
15145,1,2026-05-30,5
15146,1,2026-05-30,4
15147,1,2026-05-30,6
15148,1,2026-05-30,6
15149,1,2026-05-30,8
15150,1,2026-05-30,8
15151,1,2026-05-30,2
15152,1,2026-05-30,8
15153,1,2026-05-30,7
15154,1,2026-05-30,3
15155,1,2026-05-30,3
15156,1,2026-05-30,5
15157,1,2026-05-30,2
15158,1,2026-05-30,7
15159,1,2026-05-30,2
15160,1,2026-05-30,8
15161,1,2026-05-30,8
15162,1,2026-05-30,8
15163,1,2026-05-30,8
15164,1,2026-05-30,8
15165,1,2026-05-30,8
15166,1,2026-05-30,8
15167,1,2026-05-30,6
15168,1,2026-05-30,6
15169,1,2026-05-30,7
15170,1,2026-05-30,4
15171,1,2026-05-30,6
15172,1,2026-05-30,4
15173,1,2026-05-30,7
15174,1,2026-05-30,6
15175,1,2026-05-30,2
15176,1,2026-05-30,6
15177,1,2026-05-30,3
15178,1,2026-05-30,3
15179,1,2026-05-30,8
15180,1,2026-05-30,6
15181,1,2026-05-30,4
15182,1,2026-05-30,5
15183,1,2026-05-30,3
15184,1,2026-05-30,2
15185,1,2026-05-30,8
15186,1,2026-05-31,4
15187,1,2026-05-31,3
15188,1,2026-05-31,8
15189,1,2026-05-31,4
15190,1,2026-05-31,6
15191,1,2026-05-31,6
15192,1,2026-05-31,4
15193,1,2026-05-31,5
15194,1,2026-05-31,7
15195,1,2026-05-31,8
15196,1,2026-05-31,6
15197,1,2026-05-31,7
15198,1,2026-05-31,4
15199,1,2026-05-31,8
15200,1,2026-05-31,4
15201,1,2026-05-31,3
15202,1,2026-05-31,5
15203,1,2026-05-31,6
15204,1,2026-05-31,6
15205,1,2026-05-31,2
15206,1,2026-05-31,5
15207,1,2026-05-31,7
15208,1,2026-05-31,6
15209,1,2026-05-31,6
15210,1,2026-05-31,3
15211,1,2026-05-31,8
15212,1,2026-05-31,4
15213,1,2026-05-31,4
15214,1,2026-05-31,5
15215,1,2026-05-31,6
15216,1,2026-05-31,4
15217,1,2026-05-31,8
15218,1,2026-05-31,6
15219,1,2026-05-31,3
15220,1,2026-05-31,8
15221,1,2026-05-31,8
15222,1,2026-05-31,5
15223,1,2026-05-31,2
15224,1,2026-05-31,4
15225,1,2026-05-31,6
15226,1,2026-05-31,8
15227,1,2026-05-31,8
15228,1,2026-05-31,5
15229,1,2026-05-31,3
15230,1,2026-05-31,3
15231,1,2026-05-31,6
15232,1,2026-05-31,8
15233,1,2026-05-31,6
15234,1,2026-05-31,3
15235,1,2026-05-31,7
15236,1,2026-05-31,5
15237,1,2026-05-31,2
15238,1,2026-05-31,3
15239,1,2026-05-31,6
15240,1,2026-05-31,4
15241,1,2026-05-31,2
15242,1,2026-05-31,8
15243,1,2026-05-31,7
15244,1,2026-05-31,7
15245,1,2026-05-31,6
15246,1,2026-05-31,5
15247,1,2026-05-31,4
15248,1,2026-05-31,2
15249,1,2026-05-31,7
15250,1,2026-05-31,2
15251,1,2026-05-31,3
15252,1,2026-05-31,6
15253,1,2026-05-31,7
15254,1,2026-05-31,5
15255,1,2026-05-31,6
15256,1,2026-05-31,2
15257,1,2026-05-31,8
15258,1,2026-05-31,4
15259,1,2026-05-31,2
15260,1,2026-05-31,3
15261,1,2026-05-31,3
15262,1,2026-05-31,2
15263,1,2026-05-31,5
15264,1,2026-05-31,8
15265,1,2026-05-31,4
15266,1,2026-05-31,3
15267,1,2026-05-31,6
15268,1,2026-05-31,4
15269,1,2026-05-31,6
15270,1,2026-05-31,4
15271,1,2026-05-31,4
15272,1,2026-05-31,3
15273,1,2026-05-31,2
15274,1,2026-05-31,3
15275,1,2026-05-31,3
15276,1,2026-05-31,5
15277,1,2026-05-31,8
15278,1,2026-05-31,8
15279,1,2026-05-31,8
15280,1,2026-05-31,3
15281,1,2026-05-31,2
15282,1,2026-05-31,7
15283,1,2026-05-31,4
15284,1,2026-05-31,7
15285,1,2026-05-31,8
15286,1,2026-05-31,5
15287,1,2026-05-31,7
15288,1,2026-05-31,5
15289,1,2026-05-31,2
15290,1,2026-05-31,2
15291,1,2026-05-31,2
15292,1,2026-05-31,5
15293,1,2026-05-31,5
15294,1,2026-05-31,8
15295,1,2026-05-31,4
15296,1,2026-05-31,3
15297,1,2026-05-31,6
15298,1,2026-05-31,7
15299,1,2026-05-31,6
15300,1,2026-05-31,7
15301,1,2026-05-31,8
15302,1,2026-05-31,7
15303,1,2026-06-01,5
15304,1,2026-06-01,8
15305,1,2026-06-01,4
15306,1,2026-06-01,2
15307,1,2026-06-01,8
15308,1,2026-06-01,6
15309,1,2026-06-01,3
15310,1,2026-06-01,7
15311,1,2026-06-01,5
15312,1,2026-06-01,8
15313,1,2026-06-01,3
15314,1,2026-06-01,4
15315,1,2026-06-01,4
15316,1,2026-06-01,8
15317,1,2026-06-01,6
15318,1,2026-06-01,8
15319,1,2026-06-01,5
15320,1,2026-06-01,4
15321,1,2026-06-01,7
15322,1,2026-06-01,8
15323,1,2026-06-01,4
15324,1,2026-06-01,4
15325,1,2026-06-01,8
15326,1,2026-06-01,2
15327,1,2026-06-01,6
15328,1,2026-06-01,2
15329,1,2026-06-01,3
15330,1,2026-06-01,4
15331,1,2026-06-01,7
15332,1,2026-06-01,7
15333,1,2026-06-01,3
15334,1,2026-06-01,5
15335,1,2026-06-01,3
15336,1,2026-06-01,6
15337,1,2026-06-01,7
15338,1,2026-06-01,2
15339,1,2026-06-01,7
15340,1,2026-06-01,6
15341,1,2026-06-01,5
15342,1,2026-06-01,3
15343,1,2026-06-01,4
15344,1,2026-06-01,4
15345,1,2026-06-01,8
15346,1,2026-06-01,7
15347,1,2026-06-01,3
15348,1,2026-06-01,6
15349,1,2026-06-01,8
15350,1,2026-06-01,6
15351,1,2026-06-01,5
15352,1,2026-06-01,4
15353,1,2026-06-01,4
15354,1,2026-06-01,3
15355,1,2026-06-01,4
15356,1,2026-06-01,5
15357,1,2026-06-01,2
15358,1,2026-06-01,2
15359,1,2026-06-01,5
15360,1,2026-06-01,8
15361,1,2026-06-01,5
15362,1,2026-06-01,8
15363,1,2026-06-01,4
15364,1,2026-06-01,2
15365,1,2026-06-01,6
15366,1,2026-06-01,5
15367,1,2026-06-01,4
15368,1,2026-06-01,3
15369,1,2026-06-01,2
15370,1,2026-06-01,2
15371,1,2026-06-01,2
15372,1,2026-06-01,8
15373,1,2026-06-01,7
15374,1,2026-06-01,2
15375,1,2026-06-01,5
15376,1,2026-06-02,2
15377,1,2026-06-02,2
15378,1,2026-06-02,6
15379,1,2026-06-02,7
15380,1,2026-06-02,7
15381,1,2026-06-02,5
15382,1,2026-06-02,8
15383,1,2026-06-02,5
15384,1,2026-06-02,3
15385,1,2026-06-02,8
15386,1,2026-06-02,2
15387,1,2026-06-02,7
15388,1,2026-06-02,4
15389,1,2026-06-02,3
15390,1,2026-06-02,6
15391,1,2026-06-02,3
15392,1,2026-06-02,4
15393,1,2026-06-02,4
15394,1,2026-06-02,7
15395,1,2026-06-02,6
15396,1,2026-06-02,2
15397,1,2026-06-02,7
15398,1,2026-06-02,8
15399,1,2026-06-02,7
15400,1,2026-06-02,5
15401,1,2026-06-02,8
15402,1,2026-06-02,8
15403,1,2026-06-02,6
15404,1,2026-06-02,6
15405,1,2026-06-02,8
15406,1,2026-06-02,2
15407,1,2026-06-02,2
15408,1,2026-06-02,6
15409,1,2026-06-02,3
15410,1,2026-06-02,8
15411,1,2026-06-02,4
15412,1,2026-06-02,3
15413,1,2026-06-02,5
15414,1,2026-06-02,7
15415,1,2026-06-02,4
15416,1,2026-06-02,6
15417,1,2026-06-02,6
15418,1,2026-06-02,8
15419,1,2026-06-02,4
15420,1,2026-06-02,6
15421,1,2026-06-02,7
15422,1,2026-06-02,3
15423,1,2026-06-02,5
15424,1,2026-06-02,6
15425,1,2026-06-02,6
15426,1,2026-06-02,3
15427,1,2026-06-02,8
15428,1,2026-06-02,6
15429,1,2026-06-02,8
15430,1,2026-06-02,5
15431,1,2026-06-02,3
15432,1,2026-06-02,7
15433,1,2026-06-02,2
15434,1,2026-06-02,3
15435,1,2026-06-02,6
15436,1,2026-06-02,7
15437,1,2026-06-02,6
15438,1,2026-06-02,4
15439,1,2026-06-02,3
15440,1,2026-06-02,7
15441,1,2026-06-02,4
15442,1,2026-06-02,4
15443,1,2026-06-02,8
15444,1,2026-06-02,6
15445,1,2026-06-02,8
15446,1,2026-06-02,2
15447,1,2026-06-02,2
15448,1,2026-06-02,7
15449,1,2026-06-02,3
15450,1,2026-06-02,7
15451,1,2026-06-02,3
15452,1,2026-06-02,7
15453,1,2026-06-02,5
15454,1,2026-06-02,4
15455,1,2026-06-02,8
15456,1,2026-06-02,7
15457,1,2026-06-02,5
15458,1,2026-06-02,3
15459,1,2026-06-02,6
15460,1,2026-06-02,8
15461,1,2026-06-02,4
15462,1,2026-06-02,5
15463,1,2026-06-02,5
15464,1,2026-06-02,5
15465,1,2026-06-02,2
15466,1,2026-06-02,4
15467,1,2026-06-02,4
15468,1,2026-06-02,5
15469,1,2026-06-02,6
15470,1,2026-06-02,5
15471,1,2026-06-03,4
15472,1,2026-06-03,3
15473,1,2026-06-03,6
15474,1,2026-06-03,4
15475,1,2026-06-03,3
15476,1,2026-06-03,5
15477,1,2026-06-03,8
15478,1,2026-06-03,6
15479,1,2026-06-03,6
15480,1,2026-06-03,6
15481,1,2026-06-03,8
15482,1,2026-06-03,5
15483,1,2026-06-03,3
15484,1,2026-06-03,4
15485,1,2026-06-03,5
15486,1,2026-06-03,7
15487,1,2026-06-03,8
15488,1,2026-06-03,3
15489,1,2026-06-03,8
15490,1,2026-06-03,2
15491,1,2026-06-03,8
15492,1,2026-06-03,5
15493,1,2026-06-03,7
15494,1,2026-06-03,4
15495,1,2026-06-03,6
15496,1,2026-06-03,2
15497,1,2026-06-03,4
15498,1,2026-06-03,7
15499,1,2026-06-03,4
15500,1,2026-06-03,3
15501,1,2026-06-03,7
15502,1,2026-06-03,2
15503,1,2026-06-03,7
15504,1,2026-06-03,7
15505,1,2026-06-03,2
15506,1,2026-06-03,5
15507,1,2026-06-03,7
15508,1,2026-06-03,4
15509,1,2026-06-03,2
15510,1,2026-06-03,4
15511,1,2026-06-03,4
15512,1,2026-06-03,7
15513,1,2026-06-03,7
15514,1,2026-06-03,7
15515,1,2026-06-03,5
15516,1,2026-06-03,6
15517,1,2026-06-03,4
15518,1,2026-06-03,8
15519,1,2026-06-03,7
15520,1,2026-06-03,3
15521,1,2026-06-03,8
15522,1,2026-06-03,6
15523,1,2026-06-03,6
15524,1,2026-06-03,7
15525,1,2026-06-03,6
15526,1,2026-06-03,2
15527,1,2026-06-03,8
15528,1,2026-06-03,3
15529,1,2026-06-03,2
15530,1,2026-06-03,8
15531,1,2026-06-03,2
15532,1,2026-06-03,8
15533,1,2026-06-03,2
15534,1,2026-06-03,2
15535,1,2026-06-03,6
15536,1,2026-06-03,5
15537,1,2026-06-03,7
15538,1,2026-06-03,3
15539,1,2026-06-03,5
15540,1,2026-06-03,3
15541,1,2026-06-03,3
15542,1,2026-06-03,5
15543,1,2026-06-03,6
15544,1,2026-06-03,5
15545,1,2026-06-03,3
15546,1,2026-06-03,4
15547,1,2026-06-03,8
15548,1,2026-06-03,8
15549,1,2026-06-03,4
15550,1,2026-06-03,4
15551,1,2026-06-03,4
15552,1,2026-06-03,7
15553,1,2026-06-03,4
15554,1,2026-06-03,7
15555,1,2026-06-03,2
15556,1,2026-06-03,2
15557,1,2026-06-03,5
15558,1,2026-06-03,5
15559,1,2026-06-03,7
15560,1,2026-06-03,8
15561,1,2026-06-03,7
15562,1,2026-06-03,8
15563,1,2026-06-03,8
15564,1,2026-06-03,3
15565,1,2026-06-03,2
15566,1,2026-06-03,3
15567,1,2026-06-03,8
15568,1,2026-06-03,4
15569,1,2026-06-03,4
15570,1,2026-06-03,7
15571,1,2026-06-04,7
15572,1,2026-06-04,8
15573,1,2026-06-04,7
15574,1,2026-06-04,7
15575,1,2026-06-04,3
15576,1,2026-06-04,6
15577,1,2026-06-04,4
15578,1,2026-06-04,2
15579,1,2026-06-04,2
15580,1,2026-06-04,2
15581,1,2026-06-04,7
15582,1,2026-06-04,4
15583,1,2026-06-04,8
15584,1,2026-06-04,7
15585,1,2026-06-04,2
15586,1,2026-06-04,6
15587,1,2026-06-04,4
15588,1,2026-06-04,3
15589,1,2026-06-04,5
15590,1,2026-06-04,4
15591,1,2026-06-04,2
15592,1,2026-06-04,2
15593,1,2026-06-04,7
15594,1,2026-06-04,2
15595,1,2026-06-04,8
15596,1,2026-06-04,5
15597,1,2026-06-04,4
15598,1,2026-06-04,8
15599,1,2026-06-04,8
15600,1,2026-06-04,4
15601,1,2026-06-04,3
15602,1,2026-06-04,8
15603,1,2026-06-04,2
15604,1,2026-06-04,7
15605,1,2026-06-04,7
15606,1,2026-06-04,4
15607,1,2026-06-04,8
15608,1,2026-06-04,6
15609,1,2026-06-04,4
15610,1,2026-06-04,7
15611,1,2026-06-04,8
15612,1,2026-06-04,5
15613,1,2026-06-04,6
15614,1,2026-06-04,5
15615,1,2026-06-04,4
15616,1,2026-06-04,5
15617,1,2026-06-04,8
15618,1,2026-06-04,2
15619,1,2026-06-04,8
15620,1,2026-06-04,2
15621,1,2026-06-04,4
15622,1,2026-06-04,4
15623,1,2026-06-04,8
15624,1,2026-06-04,8
15625,1,2026-06-04,4
15626,1,2026-06-04,4
15627,1,2026-06-04,2
15628,1,2026-06-04,2
15629,1,2026-06-04,3
15630,1,2026-06-04,4
15631,1,2026-06-04,5
15632,1,2026-06-04,2
15633,1,2026-06-04,4
15634,1,2026-06-04,4
15635,1,2026-06-04,4
15636,1,2026-06-04,4
15637,1,2026-06-04,4
15638,1,2026-06-04,7
15639,1,2026-06-04,2
15640,1,2026-06-04,3
15641,1,2026-06-04,5
15642,1,2026-06-04,6
15643,1,2026-06-04,5
15644,1,2026-06-04,7
15645,1,2026-06-04,4
15646,1,2026-06-04,4
15647,1,2026-06-04,7
15648,1,2026-06-04,7
15649,1,2026-06-04,3
15650,1,2026-06-04,8
15651,1,2026-06-04,7
15652,1,2026-06-04,4
15653,1,2026-06-04,8
15654,1,2026-06-04,6
15655,1,2026-06-04,5
15656,1,2026-06-04,7
15657,1,2026-06-04,5
15658,1,2026-06-04,3
15659,1,2026-06-04,6
15660,1,2026-06-04,6
15661,1,2026-06-04,3
15662,1,2026-06-04,4
15663,1,2026-06-04,4
15664,1,2026-06-04,6
15665,1,2026-06-04,5
15666,1,2026-06-04,5
15667,1,2026-06-05,4
15668,1,2026-06-05,6
15669,1,2026-06-05,6
15670,1,2026-06-05,5
15671,1,2026-06-05,6
15672,1,2026-06-05,8
15673,1,2026-06-05,5
15674,1,2026-06-05,5
15675,1,2026-06-05,3
15676,1,2026-06-05,6
15677,1,2026-06-05,6
15678,1,2026-06-05,6
15679,1,2026-06-05,8
15680,1,2026-06-05,6
15681,1,2026-06-05,6
15682,1,2026-06-05,5
15683,1,2026-06-05,3
15684,1,2026-06-05,4
15685,1,2026-06-05,7
15686,1,2026-06-05,3
15687,1,2026-06-05,4
15688,1,2026-06-05,5
15689,1,2026-06-05,6
15690,1,2026-06-05,3
15691,1,2026-06-05,7
15692,1,2026-06-05,3
15693,1,2026-06-05,8
15694,1,2026-06-05,5
15695,1,2026-06-05,5
15696,1,2026-06-05,8
15697,1,2026-06-05,6
15698,1,2026-06-05,7
15699,1,2026-06-05,7
15700,1,2026-06-05,8
15701,1,2026-06-05,6
15702,1,2026-06-05,2
15703,1,2026-06-05,5
15704,1,2026-06-05,7
15705,1,2026-06-05,4
15706,1,2026-06-05,5
15707,1,2026-06-05,8
15708,1,2026-06-05,8
15709,1,2026-06-05,2
15710,1,2026-06-05,4
15711,1,2026-06-05,8
15712,1,2026-06-05,6
15713,1,2026-06-05,6
15714,1,2026-06-05,8
15715,1,2026-06-05,3
15716,1,2026-06-05,7
15717,1,2026-06-05,3
15718,1,2026-06-05,5
15719,1,2026-06-05,8
15720,1,2026-06-05,8
15721,1,2026-06-05,4
15722,1,2026-06-05,4
15723,1,2026-06-05,3
15724,1,2026-06-05,7
15725,1,2026-06-05,7
15726,1,2026-06-05,6
15727,1,2026-06-05,2
15728,1,2026-06-05,2
15729,1,2026-06-05,4
15730,1,2026-06-05,2
15731,1,2026-06-05,7
15732,1,2026-06-05,3
15733,1,2026-06-05,5
15734,1,2026-06-05,6
15735,1,2026-06-05,2
15736,1,2026-06-05,8
15737,1,2026-06-05,3
15738,1,2026-06-05,3
15739,1,2026-06-05,8
15740,1,2026-06-05,8
15741,1,2026-06-05,6
15742,1,2026-06-05,4
15743,1,2026-06-05,3
15744,1,2026-06-05,7
15745,1,2026-06-05,8
15746,1,2026-06-05,4
15747,1,2026-06-05,2
15748,1,2026-06-05,3
15749,1,2026-06-05,3
15750,1,2026-06-05,3
15751,1,2026-06-05,3
15752,1,2026-06-05,5
15753,1,2026-06-05,8
15754,1,2026-06-05,3
15755,1,2026-06-05,8
15756,1,2026-06-05,7
15757,1,2026-06-05,4
15758,1,2026-06-05,4
15759,1,2026-06-05,8
15760,1,2026-06-05,6
15761,1,2026-06-05,2
15762,1,2026-06-05,7
15763,1,2026-06-05,7
15764,1,2026-06-05,6
15765,1,2026-06-05,7
15766,1,2026-06-05,7
15767,1,2026-06-05,2
15768,1,2026-06-05,4
15769,1,2026-06-05,6
15770,1,2026-06-05,2
15771,1,2026-06-05,4
15772,1,2026-06-05,8
15773,1,2026-06-05,3
15774,1,2026-06-05,7
15775,1,2026-06-05,7
15776,1,2026-06-05,7
15777,1,2026-06-05,5
15778,1,2026-06-05,7
15779,1,2026-06-05,5
15780,1,2026-06-06,3
15781,1,2026-06-06,6
15782,1,2026-06-06,2
15783,1,2026-06-06,4
15784,1,2026-06-06,4
15785,1,2026-06-06,7
15786,1,2026-06-06,2
15787,1,2026-06-06,6
15788,1,2026-06-06,2
15789,1,2026-06-06,4
15790,1,2026-06-06,8
15791,1,2026-06-06,8
15792,1,2026-06-06,7
15793,1,2026-06-06,7
15794,1,2026-06-06,2
15795,1,2026-06-06,3
15796,1,2026-06-06,2
15797,1,2026-06-06,7
15798,1,2026-06-06,3
15799,1,2026-06-06,2
15800,1,2026-06-06,6
15801,1,2026-06-06,7
15802,1,2026-06-06,5
15803,1,2026-06-06,8
15804,1,2026-06-06,6
15805,1,2026-06-06,7
15806,1,2026-06-06,2
15807,1,2026-06-06,4
15808,1,2026-06-06,3
15809,1,2026-06-06,5
15810,1,2026-06-06,6
15811,1,2026-06-06,5
15812,1,2026-06-06,3
15813,1,2026-06-06,3
15814,1,2026-06-06,7
15815,1,2026-06-06,3
15816,1,2026-06-06,4
15817,1,2026-06-06,8
15818,1,2026-06-06,5
15819,1,2026-06-06,2
15820,1,2026-06-06,7
15821,1,2026-06-06,4
15822,1,2026-06-06,6
15823,1,2026-06-06,8
15824,1,2026-06-06,4
15825,1,2026-06-06,4
15826,1,2026-06-06,5
15827,1,2026-06-06,6
15828,1,2026-06-06,6
15829,1,2026-06-06,2
15830,1,2026-06-06,7
15831,1,2026-06-06,7
15832,1,2026-06-06,7
15833,1,2026-06-06,3
15834,1,2026-06-06,7
15835,1,2026-06-06,2
15836,1,2026-06-06,3
15837,1,2026-06-06,8
15838,1,2026-06-06,7
15839,1,2026-06-06,3
15840,1,2026-06-06,7
15841,1,2026-06-06,7
15842,1,2026-06-06,2
15843,1,2026-06-06,4
15844,1,2026-06-06,4
15845,1,2026-06-06,4
15846,1,2026-06-06,6
15847,1,2026-06-06,6
15848,1,2026-06-06,6
15849,1,2026-06-06,8
15850,1,2026-06-06,3
15851,1,2026-06-06,5
15852,1,2026-06-06,2
15853,1,2026-06-06,4
15854,1,2026-06-06,2
15855,1,2026-06-06,3
15856,1,2026-06-06,3
15857,1,2026-06-06,2
15858,1,2026-06-06,7
15859,1,2026-06-06,2
15860,1,2026-06-06,2
15861,1,2026-06-06,6
15862,1,2026-06-06,5
15863,1,2026-06-06,5
15864,1,2026-06-06,4
15865,1,2026-06-06,6
15866,1,2026-06-06,2
15867,1,2026-06-06,8
15868,1,2026-06-06,4
15869,1,2026-06-06,8
15870,1,2026-06-06,5
15871,1,2026-06-06,8
15872,1,2026-06-06,6
15873,1,2026-06-06,2
15874,1,2026-06-06,5
15875,1,2026-06-06,3
15876,1,2026-06-06,8
15877,1,2026-06-06,7
15878,1,2026-06-06,4
15879,1,2026-06-06,2
15880,1,2026-06-06,6
15881,1,2026-06-06,4
15882,1,2026-06-06,8
15883,1,2026-06-06,2
15884,1,2026-06-06,6
15885,1,2026-06-06,5
15886,1,2026-06-06,3
15887,1,2026-06-06,2
15888,1,2026-06-06,5
15889,1,2026-06-06,2
15890,1,2026-06-06,2
15891,1,2026-06-06,8
15892,1,2026-06-06,7
15893,1,2026-06-06,3
15894,1,2026-06-07,7
15895,1,2026-06-07,4
15896,1,2026-06-07,8
15897,1,2026-06-07,8
15898,1,2026-06-07,4
15899,1,2026-06-07,7
15900,1,2026-06-07,2
15901,1,2026-06-07,2
15902,1,2026-06-07,3
15903,1,2026-06-07,8
15904,1,2026-06-07,3
15905,1,2026-06-07,5
15906,1,2026-06-07,5
15907,1,2026-06-07,4
15908,1,2026-06-07,5
15909,1,2026-06-07,5
15910,1,2026-06-07,6
15911,1,2026-06-07,2
15912,1,2026-06-07,6
15913,1,2026-06-07,3
15914,1,2026-06-07,7
15915,1,2026-06-07,3
15916,1,2026-06-07,4
15917,1,2026-06-07,5
15918,1,2026-06-07,8
15919,1,2026-06-07,7
15920,1,2026-06-07,4
15921,1,2026-06-07,7
15922,1,2026-06-07,2
15923,1,2026-06-07,5
15924,1,2026-06-07,7
15925,1,2026-06-07,2
15926,1,2026-06-07,5
15927,1,2026-06-07,3
15928,1,2026-06-07,2
15929,1,2026-06-07,8
15930,1,2026-06-07,8
15931,1,2026-06-07,5
15932,1,2026-06-07,5
15933,1,2026-06-07,6
15934,1,2026-06-07,8
15935,1,2026-06-07,3
15936,1,2026-06-07,4
15937,1,2026-06-07,6
15938,1,2026-06-07,6
15939,1,2026-06-07,7
15940,1,2026-06-07,4
15941,1,2026-06-07,6
15942,1,2026-06-07,4
15943,1,2026-06-07,6
15944,1,2026-06-07,2
15945,1,2026-06-07,8
15946,1,2026-06-07,4
15947,1,2026-06-07,5
15948,1,2026-06-07,6
15949,1,2026-06-07,3
15950,1,2026-06-07,3
15951,1,2026-06-07,7
15952,1,2026-06-07,8
15953,1,2026-06-07,6
15954,1,2026-06-07,8
15955,1,2026-06-07,8
15956,1,2026-06-07,5
15957,1,2026-06-07,6
15958,1,2026-06-07,8
15959,1,2026-06-07,3
15960,1,2026-06-07,6
15961,1,2026-06-07,7
15962,1,2026-06-07,8
15963,1,2026-06-07,3
15964,1,2026-06-07,6
15965,1,2026-06-07,4
15966,1,2026-06-07,5
15967,1,2026-06-07,4
15968,1,2026-06-07,6
15969,1,2026-06-07,4
15970,1,2026-06-07,8
15971,1,2026-06-07,5
15972,1,2026-06-07,7
15973,1,2026-06-07,5
15974,1,2026-06-07,4
15975,1,2026-06-07,5
15976,1,2026-06-07,7
15977,1,2026-06-07,5
15978,1,2026-06-07,3
15979,1,2026-06-07,4
15980,1,2026-06-07,2
15981,1,2026-06-07,5
15982,1,2026-06-07,7
15983,1,2026-06-07,8
15984,1,2026-06-07,4
15985,1,2026-06-07,8
15986,1,2026-06-07,8
15987,1,2026-06-07,5
15988,1,2026-06-07,8
15989,1,2026-06-07,5
15990,1,2026-06-07,4
15991,1,2026-06-07,5
15992,1,2026-06-07,8
15993,1,2026-06-07,8
15994,1,2026-06-07,6
15995,1,2026-06-07,7
15996,1,2026-06-07,4
15997,1,2026-06-07,6
15998,1,2026-06-07,2
15999,1,2026-06-07,8
16000,1,2026-06-07,8
16001,1,2026-06-07,2
16002,1,2026-06-07,2
16003,1,2026-06-07,5
16004,1,2026-06-07,5
16005,1,2026-06-07,2
16006,1,2026-06-07,3
16007,1,2026-06-07,5
16008,1,2026-06-07,4
16009,1,2026-06-07,6
16010,1,2026-06-07,8
16011,1,2026-06-07,3
16012,1,2026-06-07,4
16013,1,2026-06-07,7
16014,1,2026-06-07,7
16015,1,2026-06-07,8
16016,1,2026-06-07,4
16017,1,2026-06-07,7
16018,1,2026-06-07,5
16019,1,2026-06-08,4
16020,1,2026-06-08,2
16021,1,2026-06-08,6
16022,1,2026-06-08,4
16023,1,2026-06-08,7
16024,1,2026-06-08,7
16025,1,2026-06-08,6
16026,1,2026-06-08,4
16027,1,2026-06-08,4
16028,1,2026-06-08,6
16029,1,2026-06-08,2
16030,1,2026-06-08,2
16031,1,2026-06-08,7
16032,1,2026-06-08,4
16033,1,2026-06-08,3
16034,1,2026-06-08,5
16035,1,2026-06-08,6
16036,1,2026-06-08,2
16037,1,2026-06-08,4
16038,1,2026-06-08,3
16039,1,2026-06-08,7
16040,1,2026-06-08,2
16041,1,2026-06-08,3
16042,1,2026-06-08,4
16043,1,2026-06-08,4
16044,1,2026-06-08,3
16045,1,2026-06-08,4
16046,1,2026-06-08,2
16047,1,2026-06-08,6
16048,1,2026-06-08,5
16049,1,2026-06-08,6
16050,1,2026-06-08,5
16051,1,2026-06-08,6
16052,1,2026-06-08,3
16053,1,2026-06-08,7
16054,1,2026-06-08,4
16055,1,2026-06-08,7
16056,1,2026-06-08,8
16057,1,2026-06-08,8
16058,1,2026-06-08,3
16059,1,2026-06-08,2
16060,1,2026-06-08,8
16061,1,2026-06-08,3
16062,1,2026-06-08,7
16063,1,2026-06-08,5
16064,1,2026-06-08,7
16065,1,2026-06-08,4
16066,1,2026-06-08,3
16067,1,2026-06-08,7
16068,1,2026-06-08,5
16069,1,2026-06-08,7
16070,1,2026-06-08,7
16071,1,2026-06-08,3
16072,1,2026-06-08,3
16073,1,2026-06-08,5
16074,1,2026-06-08,7
16075,1,2026-06-08,5
16076,1,2026-06-08,4
16077,1,2026-06-08,4
16078,1,2026-06-08,2
16079,1,2026-06-08,3
16080,1,2026-06-08,6
16081,1,2026-06-08,8
16082,1,2026-06-08,2
16083,1,2026-06-08,4
16084,1,2026-06-08,7
16085,1,2026-06-08,5
16086,1,2026-06-08,3
16087,1,2026-06-08,7
16088,1,2026-06-08,3
16089,1,2026-06-08,6
16090,1,2026-06-08,7
16091,1,2026-06-08,4
16092,1,2026-06-08,3
16093,1,2026-06-08,5
16094,1,2026-06-08,7
16095,1,2026-06-08,3
16096,1,2026-06-08,3
16097,1,2026-06-09,8
16098,1,2026-06-09,5
16099,1,2026-06-09,2
16100,1,2026-06-09,2
16101,1,2026-06-09,7
16102,1,2026-06-09,4
16103,1,2026-06-09,2
16104,1,2026-06-09,3
16105,1,2026-06-09,4
16106,1,2026-06-09,3
16107,1,2026-06-09,3
16108,1,2026-06-09,2
16109,1,2026-06-09,2
16110,1,2026-06-09,7
16111,1,2026-06-09,2
16112,1,2026-06-09,4
16113,1,2026-06-09,5
16114,1,2026-06-09,6
16115,1,2026-06-09,7
16116,1,2026-06-09,3
16117,1,2026-06-09,3
16118,1,2026-06-09,4
16119,1,2026-06-09,4
16120,1,2026-06-09,5
16121,1,2026-06-09,3
16122,1,2026-06-09,5
16123,1,2026-06-09,2
16124,1,2026-06-09,3
16125,1,2026-06-09,7
16126,1,2026-06-09,4
16127,1,2026-06-09,4
16128,1,2026-06-09,6
16129,1,2026-06-09,6
16130,1,2026-06-09,6
16131,1,2026-06-09,4
16132,1,2026-06-09,8
16133,1,2026-06-09,8
16134,1,2026-06-09,8
16135,1,2026-06-09,4
16136,1,2026-06-09,5
16137,1,2026-06-09,3
16138,1,2026-06-09,7
16139,1,2026-06-09,3
16140,1,2026-06-09,8
16141,1,2026-06-09,4
16142,1,2026-06-09,6
16143,1,2026-06-09,2
16144,1,2026-06-09,2
16145,1,2026-06-09,8
16146,1,2026-06-09,7
16147,1,2026-06-09,6
16148,1,2026-06-09,8
16149,1,2026-06-09,4
16150,1,2026-06-09,6
16151,1,2026-06-09,2
16152,1,2026-06-09,5
16153,1,2026-06-09,3
16154,1,2026-06-09,6
16155,1,2026-06-09,3
16156,1,2026-06-09,8
16157,1,2026-06-09,6
16158,1,2026-06-09,6
16159,1,2026-06-09,8
16160,1,2026-06-09,2
16161,1,2026-06-09,8
16162,1,2026-06-09,4
16163,1,2026-06-09,7
16164,1,2026-06-09,3
16165,1,2026-06-09,8
16166,1,2026-06-09,7
16167,1,2026-06-09,3
16168,1,2026-06-09,4
16169,1,2026-06-09,2
16170,1,2026-06-09,8
16171,1,2026-06-09,8
16172,1,2026-06-09,7
16173,1,2026-06-09,5
16174,1,2026-06-09,7
16175,1,2026-06-09,5
16176,1,2026-06-09,7
16177,1,2026-06-09,5
16178,1,2026-06-09,5
16179,1,2026-06-09,8
16180,1,2026-06-09,5
16181,1,2026-06-09,8
16182,1,2026-06-09,2
16183,1,2026-06-09,8
16184,1,2026-06-09,3
16185,1,2026-06-09,8
16186,1,2026-06-10,7
16187,1,2026-06-10,4
16188,1,2026-06-10,5
16189,1,2026-06-10,7
16190,1,2026-06-10,7
16191,1,2026-06-10,3
16192,1,2026-06-10,2
16193,1,2026-06-10,7
16194,1,2026-06-10,8
16195,1,2026-06-10,3
16196,1,2026-06-10,2
16197,1,2026-06-10,6
16198,1,2026-06-10,3
16199,1,2026-06-10,8
16200,1,2026-06-10,4
16201,1,2026-06-10,6
16202,1,2026-06-10,5
16203,1,2026-06-10,5
16204,1,2026-06-10,8
16205,1,2026-06-10,3
16206,1,2026-06-10,5
16207,1,2026-06-10,2
16208,1,2026-06-10,8
16209,1,2026-06-10,7
16210,1,2026-06-10,6
16211,1,2026-06-10,2
16212,1,2026-06-10,5
16213,1,2026-06-10,3
16214,1,2026-06-10,5
16215,1,2026-06-10,6
16216,1,2026-06-10,4
16217,1,2026-06-10,5
16218,1,2026-06-10,5
16219,1,2026-06-10,3
16220,1,2026-06-10,8
16221,1,2026-06-10,4
16222,1,2026-06-10,6
16223,1,2026-06-10,7
16224,1,2026-06-10,4
16225,1,2026-06-10,8
16226,1,2026-06-10,2
16227,1,2026-06-10,2
16228,1,2026-06-10,4
16229,1,2026-06-10,3
16230,1,2026-06-10,8
16231,1,2026-06-10,3
16232,1,2026-06-10,6
16233,1,2026-06-10,5
16234,1,2026-06-10,3
16235,1,2026-06-10,7
16236,1,2026-06-10,3
16237,1,2026-06-10,2
16238,1,2026-06-10,3
16239,1,2026-06-10,6
16240,1,2026-06-10,3
16241,1,2026-06-10,7
16242,1,2026-06-10,3
16243,1,2026-06-10,2
16244,1,2026-06-10,3
16245,1,2026-06-10,7
16246,1,2026-06-10,3
16247,1,2026-06-10,7
16248,1,2026-06-10,3
16249,1,2026-06-10,6
16250,1,2026-06-10,5
16251,1,2026-06-10,6
16252,1,2026-06-10,7
16253,1,2026-06-10,4
16254,1,2026-06-10,2
16255,1,2026-06-10,7
16256,1,2026-06-10,8
16257,1,2026-06-10,2
16258,1,2026-06-10,6
16259,1,2026-06-10,7
16260,1,2026-06-10,7
16261,1,2026-06-10,4
16262,1,2026-06-10,4
16263,1,2026-06-10,3
16264,1,2026-06-10,6
16265,1,2026-06-10,4
16266,1,2026-06-10,4
16267,1,2026-06-10,8
16268,1,2026-06-10,2
16269,1,2026-06-10,7
16270,1,2026-06-10,7
16271,1,2026-06-10,7
16272,1,2026-06-10,6
16273,1,2026-06-10,2
16274,1,2026-06-10,3
16275,1,2026-06-10,3
16276,1,2026-06-10,5
16277,1,2026-06-10,3
16278,1,2026-06-10,2
16279,1,2026-06-10,4
16280,1,2026-06-10,5
16281,1,2026-06-10,6
16282,1,2026-06-10,4
16283,1,2026-06-10,5
16284,1,2026-06-11,6
16285,1,2026-06-11,6
16286,1,2026-06-11,6
16287,1,2026-06-11,4
16288,1,2026-06-11,2
16289,1,2026-06-11,3
16290,1,2026-06-11,2
16291,1,2026-06-11,2
16292,1,2026-06-11,4
16293,1,2026-06-11,6
16294,1,2026-06-11,7
16295,1,2026-06-11,2
16296,1,2026-06-11,8
16297,1,2026-06-11,3
16298,1,2026-06-11,5
16299,1,2026-06-11,2
16300,1,2026-06-11,4
16301,1,2026-06-11,6
16302,1,2026-06-11,5
16303,1,2026-06-11,3
16304,1,2026-06-11,2
16305,1,2026-06-11,2
16306,1,2026-06-11,2
16307,1,2026-06-11,5
16308,1,2026-06-11,5
16309,1,2026-06-11,2
16310,1,2026-06-11,3
16311,1,2026-06-11,5
16312,1,2026-06-11,4
16313,1,2026-06-11,7
16314,1,2026-06-11,7
16315,1,2026-06-11,3
16316,1,2026-06-11,3
16317,1,2026-06-11,6
16318,1,2026-06-11,7
16319,1,2026-06-11,3
16320,1,2026-06-11,7
16321,1,2026-06-11,7
16322,1,2026-06-11,3
16323,1,2026-06-11,3
16324,1,2026-06-11,3
16325,1,2026-06-11,6
16326,1,2026-06-11,6
16327,1,2026-06-11,8
16328,1,2026-06-11,7
16329,1,2026-06-11,4
16330,1,2026-06-11,2
16331,1,2026-06-11,4
16332,1,2026-06-11,5
16333,1,2026-06-11,2
16334,1,2026-06-11,6
16335,1,2026-06-11,2
16336,1,2026-06-11,3
16337,1,2026-06-11,5
16338,1,2026-06-11,3
16339,1,2026-06-11,2
16340,1,2026-06-11,7
16341,1,2026-06-11,7
16342,1,2026-06-11,7
16343,1,2026-06-11,5
16344,1,2026-06-11,6
16345,1,2026-06-11,5
16346,1,2026-06-11,4
16347,1,2026-06-11,8
16348,1,2026-06-11,5
16349,1,2026-06-11,3
16350,1,2026-06-11,4
16351,1,2026-06-11,6
16352,1,2026-06-11,3
16353,1,2026-06-11,8
16354,1,2026-06-11,6
16355,1,2026-06-11,4
16356,1,2026-06-11,6
16357,1,2026-06-11,3
16358,1,2026-06-11,6
16359,1,2026-06-11,6
16360,1,2026-06-11,7
16361,1,2026-06-11,8
16362,1,2026-06-11,3
16363,1,2026-06-11,6
16364,1,2026-06-11,2
16365,1,2026-06-11,5
16366,1,2026-06-11,4
16367,1,2026-06-11,6
16368,1,2026-06-11,5
16369,1,2026-06-11,3
16370,1,2026-06-11,4
16371,1,2026-06-11,5
16372,1,2026-06-11,8
16373,1,2026-06-11,2
16374,1,2026-06-11,7
16375,1,2026-06-11,4
16376,1,2026-06-11,2
16377,1,2026-06-11,8
16378,1,2026-06-11,5
16379,1,2026-06-11,3
16380,1,2026-06-11,5
16381,1,2026-06-11,6
16382,1,2026-06-11,8
16383,1,2026-06-11,2
16384,1,2026-06-11,7
16385,1,2026-06-11,2
16386,1,2026-06-12,6
16387,1,2026-06-12,7
16388,1,2026-06-12,4
16389,1,2026-06-12,7
16390,1,2026-06-12,5
16391,1,2026-06-12,7
16392,1,2026-06-12,6
16393,1,2026-06-12,3
16394,1,2026-06-12,4
16395,1,2026-06-12,8
16396,1,2026-06-12,5
16397,1,2026-06-12,2
16398,1,2026-06-12,5
16399,1,2026-06-12,2
16400,1,2026-06-12,5
16401,1,2026-06-12,4
16402,1,2026-06-12,5
16403,1,2026-06-12,6
16404,1,2026-06-12,4
16405,1,2026-06-12,4
16406,1,2026-06-12,8
16407,1,2026-06-12,7
16408,1,2026-06-12,7
16409,1,2026-06-12,7
16410,1,2026-06-12,7
16411,1,2026-06-12,6
16412,1,2026-06-12,3
16413,1,2026-06-12,3
16414,1,2026-06-12,7
16415,1,2026-06-12,4
16416,1,2026-06-12,5
16417,1,2026-06-12,5
16418,1,2026-06-12,3
16419,1,2026-06-12,3
16420,1,2026-06-12,7
16421,1,2026-06-12,5
16422,1,2026-06-12,3
16423,1,2026-06-12,4
16424,1,2026-06-12,3
16425,1,2026-06-12,8
16426,1,2026-06-12,5
16427,1,2026-06-12,5
16428,1,2026-06-12,3
16429,1,2026-06-12,2
16430,1,2026-06-12,3
16431,1,2026-06-12,7
16432,1,2026-06-12,3
16433,1,2026-06-12,8
16434,1,2026-06-12,7
16435,1,2026-06-12,4
16436,1,2026-06-12,6
16437,1,2026-06-12,3
16438,1,2026-06-12,7
16439,1,2026-06-12,6
16440,1,2026-06-12,5
16441,1,2026-06-12,8
16442,1,2026-06-12,8
16443,1,2026-06-12,7
16444,1,2026-06-12,4
16445,1,2026-06-12,7
16446,1,2026-06-12,7
16447,1,2026-06-12,2
16448,1,2026-06-12,2
16449,1,2026-06-12,2
16450,1,2026-06-12,5
16451,1,2026-06-12,5
16452,1,2026-06-12,4
16453,1,2026-06-12,4
16454,1,2026-06-12,7
16455,1,2026-06-12,6
16456,1,2026-06-12,6
16457,1,2026-06-12,4
16458,1,2026-06-12,3
16459,1,2026-06-12,5
16460,1,2026-06-12,4
16461,1,2026-06-12,8
16462,1,2026-06-12,8
16463,1,2026-06-12,4
16464,1,2026-06-12,5
16465,1,2026-06-12,3
16466,1,2026-06-12,6
16467,1,2026-06-12,7
16468,1,2026-06-12,2
16469,1,2026-06-12,2
16470,1,2026-06-12,8
16471,1,2026-06-12,4
16472,1,2026-06-12,3
16473,1,2026-06-12,3
16474,1,2026-06-12,6
16475,1,2026-06-12,6
16476,1,2026-06-12,3
16477,1,2026-06-12,4
16478,1,2026-06-12,8
16479,1,2026-06-12,4
16480,1,2026-06-12,5
16481,1,2026-06-12,4
16482,1,2026-06-12,2
16483,1,2026-06-12,7
16484,1,2026-06-12,5
16485,1,2026-06-12,4
16486,1,2026-06-12,8
16487,1,2026-06-12,6
16488,1,2026-06-13,5
16489,1,2026-06-13,6
16490,1,2026-06-13,8
16491,1,2026-06-13,3
16492,1,2026-06-13,5
16493,1,2026-06-13,8
16494,1,2026-06-13,6
16495,1,2026-06-13,4
16496,1,2026-06-13,3
16497,1,2026-06-13,3
16498,1,2026-06-13,4
16499,1,2026-06-13,4
16500,1,2026-06-13,8
16501,1,2026-06-13,3
16502,1,2026-06-13,8
16503,1,2026-06-13,4
16504,1,2026-06-13,2
16505,1,2026-06-13,5
16506,1,2026-06-13,8
16507,1,2026-06-13,3
16508,1,2026-06-13,5
16509,1,2026-06-13,8
16510,1,2026-06-13,8
16511,1,2026-06-13,4
16512,1,2026-06-13,6
16513,1,2026-06-13,4
16514,1,2026-06-13,5
16515,1,2026-06-13,6
16516,1,2026-06-13,3
16517,1,2026-06-13,3
16518,1,2026-06-13,8
16519,1,2026-06-13,3
16520,1,2026-06-13,7
16521,1,2026-06-13,2
16522,1,2026-06-13,8
16523,1,2026-06-13,8
16524,1,2026-06-13,3
16525,1,2026-06-13,4
16526,1,2026-06-13,2
16527,1,2026-06-13,2
16528,1,2026-06-13,6
16529,1,2026-06-13,4
16530,1,2026-06-13,6
16531,1,2026-06-13,3
16532,1,2026-06-13,2
16533,1,2026-06-13,6
16534,1,2026-06-13,4
16535,1,2026-06-13,8
16536,1,2026-06-13,7
16537,1,2026-06-13,7
16538,1,2026-06-13,6
16539,1,2026-06-13,4
16540,1,2026-06-13,5
16541,1,2026-06-13,7
16542,1,2026-06-13,5
16543,1,2026-06-13,3
16544,1,2026-06-13,6
16545,1,2026-06-13,8
16546,1,2026-06-13,5
16547,1,2026-06-13,7
16548,1,2026-06-13,7
16549,1,2026-06-13,2
16550,1,2026-06-13,4
16551,1,2026-06-13,5
16552,1,2026-06-13,3
16553,1,2026-06-13,8
16554,1,2026-06-13,2
16555,1,2026-06-13,6
16556,1,2026-06-13,7
16557,1,2026-06-13,5
16558,1,2026-06-13,6
16559,1,2026-06-13,4
16560,1,2026-06-13,7
16561,1,2026-06-13,6
16562,1,2026-06-13,6
16563,1,2026-06-13,5
16564,1,2026-06-13,4
16565,1,2026-06-13,7
16566,1,2026-06-13,3
16567,1,2026-06-13,4
16568,1,2026-06-13,6
16569,1,2026-06-13,3
16570,1,2026-06-13,5
16571,1,2026-06-13,4
16572,1,2026-06-13,3
16573,1,2026-06-13,2
16574,1,2026-06-13,2
16575,1,2026-06-13,4
16576,1,2026-06-13,8
16577,1,2026-06-13,4
16578,1,2026-06-13,5
16579,1,2026-06-13,4
16580,1,2026-06-13,6
16581,1,2026-06-13,5
16582,1,2026-06-13,7
16583,1,2026-06-13,6
16584,1,2026-06-13,2
16585,1,2026-06-13,5
16586,1,2026-06-13,4
16587,1,2026-06-13,8
16588,1,2026-06-13,5
16589,1,2026-06-13,5
16590,1,2026-06-13,5
16591,1,2026-06-13,2
16592,1,2026-06-13,8
16593,1,2026-06-13,5
16594,1,2026-06-13,7
16595,1,2026-06-13,2
16596,1,2026-06-13,2
16597,1,2026-06-13,8
16598,1,2026-06-13,4
16599,1,2026-06-13,7
16600,1,2026-06-13,4
16601,1,2026-06-13,5
16602,1,2026-06-13,2
16603,1,2026-06-14,3
16604,1,2026-06-14,2
16605,1,2026-06-14,4
16606,1,2026-06-14,2
16607,1,2026-06-14,8
16608,1,2026-06-14,4
16609,1,2026-06-14,2
16610,1,2026-06-14,5
16611,1,2026-06-14,4
16612,1,2026-06-14,6
16613,1,2026-06-14,6
16614,1,2026-06-14,4
16615,1,2026-06-14,8
16616,1,2026-06-14,5
16617,1,2026-06-14,6
16618,1,2026-06-14,5
16619,1,2026-06-14,2
16620,1,2026-06-14,4
16621,1,2026-06-14,2
16622,1,2026-06-14,3
16623,1,2026-06-14,5
16624,1,2026-06-14,5
16625,1,2026-06-14,6
16626,1,2026-06-14,8
16627,1,2026-06-14,5
16628,1,2026-06-14,3
16629,1,2026-06-14,8
16630,1,2026-06-14,4
16631,1,2026-06-14,5
16632,1,2026-06-14,7
16633,1,2026-06-14,5
16634,1,2026-06-14,4
16635,1,2026-06-14,6
16636,1,2026-06-14,8
16637,1,2026-06-14,2
16638,1,2026-06-14,4
16639,1,2026-06-14,2
16640,1,2026-06-14,8
16641,1,2026-06-14,5
16642,1,2026-06-14,5
16643,1,2026-06-14,3
16644,1,2026-06-14,3
16645,1,2026-06-14,2
16646,1,2026-06-14,6
16647,1,2026-06-14,5
16648,1,2026-06-14,7
16649,1,2026-06-14,7
16650,1,2026-06-14,8
16651,1,2026-06-14,3
16652,1,2026-06-14,6
16653,1,2026-06-14,7
16654,1,2026-06-14,4
16655,1,2026-06-14,7
16656,1,2026-06-14,4
16657,1,2026-06-14,4
16658,1,2026-06-14,6
16659,1,2026-06-14,5
16660,1,2026-06-14,5
16661,1,2026-06-14,6
16662,1,2026-06-14,7
16663,1,2026-06-14,4
16664,1,2026-06-14,4
16665,1,2026-06-14,8
16666,1,2026-06-14,7
16667,1,2026-06-14,2
16668,1,2026-06-14,2
16669,1,2026-06-14,5
16670,1,2026-06-14,8
16671,1,2026-06-14,4
16672,1,2026-06-14,3
16673,1,2026-06-14,6
16674,1,2026-06-14,7
16675,1,2026-06-14,8
16676,1,2026-06-14,7
16677,1,2026-06-14,2
16678,1,2026-06-14,8
16679,1,2026-06-14,4
16680,1,2026-06-14,2
16681,1,2026-06-14,8
16682,1,2026-06-14,5
16683,1,2026-06-14,8
16684,1,2026-06-14,5
16685,1,2026-06-14,3
16686,1,2026-06-14,7
16687,1,2026-06-14,3
16688,1,2026-06-14,2
16689,1,2026-06-14,5
16690,1,2026-06-14,4
16691,1,2026-06-14,4
16692,1,2026-06-14,5
16693,1,2026-06-14,7
16694,1,2026-06-14,5
16695,1,2026-06-14,2
16696,1,2026-06-14,5
16697,1,2026-06-14,2
16698,1,2026-06-14,2
16699,1,2026-06-14,4
16700,1,2026-06-14,5
16701,1,2026-06-14,2
16702,1,2026-06-14,2
16703,1,2026-06-14,2
16704,1,2026-06-14,4
16705,1,2026-06-14,2
16706,1,2026-06-14,3
16707,1,2026-06-14,7
16708,1,2026-06-14,4
16709,1,2026-06-14,7
16710,1,2026-06-14,5
16711,1,2026-06-14,2
16712,1,2026-06-14,4
16713,1,2026-06-15,8
16714,1,2026-06-15,4
16715,1,2026-06-15,4
16716,1,2026-06-15,2
16717,1,2026-06-15,5
16718,1,2026-06-15,5
16719,1,2026-06-15,3
16720,1,2026-06-15,8
16721,1,2026-06-15,8
16722,1,2026-06-15,6
16723,1,2026-06-15,6
16724,1,2026-06-15,5
16725,1,2026-06-15,8
16726,1,2026-06-15,6
16727,1,2026-06-15,2
16728,1,2026-06-15,3
16729,1,2026-06-15,8
16730,1,2026-06-15,6
16731,1,2026-06-15,2
16732,1,2026-06-15,2
16733,1,2026-06-15,6
16734,1,2026-06-15,7
16735,1,2026-06-15,5
16736,1,2026-06-15,6
16737,1,2026-06-15,3
16738,1,2026-06-15,3
16739,1,2026-06-15,5
16740,1,2026-06-15,6
16741,1,2026-06-15,4
16742,1,2026-06-15,8
16743,1,2026-06-15,3
16744,1,2026-06-15,2
16745,1,2026-06-15,3
16746,1,2026-06-15,3
16747,1,2026-06-15,3
16748,1,2026-06-15,6
16749,1,2026-06-15,7
16750,1,2026-06-15,6
16751,1,2026-06-15,3
16752,1,2026-06-15,7
16753,1,2026-06-15,5
16754,1,2026-06-15,7
16755,1,2026-06-15,4
16756,1,2026-06-15,5
16757,1,2026-06-15,7
16758,1,2026-06-15,5
16759,1,2026-06-15,2
16760,1,2026-06-15,3
16761,1,2026-06-15,4
16762,1,2026-06-15,3
16763,1,2026-06-15,8
16764,1,2026-06-15,4
16765,1,2026-06-15,7
16766,1,2026-06-15,2
16767,1,2026-06-15,8
16768,1,2026-06-15,8
16769,1,2026-06-15,4
16770,1,2026-06-15,7
16771,1,2026-06-15,3
16772,1,2026-06-15,3
16773,1,2026-06-15,4
16774,1,2026-06-15,5
16775,1,2026-06-15,7
16776,1,2026-06-15,8
16777,1,2026-06-15,4
16778,1,2026-06-15,6
16779,1,2026-06-15,8
16780,1,2026-06-15,7
16781,1,2026-06-15,5
16782,1,2026-06-15,5
16783,1,2026-06-15,6
16784,1,2026-06-15,5
16785,1,2026-06-15,2
16786,1,2026-06-15,7
16787,1,2026-06-15,6
16788,1,2026-06-15,3
16789,1,2026-06-15,7
16790,1,2026-06-15,4
16791,1,2026-06-15,4
16792,1,2026-06-15,3
16793,1,2026-06-15,8
16794,1,2026-06-15,8
16795,1,2026-06-15,2
16796,1,2026-06-15,2
16797,1,2026-06-15,6
16798,1,2026-06-15,8
16799,1,2026-06-15,7
16800,1,2026-06-15,6
16801,1,2026-06-15,5
16802,1,2026-06-15,4
16803,1,2026-06-15,7
16804,1,2026-06-15,6
16805,1,2026-06-15,3
16806,1,2026-06-15,8
16807,1,2026-06-15,5
16808,1,2026-06-15,4
16809,1,2026-06-15,2
16810,1,2026-06-15,3
16811,1,2026-06-15,6
16812,1,2026-06-15,2
16813,1,2026-06-15,6
16814,1,2026-06-16,7
16815,1,2026-06-16,5
16816,1,2026-06-16,8
16817,1,2026-06-16,6
16818,1,2026-06-16,6
16819,1,2026-06-16,8
16820,1,2026-06-16,5
16821,1,2026-06-16,6
16822,1,2026-06-16,2
16823,1,2026-06-16,6
16824,1,2026-06-16,3
16825,1,2026-06-16,8
16826,1,2026-06-16,5
16827,1,2026-06-16,7
16828,1,2026-06-16,4
16829,1,2026-06-16,8
16830,1,2026-06-16,6
16831,1,2026-06-16,4
16832,1,2026-06-16,5
16833,1,2026-06-16,7
16834,1,2026-06-16,2
16835,1,2026-06-16,3
16836,1,2026-06-16,7
16837,1,2026-06-16,7
16838,1,2026-06-16,6
16839,1,2026-06-16,3
16840,1,2026-06-16,8
16841,1,2026-06-16,7
16842,1,2026-06-16,6
16843,1,2026-06-16,6
16844,1,2026-06-16,2
16845,1,2026-06-16,8
16846,1,2026-06-16,4
16847,1,2026-06-16,8
16848,1,2026-06-16,4
16849,1,2026-06-16,5
16850,1,2026-06-16,5
16851,1,2026-06-16,2
16852,1,2026-06-16,5
16853,1,2026-06-16,6
16854,1,2026-06-16,4
16855,1,2026-06-16,7
16856,1,2026-06-16,8
16857,1,2026-06-16,8
16858,1,2026-06-16,5
16859,1,2026-06-16,2
16860,1,2026-06-16,8
16861,1,2026-06-16,5
16862,1,2026-06-16,8
16863,1,2026-06-16,2
16864,1,2026-06-16,5
16865,1,2026-06-16,8
16866,1,2026-06-16,7
16867,1,2026-06-16,8
16868,1,2026-06-16,8
16869,1,2026-06-16,3
16870,1,2026-06-16,2
16871,1,2026-06-16,3
16872,1,2026-06-16,8
16873,1,2026-06-16,7
16874,1,2026-06-16,8
16875,1,2026-06-16,6
16876,1,2026-06-16,2
16877,1,2026-06-16,5
16878,1,2026-06-16,7
16879,1,2026-06-16,5
16880,1,2026-06-16,4
16881,1,2026-06-16,3
16882,1,2026-06-16,2
16883,1,2026-06-16,4
16884,1,2026-06-16,7
16885,1,2026-06-16,5
16886,1,2026-06-16,3
16887,1,2026-06-16,8
16888,1,2026-06-16,5
16889,1,2026-06-16,7
16890,1,2026-06-16,2
16891,1,2026-06-16,4
16892,1,2026-06-16,7
16893,1,2026-06-16,8
16894,1,2026-06-16,3
16895,1,2026-06-16,2
16896,1,2026-06-16,4
16897,1,2026-06-16,2
16898,1,2026-06-16,3
16899,1,2026-06-16,7
16900,1,2026-06-16,5
16901,1,2026-06-16,7
16902,1,2026-06-16,6
16903,1,2026-06-16,5
16904,1,2026-06-16,2
16905,1,2026-06-16,7
16906,1,2026-06-16,7
16907,1,2026-06-17,8
16908,1,2026-06-17,5
16909,1,2026-06-17,7
16910,1,2026-06-17,8
16911,1,2026-06-17,5
16912,1,2026-06-17,5
16913,1,2026-06-17,5
16914,1,2026-06-17,2
16915,1,2026-06-17,2
16916,1,2026-06-17,8
16917,1,2026-06-17,4
16918,1,2026-06-17,8
16919,1,2026-06-17,8
16920,1,2026-06-17,4
16921,1,2026-06-17,6
16922,1,2026-06-17,5
16923,1,2026-06-17,6
16924,1,2026-06-17,6
16925,1,2026-06-17,7
16926,1,2026-06-17,6
16927,1,2026-06-17,7
16928,1,2026-06-17,5
16929,1,2026-06-17,7
16930,1,2026-06-17,4
16931,1,2026-06-17,6
16932,1,2026-06-17,6
16933,1,2026-06-17,4
16934,1,2026-06-17,4
16935,1,2026-06-17,2
16936,1,2026-06-17,4
16937,1,2026-06-17,5
16938,1,2026-06-17,5
16939,1,2026-06-17,7
16940,1,2026-06-17,6
16941,1,2026-06-17,8
16942,1,2026-06-17,3
16943,1,2026-06-17,5
16944,1,2026-06-17,7
16945,1,2026-06-17,4
16946,1,2026-06-17,4
16947,1,2026-06-17,5
16948,1,2026-06-17,3
16949,1,2026-06-17,7
16950,1,2026-06-17,3
16951,1,2026-06-17,5
16952,1,2026-06-17,7
16953,1,2026-06-17,2
16954,1,2026-06-17,6
16955,1,2026-06-17,5
16956,1,2026-06-17,7
16957,1,2026-06-17,7
16958,1,2026-06-17,7
16959,1,2026-06-17,2
16960,1,2026-06-17,7
16961,1,2026-06-17,8
16962,1,2026-06-17,4
16963,1,2026-06-17,2
16964,1,2026-06-17,2
16965,1,2026-06-17,3
16966,1,2026-06-17,3
16967,1,2026-06-17,5
16968,1,2026-06-17,3
16969,1,2026-06-17,8
16970,1,2026-06-17,2
16971,1,2026-06-17,5
16972,1,2026-06-17,5
16973,1,2026-06-17,4
16974,1,2026-06-17,5
16975,1,2026-06-17,6
16976,1,2026-06-17,7
16977,1,2026-06-17,6
16978,1,2026-06-17,8
16979,1,2026-06-17,3
16980,1,2026-06-17,5
16981,1,2026-06-17,8
16982,1,2026-06-17,2
16983,1,2026-06-17,6
16984,1,2026-06-17,7
16985,1,2026-06-17,8
16986,1,2026-06-17,4
16987,1,2026-06-17,4
16988,1,2026-06-17,2
16989,1,2026-06-17,6
16990,1,2026-06-17,8
16991,1,2026-06-17,8
16992,1,2026-06-17,3
16993,1,2026-06-17,5
16994,1,2026-06-17,6
16995,1,2026-06-17,2
16996,1,2026-06-17,7
16997,1,2026-06-17,5
16998,1,2026-06-17,3
16999,1,2026-06-17,7
17000,1,2026-06-17,8
17001,1,2026-06-17,4
17002,1,2026-06-17,6
17003,1,2026-06-17,4
17004,1,2026-06-17,2
17005,1,2026-06-17,4
17006,1,2026-06-17,4
17007,1,2026-06-17,6
17008,1,2026-06-17,7
17009,1,2026-06-18,6
17010,1,2026-06-18,7
17011,1,2026-06-18,8
17012,1,2026-06-18,4
17013,1,2026-06-18,5
17014,1,2026-06-18,4
17015,1,2026-06-18,3
17016,1,2026-06-18,6
17017,1,2026-06-18,5
17018,1,2026-06-18,4
17019,1,2026-06-18,2
17020,1,2026-06-18,4
17021,1,2026-06-18,3
17022,1,2026-06-18,4
17023,1,2026-06-18,5
17024,1,2026-06-18,3
17025,1,2026-06-18,4
17026,1,2026-06-18,2
17027,1,2026-06-18,2
17028,1,2026-06-18,3
17029,1,2026-06-18,3
17030,1,2026-06-18,5
17031,1,2026-06-18,5
17032,1,2026-06-18,3
17033,1,2026-06-18,2
17034,1,2026-06-18,4
17035,1,2026-06-18,5
17036,1,2026-06-18,3
17037,1,2026-06-18,2
17038,1,2026-06-18,2
17039,1,2026-06-18,2
17040,1,2026-06-18,5
17041,1,2026-06-18,2
17042,1,2026-06-18,5
17043,1,2026-06-18,2
17044,1,2026-06-18,3
17045,1,2026-06-18,4
17046,1,2026-06-18,7
17047,1,2026-06-18,3
17048,1,2026-06-18,6
17049,1,2026-06-18,6
17050,1,2026-06-18,6
17051,1,2026-06-18,4
17052,1,2026-06-18,4
17053,1,2026-06-18,6
17054,1,2026-06-18,7
17055,1,2026-06-18,8
17056,1,2026-06-18,7
17057,1,2026-06-18,8
17058,1,2026-06-18,2
17059,1,2026-06-18,6
17060,1,2026-06-18,3
17061,1,2026-06-18,8
17062,1,2026-06-18,2
17063,1,2026-06-18,4
17064,1,2026-06-18,7
17065,1,2026-06-18,6
17066,1,2026-06-18,3
17067,1,2026-06-18,8
17068,1,2026-06-18,8
17069,1,2026-06-18,5
17070,1,2026-06-18,7
17071,1,2026-06-18,8
17072,1,2026-06-18,3
17073,1,2026-06-18,7
17074,1,2026-06-18,4
17075,1,2026-06-18,6
17076,1,2026-06-18,7
17077,1,2026-06-18,2
17078,1,2026-06-18,2
17079,1,2026-06-18,7
17080,1,2026-06-18,8
17081,1,2026-06-18,8
17082,1,2026-06-18,6
17083,1,2026-06-18,6
17084,1,2026-06-18,6
17085,1,2026-06-18,7
17086,1,2026-06-18,2
17087,1,2026-06-18,8
17088,1,2026-06-18,6
17089,1,2026-06-18,3
17090,1,2026-06-18,5
17091,1,2026-06-18,6
17092,1,2026-06-18,4
17093,1,2026-06-18,8
17094,1,2026-06-18,6
17095,1,2026-06-18,6
17096,1,2026-06-18,2
17097,1,2026-06-18,3
17098,1,2026-06-18,2
17099,1,2026-06-18,8
17100,1,2026-06-18,2
17101,1,2026-06-18,8
17102,1,2026-06-18,6
17103,1,2026-06-18,7
17104,1,2026-06-18,3
17105,1,2026-06-18,5
17106,1,2026-06-18,6
17107,1,2026-06-18,2
17108,1,2026-06-18,6
17109,1,2026-06-18,7
17110,1,2026-06-18,5
17111,1,2026-06-18,2
17112,1,2026-06-18,2
17113,1,2026-06-18,7
17114,1,2026-06-19,2
17115,1,2026-06-19,4
17116,1,2026-06-19,8
17117,1,2026-06-19,6
17118,1,2026-06-19,6
17119,1,2026-06-19,8
17120,1,2026-06-19,6
17121,1,2026-06-19,4
17122,1,2026-06-19,6
17123,1,2026-06-19,7
17124,1,2026-06-19,4
17125,1,2026-06-19,4
17126,1,2026-06-19,4
17127,1,2026-06-19,6
17128,1,2026-06-19,6
17129,1,2026-06-19,2
17130,1,2026-06-19,8
17131,1,2026-06-19,2
17132,1,2026-06-19,4
17133,1,2026-06-19,8
17134,1,2026-06-19,3
17135,1,2026-06-19,5
17136,1,2026-06-19,3
17137,1,2026-06-19,6
17138,1,2026-06-19,2
17139,1,2026-06-19,7
17140,1,2026-06-19,3
17141,1,2026-06-19,4
17142,1,2026-06-19,4
17143,1,2026-06-19,3
17144,1,2026-06-19,3
17145,1,2026-06-19,8
17146,1,2026-06-19,6
17147,1,2026-06-19,8
17148,1,2026-06-19,8
17149,1,2026-06-19,6
17150,1,2026-06-19,6
17151,1,2026-06-19,4
17152,1,2026-06-19,6
17153,1,2026-06-19,4
17154,1,2026-06-19,8
17155,1,2026-06-19,7
17156,1,2026-06-19,6
17157,1,2026-06-19,7
17158,1,2026-06-19,5
17159,1,2026-06-19,2
17160,1,2026-06-19,3
17161,1,2026-06-19,4
17162,1,2026-06-19,5
17163,1,2026-06-19,2
17164,1,2026-06-19,2
17165,1,2026-06-19,7
17166,1,2026-06-19,3
17167,1,2026-06-19,2
17168,1,2026-06-19,2
17169,1,2026-06-19,5
17170,1,2026-06-19,6
17171,1,2026-06-19,4
17172,1,2026-06-19,4
17173,1,2026-06-19,3
17174,1,2026-06-19,8
17175,1,2026-06-19,5
17176,1,2026-06-19,4
17177,1,2026-06-19,5
17178,1,2026-06-19,8
17179,1,2026-06-19,5
17180,1,2026-06-19,5
17181,1,2026-06-19,6
17182,1,2026-06-19,3
17183,1,2026-06-19,2
17184,1,2026-06-19,6
17185,1,2026-06-19,4
17186,1,2026-06-19,3
17187,1,2026-06-19,3
17188,1,2026-06-19,2
17189,1,2026-06-19,5
17190,1,2026-06-19,6
17191,1,2026-06-19,5
17192,1,2026-06-19,7
17193,1,2026-06-19,7
17194,1,2026-06-19,6
17195,1,2026-06-19,3
17196,1,2026-06-19,2
17197,1,2026-06-19,5
17198,1,2026-06-19,7
17199,1,2026-06-19,8
17200,1,2026-06-19,5
17201,1,2026-06-19,8
17202,1,2026-06-19,5
17203,1,2026-06-19,2
17204,1,2026-06-19,8
17205,1,2026-06-19,6
17206,1,2026-06-19,3
17207,1,2026-06-19,8
17208,1,2026-06-19,8
17209,1,2026-06-19,8
17210,1,2026-06-19,6
17211,1,2026-06-19,6
17212,1,2026-06-19,8
17213,1,2026-06-19,8
17214,1,2026-06-19,7
17215,1,2026-06-19,7
17216,1,2026-06-19,5
17217,1,2026-06-19,7
17218,1,2026-06-19,7
17219,1,2026-06-19,7
17220,1,2026-06-19,8
17221,1,2026-06-19,3
17222,1,2026-06-19,7
17223,1,2026-06-19,6
17224,1,2026-06-19,5
17225,1,2026-06-19,4
17226,1,2026-06-19,6
17227,1,2026-06-19,6
17228,1,2026-06-19,5
17229,1,2026-06-19,2
17230,1,2026-06-19,4
17231,1,2026-06-19,5
17232,1,2026-06-19,5
17233,1,2026-06-19,5
17234,1,2026-06-20,2
17235,1,2026-06-20,7
17236,1,2026-06-20,6
17237,1,2026-06-20,7
17238,1,2026-06-20,4
17239,1,2026-06-20,3
17240,1,2026-06-20,5
17241,1,2026-06-20,7
17242,1,2026-06-20,7
17243,1,2026-06-20,6
17244,1,2026-06-20,5
17245,1,2026-06-20,8
17246,1,2026-06-20,4
17247,1,2026-06-20,7
17248,1,2026-06-20,8
17249,1,2026-06-20,3
17250,1,2026-06-20,2
17251,1,2026-06-20,6
17252,1,2026-06-20,3
17253,1,2026-06-20,2
17254,1,2026-06-20,5
17255,1,2026-06-20,7
17256,1,2026-06-20,6
17257,1,2026-06-20,7
17258,1,2026-06-20,4
17259,1,2026-06-20,7
17260,1,2026-06-20,7
17261,1,2026-06-20,6
17262,1,2026-06-20,7
17263,1,2026-06-20,8
17264,1,2026-06-20,6
17265,1,2026-06-20,4
17266,1,2026-06-20,3
17267,1,2026-06-20,2
17268,1,2026-06-20,5
17269,1,2026-06-20,5
17270,1,2026-06-20,8
17271,1,2026-06-20,2
17272,1,2026-06-20,8
17273,1,2026-06-20,5
17274,1,2026-06-20,2
17275,1,2026-06-20,5
17276,1,2026-06-20,7
17277,1,2026-06-20,6
17278,1,2026-06-20,8
17279,1,2026-06-20,3
17280,1,2026-06-20,8
17281,1,2026-06-20,7
17282,1,2026-06-20,7
17283,1,2026-06-20,2
17284,1,2026-06-20,5
17285,1,2026-06-20,7
17286,1,2026-06-20,5
17287,1,2026-06-20,4
17288,1,2026-06-20,7
17289,1,2026-06-20,3
17290,1,2026-06-20,7
17291,1,2026-06-20,4
17292,1,2026-06-20,2
17293,1,2026-06-20,3
17294,1,2026-06-20,2
17295,1,2026-06-20,3
17296,1,2026-06-20,6
17297,1,2026-06-20,5
17298,1,2026-06-20,4
17299,1,2026-06-20,8
17300,1,2026-06-20,6
17301,1,2026-06-20,5
17302,1,2026-06-20,3
17303,1,2026-06-20,2
17304,1,2026-06-20,7
17305,1,2026-06-20,7
17306,1,2026-06-20,6
17307,1,2026-06-20,5
17308,1,2026-06-20,5
17309,1,2026-06-20,4
17310,1,2026-06-20,6
17311,1,2026-06-20,8
17312,1,2026-06-20,3
17313,1,2026-06-20,3
17314,1,2026-06-20,5
17315,1,2026-06-20,7
17316,1,2026-06-20,8
17317,1,2026-06-20,8
17318,1,2026-06-20,6
17319,1,2026-06-20,5
17320,1,2026-06-20,6
17321,1,2026-06-20,8
17322,1,2026-06-20,4
17323,1,2026-06-20,3
17324,1,2026-06-20,3
17325,1,2026-06-20,7
17326,1,2026-06-20,6
17327,1,2026-06-20,5
17328,1,2026-06-20,7
17329,1,2026-06-20,7
17330,1,2026-06-20,7
17331,1,2026-06-20,8
17332,1,2026-06-20,4
17333,1,2026-06-20,4
17334,1,2026-06-20,2
17335,1,2026-06-20,4
17336,1,2026-06-20,7
17337,1,2026-06-20,4
17338,1,2026-06-20,5
17339,1,2026-06-20,4
17340,1,2026-06-20,2
17341,1,2026-06-20,3
17342,1,2026-06-20,3
17343,1,2026-06-20,2
17344,1,2026-06-20,7
17345,1,2026-06-20,8
17346,1,2026-06-20,7
17347,1,2026-06-21,7
17348,1,2026-06-21,2
17349,1,2026-06-21,8
17350,1,2026-06-21,2
17351,1,2026-06-21,5
17352,1,2026-06-21,4
17353,1,2026-06-21,5
17354,1,2026-06-21,8
17355,1,2026-06-21,3
17356,1,2026-06-21,6
17357,1,2026-06-21,8
17358,1,2026-06-21,6
17359,1,2026-06-21,7
17360,1,2026-06-21,6
17361,1,2026-06-21,3
17362,1,2026-06-21,3
17363,1,2026-06-21,7
17364,1,2026-06-21,7
17365,1,2026-06-21,7
17366,1,2026-06-21,3
17367,1,2026-06-21,2
17368,1,2026-06-21,3
17369,1,2026-06-21,3
17370,1,2026-06-21,5
17371,1,2026-06-21,2
17372,1,2026-06-21,5
17373,1,2026-06-21,8
17374,1,2026-06-21,5
17375,1,2026-06-21,2
17376,1,2026-06-21,8
17377,1,2026-06-21,6
17378,1,2026-06-21,5
17379,1,2026-06-21,7
17380,1,2026-06-21,2
17381,1,2026-06-21,3
17382,1,2026-06-21,8
17383,1,2026-06-21,2
17384,1,2026-06-21,8
17385,1,2026-06-21,3
17386,1,2026-06-21,8
17387,1,2026-06-21,6
17388,1,2026-06-21,7
17389,1,2026-06-21,7
17390,1,2026-06-21,3
17391,1,2026-06-21,5
17392,1,2026-06-21,5
17393,1,2026-06-21,3
17394,1,2026-06-21,4
17395,1,2026-06-21,8
17396,1,2026-06-21,3
17397,1,2026-06-21,2
17398,1,2026-06-21,2
17399,1,2026-06-21,2
17400,1,2026-06-21,3
17401,1,2026-06-21,4
17402,1,2026-06-21,8
17403,1,2026-06-21,6
17404,1,2026-06-21,3
17405,1,2026-06-21,8
17406,1,2026-06-21,4
17407,1,2026-06-21,7
17408,1,2026-06-21,7
17409,1,2026-06-21,5
17410,1,2026-06-21,4
17411,1,2026-06-21,8
17412,1,2026-06-21,3
17413,1,2026-06-21,7
17414,1,2026-06-21,3
17415,1,2026-06-21,6
17416,1,2026-06-21,5
17417,1,2026-06-21,7
17418,1,2026-06-21,2
17419,1,2026-06-21,7
17420,1,2026-06-21,2
17421,1,2026-06-21,4
17422,1,2026-06-21,3
17423,1,2026-06-21,4
17424,1,2026-06-21,4
17425,1,2026-06-21,2
17426,1,2026-06-21,8
17427,1,2026-06-21,5
17428,1,2026-06-21,4
17429,1,2026-06-21,6
17430,1,2026-06-21,3
17431,1,2026-06-21,8
17432,1,2026-06-21,7
17433,1,2026-06-21,8
17434,1,2026-06-21,4
17435,1,2026-06-21,7
17436,1,2026-06-21,5
17437,1,2026-06-21,7
17438,1,2026-06-21,4
17439,1,2026-06-21,2
17440,1,2026-06-21,6
17441,1,2026-06-21,3
17442,1,2026-06-21,7
17443,1,2026-06-21,4
17444,1,2026-06-21,7
17445,1,2026-06-21,8
17446,1,2026-06-21,5
17447,1,2026-06-21,3
17448,1,2026-06-21,7
17449,1,2026-06-21,5
17450,1,2026-06-21,2
17451,1,2026-06-21,4
17452,1,2026-06-21,7
17453,1,2026-06-21,6
17454,1,2026-06-21,4
17455,1,2026-06-21,7
17456,1,2026-06-21,4
17457,1,2026-06-21,5
17458,1,2026-06-21,2
17459,1,2026-06-21,3
17460,1,2026-06-21,8
17461,1,2026-06-21,8
17462,1,2026-06-21,5
17463,1,2026-06-21,4
17464,1,2026-06-21,3
17465,1,2026-06-21,6
17466,1,2026-06-21,4
17467,1,2026-06-21,7
17468,1,2026-06-21,3
17469,1,2026-06-22,5
17470,1,2026-06-22,4
17471,1,2026-06-22,4
17472,1,2026-06-22,7
17473,1,2026-06-22,3
17474,1,2026-06-22,5
17475,1,2026-06-22,7
17476,1,2026-06-22,3
17477,1,2026-06-22,4
17478,1,2026-06-22,7
17479,1,2026-06-22,7
17480,1,2026-06-22,6
17481,1,2026-06-22,7
17482,1,2026-06-22,8
17483,1,2026-06-22,7
17484,1,2026-06-22,4
17485,1,2026-06-22,3
17486,1,2026-06-22,5
17487,1,2026-06-22,2
17488,1,2026-06-22,8
17489,1,2026-06-22,4
17490,1,2026-06-22,2
17491,1,2026-06-22,2
17492,1,2026-06-22,5
17493,1,2026-06-22,3
17494,1,2026-06-22,7
17495,1,2026-06-22,4
17496,1,2026-06-22,4
17497,1,2026-06-22,4
17498,1,2026-06-22,6
17499,1,2026-06-22,4
17500,1,2026-06-22,6
17501,1,2026-06-22,8
17502,1,2026-06-22,6
17503,1,2026-06-22,4
17504,1,2026-06-22,4
17505,1,2026-06-22,5
17506,1,2026-06-22,5
17507,1,2026-06-22,4
17508,1,2026-06-22,8
17509,1,2026-06-22,6
17510,1,2026-06-22,4
17511,1,2026-06-22,3
17512,1,2026-06-22,7
17513,1,2026-06-22,6
17514,1,2026-06-22,7
17515,1,2026-06-22,6
17516,1,2026-06-22,5
17517,1,2026-06-22,5
17518,1,2026-06-22,2
17519,1,2026-06-22,7
17520,1,2026-06-22,6
17521,1,2026-06-22,3
17522,1,2026-06-22,8
17523,1,2026-06-22,6
17524,1,2026-06-22,5
17525,1,2026-06-22,5
17526,1,2026-06-22,7
17527,1,2026-06-22,6
17528,1,2026-06-22,8
17529,1,2026-06-22,4
17530,1,2026-06-22,3
17531,1,2026-06-22,6
17532,1,2026-06-22,3
17533,1,2026-06-22,4
17534,1,2026-06-22,8
17535,1,2026-06-22,7
17536,1,2026-06-22,2
17537,1,2026-06-22,6
17538,1,2026-06-22,3
17539,1,2026-06-22,4
17540,1,2026-06-22,5
17541,1,2026-06-22,3
17542,1,2026-06-22,7
17543,1,2026-06-22,5
17544,1,2026-06-22,5
17545,1,2026-06-22,5
17546,1,2026-06-22,8
17547,1,2026-06-22,2
17548,1,2026-06-22,5
17549,1,2026-06-22,4
17550,1,2026-06-22,6
17551,1,2026-06-22,2
17552,1,2026-06-22,7
17553,1,2026-06-22,8
17554,1,2026-06-22,4
17555,1,2026-06-22,8
17556,1,2026-06-23,4
17557,1,2026-06-23,5
17558,1,2026-06-23,6
17559,1,2026-06-23,5
17560,1,2026-06-23,2
17561,1,2026-06-23,3
17562,1,2026-06-23,6
17563,1,2026-06-23,8
17564,1,2026-06-23,6
17565,1,2026-06-23,3
17566,1,2026-06-23,3
17567,1,2026-06-23,2
17568,1,2026-06-23,8
17569,1,2026-06-23,6
17570,1,2026-06-23,2
17571,1,2026-06-23,6
17572,1,2026-06-23,2
17573,1,2026-06-23,7
17574,1,2026-06-23,8
17575,1,2026-06-23,4
17576,1,2026-06-23,6
17577,1,2026-06-23,3
17578,1,2026-06-23,8
17579,1,2026-06-23,6
17580,1,2026-06-23,7
17581,1,2026-06-23,8
17582,1,2026-06-23,5
17583,1,2026-06-23,6
17584,1,2026-06-23,2
17585,1,2026-06-23,7
17586,1,2026-06-23,7
17587,1,2026-06-23,4
17588,1,2026-06-23,6
17589,1,2026-06-23,2
17590,1,2026-06-23,3
17591,1,2026-06-23,2
17592,1,2026-06-23,3
17593,1,2026-06-23,4
17594,1,2026-06-23,8
17595,1,2026-06-23,4
17596,1,2026-06-23,3
17597,1,2026-06-23,3
17598,1,2026-06-23,2
17599,1,2026-06-23,6
17600,1,2026-06-23,6
17601,1,2026-06-23,7
17602,1,2026-06-23,3
17603,1,2026-06-23,2
17604,1,2026-06-23,8
17605,1,2026-06-23,7
17606,1,2026-06-23,2
17607,1,2026-06-23,6
17608,1,2026-06-23,5
17609,1,2026-06-23,5
17610,1,2026-06-23,4
17611,1,2026-06-23,4
17612,1,2026-06-23,5
17613,1,2026-06-23,4
17614,1,2026-06-23,3
17615,1,2026-06-23,3
17616,1,2026-06-23,5
17617,1,2026-06-23,8
17618,1,2026-06-23,5
17619,1,2026-06-23,8
17620,1,2026-06-23,7
17621,1,2026-06-23,8
17622,1,2026-06-23,2
17623,1,2026-06-23,3
17624,1,2026-06-23,3
17625,1,2026-06-23,7
17626,1,2026-06-23,6
17627,1,2026-06-23,3
17628,1,2026-06-23,8
17629,1,2026-06-23,4
17630,1,2026-06-23,8
17631,1,2026-06-23,6
17632,1,2026-06-23,6
17633,1,2026-06-23,5
17634,1,2026-06-23,8
17635,1,2026-06-23,2
17636,1,2026-06-23,5
17637,1,2026-06-23,2
17638,1,2026-06-23,4
17639,1,2026-06-23,3
17640,1,2026-06-23,2
17641,1,2026-06-23,8
17642,1,2026-06-24,7
17643,1,2026-06-24,2
17644,1,2026-06-24,3
17645,1,2026-06-24,2
17646,1,2026-06-24,5
17647,1,2026-06-24,2
17648,1,2026-06-24,4
17649,1,2026-06-24,8
17650,1,2026-06-24,3
17651,1,2026-06-24,5
17652,1,2026-06-24,5
17653,1,2026-06-24,6
17654,1,2026-06-24,5
17655,1,2026-06-24,4
17656,1,2026-06-24,2
17657,1,2026-06-24,3
17658,1,2026-06-24,2
17659,1,2026-06-24,5
17660,1,2026-06-24,2
17661,1,2026-06-24,4
17662,1,2026-06-24,2
17663,1,2026-06-24,7
17664,1,2026-06-24,2
17665,1,2026-06-24,5
17666,1,2026-06-24,7
17667,1,2026-06-24,5
17668,1,2026-06-24,7
17669,1,2026-06-24,7
17670,1,2026-06-24,2
17671,1,2026-06-24,7
17672,1,2026-06-24,8
17673,1,2026-06-24,3
17674,1,2026-06-24,8
17675,1,2026-06-24,6
17676,1,2026-06-24,7
17677,1,2026-06-24,3
17678,1,2026-06-24,5
17679,1,2026-06-24,7
17680,1,2026-06-24,2
17681,1,2026-06-24,6
17682,1,2026-06-24,6
17683,1,2026-06-24,5
17684,1,2026-06-24,8
17685,1,2026-06-24,3
17686,1,2026-06-24,8
17687,1,2026-06-24,6
17688,1,2026-06-24,5
17689,1,2026-06-24,2
17690,1,2026-06-24,6
17691,1,2026-06-24,6
17692,1,2026-06-24,8
17693,1,2026-06-24,6
17694,1,2026-06-24,2
17695,1,2026-06-24,6
17696,1,2026-06-24,4
17697,1,2026-06-24,2
17698,1,2026-06-24,8
17699,1,2026-06-24,7
17700,1,2026-06-24,7
17701,1,2026-06-24,6
17702,1,2026-06-24,3
17703,1,2026-06-24,4
17704,1,2026-06-24,4
17705,1,2026-06-24,5
17706,1,2026-06-24,7
17707,1,2026-06-24,5
17708,1,2026-06-24,5
17709,1,2026-06-24,3
17710,1,2026-06-24,5
17711,1,2026-06-24,7
17712,1,2026-06-24,4
17713,1,2026-06-24,2
17714,1,2026-06-24,5
17715,1,2026-06-24,2
17716,1,2026-06-24,7
17717,1,2026-06-24,7
17718,1,2026-06-24,6
17719,1,2026-06-24,6
17720,1,2026-06-24,7
17721,1,2026-06-24,2
17722,1,2026-06-24,8
17723,1,2026-06-24,6
17724,1,2026-06-24,7
17725,1,2026-06-24,7
17726,1,2026-06-24,4
17727,1,2026-06-24,4
17728,1,2026-06-24,4
17729,1,2026-06-24,3
17730,1,2026-06-24,4
17731,1,2026-06-24,2
17732,1,2026-06-24,5
17733,1,2026-06-24,7
17734,1,2026-06-24,5
17735,1,2026-06-24,7
17736,1,2026-06-24,3
17737,1,2026-06-24,2
17738,1,2026-06-24,5
17739,1,2026-06-24,2
17740,1,2026-06-24,3
17741,1,2026-06-24,5
17742,1,2026-06-24,5
17743,1,2026-06-24,7
17744,1,2026-06-24,5
17745,1,2026-06-24,3
17746,1,2026-06-24,7
17747,1,2026-06-25,2
17748,1,2026-06-25,8
17749,1,2026-06-25,4
17750,1,2026-06-25,6
17751,1,2026-06-25,8
17752,1,2026-06-25,4
17753,1,2026-06-25,8
17754,1,2026-06-25,5
17755,1,2026-06-25,2
17756,1,2026-06-25,5
17757,1,2026-06-25,5
17758,1,2026-06-25,5
17759,1,2026-06-25,6
17760,1,2026-06-25,7
17761,1,2026-06-25,2
17762,1,2026-06-25,6
17763,1,2026-06-25,8
17764,1,2026-06-25,7
17765,1,2026-06-25,4
17766,1,2026-06-25,3
17767,1,2026-06-25,4
17768,1,2026-06-25,5
17769,1,2026-06-25,4
17770,1,2026-06-25,7
17771,1,2026-06-25,3
17772,1,2026-06-25,4
17773,1,2026-06-25,5
17774,1,2026-06-25,7
17775,1,2026-06-25,3
17776,1,2026-06-25,5
17777,1,2026-06-25,5
17778,1,2026-06-25,3
17779,1,2026-06-25,2
17780,1,2026-06-25,3
17781,1,2026-06-25,4
17782,1,2026-06-25,2
17783,1,2026-06-25,4
17784,1,2026-06-25,8
17785,1,2026-06-25,8
17786,1,2026-06-25,4
17787,1,2026-06-25,8
17788,1,2026-06-25,6
17789,1,2026-06-25,5
17790,1,2026-06-25,2
17791,1,2026-06-25,3
17792,1,2026-06-25,3
17793,1,2026-06-25,8
17794,1,2026-06-25,2
17795,1,2026-06-25,3
17796,1,2026-06-25,8
17797,1,2026-06-25,8
17798,1,2026-06-25,5
17799,1,2026-06-25,7
17800,1,2026-06-25,3
17801,1,2026-06-25,7
17802,1,2026-06-25,8
17803,1,2026-06-25,3
17804,1,2026-06-25,2
17805,1,2026-06-25,3
17806,1,2026-06-25,2
17807,1,2026-06-25,3
17808,1,2026-06-25,2
17809,1,2026-06-25,4
17810,1,2026-06-25,7
17811,1,2026-06-25,8
17812,1,2026-06-25,4
17813,1,2026-06-25,5
17814,1,2026-06-25,2
17815,1,2026-06-25,8
17816,1,2026-06-25,8
17817,1,2026-06-25,7
17818,1,2026-06-25,4
17819,1,2026-06-25,3
17820,1,2026-06-25,6
17821,1,2026-06-25,4
17822,1,2026-06-25,6
17823,1,2026-06-25,3
17824,1,2026-06-25,4
17825,1,2026-06-25,8
17826,1,2026-06-25,4
17827,1,2026-06-25,7
17828,1,2026-06-25,6
17829,1,2026-06-25,5
17830,1,2026-06-25,6
17831,1,2026-06-25,8
17832,1,2026-06-25,6
17833,1,2026-06-25,6
17834,1,2026-06-25,7
17835,1,2026-06-25,3
17836,1,2026-06-25,3
17837,1,2026-06-25,8
17838,1,2026-06-25,7
17839,1,2026-06-25,6
17840,1,2026-06-25,7
17841,1,2026-06-25,7
17842,1,2026-06-25,6
17843,1,2026-06-25,3
17844,1,2026-06-25,7
17845,1,2026-06-25,6
17846,1,2026-06-25,2
17847,1,2026-06-25,3
17848,1,2026-06-25,4
17849,1,2026-06-25,8
17850,1,2026-06-25,4
17851,1,2026-06-25,5
17852,1,2026-06-25,7
17853,1,2026-06-25,7
17854,1,2026-06-25,4
17855,1,2026-06-26,8
17856,1,2026-06-26,6
17857,1,2026-06-26,4
17858,1,2026-06-26,7
17859,1,2026-06-26,5
17860,1,2026-06-26,6
17861,1,2026-06-26,7
17862,1,2026-06-26,2
17863,1,2026-06-26,2
17864,1,2026-06-26,2
17865,1,2026-06-26,4
17866,1,2026-06-26,4
17867,1,2026-06-26,7
17868,1,2026-06-26,6
17869,1,2026-06-26,7
17870,1,2026-06-26,4
17871,1,2026-06-26,5
17872,1,2026-06-26,3
17873,1,2026-06-26,3
17874,1,2026-06-26,5
17875,1,2026-06-26,3
17876,1,2026-06-26,7
17877,1,2026-06-26,6
17878,1,2026-06-26,6
17879,1,2026-06-26,4
17880,1,2026-06-26,6
17881,1,2026-06-26,7
17882,1,2026-06-26,5
17883,1,2026-06-26,2
17884,1,2026-06-26,7
17885,1,2026-06-26,5
17886,1,2026-06-26,3
17887,1,2026-06-26,7
17888,1,2026-06-26,2
17889,1,2026-06-26,6
17890,1,2026-06-26,6
17891,1,2026-06-26,7
17892,1,2026-06-26,8
17893,1,2026-06-26,7
17894,1,2026-06-26,4
17895,1,2026-06-26,6
17896,1,2026-06-26,3
17897,1,2026-06-26,8
17898,1,2026-06-26,4
17899,1,2026-06-26,4
17900,1,2026-06-26,5
17901,1,2026-06-26,8
17902,1,2026-06-26,5
17903,1,2026-06-26,2
17904,1,2026-06-26,4
17905,1,2026-06-26,3
17906,1,2026-06-26,5
17907,1,2026-06-26,6
17908,1,2026-06-26,3
17909,1,2026-06-26,7
17910,1,2026-06-26,3
17911,1,2026-06-26,8
17912,1,2026-06-26,5
17913,1,2026-06-26,3
17914,1,2026-06-26,5
17915,1,2026-06-26,4
17916,1,2026-06-26,8
17917,1,2026-06-26,4
17918,1,2026-06-26,2
17919,1,2026-06-26,3
17920,1,2026-06-26,2
17921,1,2026-06-26,3
17922,1,2026-06-26,6
17923,1,2026-06-26,8
17924,1,2026-06-26,3
17925,1,2026-06-26,3
17926,1,2026-06-26,2
17927,1,2026-06-26,7
17928,1,2026-06-26,2
17929,1,2026-06-26,4
17930,1,2026-06-26,7
17931,1,2026-06-26,4
17932,1,2026-06-26,3
17933,1,2026-06-26,3
17934,1,2026-06-26,8
17935,1,2026-06-26,7
17936,1,2026-06-26,8
17937,1,2026-06-26,2
17938,1,2026-06-26,2
17939,1,2026-06-26,6
17940,1,2026-06-26,7
17941,1,2026-06-26,4
17942,1,2026-06-26,5
17943,1,2026-06-26,7
17944,1,2026-06-26,8
17945,1,2026-06-26,6
17946,1,2026-06-26,2
17947,1,2026-06-26,3
17948,1,2026-06-26,5
17949,1,2026-06-26,2
17950,1,2026-06-26,7
17951,1,2026-06-26,2
17952,1,2026-06-26,5
17953,1,2026-06-26,2
17954,1,2026-06-26,5
17955,1,2026-06-26,3
17956,1,2026-06-26,4
17957,1,2026-06-26,4
17958,1,2026-06-26,4
17959,1,2026-06-26,4
17960,1,2026-06-26,6
17961,1,2026-06-26,3
17962,1,2026-06-26,5
17963,1,2026-06-26,3
17964,1,2026-06-26,7
17965,1,2026-06-26,6
17966,1,2026-06-26,2
17967,1,2026-06-26,7
17968,1,2026-06-26,2
17969,1,2026-06-26,3
17970,1,2026-06-26,4
17971,1,2026-06-26,6
17972,1,2026-06-27,4
17973,1,2026-06-27,3
17974,1,2026-06-27,8
17975,1,2026-06-27,6
17976,1,2026-06-27,5
17977,1,2026-06-27,5
17978,1,2026-06-27,4
17979,1,2026-06-27,8
17980,1,2026-06-27,3
17981,1,2026-06-27,7
17982,1,2026-06-27,2
17983,1,2026-06-27,4
17984,1,2026-06-27,2
17985,1,2026-06-27,4
17986,1,2026-06-27,7
17987,1,2026-06-27,4
17988,1,2026-06-27,6
17989,1,2026-06-27,2
17990,1,2026-06-27,3
17991,1,2026-06-27,3
17992,1,2026-06-27,8
17993,1,2026-06-27,3
17994,1,2026-06-27,6
17995,1,2026-06-27,8
17996,1,2026-06-27,7
17997,1,2026-06-27,2
17998,1,2026-06-27,4
17999,1,2026-06-27,5
18000,1,2026-06-27,6
18001,1,2026-06-27,8
18002,1,2026-06-27,7
18003,1,2026-06-27,7
18004,1,2026-06-27,4
18005,1,2026-06-27,2
18006,1,2026-06-27,8
18007,1,2026-06-27,7
18008,1,2026-06-27,5
18009,1,2026-06-27,5
18010,1,2026-06-27,8
18011,1,2026-06-27,2
18012,1,2026-06-27,7
18013,1,2026-06-27,4
18014,1,2026-06-27,6
18015,1,2026-06-27,4
18016,1,2026-06-27,4
18017,1,2026-06-27,6
18018,1,2026-06-27,5
18019,1,2026-06-27,6
18020,1,2026-06-27,6
18021,1,2026-06-27,7
18022,1,2026-06-27,4
18023,1,2026-06-27,7
18024,1,2026-06-27,4
18025,1,2026-06-27,5
18026,1,2026-06-27,2
18027,1,2026-06-27,4
18028,1,2026-06-27,7
18029,1,2026-06-27,7
18030,1,2026-06-27,8
18031,1,2026-06-27,8
18032,1,2026-06-27,2
18033,1,2026-06-27,8
18034,1,2026-06-27,3
18035,1,2026-06-27,2
18036,1,2026-06-27,3
18037,1,2026-06-27,7
18038,1,2026-06-27,4
18039,1,2026-06-27,5
18040,1,2026-06-27,7
18041,1,2026-06-27,5
18042,1,2026-06-27,7
18043,1,2026-06-27,6
18044,1,2026-06-27,7
18045,1,2026-06-27,8
18046,1,2026-06-27,5
18047,1,2026-06-27,6
18048,1,2026-06-27,7
18049,1,2026-06-27,5
18050,1,2026-06-27,6
18051,1,2026-06-27,2
18052,1,2026-06-27,4
18053,1,2026-06-27,6
18054,1,2026-06-27,4
18055,1,2026-06-27,6
18056,1,2026-06-27,7
18057,1,2026-06-27,7
18058,1,2026-06-27,8
18059,1,2026-06-27,5
18060,1,2026-06-27,8
18061,1,2026-06-27,5
18062,1,2026-06-27,8
18063,1,2026-06-27,5
18064,1,2026-06-27,2
18065,1,2026-06-27,3
18066,1,2026-06-27,4
18067,1,2026-06-27,5
18068,1,2026-06-27,8
18069,1,2026-06-27,3
18070,1,2026-06-27,8
18071,1,2026-06-27,2
18072,1,2026-06-27,6
18073,1,2026-06-27,5
18074,1,2026-06-27,2
18075,1,2026-06-27,4
18076,1,2026-06-27,4
18077,1,2026-06-27,8
18078,1,2026-06-27,4
18079,1,2026-06-27,2
18080,1,2026-06-27,4
18081,1,2026-06-27,2
18082,1,2026-06-27,2
18083,1,2026-06-27,7
18084,1,2026-06-27,4
18085,1,2026-06-27,7
18086,1,2026-06-27,4
18087,1,2026-06-28,2
18088,1,2026-06-28,4
18089,1,2026-06-28,5
18090,1,2026-06-28,8
18091,1,2026-06-28,7
18092,1,2026-06-28,2
18093,1,2026-06-28,6
18094,1,2026-06-28,6
18095,1,2026-06-28,6
18096,1,2026-06-28,5
18097,1,2026-06-28,6
18098,1,2026-06-28,2
18099,1,2026-06-28,8
18100,1,2026-06-28,6
18101,1,2026-06-28,3
18102,1,2026-06-28,7
18103,1,2026-06-28,5
18104,1,2026-06-28,5
18105,1,2026-06-28,8
18106,1,2026-06-28,3
18107,1,2026-06-28,6
18108,1,2026-06-28,5
18109,1,2026-06-28,2
18110,1,2026-06-28,7
18111,1,2026-06-28,5
18112,1,2026-06-28,5
18113,1,2026-06-28,2
18114,1,2026-06-28,8
18115,1,2026-06-28,3
18116,1,2026-06-28,6
18117,1,2026-06-28,4
18118,1,2026-06-28,5
18119,1,2026-06-28,4
18120,1,2026-06-28,3
18121,1,2026-06-28,6
18122,1,2026-06-28,8
18123,1,2026-06-28,5
18124,1,2026-06-28,2
18125,1,2026-06-28,3
18126,1,2026-06-28,5
18127,1,2026-06-28,7
18128,1,2026-06-28,3
18129,1,2026-06-28,7
18130,1,2026-06-28,3
18131,1,2026-06-28,2
18132,1,2026-06-28,5
18133,1,2026-06-28,3
18134,1,2026-06-28,7
18135,1,2026-06-28,3
18136,1,2026-06-28,4
18137,1,2026-06-28,4
18138,1,2026-06-28,7
18139,1,2026-06-28,3
18140,1,2026-06-28,8
18141,1,2026-06-28,7
18142,1,2026-06-28,8
18143,1,2026-06-28,7
18144,1,2026-06-28,4
18145,1,2026-06-28,2
18146,1,2026-06-28,2
18147,1,2026-06-28,3
18148,1,2026-06-28,2
18149,1,2026-06-28,5
18150,1,2026-06-28,5
18151,1,2026-06-28,2
18152,1,2026-06-28,6
18153,1,2026-06-28,6
18154,1,2026-06-28,5
18155,1,2026-06-28,2
18156,1,2026-06-28,6
18157,1,2026-06-28,8
18158,1,2026-06-28,8
18159,1,2026-06-28,8
18160,1,2026-06-28,3
18161,1,2026-06-28,2
18162,1,2026-06-28,3
18163,1,2026-06-28,7
18164,1,2026-06-28,2
18165,1,2026-06-28,5
18166,1,2026-06-28,3
18167,1,2026-06-28,7
18168,1,2026-06-28,5
18169,1,2026-06-28,8
18170,1,2026-06-28,3
18171,1,2026-06-28,8
18172,1,2026-06-28,7
18173,1,2026-06-28,7
18174,1,2026-06-28,5
18175,1,2026-06-28,4
18176,1,2026-06-28,6
18177,1,2026-06-28,7
18178,1,2026-06-28,8
18179,1,2026-06-28,6
18180,1,2026-06-28,8
18181,1,2026-06-28,4
18182,1,2026-06-28,6
18183,1,2026-06-28,2
18184,1,2026-06-28,6
18185,1,2026-06-28,6
18186,1,2026-06-28,8
18187,1,2026-06-28,4
18188,1,2026-06-28,2
18189,1,2026-06-28,7
18190,1,2026-06-28,5
18191,1,2026-06-28,3
18192,1,2026-06-28,8
18193,1,2026-06-28,2
18194,1,2026-06-28,5
18195,1,2026-06-28,2
18196,1,2026-06-28,8
18197,1,2026-06-28,5
18198,1,2026-06-28,4
18199,1,2026-06-28,5
18200,1,2026-06-28,2
18201,1,2026-06-28,7
18202,1,2026-06-28,6
18203,1,2026-06-28,6
18204,1,2026-06-28,2
18205,1,2026-06-28,4
18206,1,2026-06-28,7
18207,1,2026-06-28,5
18208,1,2026-06-28,5
18209,1,2026-06-28,8
18210,1,2026-06-28,4
18211,1,2026-06-28,4
18212,1,2026-06-28,3
18213,1,2026-06-28,5
18214,1,2026-06-28,4
18215,1,2026-06-28,2
18216,1,2026-06-28,5
18217,1,2026-06-28,3
18218,1,2026-06-28,6
18219,1,2026-06-28,8
18220,1,2026-06-28,7
18221,1,2026-06-28,3
18222,1,2026-06-29,4
18223,1,2026-06-29,3
18224,1,2026-06-29,3
18225,1,2026-06-29,2
18226,1,2026-06-29,4
18227,1,2026-06-29,5
18228,1,2026-06-29,7
18229,1,2026-06-29,5
18230,1,2026-06-29,5
18231,1,2026-06-29,8
18232,1,2026-06-29,5
18233,1,2026-06-29,6
18234,1,2026-06-29,6
18235,1,2026-06-29,4
18236,1,2026-06-29,8
18237,1,2026-06-29,2
18238,1,2026-06-29,6
18239,1,2026-06-29,7
18240,1,2026-06-29,7
18241,1,2026-06-29,3
18242,1,2026-06-29,2
18243,1,2026-06-29,3
18244,1,2026-06-29,8
18245,1,2026-06-29,5
18246,1,2026-06-29,6
18247,1,2026-06-29,6
18248,1,2026-06-29,5
18249,1,2026-06-29,2
18250,1,2026-06-29,2
18251,1,2026-06-29,5
18252,1,2026-06-29,3
18253,1,2026-06-29,4
18254,1,2026-06-29,5
18255,1,2026-06-29,3
18256,1,2026-06-29,8
18257,1,2026-06-29,8
18258,1,2026-06-29,2
18259,1,2026-06-29,5
18260,1,2026-06-29,6
18261,1,2026-06-29,6
18262,1,2026-06-29,5
18263,1,2026-06-29,6
18264,1,2026-06-29,6
18265,1,2026-06-29,7
18266,1,2026-06-29,5
18267,1,2026-06-29,7
18268,1,2026-06-29,5
18269,1,2026-06-29,8
18270,1,2026-06-29,3
18271,1,2026-06-29,2
18272,1,2026-06-29,7
18273,1,2026-06-29,2
18274,1,2026-06-29,3
18275,1,2026-06-29,8
18276,1,2026-06-29,3
18277,1,2026-06-29,7
18278,1,2026-06-29,3
18279,1,2026-06-29,6
18280,1,2026-06-29,3
18281,1,2026-06-29,5
18282,1,2026-06-29,3
18283,1,2026-06-29,2
18284,1,2026-06-29,6
18285,1,2026-06-29,6
18286,1,2026-06-29,8
18287,1,2026-06-29,3
18288,1,2026-06-29,6
18289,1,2026-06-29,5
18290,1,2026-06-29,6
18291,1,2026-06-29,4
18292,1,2026-06-29,5
18293,1,2026-06-29,7
18294,1,2026-06-29,2
18295,1,2026-06-29,5
18296,1,2026-06-29,3
18297,1,2026-06-29,2
18298,1,2026-06-29,6
18299,1,2026-06-29,5
18300,1,2026-06-29,2
18301,1,2026-06-29,5
18302,1,2026-06-29,7
18303,1,2026-06-29,3
18304,1,2026-06-29,8
18305,1,2026-06-29,6
18306,1,2026-06-29,6
18307,1,2026-06-29,8
18308,1,2026-06-30,3
18309,1,2026-06-30,4
18310,1,2026-06-30,2
18311,1,2026-06-30,2
18312,1,2026-06-30,7
18313,1,2026-06-30,6
18314,1,2026-06-30,4
18315,1,2026-06-30,4
18316,1,2026-06-30,5
18317,1,2026-06-30,4
18318,1,2026-06-30,2
18319,1,2026-06-30,2
18320,1,2026-06-30,2
18321,1,2026-06-30,5
18322,1,2026-06-30,6
18323,1,2026-06-30,8
18324,1,2026-06-30,7
18325,1,2026-06-30,6
18326,1,2026-06-30,8
18327,1,2026-06-30,8
18328,1,2026-06-30,4
18329,1,2026-06-30,2
18330,1,2026-06-30,4
18331,1,2026-06-30,3
18332,1,2026-06-30,3
18333,1,2026-06-30,6
18334,1,2026-06-30,2
18335,1,2026-06-30,8
18336,1,2026-06-30,6
18337,1,2026-06-30,2
18338,1,2026-06-30,4
18339,1,2026-06-30,8
18340,1,2026-06-30,6
18341,1,2026-06-30,8
18342,1,2026-06-30,8
18343,1,2026-06-30,3
18344,1,2026-06-30,8
18345,1,2026-06-30,7
18346,1,2026-06-30,7
18347,1,2026-06-30,2
18348,1,2026-06-30,2
18349,1,2026-06-30,3
18350,1,2026-06-30,2
18351,1,2026-06-30,7
18352,1,2026-06-30,5
18353,1,2026-06-30,7
18354,1,2026-06-30,2
18355,1,2026-06-30,3
18356,1,2026-06-30,7
18357,1,2026-06-30,2
18358,1,2026-06-30,6
18359,1,2026-06-30,7
18360,1,2026-06-30,5
18361,1,2026-06-30,4
18362,1,2026-06-30,5
18363,1,2026-06-30,7
18364,1,2026-06-30,4
18365,1,2026-06-30,2
18366,1,2026-06-30,8
18367,1,2026-06-30,8
18368,1,2026-06-30,6
18369,1,2026-06-30,6
18370,1,2026-06-30,7
18371,1,2026-06-30,7
18372,1,2026-06-30,8
18373,1,2026-06-30,8
18374,1,2026-06-30,3
18375,1,2026-06-30,7
18376,1,2026-06-30,8
18377,1,2026-06-30,8
18378,1,2026-06-30,8
18379,1,2026-06-30,7
18380,1,2026-06-30,8
18381,1,2026-06-30,7
18382,1,2026-06-30,5
18383,1,2026-06-30,5
18384,1,2026-06-30,8
18385,1,2026-06-30,5
18386,1,2026-06-30,7
18387,1,2026-06-30,7
18388,1,2026-06-30,6
18389,1,2026-06-30,3
18390,1,2026-06-30,5
18391,1,2026-06-30,6
18392,1,2026-06-30,2
18393,1,2026-06-30,6
18394,1,2026-06-30,7
18395,1,2026-06-30,5
18396,1,2026-06-30,6
18397,1,2026-06-30,5
